PERIODCODE,PLATFORMNAME,STOREID,SHOPID,STORENAME,PROVINCE,CITY,SHOPTYPE
20251407,ELEME,76W000001A,238755090,新一佳超市(振东新区和平路店),浙江省,嘉兴市,
20251407,ELEME,76W000039A,239252479,BC进口超市(天鹅湾店),北京市,北京市,
20251407,ELEME,76W000143A,239257486,麦德龙(淄博张店店),山东省,淄博市,
20251407,ELEME,76W000195A,239259294,婕妮王超市(丽都海润店),北京市,北京市,
20251407,ELEME,76W000196A,239259295,婕妮王(欧陆苑店),北京市,北京市,
20251407,ELEME,76W000214A,239259412,麦德龙(常州天宁店),江苏省,常州市,
20251407,ELEME,76W000252A,239260364,麦德龙(昆明广福店),云南省,昆明市,
20251407,ELEME,76W000352A,239262337,麦德龙(苏州吴中店),江苏省,苏州市,
20251407,ELEME,76W000364A,239262386,婕妮璐超市(观湖国际店),北京市,北京市,
20251407,ELEME,76W000413A,239263363,麦德龙(深圳南山店),广东省,深圳市,
20251407,ELEME,76W000414A,239263364,麦德龙(合肥包河店),安徽省,合肥市,
20251407,ELEME,76W000428A,239263421,大胖心随果动果品店,山东省,青岛市,
20251407,ELEME,76W000476A,239264370,麦德龙(天津滨海新区店),天津市,天津市,
20251407,ELEME,76W000495A,239264495,星星超市starmart(静安中心店),上海市,上海市,
20251407,ELEME,76W000517A,239265318,丽景便利店,陕西省,咸阳市,
20251407,ELEME,76W000527A,239265352,火星便利店(大悦城店),天津市,天津市,
20251407,ELEME,76W000668A,239267486,可芯超市(广兰路店),上海市,上海市,
20251407,ELEME,76W000727A,239268487,易源超市(曹新路店),江苏省,苏州市,
20251407,ELEME,76W000728A,239268489,天猫小店（瑞群便利店山西路店）,天津市,天津市,
20251407,ELEME,76W000767A,239269390,永相逢(庄府店),福建省,泉州市,
20251407,ELEME,76W000809A,239270344,麦德龙(武汉汉阳店),湖北省,武汉市,
20251407,ELEME,76W000817A,239270381,金丝利零售惠乐家便利店,江苏省,无锡市,
20251407,ELEME,76W000832A,239270467,佳美惠超市,浙江省,温州市,
20251407,ELEME,76W000974A,239273341,麦德龙(九江店),江西省,九江市,
20251407,ELEME,76W000985A,239273395,萤火虫便利店(城北路店),河南省,郑州市,
20251407,ELEME,76W001121A,239275343,麦德龙(常州武进店),江苏省,常州市,
20251407,ELEME,76W001247A,239277322,麦德龙(宜兴店),江苏省,无锡市,
20251407,ELEME,76W001248A,239277323,永相逢(温陵店),福建省,泉州市,
20251407,ELEME,76W001249A,239277324,永相逢(泉秀店),福建省,泉州市,
20251407,ELEME,76W001305A,239278333,麦德龙(襄阳店),湖北省,襄阳市,
20251407,ELEME,76W001491A,239281359,麦德龙(宜昌西陵店),湖北省,宜昌市,
20251407,ELEME,76W001493A,239281361,永相逢(宝洲店),福建省,泉州市,
20251407,ELEME,76W001530A,239282168,好又多超市(怡和家园店),江苏省,无锡市,
20251407,ELEME,76W001561A,239282297,维购便利超市（泗水道店）,天津市,天津市,
20251407,ELEME,76W001661A,239283333,天猫小店（辰宇超市西溪路店）,浙江省,杭州市,
20251407,ELEME,76W001722A,239284315,麦德龙(广州天河店),广东省,广州市,
20251407,ELEME,76W001801A,239285350,婕妮璐进口超市(三里屯店),北京市,北京市,
20251407,ELEME,76W002156A,239290094,嘉宙超市（港湾店）,辽宁省,大连市,
20251407,ELEME,76W002157A,239290097,保安食品商行,江苏省,无锡市,
20251407,ELEME,76W002182A,239290297,麦德龙(东莞万江店),广东省,东莞市,
20251407,ELEME,76W002184A,239290301,火星便利店（北辰店）,天津市,天津市,
20251407,ELEME,76W002257A,239292253,天猫小店(万家乐超市利丰路店),浙江省,杭州市,
20251407,ELEME,76W002282A,239292362,万家惠超市（朝阳路店）,北京市,北京市,
20251407,ELEME,76W002290A,239292408,优棒便利（堤南道店）,天津市,天津市,
20251407,ELEME,76W002337A,239293282,麦德龙(济南槐荫店),山东省,济南市,
20251407,ELEME,76W002370A,239293483,天猫小店(可可超市湖南路店),安徽省,合肥市,
20251407,ELEME,76W002396A,239294245,快享生活便利店（远景花园店）,山东省,淄博市,
20251407,ELEME,76W002516A,239295393,天猫小店(筹)菜鸟驿站,重庆市,重庆市,
20251407,ELEME,76W002591A,239296406,心中客(万豪世家店),广东省,湛江市,
20251407,ELEME,76W002642A,239297263,永相逢(丰泽店),福建省,泉州市,
20251407,ELEME,76W002696A,239298120,百世邻里超市（三元桥店）,北京市,北京市,
20251407,ELEME,76W002795A,239299239,麦德龙(张家港店),江苏省,苏州市,
20251407,ELEME,76W002899A,239300391,天猫小店(国斌便利店紫丁香街店),浙江省,杭州市,
20251407,ELEME,76W002952A,239301296,天猫小店（吉佳超市机场路店）,山东省,烟台市,
20251407,ELEME,76W002979A,239301443,京东便利店(嘉定店),上海市,上海市,
20251407,ELEME,76W003000A,239302125,BC进口超市(富力店),北京市,北京市,
20251407,ELEME,76W003022A,239302255,麦德龙(盐城盐都店),江苏省,盐城市,
20251407,ELEME,76W003023A,239302256,麦德龙(徐州店),江苏省,徐州市,
20251407,ELEME,76W003024A,239302257,永相逢(东街店),福建省,泉州市,
20251407,ELEME,76W003091A,239303215,天猫小店(小苑家便利店巨龙大道店),湖北省,武汉市,
20251407,ELEME,76W003147A,239303456,像素华联（草房店）,北京市,北京市,
20251407,ELEME,76W003149A,239303466,天猫小店（菜花泾超市都市家园店）,浙江省,湖州市,
20251407,ELEME,76W003213A,239305391,晶金商店超市,辽宁省,大连市,
20251407,ELEME,76W003425A,239311071,美加乐便利店（御景城店）,广东省,揭阳市,
20251407,ELEME,76W003435A,239311122,维购便利超市（红桥店）,天津市,天津市,
20251407,ELEME,76W003712A,239314069,萤火虫便利店（兴荣街店）,河南省,郑州市,
20251407,ELEME,76W003904A,239316177,浩杰食品店,天津市,天津市,
20251407,ELEME,76W003939A,239316357,华润万家(临城店),浙江省,舟山市,
20251407,ELEME,76W003959A,239317024,麦德龙(长沙天心店),湖南省,长沙市,
20251407,ELEME,76W003962A,239317029,零酒零食(博才路店),重庆市,重庆市,
20251407,ELEME,76W004000A,239317225,新惠百货,广东省,广州市,
20251407,ELEME,76W004022A,239317379,JustFresh捷德鲜超市(西康店),上海市,上海市,
20251407,ELEME,76W004115A,239318416,天猫小店(嘉霖华禧店),广东省,深圳市,
20251407,ELEME,76W004287A,239321034,环宇超市（园林路店）,湖北省,武汉市,
20251407,ELEME,76W004458A,239322452,印象台湖便利店,北京市,北京市,
20251407,ELEME,76W004469A,239323031,汉阳超市韩国食品,上海市,上海市,
20251407,ELEME,76W004547A,239324058,喜羊羊超市,广东省,珠海市,
20251407,ELEME,76W004569A,239324196,世纪华新超市,上海市,上海市,
20251407,ELEME,76W004761A,239326471,鹏浠便利超市(友谊路店),天津市,天津市,
20251407,ELEME,76W004772A,239327065,豪士多超市甪直鸣市路店,江苏省,苏州市,
20251407,ELEME,76W004993A,239330053,天猫小店(广盛魁超市万达店),浙江省,金华市,
20251407,ELEME,76W005009A,239330129,越仁百货-24h便利超市,上海市,上海市,
20251407,ELEME,76W005016A,239330182,JustFresh捷德鲜超市(延平店),上海市,上海市,
20251407,ELEME,76W005139A,239331424,欣悦便利,江苏省,苏州市,
20251407,ELEME,76W005180A,239332172,京东便利店(东方路店),上海市,上海市,
20251407,ELEME,76W005211A,239332496,JustFresh捷德鲜超市(永嘉店),上海市,上海市,
20251407,ELEME,76W005416A,239336002,爱尚便利,江苏省,南京市,
20251407,ELEME,76W005476A,239336483,苏贸九佰超市（碧波街店）,江苏省,苏州市,
20251407,ELEME,76W005490A,239337037,心怡副食品店,江苏省,苏州市,
20251407,ELEME,76W005491A,239337052,天猫小店(清远路店),浙江省,温州市,
20251407,ELEME,76W005584A,239338144,99便利店(健民路店),浙江省,绍兴市,
20251407,ELEME,76W005627A,239338394,万德福超市,山东省,淄博市,
20251407,ELEME,76W005693A,239339395,优选便利超市,辽宁省,大连市,
20251407,ELEME,76W005828A,239341307,天猫小店(旺福优选店),广东省,珠海市,
20251407,ELEME,76W005836A,239341368,华辉超市,上海市,上海市,
20251407,ELEME,76W005850A,239341473,小锐超市（芦潮港店）,上海市,上海市,
20251407,ELEME,76W005985A,239343314,祥隆泰超市(新华店),河北省,石家庄市,
20251407,ELEME,76W006007A,239344005,熊猫便利超市(海大店),广东省,湛江市,
20251407,ELEME,76W006017A,239344050,美一天超市(鲤城总店),福建省,泉州市,
20251407,ELEME,76W006040A,239344146,华润万家(岱山店),浙江省,舟山市,
20251407,ELEME,76W006098A,239344462,邻宜百货,安徽省,合肥市,
20251407,ELEME,76W006195A,239346140,美一天省钱超市(泉州总店),福建省,泉州市,
20251407,ELEME,76W006390A,239349002,学人邨韩日超市,上海市,上海市,
20251407,ELEME,76W006415A,239349138,交通平价超市（兴华东路店）,山东省,潍坊市,
20251407,ELEME,76W006491A,239350125,天猫小店(樱花公园店),浙江省,宁波市,
20251407,ELEME,76W006544A,239350433,爱寓24h便利店,山东省,日照市,
20251407,ELEME,76W006648A,239352111,天猫小店（精品便利店）,广东省,深圳市,
20251407,ELEME,76W006915A,239356062,汇沔超市（川周公路店）,上海市,上海市,
20251407,ELEME,76W007064A,239358088,飞达便利店,上海市,上海市,
20251407,ELEME,76W007135A,239359098,嘉联超市,浙江省,温州市,
20251407,ELEME,76W007224A,239360200,祥隆泰超市(红旗店),河北省,石家庄市,
20251407,ELEME,76W007273A,239360485,芙蓉兴盛便利超市(侨谊路店),江苏省,南京市,
20251407,ELEME,76W007316A,239361265,京东便利店(马连道店),北京市,北京市,
20251407,ELEME,76W007437A,239363317,欧阳批发超市（灵溪店）,浙江省,温州市,
20251407,ELEME,76W007586A,239366029,雅堂小超（桐荫街店）,山东省,潍坊市,
20251407,ELEME,76W007631A,239366363,弦野超市,上海市,上海市,
20251407,ELEME,76W007751A,239369038,韩仓永军百货,山东省,济南市,
20251407,ELEME,76W007822A,239370340,香溢便利（银苑超市东海路店）,浙江省,宁波市,
20251407,ELEME,76W007866A,239371324,月湖平价超市,浙江省,温州市,
20251407,ELEME,76W007896A,239372175,BC进口超市(新源里店),北京市,北京市,
20251407,ELEME,76W007903A,239372225,芳慈超市（工业大学店）,辽宁省,大连市,
20251407,ELEME,76W008134A,239379166,左手右手超市(金坛店),江苏省,常州市,
20251407,ELEME,76W008151A,239380096,飞牛便利店(颜巷店),江苏省,苏州市,
20251407,ELEME,76W008197A,239383043,肉类食品坊BOUCHERIE生鲜超市,上海市,上海市,
20251407,ELEME,76W008241A,239384166,58优品超市（佳和店）,天津市,天津市,
20251407,ELEME,76W008289A,239386102,速客便利店（东陆店）,上海市,上海市,
20251407,ELEME,76W008303A,239387073,阳光便利店(郑大工大校内店),河南省,郑州市,
20251407,ELEME,76W008314A,239388031,乐到家生活超市(天河店),广东省,广州市,
20251407,ELEME,76W008359A,239390017,正品行生活超市(福庆街店),广东省,深圳市,
20251407,ELEME,76W008363A,239390043,佳时利超市(白沙洲店),湖北省,武汉市,
20251407,ELEME,76W008465A,239395094,京东便利店(瑞丽路店),上海市,上海市,
20251407,ELEME,76W008490A,239396052,成林超市,黑龙江省,佳木斯市,
20251407,ELEME,76W008615A,239403092,麦德龙(西安浐灞店),陕西省,西安市,
20251407,ELEME,76W008680A,239409001,乌啦啦超市,江苏省,无锡市,
20251407,ELEME,76W008691A,239409066,享佳优选超市(塔头店),福建省,厦门市,
20251407,ELEME,76W010591A,239734247,世纪精品超市(八佰伴店),上海市,上海市,
20251407,ELEME,76W010927A,239739211,零购超市(南泉北路店),上海市,上海市,
20251407,ELEME,76W011644A,239750232,大统华(嘉兴店),浙江省,嘉兴市,
20251407,ELEME,76W012021A,239759326,麦德龙(郑州郑东店),河南省,郑州市,
20251407,ELEME,76W012103A,239760343,麦德龙(镇江开发区店),江苏省,镇江市,
20251407,ELEME,76W012104A,239760344,麦德龙(天津红桥店),天津市,天津市,
20251407,ELEME,76W012330A,239763256,麦德龙(成都青羊店),四川省,成都市,
20251407,ELEME,76W012400A,239764303,麦德龙(沈阳铁西店),辽宁省,沈阳市,
20251407,ELEME,76W012532A,239766302,麦德龙(宁波鄞州店),浙江省,宁波市,
20251407,ELEME,76W012681A,239768266,麦德龙(无锡锡山店),江苏省,无锡市,
20251407,ELEME,76W012729A,239769186,麦德龙(深圳罗湖店),广东省,深圳市,
20251407,ELEME,76W012761A,239769306,麦德龙(大连西岗店),辽宁省,大连市,
20251407,ELEME,76W013013A,239773052,麦德龙(普陀店),上海市,上海市,
20251407,ELEME,76W013057A,239773273,麦德龙(武汉洪山店),湖北省,武汉市,
20251407,ELEME,76W013131A,239774250,麦德龙(哈尔滨道里店),黑龙江省,哈尔滨市,
20251407,ELEME,76W013268A,239776254,麦德龙(厦门湖里店),福建省,厦门市,
20251407,ELEME,76W013397A,239778238,麦德龙(泉州丰泽店),福建省,泉州市,
20251407,ELEME,76W013631A,239781262,麦德龙(宁波海曙店),浙江省,宁波市,
20251407,ELEME,76W013632A,239781263,麦德龙(虹湾路店),上海市,上海市,
20251407,ELEME,76W013699A,239782252,麦德龙(浦东店),上海市,上海市,
20251407,ELEME,76W014152A,239789189,麦德龙(南通崇川店),江苏省,南通市,
20251407,ELEME,76W014193A,239790190,麦德龙(嘉兴店),浙江省,嘉兴市,
20251407,ELEME,76W014240A,239791196,麦德龙(南昌青山湖店),江西省,南昌市,
20251407,ELEME,76W014309A,239792216,麦德龙(福州仓山店),福建省,福州市,
20251407,ELEME,76W014310A,239792217,麦德龙(西安雁塔店),陕西省,西安市,
20251407,ELEME,76W014429A,239794179,麦德龙(杭州金家渡店),浙江省,杭州市,
20251407,ELEME,76W014549A,239796195,麦德龙(闵行店),上海市,上海市,
20251407,ELEME,76W014550A,239796196,麦德龙(台州开发区店),浙江省,台州市,
20251407,ELEME,76W014599A,239797191,麦德龙(长沙岳麓店),湖南省,长沙市,
20251407,ELEME,76W014600A,239797192,麦德龙(广州白云店),广东省,广州市,
20251407,ELEME,76W014663A,239798189,麦德龙(嘉定店),上海市,上海市,
20251407,ELEME,76W014723A,239799181,麦德龙(北京十里河店),北京市,北京市,
20251407,ELEME,76W014781A,239800159,麦德龙(松江店),上海市,上海市,
20251407,ELEME,76W014845A,239801181,麦德龙(南京雨花店),江苏省,南京市,
20251407,ELEME,76W014846A,239801182,麦德龙(武汉硚口店),湖北省,武汉市,
20251407,ELEME,76W014901A,239802157,麦德龙(株洲店),湖南省,株洲市,
20251407,ELEME,76W015004A,239804158,麦德龙(苏州高新区店),江苏省,苏州市,
20251407,ELEME,76W015066A,239805171,麦德龙(宁波慈溪店),浙江省,宁波市,
20251407,ELEME,76W015160A,239807065,麦德龙(广州花都店),广东省,广州市,
20251407,ELEME,76W015236A,239808148,麦德龙(绍兴店),浙江省,绍兴市,
20251407,ELEME,76W015306A,239809175,麦德龙(青岛四方店),山东省,青岛市,
20251407,ELEME,76W015544A,239813131,麦德龙(青浦店),上海市,上海市,
20251407,ELEME,76W015545A,239813132,Metro麦德龙(金山店),上海市,上海市,
20251407,ELEME,76W015546A,239813133,麦德龙(沈阳浑南店),辽宁省,沈阳市,
20251407,ELEME,76W015599A,239814118,麦德龙(南京下关店),江苏省,南京市,
20251407,ELEME,76W015704A,239851369,天猫小店(零点便利店杭州店),浙江省,杭州市,
20251407,ELEME,76W015837A,240033451,千家购超市（龙湖店）,北京市,北京市,
20251407,ELEME,76W015850A,240034465,百佳永辉(华发商都店),广东省,珠海市,
20251407,ELEME,76W015867A,240035498,百世邻里超市(回龙观店),北京市,北京市,
20251407,ELEME,76W015889A,240038440,芙蓉兴盛(雅源南路店),浙江省,宁波市,
20251407,ELEME,76W015990A,240042345,云全综合超市,黑龙江省,哈尔滨市,
20251407,ELEME,76W015991A,240042351,天猫小店(萧山乐购店),浙江省,杭州市,
20251407,ELEME,76W016041A,240043343,京东便利店(中锦大厦店),山东省,青岛市,
20251407,ELEME,76W016055A,240043494,世纪联华超市,北京市,北京市,
20251407,ELEME,76W016153A,240045425,生活天天超市(前进花园店),北京市,北京市,
20251407,ELEME,76W016155A,240045427,乐淘超市,辽宁省,营口市,
20251407,ELEME,76W016253A,240047302,柴柴便利(高新店),陕西省,西安市,
20251407,ELEME,76W016262A,240047354,世纪华联(塘河路店),浙江省,杭州市,
20251407,ELEME,76W016313A,240048289,金中山超市(名汇广场店),福建省,厦门市,
20251407,ELEME,76W016345A,240048500,海润亿家超市(金福里店),天津市,天津市,
20251407,ELEME,76W016347A,240049120,世纪华联(樱花园店),北京市,北京市,
20251407,ELEME,76W016394A,240049340,乐万家超市,山东省,青岛市,
20251407,ELEME,76W016401A,240049451,空港超市,北京市,北京市,
20251407,ELEME,76W016452A,240050342,麦德龙(江阴店),江苏省,无锡市,
20251407,ELEME,76W016453A,240050343,麦德龙(成都高新店),四川省,成都市,
20251407,ELEME,76W016496A,240051250,优百客超市(江头店),福建省,厦门市,
20251407,ELEME,76W016578A,240052334,易购超市(机场店),北京市,北京市,
20251407,ELEME,76W016616A,240053265,梵鑫便利店（泰禾店）,福建省,厦门市,
20251407,ELEME,76W016668A,240054260,吉兴超市(杏林店),福建省,厦门市,
20251407,ELEME,76W016670A,240054269,万佳隆超市,山东省,济南市,
20251407,ELEME,76W016671A,240054270,客之惠生活超市,陕西省,西安市,
20251407,ELEME,76W016758A,240056109,咕噜便利(直营店),浙江省,宁波市,
20251407,ELEME,76W016785A,240056265,麦德好超市(佰富时代中心店),浙江省,杭州市,
20251407,ELEME,76W016786A,240056266,天猫小店(有壹家便利店),四川省,成都市,
20251407,ELEME,76W016802A,240056331,万隆平价超市,山东省,烟台市,
20251407,ELEME,76W016815A,240056469,爱特点超市北岸尚城店,天津市,天津市,
20251407,ELEME,76W016816A,240056470,惠民批发超市,浙江省,温州市,
20251407,ELEME,76W016871A,240057438,香榭超市,黑龙江省,哈尔滨市,
20251407,ELEME,76W016881A,240057498,心雪记冷饮批发大卖场(国和路店),上海市,上海市,
20251407,ELEME,76W016904A,240058221,乐佳+精品超市,陕西省,西安市,
20251407,ELEME,76W017069A,240060249,优百惠便利(融侨店),陕西省,西安市,
20251407,ELEME,76W017102A,240060444,锋奇锐百货,四川省,成都市,
20251407,ELEME,76W017116A,240061069,万福超市(环城北路店),浙江省,温州市,
20251407,ELEME,76W017136A,240061184,送家家便利店,福建省,厦门市,
20251407,ELEME,76W017147A,240061242,易木匠超市,四川省,成都市,
20251407,ELEME,76W017150A,240061253,惠尔鑫超市（西潞园店）,北京市,北京市,
20251407,ELEME,76W017293A,240063231,爱乐达.惠佳生活超市,广东省,东莞市,
20251407,ELEME,76W017313A,240063426,多乐便利店,黑龙江省,大庆市,
20251407,ELEME,76W017361A,240064296,世纪华联（前塘社区店）,浙江省,杭州市,
20251407,ELEME,76W017363A,240064302,苏常购(马公桥店),江苏省,常州市,
20251407,ELEME,76W017369A,240064427,天猫小店（好来客超市东亭店）,江苏省,无锡市,
20251407,ELEME,76W017387A,240065040,百佳购超市,辽宁省,沈阳市,
20251407,ELEME,76W017471A,240066065,百佳永辉(珠海免税店),广东省,珠海市,
20251407,ELEME,76W017503A,240066211,天猫小店（恒旺便利石牌岭店）,湖北省,武汉市,
20251407,ELEME,76W017509A,240066245,双永副食品超市,山东省,青岛市,
20251407,ELEME,76W017536A,240066425,京东便利店(白塘路店),江苏省,苏州市,
20251407,ELEME,76W017607A,240067394,乐享超市,浙江省,舟山市,
20251407,ELEME,76W017612A,240067412,天猫小店（联合路店）,浙江省,嘉兴市,
20251407,ELEME,76W017630A,240067487,天猫小店(栋发便利吉祥街店),广东省,珠海市,
20251407,ELEME,76W017659A,240068176,天猫小店（邻家超市凤新路店）,浙江省,杭州市,
20251407,ELEME,76W017699A,240068464,百世邻里（和融路店）,上海市,上海市,
20251407,ELEME,76W017833A,240070280,临东超市(星光街店),浙江省,杭州市,
20251407,ELEME,76W017910A,240071261,麦德龙(长沙开福店),湖南省,长沙市,
20251407,ELEME,76W017988A,240072318,OK便利店（像素店）,北京市,北京市,
20251407,ELEME,76W018047A,240073044,芙蓉兴盛(田盛街店),浙江省,湖州市,
20251407,ELEME,76W018085A,240073228,优享购超市(中北镇店),天津市,天津市,
20251407,ELEME,76W018100A,240073415,啵啵兔超市望仙路店,浙江省,金华市,
20251407,ELEME,76W018382A,240077140,乐麦驿便利（钟楼店）,陕西省,西安市,
20251407,ELEME,76W018580A,240079462,世纪华联超市,江苏省,苏州市,
20251407,ELEME,76W018637A,240080222,便利店(东亚创展店),北京市,北京市,
20251407,ELEME,76W018644A,240080249,会生活惠生活超市（南夏墅店）,江苏省,常州市,
20251407,ELEME,76W018647A,240080357,简逸特产便利超市,浙江省,宁波市,
20251407,ELEME,76W018729A,240081379,新好邻居超市,浙江省,温州市,
20251407,ELEME,76W018786A,240082163,柴柴便利(钟楼店),陕西省,西安市,
20251407,ELEME,76W018787A,240082164,合家欢超市(纺织城店),陕西省,西安市,
20251407,ELEME,76W018798A,240082226,喜客多超市,北京市,北京市,
20251407,ELEME,76W018806A,240082363,麦客联华超市(西湖店),浙江省,杭州市,
20251407,ELEME,76W018853A,240083181,供银超市,浙江省,绍兴市,
20251407,ELEME,76W018885A,240083424,阳光超市(八里庄店),北京市,北京市,
20251407,ELEME,76W018898A,240083467,爱芯超市,辽宁省,大连市,
20251407,ELEME,76W018900A,240083480,小马家·大众超市（潞城店）,江苏省,常州市,
20251407,ELEME,76W018941A,240084209,玉红超市,天津市,天津市,
20251407,ELEME,76W018953A,240084316,宇晨超市,江苏省,苏州市,
20251407,ELEME,76W018975A,240084434,好又多超市（前进东路店）,江苏省,苏州市,
20251407,ELEME,76W019058A,240085376,乐事购便利店,北京市,北京市,
20251407,ELEME,76W019102A,240086105,君浩超市牛奶专营店,山东省,济南市,
20251407,ELEME,76W019187A,240087096,幸福佳超市,山东省,济南市,
20251407,ELEME,76W019251A,240087489,红新梅超市（万柳塘店）,辽宁省,沈阳市,
20251407,ELEME,76W019257A,240088006,旭辉超市,浙江省,金华市,
20251407,ELEME,76W019282A,240088117,天猫小店(光谷店),湖北省,武汉市,
20251407,ELEME,76W019310A,240088347,桔梗便利店,江苏省,常州市,
20251407,ELEME,76W019337A,240088447,乐园超市,黑龙江省,佳木斯市,
20251407,ELEME,76W019342A,240088480,京东便利店(九连山路店),山东省,青岛市,
20251407,ELEME,76W019424A,240089460,联合一百（奥林匹克店）,上海市,上海市,
20251407,ELEME,76W019442A,240089499,友邻便利店(姑苏店),江苏省,苏州市,
20251407,ELEME,76W019443A,240089500,凯裕超市,浙江省,温州市,
20251407,ELEME,76W019466A,240090105,正正超市,山东省,济南市,
20251407,ELEME,76W019467A,240090108,人本便利店,陕西省,西安市,
20251407,ELEME,76W019552A,240091108,天猫小店（品丰便利店东冠路店）,浙江省,杭州市,
20251407,ELEME,76W019567A,240091165,章亮超市,天津市,天津市,
20251407,ELEME,76W019581A,240091352,好时乐便利店,北京市,北京市,
20251407,ELEME,76W019596A,240091407,珠玲佳超市(新城域店),江苏省,苏州市,
20251407,ELEME,76W019688A,240092395,芙蓉兴盛超市（体育场路店）,浙江省,湖州市,
20251407,ELEME,76W019699A,240092443,友谊联超市,江苏省,苏州市,
20251407,ELEME,76W019708A,240092495,芙蓉兴盛（东二市场店）,广东省,深圳市,
20251407,ELEME,76W019745A,240093144,双坤便利店(新村店),黑龙江省,大庆市,
20251407,ELEME,76W019789A,240093393,欣怡超市（大麦屿店）,浙江省,台州市,
20251407,ELEME,76W019811A,240093485,好文多超市(珠江路店),江苏省,南京市,
20251407,ELEME,76W019850A,240094245,勇强超市（百墅路店）,浙江省,嘉兴市,
20251407,ELEME,76W019851A,240094248,世纪华联超市,北京市,北京市,
20251407,ELEME,76W019888A,240094421,优加生活超市（安静街店）,黑龙江省,哈尔滨市,
20251407,ELEME,76W019894A,240094439,星城超市(曙光星城店),湖北省,武汉市,
20251407,ELEME,76W019933A,240095099,大胖超市,山东省,青岛市,
20251407,ELEME,76W020010A,240096039,多啦便利（小寨省体店）,陕西省,西安市,
20251407,ELEME,76W020019A,240096079,惠众超市,河南省,新乡市,
20251407,ELEME,76W020044A,240096255,T-SHAKE天下客,浙江省,舟山市,
20251407,ELEME,76W020050A,240096283,直麦超市,浙江省,杭州市,
20251407,ELEME,76W020082A,240096434,美又多便利店,山西省,太原市,
20251407,ELEME,76W020096A,240096500,京东便利店(市南大润发店),山东省,青岛市,
20251407,ELEME,76W020110A,240097060,优乐淘超市,山东省,青岛市,
20251407,ELEME,76W020124A,240097100,麦德龙(昆明北辰店),云南省,昆明市,
20251407,ELEME,76W020237A,240098210,鑫顺超市(学院路店),黑龙江省,哈尔滨市,
20251407,ELEME,76W020261A,240098281,极客生活超市(江汉店),湖北省,武汉市,
20251407,ELEME,76W020263A,240098286,南浦李红便利店(市府路店),浙江省,温州市,
20251407,ELEME,76W020266A,240098292,友家惠超市(月亮湾店),江苏省,苏州市,
20251407,ELEME,76W020275A,240098315,佳悦超市（盘锦花园店）,江苏省,南京市,
20251407,ELEME,76W020288A,240098356,品客超市(红街公寓店),浙江省,杭州市,
20251407,ELEME,76W020298A,240098380,红杉超市,江苏省,常州市,
20251407,ELEME,76W020310A,240098401,好又多超市(临安店),浙江省,杭州市,
20251407,ELEME,76W020337A,240099030,恒润发超市,山东省,威海市,
20251407,ELEME,76W020405A,240099299,红日超市,浙江省,温州市,
20251407,ELEME,76W020442A,240099436,渊博便利店,天津市,天津市,
20251407,ELEME,76W020447A,240099463,青义超市,四川省,绵阳市,
20251407,ELEME,76W020503A,240100209,麦帮帮生活超市（花园路店）,河南省,郑州市,
20251407,ELEME,76W020504A,240100218,鑫鑫盛源超市,黑龙江省,大庆市,
20251407,ELEME,76W020534A,240100317,品格超市(广景苑店),浙江省,杭州市,
20251407,ELEME,76W020554A,240100374,家万兴超市,天津市,天津市,
20251407,ELEME,76W020558A,240100378,叁贰便利店(奥城店),天津市,天津市,
20251407,ELEME,76W020574A,240100431,全家超市(怡岛路店),浙江省,舟山市,
20251407,ELEME,76W020583A,240100453,佳得乐超市(学院秋霞店),江西省,九江市,
20251407,ELEME,76W020622A,240101164,芙蓉兴盛（桃花大道店）,重庆市,重庆市,
20251407,ELEME,76W020640A,240101218,阁碧超市,辽宁省,沈阳市,
20251407,ELEME,76W020644A,240101227,迪全超市（西中市店）,江苏省,苏州市,
20251407,ELEME,76W020652A,240101252,惠民超市,江苏省,无锡市,
20251407,ELEME,76W020672A,240101316,小滟超市,浙江省,宁波市,
20251407,ELEME,76W020676A,240101323,百佳汇食品超市,黑龙江省,牡丹江市,
20251407,ELEME,76W020685A,240101352,锦和超市（圆梦店）,湖南省,长沙市,
20251407,ELEME,76W020690A,240101375,虎哥兔妹零食小铺,山东省,威海市,
20251407,ELEME,76W020804A,240102282,明湖惠购超市,北京市,北京市,
20251407,ELEME,76W020823A,240102336,成自刚超市便利店,辽宁省,沈阳市,
20251407,ELEME,76W020824A,240102337,云蚂蚁便利店（钱江路店）,浙江省,杭州市,
20251407,ELEME,76W020840A,240102376,天天好便利店,辽宁省,大连市,
20251407,ELEME,76W020865A,240102484,好你来便利店(未央店),陕西省,西安市,
20251407,ELEME,76W020884A,240103042,百世邻里（明光路店）,浙江省,宁波市,
20251407,ELEME,76W020885A,240103046,金果超市(华苑店),江苏省,常州市,
20251407,ELEME,76W020915A,240103163,惠客便利店,浙江省,舟山市,
20251407,ELEME,76W020929A,240103193,申榕超市(政立路店),上海市,上海市,
20251407,ELEME,76W020936A,240103211,宜佳便民超市,湖北省,武汉市,
20251407,ELEME,76W020939A,240103221,星期六超市·(农大校内店),黑龙江省,大庆市,
20251407,ELEME,76W020945A,240103242,苏城生活精品生活超市,江苏省,苏州市,
20251407,ELEME,76W020951A,240103266,芙蓉兴盛(祥盛华庭店),江苏省,镇江市,
20251407,ELEME,76W020962A,240103297,北桥燕平超市,江苏省,苏州市,
20251407,ELEME,76W020967A,240103307,杏杏优选超市,四川省,成都市,
20251407,ELEME,76W020972A,240103321,世纪华联(西门店),浙江省,杭州市,
20251407,ELEME,76W020978A,240103337,十汇商贸,浙江省,温州市,
20251407,ELEME,76W020990A,240103363,崔平食品批发部,黑龙江省,哈尔滨市,
20251407,ELEME,76W021001A,240103404,万家购超市(上江店),浙江省,温州市,
20251407,ELEME,76W021019A,240103450,京东便利店,浙江省,杭州市,
20251407,ELEME,76W021020A,240103455,京东便利店(民主东街店),上海市,上海市,
20251407,ELEME,76W021021A,240103456,嗨家便利（潘沪路店）,上海市,上海市,
20251407,ELEME,76W021040A,240104055,福廉美超市,北京市,北京市,
20251407,ELEME,76W021066A,240104169,芙蓉兴盛便利超市(南江燕路店),上海市,上海市,
20251407,ELEME,76W021072A,240104191,香邑生活超市(江北新区店),江苏省,南京市,
20251407,ELEME,76W021075A,240104199,邵剑超市,江苏省,无锡市,
20251407,ELEME,76W021081A,240104213,星湖生活超市(独墅湖店),江苏省,苏州市,
20251407,ELEME,76W021095A,240104285,美琪便利店(松江路店),辽宁省,大连市,
20251407,ELEME,76W021099A,240104307,快乐到家便利店(回龙观店),北京市,北京市,
20251407,ELEME,76W021108A,240104337,福天荣批发超市,天津市,天津市,
20251407,ELEME,76W021117A,240104388,好旺多超市(空港店),重庆市,重庆市,
20251407,ELEME,76W021126A,240104403,茂翔仓买,黑龙江省,牡丹江市,
20251407,ELEME,76W021192A,240105169,今旺便利超市(泗凤公路店),上海市,上海市,
20251407,ELEME,76W021204A,240105205,章勇家和便利店,江苏省,无锡市,
20251407,ELEME,76W021209A,240105219,友爱超市（益健路店）,江苏省,无锡市,
20251407,ELEME,76W021213A,240105243,庚悦精品优选超市,江苏省,南通市,
20251407,ELEME,76W021240A,240105345,快乐惠（农大校内店）,湖南省,长沙市,
20251407,ELEME,76W021250A,240105390,亿乐美商店,黑龙江省,大庆市,
20251407,ELEME,76W021319A,240106185,世纪生活超市(人才公寓店),江苏省,南京市,
20251407,ELEME,76W021336A,240106229,乐邻便利店,浙江省,温州市,
20251407,ELEME,76W021357A,240106316,天猫小店（明爱商行大梅沙村店）,广东省,深圳市,
20251407,ELEME,76W021372A,240106350,津叶至诚便民超市(灵隐道店),天津市,天津市,
20251407,ELEME,76W021387A,240106409,家惠超市,四川省,成都市,
20251407,ELEME,76W021390A,240106419,世纪华联超市(工大店),浙江省,杭州市,
20251407,ELEME,76W021406A,240106471,百润购物超市,陕西省,西安市,
20251407,ELEME,76W021451A,240107155,好又多超市（西洋寺店）,浙江省,宁波市,
20251407,ELEME,76W021452A,240107161,永盛超市,上海市,上海市,
20251407,ELEME,76W021465A,240107203,24h便利(酒吧街店),江苏省,无锡市,
20251407,ELEME,76W021467A,240107208,自家人超市,浙江省,温州市,
20251407,ELEME,76W021485A,240107295,OK便利店,浙江省,温州市,
20251407,ELEME,76W021518A,240107377,明媚便利店(瓯南芯宇店),浙江省,温州市,
20251407,ELEME,76W021577A,240108159,金湖生活超市,上海市,上海市,
20251407,ELEME,76W021582A,240108178,芙蓉兴盛超市,湖北省,武汉市,
20251407,ELEME,76W021616A,240108314,旺旺利超市（胜利路店）,天津市,天津市,
20251407,ELEME,76W021619A,240108322,北斗超市,辽宁省,大连市,
20251407,ELEME,76W021624A,240108333,羚里小店(天贵路店),广东省,广州市,
20251407,ELEME,76W021638A,240108380,京东便利店（盛世春天店）,河北省,石家庄市,
20251407,ELEME,76W021747A,240109356,刘源便利店,辽宁省,沈阳市,
20251407,ELEME,76W021755A,240109381,许记便利店,广东省,深圳市,
20251407,ELEME,76W021772A,240109454,邻家便利店,福建省,厦门市,
20251407,ELEME,76W021781A,240109479,隆盛超市(九二路邮政局店),福建省,泉州市,
20251407,ELEME,76W021782A,240109498,天秀生活超市,北京市,北京市,
20251407,ELEME,76W021858A,240110292,新老K超市,浙江省,宁波市,
20251407,ELEME,76W021860A,240110294,芙蓉兴盛超市（华丰二路店）,浙江省,湖州市,
20251407,ELEME,76W021892A,240110408,快时多超市(宏苑路店),浙江省,嘉兴市,
20251407,ELEME,76W021965A,240111180,元杰便利店,江苏省,苏州市,
20251407,ELEME,76W021980A,240111235,加和便利店(石门街店),辽宁省,大连市,
20251407,ELEME,76W021991A,240111257,我家便利(萧江店),浙江省,温州市,
20251407,ELEME,76W022002A,240111302,联合100便利超市,天津市,天津市,
20251407,ELEME,76W022005A,240111314,漫购超市（双拥路店）,湖南省,长沙市,
20251407,ELEME,76W022027A,240111378,奇琦零食店(景德镇陶瓷大学店),江西省,景德镇市,
20251407,ELEME,76W022028A,240111383,新光明便利店,上海市,上海市,
20251407,ELEME,76W022033A,240111400,华联购物超市（方家苑店）,浙江省,杭州市,
20251407,ELEME,76W022041A,240111439,如意超市（衡山路店）,江苏省,常州市,
20251407,ELEME,76W022093A,240112154,新华超市,上海市,上海市,
20251407,ELEME,76W022097A,240112167,慕斯便利超市,湖北省,武汉市,
20251407,ELEME,76W022102A,240112190,好又多超市(洛城店),江苏省,无锡市,
20251407,ELEME,76W022109A,240112208,永源好便利(双元路店),江苏省,盐城市,
20251407,ELEME,76W022111A,240112210,百佳惠超市(竹苑小区店),湖北省,武汉市,
20251407,ELEME,76W022137A,240112329,华联盈创(湖北路店),天津市,天津市,
20251407,ELEME,76W022145A,240112370,杭州华联超市(迎春店),浙江省,杭州市,
20251407,ELEME,76W022146A,240112371,三好超市,黑龙江省,牡丹江市,
20251407,ELEME,76W022151A,240112389,京东便利店(阳山店),江苏省,苏州市,
20251407,ELEME,76W022195A,240113109,宜可购超市（西大街店）,浙江省,舟山市,
20251407,ELEME,76W022223A,240113185,好又多超市（菁英店）,江苏省,苏州市,
20251407,ELEME,76W022264A,240113307,福乐家家超市（绥江道店）,天津市,天津市,
20251407,ELEME,76W022266A,240113311,玖零优选超市（师大南门店）,天津市,天津市,
20251407,ELEME,76W022285A,240113357,左亲右邻超市,江苏省,常州市,
20251407,ELEME,76W022290A,240113366,铁锋区荣兴百货超市,黑龙江省,齐齐哈尔市,
20251407,ELEME,76W022299A,240113423,邻满旺便利(快乐惠阳明山庄店),湖南省,长沙市,
20251407,ELEME,76W022358A,240114172,乐邻超市（玉海店）,浙江省,温州市,
20251407,ELEME,76W022359A,240114182,好又多超市（新华三村店）,江苏省,南京市,
20251407,ELEME,76W022385A,240114267,十字口超市,浙江省,温州市,
20251407,ELEME,76W022393A,240114287,天猫小店(悦居身边爱橙街店),浙江省,杭州市,
20251407,ELEME,76W022402A,240114308,福满城超市,天津市,天津市,
20251407,ELEME,76W022448A,240115016,天猫小店(筹)乐买淘食品超市,湖南省,长沙市,
20251407,ELEME,76W022460A,240115094,新上海购物,广东省,揭阳市,
20251407,ELEME,76W022479A,240115158,章华超市,浙江省,温州市,
20251407,ELEME,76W022497A,240115196,浙丽超市,江苏省,南通市,
20251407,ELEME,76W022588A,240116099,新贤商行,广东省,揭阳市,
20251407,ELEME,76W022601A,240116142,兴盛平价超市,湖北省,武汉市,
20251407,ELEME,76W022604A,240116148,世纪超市(文曲路店),江苏省,苏州市,
20251407,ELEME,76W022630A,240116250,世纪家联,浙江省,温州市,
20251407,ELEME,76W022649A,240116328,铁锋区鑫博食品超市,黑龙江省,齐齐哈尔市,
20251407,ELEME,76W022661A,240116364,天天便利店,浙江省,嘉兴市,
20251407,ELEME,76W022707A,240117077,易点便利,广东省,深圳市,
20251407,ELEME,76W022720A,240117120,佳邻速购超市,北京市,北京市,
20251407,ELEME,76W022724A,240117138,好又多超市（八士店）,江苏省,无锡市,
20251407,ELEME,76W022751A,240117243,北京惠宜批发超市(良乡店),北京市,北京市,
20251407,ELEME,76W022767A,240117284,K4生活超市（龙湖源著店）,重庆市,重庆市,
20251407,ELEME,76W022840A,240118132,新春超市（锡沪东路店）,江苏省,无锡市,
20251407,ELEME,76W022847A,240118147,美购连锁超市,江苏省,苏州市,
20251407,ELEME,76W022872A,240118230,清清超市(余北大街店),浙江省,嘉兴市,
20251407,ELEME,76W022894A,240118292,胜创超市,四川省,成都市,
20251407,ELEME,76W022945A,240119037,二十二小时超市(玫瑰苑店),江苏省,苏州市,
20251407,ELEME,76W022971A,240119167,宏都小区便利店,浙江省,温州市,
20251407,ELEME,76W023020A,240119352,昊妍综合超市,河北省,石家庄市,
20251407,ELEME,76W023073A,240120103,半岛生活超市（新府中路店）,上海市,上海市,
20251407,ELEME,76W023082A,240120143,浙家,浙江省,温州市,
20251407,ELEME,76W023099A,240120186,牛牛超市,江苏省,常州市,
20251407,ELEME,76W023111A,240120235,艳明仓买,黑龙江省,哈尔滨市,
20251407,ELEME,76W023144A,240120352,全佳超市,浙江省,嘉兴市,
20251407,ELEME,76W023157A,240120394,世纪忠迅超市(海宁店),浙江省,嘉兴市,
20251407,ELEME,76W023174A,240120458,芙蓉兴盛超市（金婆弄店）,浙江省,湖州市,
20251407,ELEME,76W023197A,240121061,通城好又多超市(莲花街店),浙江省,杭州市,
20251407,ELEME,76W023238A,240121188,建国自选超市（灃水道店）,天津市,天津市,
20251407,ELEME,76W023245A,240121238,俞引娣副食品店,浙江省,杭州市,
20251407,ELEME,76W023247A,240121242,万家福超市(洪塘中路店),浙江省,宁波市,
20251407,ELEME,76W023253A,240121254,佳而美超市(振兴中路店),浙江省,嘉兴市,
20251407,ELEME,76W023262A,240121286,神马超市,黑龙江省,哈尔滨市,
20251407,ELEME,76W023353A,240122145,黑蚂蚁便利店(No1人民医院店),黑龙江省,大庆市,
20251407,ELEME,76W023360A,240122160,冰淇淋大世界,浙江省,温州市,
20251407,ELEME,76W023389A,240122240,未来超市（杨梅山路店）,浙江省,杭州市,
20251407,ELEME,76W023391A,240122243,佳兴超市(青阳金溪路店),福建省,泉州市,
20251407,ELEME,76W023410A,240122326,七星超市,黑龙江省,牡丹江市,
20251407,ELEME,76W023411A,240122329,丰华百货超市,黑龙江省,齐齐哈尔市,
20251407,ELEME,76W023412A,240122334,天猫小店（裕华万达店）,河北省,石家庄市,
20251407,ELEME,76W023414A,240122353,壹加壹食品超市,浙江省,舟山市,
20251407,ELEME,76W023417A,240122374,快乐惠超市(银馨家园店),湖南省,长沙市,
20251407,ELEME,76W023454A,240123013,美信佳百货超市(蓬朗店),江苏省,苏州市,
20251407,ELEME,76W023457A,240123018,一橙易家超市,江苏省,苏州市,
20251407,ELEME,76W023511A,240123244,天猫小店(龙居超市花园路店),天津市,天津市,
20251407,ELEME,76W023514A,240123249,芙蓉兴盛生活超市,安徽省,合肥市,
20251407,ELEME,76W023535A,240123302,芙蓉兴盛超市(青口店),浙江省,金华市,
20251407,ELEME,76W023542A,240123340,源元满满超市,黑龙江省,牡丹江市,
20251407,ELEME,76W023543A,240123341,好尚好食品超市,黑龙江省,牡丹江市,
20251407,ELEME,76W023545A,240123354,阿拉丁超市,江西省,景德镇市,
20251407,ELEME,76W023591A,240124093,百世邻里(七宝店),上海市,上海市,
20251407,ELEME,76W023651A,240124303,全有超市,山东省,淄博市,
20251407,ELEME,76W023657A,240124314,利喜得超市,山东省,青岛市,
20251407,ELEME,76W023703A,240125040,李博士便利店,山东省,青岛市,
20251407,ELEME,76W023704A,240125047,以安超市,重庆市,重庆市,
20251407,ELEME,76W023713A,240125069,嗨家便利(永德路店),上海市,上海市,
20251407,ELEME,76W023744A,240125168,世纪华联(凯旋店),浙江省,杭州市,
20251407,ELEME,76W023765A,240125238,优晨便利店,天津市,天津市,
20251407,ELEME,76W023772A,240125248,东升超市,山东省,威海市,
20251407,ELEME,76W023784A,240125284,易购超市（锦秋店）,上海市,上海市,
20251407,ELEME,76W023786A,240125290,邻里超市(杨浦店),上海市,上海市,
20251407,ELEME,76W023788A,240125300,哆哆超市(盛世豪庭店),浙江省,嘉兴市,
20251407,ELEME,76W023807A,240125377,大头便利店,福建省,泉州市,
20251407,ELEME,76W023844A,240126051,好又多超市,上海市,上海市,
20251407,ELEME,76W023862A,240126089,非常超市,浙江省,温州市,
20251407,ELEME,76W023865A,240126096,百家便利店,江西省,赣州市,
20251407,ELEME,76W023900A,240126218,天猫小店(华美萱超市鲁能店),天津市,天津市,
20251407,ELEME,76W023915A,240126269,明日轩超市(工人街店),河北省,石家庄市,
20251407,ELEME,76W023916A,240126277,时代联华超市(金园一路店),上海市,上海市,
20251407,ELEME,76W023972A,240127045,芙蓉兴盛便利超市（沙杨路店）,重庆市,重庆市,
20251407,ELEME,76W023979A,240127064,好好吃零食店(景德镇陶瓷大学店),江西省,景德镇市,
20251407,ELEME,76W023982A,240127070,极米客康桥店,浙江省,宁波市,
20251407,ELEME,76W023985A,240127079,世纪华品乐超市(华东师大店),上海市,上海市,
20251407,ELEME,76W023995A,240127110,深度超市(无锡店),江苏省,无锡市,
20251407,ELEME,76W023997A,240127113,乐常购超市(花园店),江苏省,常州市,
20251407,ELEME,76W023999A,240127115,佳美超市（南园店）,江苏省,苏州市,
20251407,ELEME,76W024024A,240127197,德胜便利超市(灵溪镇店),浙江省,温州市,
20251407,ELEME,76W024030A,240127219,山水超市（丹枫苑店）,浙江省,杭州市,
20251407,ELEME,76W024036A,240127236,福豪便利超市,天津市,天津市,
20251407,ELEME,76W024064A,240127307,世纪优选超市(中山西路店),上海市,上海市,
20251407,ELEME,76W024074A,240127353,家利多生活超市(南郊公园店),湖南省,长沙市,
20251407,ELEME,76W024144A,240128181,实惠多超市,安徽省,合肥市,
20251407,ELEME,76W024145A,240128188,便民享逛超市(公园大厦店),江苏省,常州市,
20251407,ELEME,76W024149A,240128198,兴盛综合超市,黑龙江省,哈尔滨市,
20251407,ELEME,76W024174A,240128276,世纪华联（运河上街店）,浙江省,杭州市,
20251407,ELEME,76W024192A,240128346,芙蓉兴盛生活超市(徐东店),湖北省,武汉市,
20251407,ELEME,76W024217A,240129046,新越彤超市,辽宁省,沈阳市,
20251407,ELEME,76W024234A,240129114,大吉超市（绮山路店）,江苏省,无锡市,
20251407,ELEME,76W024251A,240129171,邻里便利(新塘路店),浙江省,杭州市,
20251407,ELEME,76W024290A,240129310,天猫小店(红鑫便利店星桥店),浙江省,杭州市,
20251407,ELEME,76W024293A,240129318,有佳便利店,浙江省,金华市,
20251407,ELEME,76W024315A,240129415,京东便利店(祁华路店),上海市,上海市,
20251407,ELEME,76W024333A,240130034,百信便利超市,福建省,福州市,
20251407,ELEME,76W024340A,240130053,世纪精品超市(上海店),上海市,上海市,
20251407,ELEME,76W024352A,240130088,乐亨便利店（塘下店）,浙江省,温州市,
20251407,ELEME,76W024357A,240130103,家美超市(亭江路店),福建省,福州市,
20251407,ELEME,76W024382A,240130179,天猫小店(百信超市西环路店),福建省,福州市,
20251407,ELEME,76W024385A,240130184,悠百佳零食超市,浙江省,杭州市,
20251407,ELEME,76W024395A,240130212,容彩便利超市(王串场店),天津市,天津市,
20251407,ELEME,76W024397A,240130215,闲乐食品便利店,天津市,天津市,
20251407,ELEME,76W024399A,240130225,真利民超市,四川省,成都市,
20251407,ELEME,76W024407A,240130261,囧囧小掌柜超市,吉林省,长春市,
20251407,ELEME,76W024409A,240130273,世纪优选超市(淞南中心店),上海市,上海市,
20251407,ELEME,76W024413A,240130290,建海超市,浙江省,温州市,
20251407,ELEME,76W024470A,240131076,京东便利店(润泰花园店),江苏省,南京市,
20251407,ELEME,76W024472A,240131079,天天超市,浙江省,温州市,
20251407,ELEME,76W024477A,240131086,一橙易家超市(枫华店),江苏省,苏州市,
20251407,ELEME,76W024527A,240131262,苏卡烘焙原料馆（建设东路店）,浙江省,温州市,
20251407,ELEME,76W024540A,240131314,时代超市,浙江省,嘉兴市,
20251407,ELEME,76W024559A,240131399,品全超市(留下店),浙江省,杭州市,
20251407,ELEME,76W024611A,240132092,东门便利超市(人民路店),浙江省,温州市,
20251407,ELEME,76W024612A,240132097,涌金超市(唯亭店),江苏省,苏州市,
20251407,ELEME,76W024628A,240132139,黄鹤楼精品优选超市（姚港路店）,江苏省,南通市,
20251407,ELEME,76W024629A,240132143,百世邻里(老庄景苑店),浙江省,嘉兴市,
20251407,ELEME,76W024642A,240132181,天顺超市（派舍提香店）,浙江省,宁波市,
20251407,ELEME,76W024647A,240132193,丽仙副食品(康乐店),浙江省,温州市,
20251407,ELEME,76W024661A,240132234,友爱便利超市,天津市,天津市,
20251407,ELEME,76W024676A,240132300,家豪超市,山东省,淄博市,
20251407,ELEME,76W024696A,240132375,好又多超市(迈皋桥和燕路店),江苏省,南京市,
20251407,ELEME,76W024698A,240132383,怡东便利超市,天津市,天津市,
20251407,ELEME,76W024759A,240133142,舒克超市,四川省,成都市,
20251407,ELEME,76W024772A,240133182,新校星园便利店,辽宁省,沈阳市,
20251407,ELEME,76W024776A,240133216,华联生活超市,天津市,天津市,
20251407,ELEME,76W024779A,240133228,乃福商店,山东省,威海市,
20251407,ELEME,76W024788A,240133266,高云超市,浙江省,舟山市,
20251407,ELEME,76W024798A,240133320,飞你家超市,浙江省,嘉兴市,
20251407,ELEME,76W024838A,240134032,誉多便利超市（龙湖U城店）,重庆市,重庆市,
20251407,ELEME,76W024839A,240134034,成威便利,浙江省,舟山市,
20251407,ELEME,76W024842A,240134039,好又多超市（华江支路店）,上海市,上海市,
20251407,ELEME,76W024852A,240134074,逸凡进口商品店(桃南店),山西省,太原市,
20251407,ELEME,76W024857A,240134084,中心酒行,浙江省,温州市,
20251407,ELEME,76W024866A,240134115,惠宜美超市(花山湾店),江苏省,镇江市,
20251407,ELEME,76W024868A,240134118,天猫小店(广志路合作店),江苏省,南京市,
20251407,ELEME,76W024885A,240134157,一期一会便利店,辽宁省,大连市,
20251407,ELEME,76W024892A,240134186,喜乐多便利店(东裕店),浙江省,宁波市,
20251407,ELEME,76W024910A,240134257,红彬百货超市(荣乐东路店),上海市,上海市,
20251407,ELEME,76W024930A,240134337,乐怡便利店,福建省,泉州市,
20251407,ELEME,76W024944A,240134430,润州区好又多连锁超市,江苏省,镇江市,
20251407,ELEME,76W024962A,240135029,佶客,辽宁省,沈阳市,
20251407,ELEME,76W024975A,240135072,南洋超市（新民路店）,江苏省,无锡市,
20251407,ELEME,76W024976A,240135075,天猫小店(四季超市春丰路店),江苏省,苏州市,
20251407,ELEME,76W024978A,240135077,兴隆自选店(双屿店),浙江省,温州市,
20251407,ELEME,76W024980A,240135081,小时达快送超市,江苏省,苏州市,
20251407,ELEME,76W024981A,240135083,丽君超市（陆慕店）,江苏省,苏州市,
20251407,ELEME,76W025008A,240135205,敬山综合超市,黑龙江省,哈尔滨市,
20251407,ELEME,76W025040A,240135319,芙蓉兴盛连锁超市(车站南路店),湖南省,长沙市,
20251407,ELEME,76W025071A,240135486,南祥冷饮批发,江苏省,无锡市,
20251407,ELEME,76W025084A,240136041,盈创优选生活超市(东方店),上海市,上海市,
20251407,ELEME,76W025087A,240136055,吉到家便利店（义耕店）,黑龙江省,大庆市,
20251407,ELEME,76W025088A,240136056,叮咚叮咚便利店,黑龙江省,大庆市,
20251407,ELEME,76W025101A,240136106,世纪精品超市(金盛路店),江苏省,南京市,
20251407,ELEME,76W025102A,240136108,乐家超市,江苏省,南京市,
20251407,ELEME,76W025116A,240136166,好优多超市(钱项店),浙江省,温州市,
20251407,ELEME,76W025130A,240136207,易惠美超市,天津市,天津市,
20251407,ELEME,76W025138A,240136238,美家美邻超市（诚基中心店）,山东省,济南市,
20251407,ELEME,76W025144A,240136270,老罗超市,江西省,赣州市,
20251407,ELEME,76W025203A,240137022,润之家便利店(宝安中心店),广东省,深圳市,
20251407,ELEME,76W025229A,240137103,美琦购物超市(义乌北苑店),浙江省,金华市,
20251407,ELEME,76W025243A,240137156,好又多超市,浙江省,杭州市,
20251407,ELEME,76W025280A,240137261,天猫小店（金斯利超市虹桥店）,浙江省,温州市,
20251407,ELEME,76W025290A,240137287,万宝聚综合超市,黑龙江省,齐齐哈尔市,
20251407,ELEME,76W025299A,240137326,华友超市,浙江省,嘉兴市,
20251407,ELEME,76W025308A,240137380,南方生活超市,福建省,泉州市,
20251407,ELEME,76W025325A,240137433,又多超市好又多超市（浔南新村店）,浙江省,湖州市,
20251407,ELEME,76W025331A,240137457,周周百货,江苏省,盐城市,
20251407,ELEME,76W025356A,240138030,有邻超市(万安路店),上海市,上海市,
20251407,ELEME,76W025365A,240138063,惠百佳超市,江苏省,无锡市,
20251407,ELEME,76W025366A,240138065,新河便利店,浙江省,温州市,
20251407,ELEME,76W025369A,240138070,利客超市(元和店),江苏省,苏州市,
20251407,ELEME,76W025372A,240138080,九月超市（金城路店）,江苏省,苏州市,
20251407,ELEME,76W025435A,240138260,云急送（塘萍路店）,浙江省,杭州市,
20251407,ELEME,76W025497A,240139027,百货超市,上海市,上海市,
20251407,ELEME,76W025507A,240139062,旺客来超市,江苏省,无锡市,
20251407,ELEME,76W025520A,240139103,新好又多超市(鸳鸯北路店),浙江省,宁波市,
20251407,ELEME,76W025543A,240139182,如此便利店,江苏省,南京市,
20251407,ELEME,76W025544A,240139189,俊杰超市,黑龙江省,哈尔滨市,
20251407,ELEME,76W025558A,240139219,和福超市(南开店),天津市,天津市,
20251407,ELEME,76W025578A,240139291,世纪精品超市(控江路店),上海市,上海市,
20251407,ELEME,76W025623A,240140017,亿嘉乐超市(斗门店),福建省,福州市,
20251407,ELEME,76W025634A,240140056,德周便利店（学院中路店）,浙江省,温州市,
20251407,ELEME,76W025658A,240140118,苏迪便利(紫金城店),江苏省,常州市,
20251407,ELEME,76W025661A,240140130,徐氏微购平台,辽宁省,大连市,
20251407,ELEME,76W025719A,240140354,中兴超市（通江路店）,浙江省,金华市,
20251407,ELEME,76W025736A,240140458,宅宅购便利店,福建省,厦门市,
20251407,ELEME,76W025788A,240141162,又一佳便利店(红桥店),天津市,天津市,
20251407,ELEME,76W025789A,240141164,凯利豪综合超市,天津市,天津市,
20251407,ELEME,76W025814A,240141264,新永兴隆超市(万达店),福建省,福州市,
20251407,ELEME,76W025825A,240141304,好速派便利店(深圳路店),山东省,青岛市,
20251407,ELEME,76W025864A,240142044,奥林生活超市,黑龙江省,大庆市,
20251407,ELEME,76W025872A,240142064,通祥批发店,江苏省,无锡市,
20251407,ELEME,76W025910A,240142173,薪达超市(太平桥店),黑龙江省,哈尔滨市,
20251407,ELEME,76W025918A,240142200,艾地便利店,天津市,天津市,
20251407,ELEME,76W025925A,240142220,诗酒年华便利超市,浙江省,温州市,
20251407,ELEME,76W025941A,240142271,邻趣超市(经贸店),河北省,石家庄市,
20251407,ELEME,76W025968A,240142355,天天利超市,吉林省,长春市,
20251407,ELEME,76W025993A,240143008,京东便利店（南大路店）,上海市,上海市,
20251407,ELEME,76W026030A,240143119,畅易购生活超市（四季青店）,浙江省,杭州市,
20251407,ELEME,76W026033A,240143141,君之购便利店(津桥路店),辽宁省,沈阳市,
20251407,ELEME,76W026041A,240143157,福润达超市,陕西省,咸阳市,
20251407,ELEME,76W026044A,240143160,卡诗维亚超市,吉林省,吉林市,
20251407,ELEME,76W026058A,240143229,爱购便利店(金晶大道店),山东省,淄博市,
20251407,ELEME,76W026064A,240143248,天猫小店（于乐便利店向阳路店）,安徽省,阜阳市,
20251407,ELEME,76W026120A,240144036,313优选便利(扬职大店),江苏省,扬州市,
20251407,ELEME,76W026121A,240144038,好的超市(二七路店),湖北省,武汉市,
20251407,ELEME,76W026124A,240144044,世纪华联（浦桥店）,浙江省,温州市,
20251407,ELEME,76W026128A,240144054,纯悦便利（西洋中路店）,福建省,福州市,
20251407,ELEME,76W026145A,240144100,红街便利店,浙江省,杭州市,
20251407,ELEME,76W026166A,240144189,小荣副食品店,浙江省,温州市,
20251407,ELEME,76W026190A,240144284,顺蓝超市,浙江省,舟山市,
20251407,ELEME,76W026201A,240144353,芙蓉兴盛超市(金湖人家店),浙江省,湖州市,
20251407,ELEME,76W026231A,240145043,昊轩便利店(安阳店),浙江省,温州市,
20251407,ELEME,76W026233A,240145050,正涵超市（唯亭店）,江苏省,苏州市,
20251407,ELEME,76W026236A,240145062,旺运便利店(迎春街店),浙江省,宁波市,
20251407,ELEME,76W026238A,240145066,懒猫社长便利店（中海国际店）,江苏省,南京市,
20251407,ELEME,76W026240A,240145073,永乐生活超市(合肥中心店),安徽省,合肥市,
20251407,ELEME,76W026251A,240145135,菊香副食商店,江苏省,常州市,
20251407,ELEME,76W026261A,240145179,青春便利店,辽宁省,大连市,
20251407,ELEME,76W026330A,240145425,信顺连锁便利店,广东省,东莞市,
20251407,ELEME,76W026340A,240146032,乐佳家便利店(渭塘店),江苏省,苏州市,
20251407,ELEME,76W026364A,240146134,鑫旺利民超市,辽宁省,沈阳市,
20251407,ELEME,76W026391A,240146210,中阳便利店,辽宁省,大连市,
20251407,ELEME,76W026423A,240146361,生活超市(方糖店),北京市,北京市,
20251407,ELEME,76W026469A,240147090,鹏亨超市(振兴西路店),浙江省,温州市,
20251407,ELEME,76W026491A,240147171,亚美超市（紫竹院店）,北京市,北京市,
20251407,ELEME,76W026506A,240147228,比邻生活便利店,上海市,上海市,
20251407,ELEME,76W026515A,240147261,全佳临·百姓超市(秀灵店),广西壮族自治区,南宁市,
20251407,ELEME,76W026545A,240148005,食力派超市（海悦花园店）,江苏省,苏州市,
20251407,ELEME,76W026547A,240148009,世纪久久超市,江苏省,苏州市,
20251407,ELEME,76W026580A,240148122,蔚然锦和,湖南省,长沙市,
20251407,ELEME,76W026597A,240148174,荣鑫超市,四川省,成都市,
20251407,ELEME,76W026606A,240148208,百坊便利店(中央城店),江西省,赣州市,
20251407,ELEME,76W026619A,240148245,小鹿镇进口超市（康桥店）,浙江省,嘉兴市,
20251407,ELEME,76W026640A,240148333,聚缘超市,浙江省,舟山市,
20251407,ELEME,76W026656A,240149024,还惠客超市,江苏省,苏州市,
20251407,ELEME,76W026685A,240149136,百货便利店,山东省,威海市,
20251407,ELEME,76W026698A,240149172,壹分利食品商店,黑龙江省,齐齐哈尔市,
20251407,ELEME,76W026731A,240149273,佳惠源生活超市,广东省,深圳市,
20251407,ELEME,76W026777A,240150074,水头家满福超市,浙江省,温州市,
20251407,ELEME,76W026778A,240150075,民丰批发超市(银都店),浙江省,温州市,
20251407,ELEME,76W026783A,240150082,龙腾超市(回龙观店),北京市,北京市,
20251407,ELEME,76W026791A,240150117,天峰超市,天津市,天津市,
20251407,ELEME,76W026795A,240150122,喜洋洋便利店,重庆市,重庆市,
20251407,ELEME,76W026806A,240150144,方跃便利店,浙江省,温州市,
20251407,ELEME,76W026827A,240150232,世纪华联超市(闻安路店),浙江省,杭州市,
20251407,ELEME,76W026856A,240150393,统e省连锁超市,浙江省,杭州市,
20251407,ELEME,76W026859A,240150401,CL昌隆超市(凤岗中心店),广东省,东莞市,
20251407,ELEME,76W026924A,240151166,梓欣便利店(黄家碶路店),浙江省,舟山市,
20251407,ELEME,76W026929A,240151176,万昌超市（友谊北大街店）,河北省,石家庄市,
20251407,ELEME,76W026989A,240152037,蔓磐超市（文泽路店）,浙江省,杭州市,
20251407,ELEME,76W026996A,240152058,宝利超市,辽宁省,沈阳市,
20251407,ELEME,76W026999A,240152066,捷力超市(沙河店),北京市,北京市,
20251407,ELEME,76W027001A,240152073,廷辉超市(竹海水韵店),浙江省,杭州市,
20251407,ELEME,76W027010A,240152096,金天俊超市,天津市,天津市,
20251407,ELEME,76W027032A,240152163,吃小货便利店,安徽省,合肥市,
20251407,ELEME,76W027044A,240152201,京东便利店(人和街店),黑龙江省,哈尔滨市,
20251407,ELEME,76W027103A,240153113,华联超市九衡便利店,浙江省,杭州市,
20251407,ELEME,76W027146A,240154036,幸福万家批发超市,福建省,福州市,
20251407,ELEME,76W027147A,240154037,世纪华联品优超市(大融城店),上海市,上海市,
20251407,ELEME,76W027173A,240154173,百世邻里(万达广场店),江苏省,苏州市,
20251407,ELEME,76W027280A,240157021,一凡超市,浙江省,嘉兴市,
20251407,ELEME,76W027322A,240158018,乐士多（新华街店）,福建省,泉州市,
20251407,ELEME,76W027337A,240158103,百世邻里（三利市场店）,广东省,惠州市,
20251407,ELEME,76W027421A,240161048,永军超市,浙江省,温州市,
20251407,ELEME,76W027470A,240163046,启财超市,浙江省,金华市,
20251407,ELEME,76W027471A,240163048,飞牛便利超市(穗丰店),浙江省,湖州市,
20251407,ELEME,76W027483A,240163155,晞诺食品超市,黑龙江省,齐齐哈尔市,
20251407,ELEME,76W027484A,240163171,福临超市(高新店),陕西省,西安市,
20251407,ELEME,76W027536A,240166086,好又多超市（石马社区店）,浙江省,杭州市,
20251407,ELEME,76W027582A,240169010,N多超市,浙江省,湖州市,
20251407,ELEME,76W027589A,240169061,永丰超市,黑龙江省,齐齐哈尔市,
20251407,ELEME,76W027660A,240174048,得兴便利店(喜力店),福建省,泉州市,
20251407,ELEME,76W027732A,240184025,全发食品,福建省,泉州市,
20251407,ELEME,76W027744A,240186069,汐汐家便利店,天津市,天津市,
20251407,ELEME,76W027749A,240188010,全友便利超市(竹园店),福建省,泉州市,
20251407,ELEME,76W027767A,240231121,新精品超市（职大店）,江苏省,扬州市,
20251407,ELEME,76W028007A,240355108,旺旺超市,吉林省,吉林市,
20251407,ELEME,76W028199A,240360272,百世邻里（肖王村店）,浙江省,嘉兴市,
20251407,ELEME,76W028290A,240362489,书婷超市(温岭店),浙江省,台州市,
20251407,ELEME,76W028484A,240368365,华润苏果（五河县淮河路购物广场店）,安徽省,蚌埠市,
20251407,ELEME,76W028754A,240376072,鑫红雨批发超市,辽宁省,营口市,
20251407,ELEME,76W029231A,240388392,馨龙便利店,浙江省,台州市,
20251407,ELEME,76W029663A,240400241,如云超市(禹洲店),安徽省,合肥市,
20251407,ELEME,76W029760A,240402441,好运角超市,黑龙江省,佳木斯市,
20251407,ELEME,76W029763A,240402455,小林子超市,浙江省,嘉兴市,
20251407,ELEME,76W030150A,240940307,裕家超市(环球西路店),浙江省,温州市,
20251407,ELEME,76W030203A,241611049,77鲜食便利超市(万达店),江苏省,苏州市,
20251407,ELEME,76W030286A,245002274,怡东便利店(集贤店),天津市,天津市,
20251407,ELEME,76W030376A,245469437,伊家便利店(阳光城店),湖南省,长沙市,
20251407,ELEME,76W030475A,245803149,旺润便利店,黑龙江省,哈尔滨市,
20251407,ELEME,76W030526A,246404383,如云超市(周谷堆店),安徽省,合肥市,
20251407,ELEME,76W030527A,246405363,左邻右里(中南店),江苏省,盐城市,
20251407,ELEME,76W030565A,246433176,众客邻24h精品超市(新站店),安徽省,合肥市,
20251407,ELEME,76W031610A,246658327,乐事购便利店(青秀万达店),广西壮族自治区,南宁市,
20251407,ELEME,76W032261A,246690267,柴柴便利(大明宫店),陕西省,西安市,
20251407,ELEME,76W032446A,246707151,世纪华联超市(蛇口道店),天津市,天津市,
20251407,ELEME,76W032739A,246738207,怡然兴隆超市,北京市,北京市,
20251407,ELEME,76W032952A,246762003,快乐惠超市(开福店),湖南省,长沙市,
20251407,ELEME,76W033096A,246780392,阳光乐购超市,北京市,北京市,
20251407,ELEME,76W033114A,246782488,好邻居便利店,福建省,厦门市,
20251407,ELEME,76W033327A,246808052,多又多超市(石林店),江苏省,南京市,
20251407,ELEME,76W033785A,246851362,宏达超市(美院店),湖北省,武汉市,
20251407,ELEME,76W033863A,246855476,时效购(厦门店),福建省,厦门市,
20251407,ELEME,76W033992A,246863384,清萍酒商行超市,浙江省,湖州市,
20251407,ELEME,76W034192A,246874096,怡莱超市(银河路店),浙江省,宁波市,
20251407,ELEME,76W034344A,246881497,好又多超市(武汉店),湖北省,武汉市,
20251407,ELEME,76W034456A,246887151,家福美超市,黑龙江省,牡丹江市,
20251407,ELEME,76W034517A,246890096,梦之岛便利超市,广西壮族自治区,南宁市,
20251407,ELEME,76W034681A,246899049,芙蓉兴盛(粤5118店),广东省,广州市,
20251407,ELEME,76W034820A,246907013,联合一百(温江店),四川省,成都市,
20251407,ELEME,76W034921A,246914253,瑞平超市,安徽省,合肥市,
20251407,ELEME,76W034953A,246916165,芙蓉兴盛便利超市,福建省,福州市,
20251407,ELEME,76W035001A,246919486,CasaDailyshop精选超市,上海市,上海市,
20251407,ELEME,76W035246A,246936139,万象生活超市,黑龙江省,大庆市,
20251407,ELEME,76W035531A,246956126,丽群超市(义乌店),浙江省,金华市,
20251407,ELEME,76W035614A,246961012,京东便利店(花安路店),江苏省,苏州市,
20251407,ELEME,76W035671A,246964109,绿谷超市,浙江省,台州市,
20251407,ELEME,76W035725A,246966456,京东便利店(交大店),上海市,上海市,
20251407,ELEME,76W035752A,246969058,速囤(天府店),四川省,成都市,
20251407,ELEME,76W036093A,246994273,百世邻里便利店(太阳宫店),北京市,北京市,
20251407,ELEME,76W036114A,246996251,兴旺超市(芙蓉中路店),湖南省,长沙市,
20251407,ELEME,76W036656A,249738025,塞北福满家超市(玉田广场店),河北省,唐山市,
20251407,ELEME,76W036925A,263988435,昔多购超市(八号店),湖南省,长沙市,
20251407,ELEME,76W037170A,264425411,华清超市,河北省,唐山市,
20251407,ELEME,76W037457A,264524421,美华时代购物广场(兴华大街店),天津市,天津市,
20251407,ELEME,76W037516A,264528344,麦德龙(青岛黄岛店),山东省,青岛市,
20251407,ELEME,76W038214A,264582321,百佳永辉(G1蜂汇广场店),广东省,东莞市,
20251407,ELEME,76W038671A,264603322,世纪华联超市,北京市,北京市,
20251407,ELEME,76W038747A,264607459,惠购食品超市,吉林省,延边朝鲜族自治州,
20251407,ELEME,76W039022A,264618162,百佳永辉(厚街万达店),广东省,东莞市,
20251407,ELEME,76W039209A,264625270,立佳超市,陕西省,西安市,
20251407,ELEME,76W039644A,264658007,四季超市(海宁店),浙江省,嘉兴市,
20251407,ELEME,76W039734A,264734303,比优特超市(林甸店),黑龙江省,大庆市,
20251407,ELEME,76W039790A,264777309,华宁超市(恒达店),福建省,宁德市,
20251407,ELEME,76W040286A,265263030,美多购物中心(胜利店),广东省,惠州市,
20251407,ELEME,76W040331A,265331379,全家人便利店,安徽省,铜陵市,
20251407,ELEME,76W040448A,265410426,百家福食品商店,黑龙江省,齐齐哈尔市,
20251407,ELEME,76W040580A,265470327,万福超市(龙港店),浙江省,温州市,
20251407,ELEME,76W040743A,265508003,华宁超市(中心店),福建省,宁德市,
20251407,ELEME,76W040803A,265520426,百万便利店,福建省,福州市,
20251407,ELEME,76W040834A,265526238,日月鑫食品商店,黑龙江省,齐齐哈尔市,
20251407,ELEME,76W041230A,265630257,佳一食品商店,黑龙江省,大庆市,
20251407,ELEME,76W041496A,265737359,光明便利店,浙江省,湖州市,
20251407,ELEME,76W041502A,265739481,飞牛便利店(中南世纪雅苑店),江苏省,南京市,
20251407,ELEME,76W041560A,265754117,优加精选24h便利店(大丰店),江苏省,盐城市,
20251407,ELEME,76W041616A,265768418,京东便利店,江苏省,南京市,
20251407,ELEME,76W041634A,265772119,海百佳超市,黑龙江省,绥化市,
20251407,ELEME,76W041806A,265839225,红阳超市,吉林省,白山市,
20251407,ELEME,76W041830A,265845193,家家生鲜卖场,黑龙江省,佳木斯市,
20251407,ELEME,76W041856A,265850479,618便利店(湖大店),湖北省,武汉市,
20251407,ELEME,76W042440A,265921374,美多购物中心(大岭店),广东省,惠州市,
20251407,ELEME,76W042575A,265928261,美多购物中心(平山店),广东省,惠州市,
20251407,ELEME,76W042580A,265928312,民心超市,黑龙江省,绥化市,
20251407,ELEME,76W042673A,265934282,爱帮便利店,福建省,宁德市,
20251407,ELEME,76W042723A,265937220,回头乐自选超市,吉林省,通化市,
20251407,ELEME,76W042811A,265941354,鑫诚超市,黑龙江省,佳木斯市,
20251407,ELEME,76W042971A,265951413,鹏程超市,黑龙江省,绥化市,
20251407,ELEME,76W043208A,265973130,万隆超市,黑龙江省,绥化市,
20251407,ELEME,76W043233A,265975219,海龙超市,辽宁省,朝阳市,
20251407,ELEME,76W043237A,265976087,乐华超市(开平路店),山东省,青岛市,
20251407,ELEME,76W043294A,265986182,友谊超市,辽宁省,锦州市,
20251407,ELEME,76W043298A,265987070,80后平价超市,吉林省,通化市,
20251407,ELEME,76W043387A,265998470,天猫小店(零距离超市纺渭路五里洲店),陕西省,西安市,
20251407,ELEME,76W043509A,266005484,天猫小店(新日佳超市虎门大道店),广东省,东莞市,
20251407,ELEME,76W043538A,266008440,天猫小店,浙江省,杭州市,
20251407,ELEME,76W043586A,266010499,天猫小店(宅家便利新天地街店),浙江省,杭州市,
20251407,ELEME,76W043604A,266012035,兴海自选商店,辽宁省,大连市,
20251407,ELEME,76W043715A,266022293,好又多生活超市(耀华路店),上海市,上海市,
20251407,ELEME,76W043767A,266024330,好的超市(解放公园店),湖北省,武汉市,
20251407,ELEME,76W043829A,266027327,Foreignlife洋生活进口食品超市(中潭路店),上海市,上海市,
20251407,ELEME,76W043851A,266028323,ufarm精品超市(玉兰西花园店),江苏省,无锡市,
20251407,ELEME,76W043857A,266028336,幸福到家便利店(厦门中心店),福建省,厦门市,
20251407,ELEME,76W044015A,266036118,祥运自选超市,辽宁省,沈阳市,
20251407,ELEME,76W044230A,266051217,天猫小店(美纳佳便利店),广东省,东莞市,
20251407,ELEME,76W044259A,266054221,天猫小店(时汇超市闲林西路店),浙江省,杭州市,
20251407,ELEME,76W044332A,266057433,鑫裕宏副食商店,吉林省,四平市,
20251407,ELEME,76W044426A,266061342,圣达超市,黑龙江省,牡丹江市,
20251407,ELEME,76W044527A,266067205,天猫小店(美上商业中心店),浙江省,杭州市,
20251407,ELEME,76W044735A,266077220,天猫小店(旺生便利店祥和三巷店),广东省,珠海市,
20251407,ELEME,76W044855A,266085233,绿园便利自选超市,吉林省,白山市,
20251407,ELEME,76W044939A,266089235,惠民商城,辽宁省,朝阳市,
20251407,ELEME,76W045002A,266092201,北京便客超市(黄渠店),北京市,北京市,
20251407,ELEME,76W045027A,266093215,荣兴超市(台江店),福建省,福州市,
20251407,ELEME,76W045065A,266096183,好又多超市(良渚文化村店),浙江省,杭州市,
20251407,ELEME,76W045076A,266096207,好多购便利店(东部新城店),浙江省,宁波市,
20251407,ELEME,76W045088A,266096431,美乐超市(下西街店),四川省,成都市,
20251407,ELEME,76W045131A,266098326,欣欣商店,黑龙江省,牡丹江市,
20251407,ELEME,76W045178A,266101194,天猫小店(威尼斯水城15街区店),江苏省,南京市,
20251407,ELEME,76W045323A,266108320,永顺批发部(灯塔服装城南门店),辽宁省,辽阳市,
20251407,ELEME,76W045453A,266114089,小鹿超市,湖南省,张家界市,
20251407,ELEME,76W045687A,266148031,好吃猫,安徽省,马鞍山市,
20251407,ELEME,76W045779A,266173311,悦园超市(鼎润新城店),辽宁省,鞍山市,
20251407,ELEME,76W045938A,266217492,盛兴元超市,辽宁省,铁岭市,
20251407,ELEME,76W046052A,266238280,嘉盛食杂自选超市,辽宁省,铁岭市,
20251407,ELEME,76W046084A,266244337,天猫小店(卖可便利幸福家园店),安徽省,六安市,
20251407,ELEME,76W046198A,266274296,伊佳优选,广东省,汕头市,
20251407,ELEME,76W046332A,266303152,小花超市,河北省,廊坊市,
20251407,ELEME,76W046429A,266320029,易购便利店(江景一号店),贵州省,遵义市,
20251407,ELEME,76W046439A,266321455,金裕超市,辽宁省,鞍山市,
20251407,ELEME,76W046474A,266327393,美添鲜超市,江西省,上饶市,
20251407,ELEME,76W046483A,266329266,千喜超市,辽宁省,阜新市,
20251407,ELEME,76W046486A,266330007,蜗居便利店,福建省,泉州市,
20251407,ELEME,76W046648A,266369126,东方超市,吉林省,白城市,
20251407,ELEME,76W046687A,266377126,一点超市(武生院店),湖北省,武汉市,
20251407,ELEME,76W046703A,266381102,莹程食杂店(锦江佳苑店),黑龙江省,大庆市,
20251407,ELEME,76W046801A,266399104,快享生活便利店(万象汇店),山东省,淄博市,
20251407,ELEME,76W046845A,266406235,和顺超市,黑龙江省,牡丹江市,
20251407,ELEME,76W046909A,266427489,乐购自选超市,吉林省,通化市,
20251407,ELEME,76W046940A,266438369,天猫小店(纺工便利公园路店),江苏省,南通市,
20251407,ELEME,76W047020A,266462233,宝霖超市(万霖花苑店),安徽省,阜阳市,
20251407,ELEME,76W047126A,266489205,丁香食杂经销处,黑龙江省,大庆市,
20251407,ELEME,76W047220A,266508139,常客隆超市,江西省,上饶市,
20251407,ELEME,76W047340A,266586463,大嘴超市,辽宁省,大连市,
20251407,ELEME,76W047586A,266669176,爱尚天天生活广场(文化街店),山东省,聊城市,
20251407,ELEME,76W047774A,266745169,佳美嘉超市(平价店),吉林省,四平市,
20251407,ELEME,76W047793A,266754397,长润超市,辽宁省,鞍山市,
20251407,ELEME,76W048142A,266933107,京欣隆生活超市(马泉营店),北京市,北京市,
20251407,ELEME,76W048184A,266987396,海豚购(牛市口店),四川省,成都市,
20251407,ELEME,76W048961A,267938084,福满家超市(玉田凤凰店),河北省,唐山市,
20251407,ELEME,76W049067A,268111217,芙蓉兴盛(环城北路店),浙江省,湖州市,
20251407,ELEME,76W049151A,268180285,杜悦超市(紫金山路店),山东省,青岛市,
20251407,ELEME,76W049209A,268228196,李记超市,辽宁省,沈阳市,
20251407,ELEME,76W049552A,268679472,华联便利店(悦士庭店),浙江省,宁波市,
20251407,ELEME,76W049951A,268970245,方圆几里生活便利店,上海市,上海市,
20251407,ELEME,76W050580A,269601089,世纪华联超市,浙江省,杭州市,
20251407,ELEME,76W051202A,270372053,新百隆超市(诸城店),山东省,潍坊市,
20251407,ELEME,76W051418A,271139021,家馨生鲜超市,黑龙江省,牡丹江市,
20251407,ELEME,76W051850A,271876369,MannaStore,上海市,上海市,
20251407,ELEME,76W052079A,272035141,便利之星(抚远店),黑龙江省,佳木斯市,
20251407,ELEME,76W052174A,272089271,佳美购超市(万象城店),江苏省,泰州市,
20251407,ELEME,76W053890A,273570460,金百超市(金都百货北城商厦店),山东省,烟台市,
20251407,ELEME,76W054145A,274501365,喜洋洋便利店(番禺店),广东省,广州市,
20251407,ELEME,76W054190A,274618472,秀海商贸(北海南路店),安徽省,黄山市,
20251407,ELEME,76W054219A,274624451,尚亿嘉超市,安徽省,芜湖市,
20251407,ELEME,76W055714A,276188208,中源百货超市,浙江省,温州市,
20251407,ELEME,76W055972A,277170190,家品生活超市,黑龙江省,大庆市,
20251407,ELEME,76W056032A,277260013,天猫小店(水湘人家超市水湘路店),浙江省,杭州市,
20251407,ELEME,76W056290A,279733320,向球便利店(德辉商业街店),福建省,泉州市,
20251407,ELEME,76W056778A,279864302,金百超市(金都百货中心店),山东省,烟台市,
20251407,ELEME,76W057374A,279956267,清河超市(大清河店),江苏省,南京市,
20251407,ELEME,76W057636A,280009226,海之誉食品超市,黑龙江省,齐齐哈尔市,
20251407,ELEME,76W057814A,281071490,艾拉进口食品超市(中潭路店),上海市,上海市,
20251407,ELEME,76W058090A,281139372,一航超市,安徽省,宣城市,
20251407,ELEME,76W059065A,281226148,超好超市(3店),江苏省,南京市,
20251407,ELEME,76W059380A,281384164,CityBazaar城集生活(西城红场店),黑龙江省,哈尔滨市,
20251407,ELEME,76W059405A,281389193,CityBazaar城集生活(松浦店),黑龙江省,哈尔滨市,
20251407,ELEME,76W059512A,281404331,联盛超市(小池店),湖北省,黄冈市,
20251407,ELEME,76W059523A,281406120,聖君超市(新区生活广场店),河南省,安阳市,
20251407,ELEME,76W059713A,281431138,兴旺超市(三羊街店),河北省,邢台市,
20251407,ELEME,76W059960A,281464231,华联盈创生活超市(华杨店),江苏省,苏州市,
20251407,ELEME,76W061892A,281837295,一加一超市,辽宁省,营口市,
20251407,ELEME,76W062679A,281914165,艳平自选超市(24小时领上店),辽宁省,大连市,
20251407,ELEME,76W063043A,281964221,锦和便利,湖南省,长沙市,
20251407,ELEME,76W063547A,283035462,飞牛便利全赢便利(莫城店),江苏省,苏州市,
20251407,ELEME,76W064166A,283116499,嘉德汇超市,天津市,天津市,
20251407,ELEME,76W065044A,283334476,方信超市,辽宁省,丹东市,
20251407,ELEME,76W065932A,284515269,汇佳精品超市,浙江省,温州市,
20251407,ELEME,76W066133A,284549248,世纪精品超市(南姚路店),上海市,上海市,
20251407,ELEME,76W066547A,284611483,大宝超市,山东省,青岛市,
20251407,ELEME,76W067285A,284815220,PRINCESUPER王子超市(潍坊西路店),上海市,上海市,
20251407,ELEME,76W067815A,286111382,挺拇指超市(富康店),广东省,东莞市,
20251407,ELEME,76W067831A,286113364,优购超市(港河路),浙江省,温州市,
20251407,ELEME,76W068170A,286178302,挺拇指超市(横沥店),广东省,东莞市,
20251407,ELEME,76W068294A,286244063,麦德龙(南昌红谷店),江西省,南昌市,
20251407,ELEME,76W068388A,286318145,乐佳超市,黑龙江省,哈尔滨市,
20251407,ELEME,76W069737A,287929050,GOODSHOP朗朗进口生鲜超市,上海市,上海市,
20251407,ELEME,76W069826A,287944326,王子超市PRINCE SUPER,上海市,上海市,
20251407,ELEME,76W069916A,287965327,嘉美源生活超市(河西店),天津市,天津市,
20251407,ELEME,76W070013A,287987383,家家连便利店,浙江省,丽水市,
20251407,ELEME,76W070228A,288038480,倍客优超市(中央大道店),辽宁省,大连市,
20251407,ELEME,76W070761A,288132006,倍客优市集(凯丹店),辽宁省,大连市,
20251407,ELEME,76W070866A,288146080,心美优品进口生活超市(光明1号店),广东省,揭阳市,
20251407,ELEME,76W071253A,288200039,麦德龙(广州番禺店),广东省,广州市,
20251407,ELEME,76W072901A,288734017,多多熊万象超市,辽宁省,葫芦岛市,
20251407,ELEME,76W072939A,288748498,倍客优超市(黑石礁店),辽宁省,大连市,
20251407,ELEME,76W073378A,288909363,麦德龙(昆山店),江苏省,苏州市,
20251407,ELEME,76W073548A,288971489,鹏程超市,山东省,青岛市,
20251407,ELEME,76W074183A,290123140,鸿洋超市,吉林省,通化市,
20251407,ELEME,76W074333A,290204422,美一天省钱超市(桥南总店),福建省,泉州市,
20251407,ELEME,76W074552A,290378411,百佳永辉(常平翔龙天地店),广东省,东莞市,
20251407,ELEME,76W074715A,290589395,劲松超市PinesShop(明月路店),上海市,上海市,
20251407,ELEME,76W074834A,290686410,麦德龙(扬州邗江店),江苏省,扬州市,
20251407,ELEME,76W074934A,290742310,麦德龙(芜湖弋江店),安徽省,芜湖市,
20251407,ELEME,76W075225A,291076031,客云批发超市,黑龙江省,佳木斯市,
20251407,ELEME,76W075841A,291458012,黄商超市(大悟店),湖北省,孝感市,
20251407,ELEME,76W075909A,291592238,鸿福批发超市(白城总店),吉林省,白城市,
20251407,ELEME,76W076128A,291746236,麦德龙(北京立水桥店),北京市,北京市,
20251407,ELEME,76W076649A,292309338,BC进口商品(CBD万达店),北京市,北京市,
20251407,ELEME,76W076937A,292388098,麦德龙(淮安店),江苏省,淮安市,
20251407,ELEME,76W076986A,292402294,麦德龙(临沂罗庄店),山东省,临沂市,
20251407,ELEME,76W077011A,292417049,麦德龙(重庆两江新区店),重庆市,重庆市,
20251407,ELEME,76W077059A,292439195,麦德龙(烟台芝罘店),山东省,烟台市,
20251407,ELEME,76W077061A,292440249,麦德龙会员店(长春宽城店),吉林省,长春市,
20251407,ELEME,76W077099A,292464147,麦德龙(莆田荔城店),福建省,莆田市,
20251407,ELEME,76W077119A,292476226,麦德龙(重庆九龙坡店),重庆市,重庆市,
20251407,ELEME,76W078970A,293403218,华腾超市(新凤中路店),上海市,上海市,
20251407,ELEME,76W079227A,293631332,宾斯韩国超市(九亭店),上海市,上海市,
20251407,ELEME,76W079407A,294192248,秋香生活超市(万达店),湖南省,长沙市,
20251407,ELEME,76W079733A,294408084,天猫小店(旺福严选超市联安路店),广东省,珠海市,
20251407,ELEME,76W079898A,294552380,华辰超市(依安店),黑龙江省,齐齐哈尔市,
20251407,ELEME,76W080177A,294788352,和悦便利超市,辽宁省,锦州市,
20251407,ELEME,76W080237A,294813297,华辰超市(拜泉二店),黑龙江省,齐齐哈尔市,
20251407,ELEME,76W080305A,294857109,多啦便利(高新店),陕西省,西安市,
20251407,ELEME,76W080720A,299409008,诚和便利店,浙江省,杭州市,
20251407,ELEME,76W081026A,299642361,华宁超市(水岸阳光店),福建省,宁德市,
20251407,ELEME,76W083137A,301650365,麦德龙(潍坊店),山东省,潍坊市,
20251407,ELEME,76W083606A,302177083,百世邻里超市(李闸店),江苏省,苏州市,
20251407,ELEME,76W083794A,303667238,义信商厦,河北省,沧州市,
20251407,ELEME,76W084031A,303871340,每日兴超市(檀悦店),浙江省,杭州市,
20251407,ELEME,76W085011A,305385320,华辰超市(肇源店),黑龙江省,大庆市,
20251407,ELEME,76W085369A,307421092,M29超市,浙江省,宁波市,
20251407,ELEME,76W085610A,307596258,多祥来超市,浙江省,温州市,
20251407,ELEME,76W086092A,308008247,世纪优品超市(罗秀路店),上海市,上海市,
20251407,ELEME,76W086382A,308214499,九九超市(时代城店),江苏省,无锡市,
20251407,ELEME,76W086756A,308470214,麦德龙(重庆南岸店),重庆市,重庆市,
20251407,ELEME,76W086944A,308690005,华辰超市(拜泉店),黑龙江省,齐齐哈尔市,
20251407,ELEME,76W087401A,309288033,麦德龙(深圳宝安店),广东省,深圳市,
20251407,ELEME,76W087815A,309891131,麦德龙(成都锦江店),四川省,成都市,
20251407,ELEME,76W087903A,315647035,麦德龙(中山西区店),广东省,中山市,
20251407,ELEME,76W088723A,316574452,京东便利店(崧泽大道店),上海市,上海市,
20251407,ELEME,76W089673A,317967160,鑫丰旺超市,辽宁省,大连市,
20251407,ELEME,76W089714A,317992124,京东便利店(徐汇店),上海市,上海市,
20251407,ELEME,76W089726A,318001041,熊猫购·沃森便利(一中店),江苏省,常州市,
20251407,ELEME,76W090709A,320857339,富佳圆超市,辽宁省,朝阳市,
20251407,ELEME,76W090789A,321014010,Jeffrygrocery顺成超市(高泾店),上海市,上海市,
20251407,ELEME,76W090934A,321116332,万宏超市,浙江省,温州市,
20251407,ELEME,76W091528A,321572167,卜蜂莲花(桂阳店),湖南省,郴州市,
20251407,ELEME,76W091634A,321647058,世纪华联(珠江道店),天津市,天津市,
20251407,ELEME,76W091873A,322178472,天兴综合超市,辽宁省,铁岭市,
20251407,ELEME,76W092524A,323703394,惠利佳便利超市,辽宁省,沈阳市,
20251407,ELEME,76W092528A,323707034,世纪华联,江苏省,南京市,
20251407,ELEME,76W092562A,323728495,May's Deli(高泾路店),上海市,上海市,
20251407,ELEME,76W093187A,326311287,华宁超市(凯兴店),福建省,宁德市,
20251407,ELEME,76W093236A,326633037,小鹿镇(红郡店),浙江省,嘉兴市,
20251407,ELEME,76W093381A,329304460,好邻居(超级生活店),广东省,云浮市,
20251407,ELEME,76W094717A,331010446,开心购超市(宏大中园店),北京市,北京市,
20251407,ELEME,76W096161A,332159259,京京便利店,吉林省,长春市,
20251407,ELEME,76W096453A,345280112,优享购超市(海光寺店),天津市,天津市,
20251407,ELEME,76W097078A,353315326,速囤(芳草店),四川省,成都市,
20251407,ELEME,76W098914A,356895121,速优24正品生活超市,山西省,太原市,
20251407,ELEME,76W099598A,360048201,安可便利,辽宁省,沈阳市,
20251407,ELEME,76W099690A,360449398,蓝桥玉竹百货超市,辽宁省,盘锦市,
20251407,ELEME,76W101331A,364959192,麦德龙(苏州常熟店),江苏省,苏州市,
20251407,ELEME,76W103034A,368705156,24小时便利店(汉阳街店),黑龙江省,哈尔滨市,
20251407,ELEME,76W103802A,370445167,新潮尚品超市,黑龙江省,大庆市,
20251407,ELEME,76W104724A,371594128,好实惠生活超市(锦绣路店),浙江省,温州市,
20251407,ELEME,76W105496A,372186401,地球EarthMate便利店(渝北店),重庆市,重庆市,
20251407,ELEME,76W105560A,372248097,柴柴便利(曲江店),陕西省,西安市,
20251407,ELEME,76W105882A,372537334,麦德龙(无锡惠山店),江苏省,无锡市,
20251407,ELEME,76W105910A,372561223,海豚购(花牌坊店),四川省,成都市,
20251407,ELEME,76W105953A,372605199,天猫小店,福建省,厦门市,
20251407,ELEME,76W105977A,372628243,麦德龙(重庆沙坪坝店),重庆市,重庆市,
20251407,ELEME,76W106512A,373283338,世纪惠家(泰达兰庭店),吉林省,延边朝鲜族自治州,
20251407,ELEME,76W107457A,374371119,Hello城市超市(定海店),浙江省,舟山市,
20251407,ELEME,76W107506A,374417115,Hello城市超市(新城店),浙江省,舟山市,
20251407,ELEME,76W107631A,374505094,Hello城市超市(长峙岛店),浙江省,舟山市,
20251407,ELEME,76W109261A,380043035,京东便利店(虹口店),上海市,上海市,
20251407,ELEME,76W109295A,380427301,万家和平价超市,辽宁省,朝阳市,
20251407,ELEME,76W109320A,380747062,佳优美璇便利店,江苏省,盐城市,
20251407,ELEME,76W109398A,381725455,仁宇超市,黑龙江省,佳木斯市,
20251407,ELEME,76W109419A,381816336,华见超市(智慧城店),广东省,广州市,
20251407,ELEME,76W110298A,386416005,可森便利店,四川省,成都市,
20251407,ELEME,76W110621A,387178138,Jeffrey星月市集,上海市,上海市,
20251407,ELEME,76W110780A,389497209,网红连锁超市(宝安店),广东省,深圳市,
20251407,ELEME,76W111268A,390990343,海豚购(净居寺店),四川省,成都市,
20251407,ELEME,76W111487A,391326258,橙子便利店,黑龙江省,牡丹江市,
20251407,ELEME,76W111816A,395355017,喜顾便利(财富广场店),湖北省,武汉市,
20251407,ELEME,76W113846A,399553127,钜晟超市,黑龙江省,大庆市,
20251407,ELEME,76W114062A,399702015,佳惠超市(荔浦店),广西壮族自治区,桂林市,
20251407,ELEME,76W114453A,400773118,京东便利店(京客达店),山东省,青岛市,
20251407,ELEME,76W114868A,401307200,君阳超市,云南省,保山市,
20251407,ELEME,76W114985A,401458377,平价超市(火车站店),辽宁省,朝阳市,
20251407,ELEME,76W115742A,402945080,京东便利店(长宁店),上海市,上海市,
20251407,ELEME,76W115824A,403071022,海豚购(银泰城店),四川省,成都市,
20251407,ELEME,76W116118A,403683048,大鲸超市(财经店),福建省,宁德市,
20251407,ELEME,76W116527A,404376033,海睿食品超市(第一院南院店),黑龙江省,齐齐哈尔市,
20251407,ELEME,76W116747A,404547160,Hello城市超市(东港凯虹店),浙江省,舟山市,
20251407,ELEME,76W117504A,406257466,Apio艾彼悠(金虹桥店),上海市,上海市,
20251407,ELEME,76W118280A,406996090,景盛源超市(蜀冈万达店),江苏省,扬州市,
20251407,ELEME,76W118493A,407231464,京东便利店(新闸路店),上海市,上海市,
20251407,ELEME,76W118759A,407787326,京东便利店(1号仓店),山东省,青岛市,
20251407,ELEME,76W120680A,414134483,雨田超市(姚庄店),浙江省,嘉兴市,
20251407,ELEME,76W120703A,414148305,京东便利店(青阳店),福建省,泉州市,
20251407,ELEME,76W120933A,414467086,京东便利店(白玉兰广场店),上海市,上海市,
20251407,ELEME,76W121413A,414946145,网红连锁超市(西丽店),广东省,深圳市,
20251407,ELEME,76W123284A,427290270,好邻居(凤凰广场店),广东省,云浮市,
20251407,ELEME,76W124111A,428772080,佳选平价超市,浙江省,温州市,
20251407,ELEME,76W125959A,433303275,新悦华联超市(都汇店),河南省,郑州市,
20251407,ELEME,76W125965A,433324252,新悦华联超市(翰林店),河南省,郑州市,
20251407,ELEME,76W126104A,434063383,新悦华联超市(鑫都汇店),河南省,郑州市,
20251407,ELEME,76W126777A,436152397,万旵超市(莱山店),山东省,烟台市,
20251407,ELEME,76W127029A,436473008,天猫小店(皮市巷店),浙江省,杭州市,
20251407,ELEME,76W127902A,437874246,世纪华联超市(福安大街店),天津市,天津市,
20251407,ELEME,76W129490A,482658030,京东便利店(市北店),山东省,青岛市,
20251407,ELEME,76W130567A,524796124,万家惠超市(江泰店),浙江省,丽水市,
20251407,ELEME,76W130592A,524815154,优家超市(定海园店),北京市,北京市,
20251407,ELEME,76W130754A,524963388,世纪精品超市(龙漕路店),上海市,上海市,
20251407,ELEME,76W130958A,525588446,董婷干鲜(兴业路店),湖北省,武汉市,
20251407,ELEME,76W132454A,531064162,京东便利店(上海精品店),上海市,上海市,
20251407,ELEME,76W133073A,531740327,左右间超市(城东路店),河南省,郑州市,
20251407,ELEME,76W133513A,532241345,懒猫社长便利店,浙江省,宁波市,
20251407,ELEME,76W133543A,532278005,京东便利店(延安西路店),上海市,上海市,
20251407,ELEME,76W133606A,532355094,身边超市(紫樾府店),浙江省,金华市,
20251407,ELEME,76W135412A,537281163,美一天会员超市(陈埭店),福建省,泉州市,
20251407,ELEME,76W135811A,542457160,京东便利店(静安寺店),上海市,上海市,
20251407,ELEME,76W135836A,542482042,邻优便利,安徽省,合肥市,
20251407,ELEME,76W135878A,542540127,京优客超市(崇明万达店),上海市,上海市,
20251407,ELEME,76W135977A,542690159,京东便利店(宜山路店),上海市,上海市,
20251407,ELEME,76W136574A,543290155,小应超市茹家批发,浙江省,杭州市,
20251407,ELEME,76W136581A,543292491,昔多购便利店(万家丽广场店),湖南省,长沙市,
20251407,ELEME,76W136703A,545912399,日爽超市(水果食品),辽宁省,丹东市,
20251407,ELEME,76W136711A,545928469,好食期超市,上海市,上海市,
20251407,ELEME,76W137367A,551670354,好百客精品超市(远大购物中心店),四川省,成都市,
20251407,ELEME,76W137866A,552785475,大鲸超市(万利店),福建省,宁德市,
20251407,ELEME,76W138063A,553174422,辉星商贸批发超市,安徽省,黄山市,
20251407,ELEME,76W138483A,554121393,沃家惠生活超市(合肥天地家园店),安徽省,合肥市,
20251407,ELEME,76W138555A,554314012,天猫小店(星沙店),湖南省,长沙市,
20251407,ELEME,76W138648A,555000408,东子食杂店,黑龙江省,绥化市,
20251407,ELEME,76W140008A,557614131,京东便利店(双流路店),上海市,上海市,
20251407,ELEME,76W140296A,557948220,周阿姨便利超市,浙江省,温州市,
20251407,ELEME,76W141035A,567557119,大士口超市DOSCOFoodStore,上海市,上海市,
20251407,ELEME,76W141063A,567576052,京东便利店(中山北路店),上海市,上海市,
20251407,ELEME,76W141199A,567706003,超前生鲜超市(梅山总店),福建省,泉州市,
20251407,ELEME,76W141228A,567821015,超前生鲜超市(水头店),福建省,泉州市,
20251407,ELEME,76W141403A,568192064,京东便利店(上海徐汇店),上海市,上海市,
20251407,ELEME,76W142080A,571139375,速送超市(西湖店),浙江省,杭州市,
20251407,ELEME,76W142094A,571152348,JustFresh捷德鲜超市(淮海中路店),上海市,上海市,
20251407,ELEME,76W143337A,572531257,小史商店,山东省,烟台市,
20251407,ELEME,76W143459A,572943244,昔多购超市(韶山路店),湖南省,长沙市,
20251407,ELEME,76W143583A,573045423,福芯超市,辽宁省,大连市,
20251407,ELEME,76W143598A,573056057,京东便利店(浦东优选店),上海市,上海市,
20251407,ELEME,76W144060A,574167329,京东便利店(北苏州路店),上海市,上海市,
20251407,ELEME,76W144326A,574472468,京东便利店(长宁中心店),上海市,上海市,
20251407,ELEME,76W145010A,576283475,世纪优品超市ENTURY(龙茗路店),上海市,上海市,
20251407,ELEME,76W145523A,577490234,天猫小店(荣轩便利店星空里店),浙江省,宁波市,
20251407,ELEME,76W145765A,577699300,洺峰超市,吉林省,通化市,
20251407,ELEME,76W145774A,577711360,七月便利店,吉林省,通化市,
20251407,ELEME,76W145818A,577816281,世纪精品超市(长宁店),上海市,上海市,
20251407,ELEME,76W146021A,578087274,旺福吉米超市(新香洲店),广东省,珠海市,
20251407,ELEME,76W146148A,578522118,优享购超市(下瓦房店),天津市,天津市,
20251407,ELEME,76W146761A,580972099,佳园卖店(绥中店),辽宁省,葫芦岛市,
20251407,ELEME,76W147137A,582574331,京东便利店(浦东中心店),上海市,上海市,
20251407,ELEME,76W148068A,647547086,美一天省钱超市(华尔街店),福建省,泉州市,
20251407,ELEME,76W150107A,611830065,阿偶小超(瑶湖店),江西省,南昌市,
20251407,ELEME,76W151379A,281416168,CityBazaar城集生活(银泰茂店),黑龙江省,哈尔滨市,
20251407,ELEME,76W151413A,660290055,嘉满利便利店(松北店),黑龙江省,哈尔滨市,
20251407,ELEME,76W151434A,668769122,城集生活超市(百悦城店),黑龙江省,哈尔滨市,
20251407,ELEME,76W151629A,647045088,卖惠多生活超市(宝山店),上海市,上海市,
20251407,ELEME,76W151705A,610694470,世纪精品超市(杨浦中心店),上海市,上海市,
20251407,ELEME,76W151761A,654717071,京东便利店(莲花南路店),上海市,上海市,
20251407,ELEME,76W151771A,239374192,得力文具晨光文具店(交大联盟店),上海市,上海市,
20251407,ELEME,76W152115A,594160070,Apio艾彼悠日式生活超市(晶耀前滩店),上海市,上海市,
20251407,ELEME,76W152288A,647121099,京东便利店(杨高路店),上海市,上海市,
20251407,ELEME,76W152387A,612056449,世纪精品超市(共和新路店),上海市,上海市,
20251407,ELEME,76W152531A,654935477,世纪生活超市(浦东店),上海市,上海市,
20251407,ELEME,76W152535A,650386391,世纪精品超市(齐河路店),上海市,上海市,
20251407,ELEME,76W152789A,659931018,JustFresh捷德鲜超市(陕西南路环贸店),上海市,上海市,
20251407,ELEME,76W152809A,661728245,世纪精品超市(浦东店),上海市,上海市,
20251407,ELEME,76W153201A,292311357,BC进口超市(望京店),北京市,北京市,
20251407,ELEME,76W153461A,239318025,婕妮璐进口超市(麦子店),北京市,北京市,
20251407,ELEME,76W153768A,583882370,国旺超市(西三旗店),北京市,北京市,
20251407,ELEME,76W154180A,650215033,美联百汇生鲜超市(金都店),福建省,厦门市,
20251407,ELEME,76W154721A,586346017,柴柴便利(大兴店),陕西省,西安市,
20251407,ELEME,76W154739A,654984434,柴柴便利(金花店),陕西省,西安市,
20251407,ELEME,76W156158A,524222325,香溢便利店(西四街店),浙江省,温州市,
20251407,ELEME,76W156189A,595285424,正品批发超市(瓯北店),浙江省,温州市,
20251407,ELEME,76W156508A,240123147,阿辉超市,浙江省,温州市,
20251407,ELEME,76W156780A,669465079,海豚购(高新店),四川省,成都市,
20251407,ELEME,76W157623A,611062443,惠易万家生活连锁超市(蛇口店),广东省,深圳市,
20251407,ELEME,76W158625A,645779278,裕盛百货(宝安店),广东省,深圳市,
20251407,ELEME,76W160563A,671946223,欧尚便利店,广东省,湛江市,
20251407,ELEME,76W160858A,671458305,小饿生活全能超市(宝坻店),天津市,天津市,
20251407,ELEME,76W161362A,592382281,世纪联华(舟山宝龙广场店),浙江省,舟山市,
20251407,ELEME,76W162176A,593566289,广汇市集自选超市,辽宁省,大连市,
20251407,ELEME,76W162720A,592706010,惠小仓·啥都卖超市,广东省,广州市,
20251407,ELEME,76W163442A,606340467,七月花超市,黑龙江省,牡丹江市,
20251407,ELEME,76W163869A,611969264,好邻居(荆门长宁店),湖北省,荆门市,
20251407,ELEME,76W166153A,647134042,心动超市(鲅鱼圈店),辽宁省,营口市,
20251407,ELEME,76W166323A,658183490,环亚商城(府东店),山东省,菏泽市,
20251407,ELEME,76W166622A,240379375,菲邻便利店,安徽省,合肥市,
20251407,ELEME,76W166699A,669392175,如云超市(乐客来店),安徽省,合肥市,
20251407,ELEME,76W166741A,658812202,blt精品超市(合肥高新店),安徽省,合肥市,
20251407,ELEME,76W167033A,662049464,诚欣生活超市,浙江省,杭州市,
20251407,ELEME,76W167380A,671972164,海豚购(紫金港店),浙江省,杭州市,
20251407,ELEME,76W167511A,585192110,京东便利店(秋涛北路店),浙江省,杭州市,
20251407,ELEME,76W167522A,573104370,天猫小店(后湾生活超市青山湖路店),浙江省,杭州市,
20251407,ELEME,76W167672A,657525350,环球购物超市,浙江省,杭州市,
20251407,ELEME,76W169375A,650953294,优沃森超市(苏州店),江苏省,苏州市,
20251407,ELEME,76W169549A,584359067,京东便利店(张家港店),江苏省,苏州市,
20251407,ELEME,76W170315A,650039248,名惠优品·购物超市,广东省,汕头市,
20251407,ELEME,76W170324A,672033154,水鬼超市,广东省,汕头市,
20251407,ELEME,76W170347A,650877068,和裕潮市超市,广东省,汕头市,
20251407,ELEME,76W170907A,650348410,怡嘉超市(食品城店),辽宁省,鞍山市,
20251407,ELEME,76W171201A,648055082,昔多购便利店(劳动东路店),湖南省,长沙市,
20251407,ELEME,76W171834A,647574350,新景添(九立方店),湖北省,恩施土家族苗族自治州,
20251407,ELEME,76W171848A,647663338,新景添(百佳广场店),湖北省,恩施土家族苗族自治州,
20251407,ELEME,76W172458A,611264405,好邻居(德庆店),广东省,肇庆市,
20251407,ELEME,76W173538A,239335306,美时满超市(南大街店),江苏省,南通市,
20251407,ELEME,76W173921A,658121475,大鲸超市(赛岐店),福建省,宁德市,
20251407,ELEME,76W173928A,650804442,华宁超市(福源店),福建省,宁德市,
20251407,ELEME,76W174103A,595260063,京东便利店(南京中心店),江苏省,南京市,
20251407,ELEME,76W174807A,668669477,美道家超市(梦之城店),河南省,三门峡市,
20251407,ELEME,76W175029A,660722044,家家悦(亳州蒙城万达广场店),安徽省,亳州市,
20251407,ELEME,76W175294A,655172305,直选超市(鼓楼店),福建省,福州市,
20251407,ELEME,76W175334A,593284205,齐兴便利店,福建省,福州市,
20251407,ELEME,76W175798A,657558320,卖可便利店(曹王庄店),山东省,临沂市,
20251407,ELEME,76W177950A,580208116,好怡优便利店(福田店),浙江省,金华市,
20251407,ELEME,76W179001A,649152268,乐购生鲜超市,黑龙江省,佳木斯市,
20251407,ELEME,76W179686A,674087025,美一天省钱超市(时代店),福建省,泉州市,
20251407,ELEME,76W179824A,675002023,飞牛便利.晟天便利店,黑龙江省,哈尔滨市,
20251407,ELEME,76W181203A,673885493,速囤(春熙路店),四川省,成都市,
20251407,ELEME,76W182721A,674836189,世纪优选(博山东路店),上海市,上海市,
20251407,ELEME,76W182842A,674873432,环球壹号超市(静安寺店),上海市,上海市,
20251407,ELEME,76W183089A,675101132,星星超市starmart(西康路店),上海市,上海市,
20251407,ELEME,76W183699A,673216097,千木便利(佳竹苑店),江苏省,扬州市,
20251407,ELEME,76W183874A,673305011,鑫鑫商店,吉林省,通化市,
20251407,ELEME,76W184117A,650715048,小惠便利超市,广东省,佛山市,
20251407,ELEME,76W185010A,670078409,24H臻选乐购超市,浙江省,杭州市,
20251407,ELEME,76W185034A,674909457,家淘购精品超市(拱墅店),浙江省,杭州市,
20251407,ELEME,76W185130A,674169421,新华联超市,浙江省,杭州市,
20251407,ELEME,76W185262A,671454280,京东便利店(五洲大厦店),浙江省,温州市,
20251407,ELEME,76W185358A,662155216,多又好超市(春天百货店),四川省,巴中市,
20251407,ELEME,76W186326A,675585235,麦德龙PLUS会员店(北京草桥东路店),北京市,北京市,
20251407,ELEME,76W186458A,605602151,好邻居(天堂店),广东省,云浮市,
20251407,ELEME,76W186953A,650741027,惠小仓百货生活馆,广东省,广州市,
20251407,ELEME,76W189795A,665720074,沃家惠生活超市(苏州养育巷店),江苏省,苏州市,
20251407,ELEME,76W190136A,353680008,多当家·网上好超市(24h营业店),福建省,福州市,
20251407,ELEME,76W190698A,670246006,鲸GO生活超市(宝安店),广东省,深圳市,
20251407,ELEME,76W190716A,576233323,鲸GO生活超市(红岭店),广东省,深圳市,
20251407,ELEME,76W191248A,676590337,万佳隆生鲜超市,黑龙江省,牡丹江市,
20251407,ELEME,76W191702A,674810274,乐麦驿便利(金辉广场店),陕西省,西安市,
20251407,ELEME,76W192093A,686965157,快赣特价超市(蜀山店),安徽省,合肥市,
20251407,ELEME,76W192745A,677968014,世纪精品超市(上海闵行店),上海市,上海市,
20251407,ELEME,76W192983A,676420064,惠立送精品超市(龙茗路店),上海市,上海市,
20251407,ELEME,76W193005A,677797335,世纪精品超市(虹桥中心店),上海市,上海市,
20251407,ELEME,76W193070A,687048071,京东便利店(程家桥路店),上海市,上海市,
20251407,ELEME,76W193081A,686562243,世纪精品超市(北蔡中心店),上海市,上海市,
20251407,ELEME,76W193249A,678335500,盛泰新世纪超市(福星商城店),湖北省,孝感市,
20251407,ELEME,76W193487A,687111400,天猫小店(新钥惠德思勤店),湖南省,长沙市,
20251407,ELEME,76W193541A,676242129,昔多购超市(恒大店),湖南省,长沙市,
20251407,ELEME,76W193947A,290607385,万民百货(小塘店),广东省,佛山市,
20251407,ELEME,76W194414A,686065279,三江购物(城市半岛店),浙江省,舟山市,
20251407,ELEME,76W195217A,678320232,觅味时光休闲食品(名龙路店),江苏省,无锡市,
20251407,ELEME,76W195728A,687560290,旺角便利店(苏家坨店),北京市,北京市,
20251407,ELEME,76W196182A,677968357,万民超市(龙归店),广东省,广州市,
20251407,ELEME,76W198101A,678086223,极客生活超市(虎泉店),湖北省,武汉市,
20251407,ELEME,76W198419A,683811377,优沃森超市(环球港店),江苏省,苏州市,
20251407,ELEME,76W198445A,683666135,爱怡购便利店(娄葑店),江苏省,苏州市,
20251407,ELEME,76W198480A,687264345,优沃森超市(姑苏店),江苏省,苏州市,
20251407,ELEME,76W198504A,676535441,安德利超市(和县历阳店),安徽省,马鞍山市,
20251407,ELEME,76W198506A,677455448,安德利超市(和县佳源店),安徽省,马鞍山市,
20251407,ELEME,76W198730A,674251415,贰零超市(万达店),福建省,福州市,
20251407,ELEME,76W199181A,240148116,阳光仓买,黑龙江省,哈尔滨市,
20251407,ELEME,76W199682A,687455314,麦德龙(长春净月店),吉林省,长春市,
20251407,ELEME,76W200624A,709144074,菲邻便利店,安徽省,合肥市,
20251407,ELEME,76W201026A,688061387,京东便利店,安徽省,黄山市,
20251407,ELEME,76W201132A,687755248,世纪生活超市(闵行中心店),上海市,上海市,
20251407,ELEME,76W201295A,707105356,惠立送超市(张江总店),上海市,上海市,
20251407,ELEME,76W201396A,707258243,京东便利店(静安店),上海市,上海市,
20251407,ELEME,76W201636A,266392315,海后购物广场超市(超省钱),辽宁省,葫芦岛市,
20251407,ELEME,76W201710A,687707125,三兄弟网红生活便利超市(万达店),湖南省,长沙市,
20251407,ELEME,76W203262A,708215279,新悦华联超市(悠乐汇店),河南省,郑州市,
20251407,ELEME,76W203305A,707949216,鑫九乐便利店(石桥大街店),辽宁省,营口市,
20251407,ELEME,76W203822A,708007363,鸿亚园超市,河北省,廊坊市,
20251407,ELEME,76W203831A,694142425,家家悦(廊坊燕郊燕高路尚京店),河北省,廊坊市,
20251407,ELEME,76W203852A,688996367,麦德龙(燕郊神威北路店),河北省,廊坊市,
20251407,ELEME,76W204536A,687294487,万民超市(石井店),广东省,广州市,
20251407,ELEME,76W206813A,708769388,安德利超市(含山环峰路店),安徽省,马鞍山市,
20251407,ELEME,76W207106A,686523254,速囤(武侯大道店),四川省,成都市,
20251407,ELEME,76W207107A,709600344,海豚购(万象城店),四川省,成都市,
20251407,ELEME,76W207146A,748074027,斑马.便利店,浙江省,宁波市,
20251407,ELEME,76W207181A,709704068,美惠佳超市(金地店),辽宁省,大连市,
20251407,ELEME,76W207314A,677509068,优享购超市(商业大学店),天津市,天津市,
20251407,ELEME,76W207342A,708921344,喜顾便利(阳逻中央花园城店),湖北省,武汉市,
20251407,ELEME,76W207355A,726896228,真给力超市,黑龙江省,佳木斯市,
20251407,ELEME,76W207628A,786917209,超前生鲜超市(溪美店),福建省,泉州市,
20251407,ELEME,76W208585A,786854203,好润佳(湘阴店),湖南省,岳阳市,
20251407,ELEME,76W208852A,814096096,佳美嘉新天地(绿城店),安徽省,宿州市,
20251407,ELEME,76W209586A,748118023,亮亮百货超市(航天店),陕西省,西安市,
20251407,ELEME,76W209751A,814071373,生活365便利店,辽宁省,沈阳市,
20251407,ELEME,76W210432A,787052013,奥润特超市(枣庄店),山东省,枣庄市,
20251407,ELEME,76W212092A,240146274,零食铺子（南昌大学店）,江西省,南昌市,
20251407,ELEME,76W212510A,813664400,顺和兴超市,山东省,青岛市,
20251407,ELEME,76W212881A,814151211,火妹便利店(合景天玺店),浙江省,温州市,
20251407,ELEME,76W213988A,688238169,小仓生活(崇文门站),北京市,北京市,
20251407,ELEME,76W214043A,688300095,小仓生活(动物园站),北京市,北京市,
20251407,ELEME,76W214058A,688356086,小仓生活(百子湾站),北京市,北京市,
20251407,ELEME,76W214064A,287855014,DD'sMarket品优超市(香江店),北京市,北京市,
20251407,ELEME,76W214070A,688574096,小仓生活(方庄站),北京市,北京市,
20251407,ELEME,76W214075A,688434006,小仓生活(马连道站),北京市,北京市,
20251407,ELEME,76W214111A,688349074,小仓生活(朝外SOHO站),北京市,北京市,
20251407,ELEME,76W214128A,814269067,京东便利店(颐和园路店),北京市,北京市,
20251407,ELEME,76W216101A,814111492,通力购物广场,山东省,日照市,
20251407,ELEME,76W216333A,769676022,小仓生活(下瓦房站),天津市,天津市,
20251407,ELEME,76W216345A,769714011,小仓生活(鲁能城店),天津市,天津市,
20251407,ELEME,76W216367A,786930109,邻里闪购超市,天津市,天津市,
20251407,ELEME,76W216836A,745226421,世纪华联超市(义乌优选店),浙江省,金华市,
20251407,ELEME,76W217280A,814345169,惠宜选超市(开发区店),山东省,烟台市,
20251407,ELEME,76W217994A,266200309,安德利超市(当涂购物中心店),安徽省,马鞍山市,
20251407,ELEME,76W219398A,708269435,京沃便利店(上东店),广西壮族自治区,南宁市,
20251407,ELEME,76W219657A,769513465,小仓生活(万达站),天津市,天津市,
20251407,ELEME,76W219723A,709094039,宁享购精品超市(秦淮店),江苏省,南京市,
20251407,ELEME,76W219887A,787117112,美鲜果蔬超市,黑龙江省,齐齐哈尔市,
20251407,ELEME,76W220318A,831331228,24小时闪购超市,广东省,深圳市,
20251407,ELEME,76W220699A,851618003,well+佳惠超市(芷江店),湖南省,怀化市,
20251407,ELEME,76W220909A,813878401,KKV(厦门湖里万达广场店),福建省,厦门市,
20251407,ELEME,76W220927A,828456034,KKV(厦门SM城市广场店),福建省,厦门市,
20251407,ELEME,76W220936A,814074402,KKV(厦门IOIMALL店),福建省,厦门市,
20251407,ELEME,76W220943A,825869119,KKV(厦门加州广场主力店),福建省,厦门市,
20251407,ELEME,76W221616A,843284456,快赣特价超市(包河店),安徽省,合肥市,
20251407,ELEME,76W221915A,845933201,沃家惠生活超市(济南店),山东省,济南市,
20251407,ELEME,76W222279A,800691139,世纪精品超市(中环店),上海市,上海市,
20251407,ELEME,76W222506A,801179019,世纪优品超市(浦建路店),上海市,上海市,
20251407,ELEME,76W223396A,721496394,快赣特价超市(昌东店),江西省,南昌市,
20251407,ELEME,76W223885A,843643147,嘉沃美超市,浙江省,杭州市,
20251407,ELEME,76W224647A,861003411,万家乐时代购物广场,吉林省,白山市,
20251407,ELEME,76W225864A,820195396,杭州华联(下沙奥莱店),浙江省,嘉兴市,
20251407,ELEME,76W225877A,240110481,美家乐超市(海昌路店),浙江省,嘉兴市,
20251407,ELEME,76W226124A,831181241,世纪华冠副食商店,天津市,天津市,
20251407,ELEME,76W226731A,831244017,惠宜选超市(烟台芝罘店),山东省,烟台市,
20251407,ELEME,76W227040A,823302127,鹿易微等超市(体育中心店),江苏省,苏州市,
20251407,ELEME,76W227365A,823140445,龙园超市,辽宁省,鞍山市,
20251407,ELEME,76W227445A,872264378,KKV(福州万象九宜城主力店),福建省,福州市,
20251407,ELEME,76W227446A,828300409,KKV(福州东二环泰禾广场店),福建省,福州市,
20251407,ELEME,76W227451A,837458166,KKV(福州爱琴海购物公园主力店),福建省,福州市,
20251407,ELEME,76W227457A,845369438,世纪精品超市(福州店),福建省,福州市,
20251407,ELEME,76W227476A,814035468,KKV(福州世欧广场主力店),福建省,福州市,
20251407,ELEME,76W227628A,406225101,来旺良品堂(宝岛中路店),福建省,泉州市,
20251407,ELEME,76W227637A,239363453,来旺良品堂味爱传播（鼎盛店）,福建省,泉州市,
20251407,ELEME,76W227699A,239352076,来旺良品堂味爱传播（世茂店）,福建省,泉州市,
20251407,ELEME,76W228128A,872322238,不居一格便利生活馆(九围店),广东省,深圳市,
20251407,ELEME,76W228652A,582466222,相约网红食品超市,黑龙江省,牡丹江市,
20251407,ELEME,76W229509A,887176431,优佰连锁超市（五里河店）,辽宁省,沈阳市,
20251407,ELEME,76W229792A,872348262,喜惠享24h精品超市(滨湖店),安徽省,合肥市,
20251407,ELEME,76W230485A,286097094,AlexshopStore(静安店),上海市,上海市,
20251407,ELEME,76W231845A,881722236,快赣特价超市(青山湖店),江西省,南昌市,
20251407,ELEME,76W231850A,880271115,快赣特价超市(福山店),江西省,南昌市,
20251407,ELEME,76W231865A,882050394,快赣特价超市(万寿宫店),江西省,南昌市,
20251407,ELEME,76W231880A,880257144,快赣特价超市(雅苑店),江西省,南昌市,
20251407,ELEME,76W231994A,246619425,零嘴便利店(北师大海7店),广东省,珠海市,
20251407,ELEME,76W232970A,872135221,明日轩便利店(新石店),河北省,石家庄市,
20251407,ELEME,76W233906A,924421470,麦德龙(四季青店),北京市,北京市,
20251407,ELEME,76W233982A,872086417,兴达超市(富达店),河北省,廊坊市,
20251407,ELEME,76W235975A,916687356,小明同学零食店,浙江省,湖州市,
20251407,ELEME,76W236452A,817584016,世纪优品百货超市(建宁路店),江苏省,南京市,
20251407,ELEME,76W236786A,922587165,乐你乐批发超市(后官湖大道店),湖北省,武汉市,
20251407,ELEME,76W237097A,240109236,邹立国牛羊肉(大润发万新店),黑龙江省,佳木斯市,
20251407,ELEME,76W237131A,910746029,喜一喜便利店(幸福桥店),江苏省,连云港市,
20251407,ELEME,76W238635A,918602323,海豚购(西宸天街店),四川省,成都市,
20251407,ELEME,76W238677A,981824389,惠利多超市(喜乐齐空港店),四川省,成都市,
20251407,ELEME,76W239184A,962795065,京东便利店(月湖店),浙江省,宁波市,
20251407,ELEME,76W240057A,999472488,三兄弟生活百货超市(河西店),湖南省,长沙市,
20251407,ELEME,76W241496A,800735110,京东便利店(康安店),北京市,北京市,
20251407,ELEME,76W241596A,939686283,嗨乐购超市(礼嘉店),重庆市,重庆市,
20251407,ELEME,76W241854A,918702073,万民超市(大石店),广东省,广州市,
20251407,ELEME,76W243039A,956940383,二十四小时便利超市(招商城店),江苏省,苏州市,
20251407,ELEME,76W243337A,1024687215,美一天省钱超市(石狮总店),福建省,泉州市,
20251407,ELEME,76W243579A,1051031408,万家生活连锁超市(宝安店),广东省,深圳市,
20251407,ELEME,76W243841A,1018137075,海豚购(金牛万达店),四川省,成都市,
20251407,ELEME,76W243901A,1018045321,海豚购(府青路店),四川省,成都市,
20251407,ELEME,76W244049A,1005501309,惠果居生鲜食品超市(学府店),吉林省,延边朝鲜族自治州,
20251407,ELEME,76W244410A,999343333,世纪精品超市(新江湾店),上海市,上海市,
20251407,ELEME,76W244531A,1030803106,家得乐超市(闵行中心店),上海市,上海市,
20251407,ELEME,76W244596A,813814191,优品超市(浦江店),上海市,上海市,
20251407,ELEME,76W244606A,1024601402,京东便利店(曲阳店),上海市,上海市,
20251407,ELEME,76W244813A,1011595004,新万佳长海特产超市,辽宁省,大连市,
20251407,ELEME,76W244839A,999422061,金桔生活便利超市(壹号店),湖南省,长沙市,
20251407,ELEME,76W244896A,1018065498,晨宏食品商店,黑龙江省,鸡西市,
20251407,ELEME,76W244919A,1015510042,景盛源超市(仪征宝能店),江苏省,扬州市,
20251407,ELEME,76W245335A,1017977387,半点利超市(麦岛家园店),山东省,青岛市,
20251407,ELEME,76W246156A,1017675441,小仓生活(通州果园店),北京市,北京市,
20251407,ELEME,76W246164A,1018610256,小仓生活(望京店),北京市,北京市,
20251407,ELEME,76W246167A,1026650366,小仓生活(天通苑店),北京市,北京市,
20251407,ELEME,76W246183A,1032889307,惠邻百佳超市(昌平店),北京市,北京市,
20251407,ELEME,76W246787A,1013603006,万家欢超市,浙江省,嘉兴市,
20251407,ELEME,76W246898A,1024467383,珍惠达超市(河东区店),天津市,天津市,
20251407,ELEME,76W246909A,1017670428,小仓生活(天津之眼店),天津市,天津市,
20251407,ELEME,76W247027A,1042916432,华联购物(伏龙山店),浙江省,金华市,
20251407,ELEME,76W247322A,1042829190,万象生活超市(天马店),黑龙江省,大庆市,
20251407,ELEME,76W247341A,1018495194,龙江好日子生鲜超市(桦南店),黑龙江省,佳木斯市,
20251407,ELEME,76W247397A,999347349,方便象便利店(姑苏店),江苏省,苏州市,
20251407,ELEME,76W247645A,1055055150,闪电购精品超市(城东店),福建省,泉州市,
20251407,ELEME,76W247730A,1055997118,渤大万象超市,辽宁省,锦州市,
20251407,ELEME,76W247851A,1056154139,鲸GO生活超市(龙华店),广东省,深圳市,
20251407,ELEME,76W247900A,1055919495,鲸GO生活超市(民治店),广东省,深圳市,
20251407,ELEME,76W248001A,1056320379,天猫小店(佳选百货宝安店),广东省,深圳市,
20251407,ELEME,76W248003A,1056122129,鲸GO生活超市(南山店),广东省,深圳市,
20251407,ELEME,76W248069A,1055928265,鲸GO生活超市(洪浪北店),广东省,深圳市,
20251407,ELEME,76W248240A,1056948296,惠宜选超市(东营东城店),山东省,东营市,
20251407,ELEME,76W248850A,1056018164,啥也卖超市(蜀山店),安徽省,合肥市,
20251407,ELEME,76W248851A,1055000414,快赣特价超市(滨湖店),安徽省,合肥市,
20251407,ELEME,76W248916A,1042670390,616超市(万宝店),福建省,龙岩市,
20251407,ELEME,76W248917A,1055004323,616生活超市(万达店),福建省,龙岩市,
20251407,ELEME,76W248980A,1028745025,沃玛希超市(宁波中心店),浙江省,宁波市,
20251407,ELEME,76W249001A,1056608331,新街口便利店(临泉店),安徽省,阜阳市,
20251407,ELEME,76W249234A,1054995478,世纪华联(雪松路店),上海市,上海市,
20251407,ELEME,76W249328A,1024403427,京鑫便利店(浦建路店),上海市,上海市,
20251407,ELEME,76W249332A,1055939419,世纪生活超市(徐汇中心店),上海市,上海市,
20251407,ELEME,76W249347A,1055291334,世纪华联品乐超市(奉贤店),上海市,上海市,
20251407,ELEME,76W250248A,1043120403,京东便利店(青岛店),山东省,青岛市,
20251407,ELEME,76W250394A,1055486119,优购·精品超市(富阳店),浙江省,杭州市,
20251407,ELEME,76W250565A,1005732040,多多便利超市,河南省,郑州市,
20251407,ELEME,76W250646A,1013472385,倾鑫优选生活超市(高新区店),河南省,郑州市,
20251407,ELEME,76W250874A,1057121140,小仓生活(阜成门店),北京市,北京市,
20251407,ELEME,76W250877A,849764019,惠邻百佳超市(三里屯店),北京市,北京市,
20251407,ELEME,76W250879A,849621357,惠邻百佳超市(望京店),北京市,北京市,
20251407,ELEME,76W250880A,849721132,惠邻百佳超市(月坛站),北京市,北京市,
20251407,ELEME,76W250885A,852627162,惠邻百佳超市(翠微站),北京市,北京市,
20251407,ELEME,76W250895A,849759024,惠邻百佳超市(通州万达店),北京市,北京市,
20251407,ELEME,76W250903A,849601392,惠邻百佳超市(管庄站),北京市,北京市,
20251407,ELEME,76W250906A,852572287,惠邻百佳超市(和平里店),北京市,北京市,
20251407,ELEME,76W250910A,1034853203,惠邻百佳超市(朝阳门店),北京市,北京市,
20251407,ELEME,76W250911A,849742055,惠邻百佳超市(双井站),北京市,北京市,
20251407,ELEME,76W250917A,1032863384,惠邻百佳超市(菜市口店),北京市,北京市,
20251407,ELEME,76W250921A,1033417330,惠邻百佳超市(光华路店),北京市,北京市,
20251407,ELEME,76W250922A,1033322460,惠邻百佳超市(东花市店),北京市,北京市,
20251407,ELEME,76W250923A,849641264,惠邻百佳超市(世纪金源店),北京市,北京市,
20251407,ELEME,76W250932A,852816336,惠邻百佳超市(五道口店),北京市,北京市,
20251407,ELEME,76W250973A,1056501440,惠邻百佳超市(将台店),北京市,北京市,
20251407,ELEME,76W251003A,852582229,惠邻百佳超市(田村店),北京市,北京市,
20251407,ELEME,76W251006A,1056892033,易森超市(国门店),北京市,北京市,
20251407,ELEME,76W251082A,852923036,惠邻百佳超市(方庄站),北京市,北京市,
20251407,ELEME,76W251126A,851750324,惠邻百佳超市(团结湖站),北京市,北京市,
20251407,ELEME,76W251403A,1056266070,惠宜选超市(泰华店),山东省,潍坊市,
20251407,ELEME,76W251469A,1024510411,鲸选快送超市(天河店),广东省,广州市,
20251407,ELEME,76W251943A,1056199092,优享购超市(王顶堤店),天津市,天津市,
20251407,ELEME,76W252258A,1056938368,惠宜选超市(泰安吾悦店),山东省,泰安市,
20251407,ELEME,76W252337A,849652234,惠邻百佳超市(洪山广场店),湖北省,武汉市,
20251407,ELEME,76W252356A,849648286,惠邻百佳超市(光谷店),湖北省,武汉市,
20251407,ELEME,76W252388A,1055338216,世纪精品超市(武璐路精品店),湖北省,武汉市,
20251407,ELEME,76W252389A,1005441334,京东便利店(江汉店),湖北省,武汉市,
20251407,ELEME,76W252516A,1043101494,爱怡购(银泰花园店),江苏省,苏州市,
20251407,ELEME,76W253013A,1055991219,鲸GO生活超市(大芬店),广东省,深圳市,
20251407,ELEME,76W253068A,1056400113,天猫小店(龙华店),广东省,深圳市,
20251407,ELEME,76W253456A,1056544468,超宜选精品超市(厦门中心店),福建省,厦门市,
20251407,ELEME,76W253678A,1058144082,乐麦驿便利(高新店),陕西省,西安市,
20251407,ELEME,76W253738A,1058154324,优佰连锁超市（和平店）,辽宁省,沈阳市,
20251407,ELEME,76W253746A,1058095356,优佰连锁超市(大东店),辽宁省,沈阳市,
20251407,ELEME,76W253782A,1058100358,优佰连锁超市（皇姑店）,辽宁省,沈阳市,
20251407,ELEME,76W253838A,1058874357,315综合超市(六道街店),吉林省,长春市,
20251407,ELEME,76W254234A,1058345379,美佳云仓超市,山东省,济南市,
20251407,ELEME,76W254300A,1057788358,世纪生活超市(川沙店),上海市,上海市,
20251407,ELEME,76W254323A,1056745053,京优客超市·搜04领红包(东滩商务广场店),上海市,上海市,
20251407,ELEME,76W254361A,1056493171,世纪精品超市(徐汇中心店),上海市,上海市,
20251407,ELEME,76W254556A,1058316443,世纪精品超市(漕河泾店),上海市,上海市,
20251407,ELEME,76W254689A,1056899019,京东便利店(上海中心店),上海市,上海市,
20251407,ELEME,76W254950A,1057558387,好宜客优选超市(普陀店),上海市,上海市,
20251407,ELEME,76W255238A,1057648047,三兄弟生活百货超市(雨花店),湖南省,长沙市,
20251407,ELEME,76W255280A,1051073221,昔多购便利店(望城坡店),湖南省,长沙市,
20251407,ELEME,76W255865A,1055649203,京东便利店,浙江省,杭州市,
20251407,ELEME,76W255963A,1058236288,妙多客超市(青草湾店),浙江省,温州市,
20251407,ELEME,76W255970A,1056786372,世纪家联超市(温州下吕浦店),浙江省,温州市,
20251407,ELEME,76W256207A,1057669141,燃乐购超市(友谊大街店),辽宁省,朝阳市,
20251407,ELEME,76W256471A,1058710018,小仓生活(西坝河店),北京市,北京市,
20251407,ELEME,76W256543A,1057368156,惠邻百佳超市(马家堡店),北京市,北京市,
20251407,ELEME,76W256607A,1058785494,小仓生活(朝阳大悦城店),北京市,北京市,
20251407,ELEME,76W256693A,1057143273,安家华联超市(剑桥郡六期店),河北省,廊坊市,
20251407,ELEME,76W256937A,1059038286,佳和宜购超市(潍坊店),山东省,潍坊市,
20251407,ELEME,76W257590A,1057700070,优享购超市(中山路店),天津市,天津市,
20251407,ELEME,76W257607A,1057802216,小仓生活(长虹公园店),天津市,天津市,
20251407,ELEME,76W257611A,1059056338,小仓生活(宜兴埠店),天津市,天津市,
20251407,ELEME,76W257625A,1058295304,京东便利店(文水路店),天津市,天津市,
20251407,ELEME,76W257627A,1057911202,家乐超市(迎宾路店),天津市,天津市,
20251407,ELEME,76W257871A,1059416356,惠宜选超市(尧化门店),江苏省,南京市,
20251407,ELEME,76W257932A,1058688006,浙丽购超市,浙江省,丽水市,
20251407,ELEME,76W258154A,1058074154,佳禾生活超市,黑龙江省,佳木斯市,
20251407,ELEME,76W258281A,1056350018,大统华(马鞍山八佰伴店),安徽省,马鞍山市,
20251407,ELEME,76W258467A,1060910266,京东便利店(凯悦公馆店),吉林省,吉林市,
20251407,ELEME,76W258487A,1060402264,美一天省钱超市(湖中店),福建省,泉州市,
20251407,ELEME,76W258703A,1060229147,考拉易购生活超市(梅林店),广东省,深圳市,
20251407,ELEME,76W258914A,1060313130,鲸GO生活超市(皇岗店),广东省,深圳市,
20251407,ELEME,76W258989A,1061014176,鲸GO生活超市(坂田店),广东省,深圳市,
20251407,ELEME,76W259273A,1058712441,闪电购精品超市(厦门集美店),福建省,厦门市,
20251407,ELEME,76W259329A,966506388,大祥生活超市(华府店),辽宁省,丹东市,
20251407,ELEME,76W259743A,1061201060,泰隆兴便利店,辽宁省,沈阳市,
20251407,ELEME,76W259869A,1058582256,美佳乐生活超市,安徽省,合肥市,
20251407,ELEME,76W260174A,1061164202,天猫小店(好多买首南店),浙江省,宁波市,
20251407,ELEME,76W260189A,1058609041,世纪华联(宁波店),浙江省,宁波市,
20251407,ELEME,76W260297A,1058621094,世纪精品超市(九亭中心店),上海市,上海市,
20251407,ELEME,76W260298A,1060436205,京东便利店(陕西南路店),上海市,上海市,
20251407,ELEME,76W260311A,1057789223,世纪精品超市(国家会展中心店),上海市,上海市,
20251407,ELEME,76W260325A,1062090217,沪美邻·甄选超市(近铁店),上海市,上海市,
20251407,ELEME,76W260345A,1060952161,世纪精品超市(浦东中心店),上海市,上海市,
20251407,ELEME,76W260378A,1060861127,京东便利店(浦江店),上海市,上海市,
20251407,ELEME,76W260462A,1060826477,世纪精品超市(月辉路店),上海市,上海市,
20251407,ELEME,76W260469A,1059059108,CasaDailyshop进口食品(徐汇店),上海市,上海市,
20251407,ELEME,76W260476A,1062159271,世纪精品超市(都市中心店),上海市,上海市,
20251407,ELEME,76W260484A,1061357241,世纪精品超市(张江店),上海市,上海市,
20251407,ELEME,76W260495A,1060605295,世纪精品超市(松江中心店),上海市,上海市,
20251407,ELEME,76W260499A,1058682381,欧品市集GourmetShoppe,上海市,上海市,
20251407,ELEME,76W260500A,1060807359,世纪精品超市(上海中心店),上海市,上海市,
20251407,ELEME,76W260501A,1061601386,宾斯韩国超市(虹桥店),上海市,上海市,
20251407,ELEME,76W260504A,1060941432,世纪精品超市(大华锦绣店),上海市,上海市,
20251407,ELEME,76W260526A,1058491289,世纪精品超市(嘉定中心店),上海市,上海市,
20251407,ELEME,76W260527A,1061125030,世纪精品超市(宝山中心店),上海市,上海市,
20251407,ELEME,76W260532A,1061134044,世纪精品超市(嘉定城中店),上海市,上海市,
20251407,ELEME,76W261090A,1057723230,美士多便利超市(五一广场店),湖南省,长沙市,
20251407,ELEME,76W261658A,1059656200,旺福超市(梅华情侣路店),广东省,珠海市,
20251407,ELEME,76W261772A,1056253340,臻选精品超市(青岛店),山东省,青岛市,
20251407,ELEME,76W261985A,1059582166,宅捷送精选超市(奥体店),浙江省,杭州市,
20251407,ELEME,76W262004A,1061982270,京东便利店,浙江省,杭州市,
20251407,ELEME,76W262040A,1058970190,平金超市(西湖店),浙江省,杭州市,
20251407,ELEME,76W262076A,1061602258,臻选精品超市(上城店),浙江省,杭州市,
20251407,ELEME,76W262157A,1059547229,丰富便利店(温州大学城店),浙江省,温州市,
20251407,ELEME,76W262172A,1059591309,永濠仓储会员便利超市,浙江省,温州市,
20251407,ELEME,76W262424A,1061814253,京东便利店(无锡店),江苏省,无锡市,
20251407,ELEME,76W262736A,1059015388,小仓生活(安慧北里店),北京市,北京市,
20251407,ELEME,76W262738A,1060930438,小仓生活(石坊院店),北京市,北京市,
20251407,ELEME,76W263886A,1059333277,小仓生活(双环路店),天津市,天津市,
20251407,ELEME,76W263908A,1060322060,小仓生活(梅江店),天津市,天津市,
20251407,ELEME,76W263917A,1061528349,小仓生活(中北镇店),天津市,天津市,
20251407,ELEME,76W264192A,1061357489,快赣特价超市(秦淮店),江苏省,南京市,
20251407,ELEME,76W264283A,1059580121,宜嘉惠超市(江宁店),江苏省,南京市,
20251407,ELEME,76W264411A,1060710305,雨顺生活超市(青山店),湖北省,武汉市,
20251407,ELEME,76W264453A,1060957280,世纪精品超市(王家湾店),湖北省,武汉市,
20251407,ELEME,76W265234A,240361482,金色四季24H超市(丰泽店),福建省,泉州市,
20251407,ELEME,76W265535A,1063894088,鲸GO生活超市(华强北店),广东省,深圳市,
20251407,ELEME,76W265839A,1064542210,迦南超市,福建省,厦门市,
20251407,ELEME,76W265938A,1063689202,海豚购(建设路店),四川省,成都市,
20251407,ELEME,76W265971A,1063081194,海豚购(春熙路店),四川省,成都市,
20251407,ELEME,76W266610A,1064316345,世纪生活超市(金山店),上海市,上海市,
20251407,ELEME,76W266674A,1064337364,世纪生活超市(徐泾店),上海市,上海市,
20251407,ELEME,76W266706A,1062478236,世纪精品超市(宝山优选店),上海市,上海市,
20251407,ELEME,76W266724A,1063183174,京东便利店(康桥中心店),上海市,上海市,
20251407,ELEME,76W266731A,1063556262,世纪精品超市(江桥中心店),上海市,上海市,
20251407,ELEME,76W266754A,1062222381,世纪精品超市(爱博店),上海市,上海市,
20251407,ELEME,76W266768A,1062689049,京东便利超市(花木店),上海市,上海市,
20251407,ELEME,76W266798A,1063007209,世纪精品超市(吴中路店),上海市,上海市,
20251407,ELEME,76W266874A,1062251156,世纪生活超市(老闵行店),上海市,上海市,
20251407,ELEME,76W266935A,1063096175,世纪生活超市(青浦中心店),上海市,上海市,
20251407,ELEME,76W267194A,1063933195,美惠佳超市(山东路店),辽宁省,大连市,
20251407,ELEME,76W267865A,1063568004,麻雀屋便利店,山东省,青岛市,
20251407,ELEME,76W267974A,1063562335,京东便利店(美都广场店),浙江省,杭州市,
20251407,ELEME,76W268458A,1056995393,惠邻百佳超市(通州梨园店),北京市,北京市,
20251407,ELEME,76W268473A,1063046073,隋你购连锁超市(广渠路店),北京市,北京市,
20251407,ELEME,76W268476A,1064361260,熊本便利店(总部基地店),北京市,北京市,
20251407,ELEME,76W268477A,1064488222,熊本便利店(公益西桥店),北京市,北京市,
20251407,ELEME,76W268480A,1062309281,惠邻百佳超市(增光路店),北京市,北京市,
20251407,ELEME,76W268483A,1064292279,熊本便利店(门头沟店),北京市,北京市,
20251407,ELEME,76W268490A,1064389279,熊本便利店(金融街店),北京市,北京市,
20251407,ELEME,76W268494A,1061766196,熊本便利店(三里屯店),北京市,北京市,
20251407,ELEME,76W268505A,1062926362,小仓生活(双井店),北京市,北京市,
20251407,ELEME,76W268515A,1064455223,熊本便利店(岳各庄店),北京市,北京市,
20251407,ELEME,76W268516A,1062812379,京东便利店(朝阳路店),北京市,北京市,
20251407,ELEME,76W268530A,1064381232,熊本便利店(京荟广场店),北京市,北京市,
20251407,ELEME,76W268541A,1064428230,熊本便利店(大钟寺店),北京市,北京市,
20251407,ELEME,76W268543A,1061824194,熊本便利店(十里堡店),北京市,北京市,
20251407,ELEME,76W268545A,1061703260,熊本便利店(双井店),北京市,北京市,
20251407,ELEME,76W268568A,1061604493,熊本便利店(航天桥店),北京市,北京市,
20251407,ELEME,76W268571A,1062317321,惠邻百佳超市(蓟门桥店),北京市,北京市,
20251407,ELEME,76W268578A,1061683305,熊本便利店(方庄店),北京市,北京市,
20251407,ELEME,76W268583A,1064354101,嗨家便利(延静里店),北京市,北京市,
20251407,ELEME,76W268903A,1062642267,惠宜选超市(济宁中心店),山东省,济宁市,
20251407,ELEME,76W269208A,1063821399,惠宜选超市(日照芒果国际广场店),山东省,日照市,
20251407,ELEME,76W269213A,1063822480,惠宜选超市(海纳城店),山东省,日照市,
20251407,ELEME,76W269247A,1063305133,小仓生活(双港店),天津市,天津市,
20251407,ELEME,76W269264A,1063920410,惠宜选超市(天津滨海新区店),天津市,天津市,
20251407,ELEME,76W269274A,1065248077,小仓生活(空港店),天津市,天津市,
20251407,ELEME,76W269283A,1062379101,小仓生活(张贵庄店),天津市,天津市,
20251407,ELEME,76W269427A,1062292058,拉齐超市(义乌之心店),浙江省,金华市,
20251407,ELEME,76W269696A,1059673487,京东便利店(硚口店),湖北省,武汉市,
20251407,ELEME,76W269881A,1062562490,京东便利店(尚座店),河北省,唐山市,
20251407,ELEME,76W269882A,1064696100,京东便利店(学院路店),河北省,唐山市,
20251407,ELEME,76W269935A,1063527004,美闪生活超市(元和店),江苏省,苏州市,
20251407,ELEME,76W270074A,1064290491,百乐百货(兴贤路71号店),河北省,保定市,
20251407,ELEME,76W270282A,1066294376,有货便利店,黑龙江省,哈尔滨市,
20251407,ELEME,76W270838A,1066349293,世纪精选超市(长江西路店),上海市,上海市,
20251407,ELEME,76W270870A,1066706002,世纪精品超市(惠南店),上海市,上海市,
20251407,ELEME,76W270941A,1063134055,闪购豹超市(华南店),辽宁省,大连市,
20251407,ELEME,76W270944A,1064907059,独角兽便利超市,辽宁省,大连市,
20251407,ELEME,76W271112A,1065483300,KKV(宁德蕉城万达广场主力店),福建省,宁德市,
20251407,ELEME,76W271205A,1063610312,京东便利店(下沙店),浙江省,杭州市,
20251407,ELEME,76W271457A,1065341059,小仓生活(通州梨园店),北京市,北京市,
20251407,ELEME,76W271796A,1064726108,快赣特价超市(鼓楼店),江苏省,南京市,
20251407,ELEME,76W271806A,1065834054,速买到超市(江浦店),江苏省,南京市,
20251407,ELEME,76W271918A,288485232,莹佳零食超市,河北省,唐山市,
20251407,ELEME,76W271946A,1063232162,澄乡驿购(思贤路店),江苏省,苏州市,
20251407,ELEME,76W272019A,1066742253,家源仓储超市,吉林省,吉林市,
20251407,ELEME,76W272035A,1066684310,闪电猫·生活超市(晋江店),福建省,泉州市,
20251407,ELEME,76W272038A,1066051159,闪电购精品超市(东海店),福建省,泉州市,
20251407,ELEME,76W272282A,686065271,优品便利店,吉林省,长春市,
20251407,ELEME,76W272289A,1066910289,速囤(德阳店),四川省,德阳市,
20251407,ELEME,76W272687A,1065528155,天猫小店(好记便利白塔路店),云南省,大理白族自治州,
20251407,ELEME,76W272718A,1059604237,麦之购生活超市,安徽省,合肥市,
20251407,ELEME,76W272731A,1065522377,京东便利店(合肥中心店),安徽省,合肥市,
20251407,ELEME,76W272874A,1066761072,世纪精品超市(宜山路店),上海市,上海市,
20251407,ELEME,76W272949A,1064824368,世纪优品超市(青浦夏阳店),上海市,上海市,
20251407,ELEME,76W272999A,1060941268,聚联生活超市(曹路店),上海市,上海市,
20251407,ELEME,76W273113A,851729032,闪购豹超市(软件园店),辽宁省,大连市,
20251407,ELEME,76W273140A,1065543250,三兄弟生活百货超市(星沙店),湖南省,长沙市,
20251407,ELEME,76W273148A,1064703438,三兄弟生活百货超市(岳麓店),湖南省,长沙市,
20251407,ELEME,76W273149A,1065630290,昔多购便利店(扬帆店),湖南省,长沙市,
20251407,ELEME,76W273157A,1065952039,昔多购超市(井湾子店),湖南省,长沙市,
20251407,ELEME,76W273830A,1061827165,熊本便利店(望京店),北京市,北京市,
20251407,ELEME,76W274105A,1064064291,星选超市,浙江省,台州市,
20251407,ELEME,76W274326A,1067258377,惠宜选超市(仙林店),江苏省,南京市,
20251407,ELEME,76W274498A,1065645189,世纪生活超市((太仓店)),江苏省,苏州市,
20251407,ELEME,76W274735A,1067515482,伊甸园便利店(祥云店),福建省,泉州市,
20251407,ELEME,76W275094A,1068444055,给力送超市(福田店),广东省,深圳市,
20251407,ELEME,76W275183A,1055249227,小哥优选超市(南山店),广东省,深圳市,
20251407,ELEME,76W275250A,1068214184,芙蓉兴盛便利超市(岳阳店),湖南省,岳阳市,
20251407,ELEME,76W275515A,914821274,辉旺超市(万象城店),福建省,厦门市,
20251407,ELEME,76W275575A,1068014259,KKV(厦门鹭港万达广场店),福建省,厦门市,
20251407,ELEME,76W275688A,1064892187,叁叁伍24小时便利店(北尚广场店),四川省,成都市,
20251407,ELEME,76W275706A,1064456315,海豚购(丽都店),四川省,成都市,
20251407,ELEME,76W275868A,1067964364,海豚购(海昌路店),四川省,成都市,
20251407,ELEME,76W276563A,1067438225,成辉百货超市(高新店),浙江省,宁波市,
20251407,ELEME,76W276834A,1067084082,世纪优选超市(松江体育中心店),上海市,上海市,
20251407,ELEME,76W276952A,1068104323,世纪臻选超市(周浦中心店),上海市,上海市,
20251407,ELEME,76W276981A,1067847442,世纪甄选(松江中心店),上海市,上海市,
20251407,ELEME,76W277024A,1067526185,世纪精选超市(秀泽路店),上海市,上海市,
20251407,ELEME,76W277279A,1062412249,闪购豹超市(高新园店),辽宁省,大连市,
20251407,ELEME,76W277368A,1062985495,昔多购超市(东风路店),湖南省,长沙市,
20251407,ELEME,76W278428A,1067697038,哇佳喜便利店,浙江省,温州市,
20251407,ELEME,76W278895A,1067006120,沃家惠生活超市(芜湖店),安徽省,芜湖市,
20251407,ELEME,76W279084A,1067713103,德宝生活超市(总部基地店),北京市,北京市,
20251407,ELEME,76W279118A,1063091017,隋你购连锁超市(安华里店),北京市,北京市,
20251407,ELEME,76W279165A,1068124453,乐乐送超市(吕家营店),北京市,北京市,
20251407,ELEME,76W279192A,1068230500,德宝生活超市(林业大学店),北京市,北京市,
20251407,ELEME,76W279245A,1067927152,惠邻百佳超市(定福庄店),北京市,北京市,
20251407,ELEME,76W281276A,1067427282,禾鲜生便利店,黑龙江省,大庆市,
20251407,ELEME,76W289393A,1068336157,速囤(泸州店),四川省,泸州市,
20251407,ELEME,76W289572A,1070196363,左邻右舍便利店,辽宁省,阜新市,
20251407,ELEME,76W289811A,1070124083,百宝阁生活超市(龙岗店),广东省,深圳市,
20251407,ELEME,76W290013A,1070076356,悦惠(汇景店),湖南省,常德市,
20251407,ELEME,76W291230A,1070878179,佳惠超市(永州万达店),湖南省,永州市,
20251407,ELEME,76W291699A,1069105494,惠宜选24h超市(唐冶店),山东省,济南市,
20251407,ELEME,76W291746A,1068795483,世纪超市(松江万达店),上海市,上海市,
20251407,ELEME,76W291787A,1069599038,世纪生活超市(临港中心店),上海市,上海市,
20251407,ELEME,76W291930A,1069278011,TIMESGROCERY泰晤士黄杨杂货商场,上海市,上海市,
20251407,ELEME,76W291968A,1069370083,世纪生活超市(南翔店),上海市,上海市,
20251407,ELEME,76W292111A,1068257104,华新超市,上海市,上海市,
20251407,ELEME,76W292249A,1067015388,世纪精品超市(外高桥店),上海市,上海市,
20251407,ELEME,76W292462A,1069856034,天猫小店(宁和超市汕头总店),广东省,汕头市,
20251407,ELEME,76W292530A,1070359303,昌福源生鲜超市(和美街店),辽宁省,大连市,
20251407,ELEME,76W292724A,264607249,多多购超市(西中心店),湖南省,长沙市,
20251407,ELEME,76W292984A,1069231087,惠宜选超市(齐河店),山东省,德州市,
20251407,ELEME,76W292986A,1070915194,惠宜选超市(德州德城店),山东省,德州市,
20251407,ELEME,76W293670A,607271434,哆鹿优鲜(红垦农贸市场店),浙江省,杭州市,
20251407,ELEME,76W294104A,1069841496,京东便利店(苏州店),江苏省,苏州市,
20251407,ELEME,76W294139A,1070308100,美佳便利店(前洲店),江苏省,无锡市,
20251407,ELEME,76W294294A,1071033358,惠宜选超市(南通通州店),江苏省,南通市,
20251407,ELEME,76W294382A,1069124486,惠宜选超市(平谷店),北京市,北京市,
20251407,ELEME,76W294416A,1068728318,婕妮璐进口超市(青年路店),北京市,北京市,
20251407,ELEME,76W294522A,1070071387,易达便利(机场店),北京市,北京市,
20251407,ELEME,76W294590A,1068686336,速购熊超市(国贸店),北京市,北京市,
20251407,ELEME,76W294940A,1069727191,购物象超市(万科瀚江店),重庆市,重庆市,
20251407,ELEME,76W295858A,1068976379,优享购超市(和平店),天津市,天津市,
20251407,ELEME,76W295870A,1068699322,优享购超市(八里台店),天津市,天津市,
20251407,ELEME,76W296067A,1066838420,京东便利店(车站路店),浙江省,绍兴市,
20251407,ELEME,76W296121A,1065008016,世纪优选超市(夫子庙店),江苏省,南京市,
20251407,ELEME,76W296284A,1066915068,世纪万联超市(盐城总店),江苏省,盐城市,
20251407,ELEME,76W296340A,1070958204,惠宜选超市(蚌埠宝龙店),安徽省,蚌埠市,
20251407,ELEME,76W296372A,1070611343,惠宜选超市(烟台牟平店),山东省,烟台市,
20251407,ELEME,76W296420A,1068337324,京东便利店(武汉优选店),湖北省,武汉市,
20251407,ELEME,76W296918A,1069710199,世纪华联超市(张家港店),江苏省,苏州市,
20251407,ELEME,76W298822A,1067215098,小仓生活(凌奥店),天津市,天津市,
20251407,ELEME,76W299162A,1070568449,闽爱外卖超市(狮城总店),福建省,泉州市,
20251407,ELEME,76W299211A,1070605175,美一天外卖超市(SM总店),福建省,泉州市,
20251407,ELEME,76W299509A,1071354435,家家购便利店,福建省,南平市,
20251407,ELEME,76W300006A,1069659435,鲸GO生活超市(沙井店),广东省,深圳市,
20251407,ELEME,76W300845A,1072209404,超宜选精品超市(厦门臻选店),福建省,厦门市,
20251407,ELEME,76W300977A,1070737210,易甄选超市(双流店),四川省,成都市,
20251407,ELEME,76W301126A,1071424457,嘉丽超市,四川省,成都市,
20251407,ELEME,76W301706A,1072359103,蓝鲸闪购超市,陕西省,西安市,
20251407,ELEME,76W302644A,1074078097,惠宜选超市(济南万虹店),山东省,济南市,
20251407,ELEME,76W302921A,1070571256,世纪精品超市(松江中心店),上海市,上海市,
20251407,ELEME,76W303023A,1069524250,世纪精品超市(曹路店),上海市,上海市,
20251407,ELEME,76W303266A,1072847480,世纪精品超市(华新店),上海市,上海市,
20251407,ELEME,76W303298A,1069899009,世纪精品超市(何家湾店),上海市,上海市,
20251407,ELEME,76W303519A,1072817049,快买快乐·生活超市(青浦中心店),上海市,上海市,
20251407,ELEME,76W303539A,1070532490,绿怡美超市,上海市,上海市,
20251407,ELEME,76W303565A,1072078084,TIMESGROCERY泰晤士杂货金丰店,上海市,上海市,
20251407,ELEME,76W303646A,1075863016,世纪精品超市(祝桥店),上海市,上海市,
20251407,ELEME,76W303784A,1071425153,世纪生活超市(嘉定店),上海市,上海市,
20251407,ELEME,76W304141A,1072422221,惠宜选超市(宿迁国泰店),江苏省,宿迁市,
20251407,ELEME,76W304271A,1072210201,三兄弟生活百货超市(七号店),湖南省,长沙市,
20251407,ELEME,76W304332A,1072249123,昔多购仓储超市(星沙店),湖南省,长沙市,
20251407,ELEME,76W304471A,1075406171,三兄弟生活百货超市(四方坪店),湖南省,长沙市,
20251407,ELEME,76W304497A,1071590074,惠宜选超市(德州奥德乐店),山东省,德州市,
20251407,ELEME,76W305778A,1071630033,惠友生鲜超市(坎山店),浙江省,杭州市,
20251407,ELEME,76W305976A,1070677315,惠美悠选超市(温州店),浙江省,温州市,
20251407,ELEME,76W306008A,1071136250,阿福超市,浙江省,温州市,
20251407,ELEME,76W306015A,1071465116,京东便利店(南塘店),浙江省,温州市,
20251407,ELEME,76W306153A,1072794059,明日轩便利店(中华北店),河北省,石家庄市,
20251407,ELEME,76W306451A,1071015242,京东便利店(无锡万科店),江苏省,无锡市,
20251407,ELEME,76W306800A,1071661279,德宝生活超市(首经贸店),北京市,北京市,
20251407,ELEME,76W306818A,1071186360,德宝生活超市(草房店),北京市,北京市,
20251407,ELEME,76W306830A,1069996097,蛙蛙便利店(三元桥店),北京市,北京市,
20251407,ELEME,76W306853A,1073974218,惠邻百佳超市(十里堡店),北京市,北京市,
20251407,ELEME,76W306993A,1069651319,京东便利店(西三旗店),北京市,北京市,
20251407,ELEME,76W306995A,1063572233,每时美客生活超市,北京市,北京市,
20251407,ELEME,76W307020A,1068968122,蛙蛙便利店(西直门店),北京市,北京市,
20251407,ELEME,76W307033A,1073199408,德宝生活超市(立水桥店),北京市,北京市,
20251407,ELEME,76W307048A,1072453306,熊本便利店(亦庄店),北京市,北京市,
20251407,ELEME,76W307173A,1073091128,惠邻百佳超市(天通苑店),北京市,北京市,
20251407,ELEME,76W307198A,1074960163,熊本便利店(枣园店),北京市,北京市,
20251407,ELEME,76W307805A,1072833257,惠宜选超市(潍坊昌乐店),山东省,潍坊市,
20251407,ELEME,76W307826A,1071590075,惠宜选超市(诸城店),山东省,潍坊市,
20251407,ELEME,76W308476A,1069735178,鲸GO生活超市(东城店),广东省,东莞市,
20251407,ELEME,76W308756A,1071970243,惠宜选超市(滕州店),山东省,枣庄市,
20251407,ELEME,76W309083A,1071494465,惠宜选超市(天津瑞景店),天津市,天津市,
20251407,ELEME,76W309098A,1070677435,大仓优品仓储购(天娇里店),天津市,天津市,
20251407,ELEME,76W309114A,1072698081,家乐超市(蓟州家乐总店),天津市,天津市,
20251407,ELEME,76W309166A,1072356360,惠宜选超市(临沂临沭店),山东省,临沂市,
20251407,ELEME,76W309393A,1070109126,世纪华联超市(义乌店),浙江省,金华市,
20251407,ELEME,76W309581A,1072364087,京东便利店(南京精品超市店),江苏省,南京市,
20251407,ELEME,76W309807A,1072825429,惠宜选超市(泰安肥城店),山东省,泰安市,
20251407,ELEME,76W309872A,1073068430,惠宜选超市(烟台福山店),山东省,烟台市,
20251407,ELEME,76W309886A,1074553316,惠宜选超市(烟台招远店),山东省,烟台市,
20251407,ELEME,76W309896A,1073090361,惠宜选超市(烟台莱州店),山东省,烟台市,
20251407,ELEME,76W310167A,1074251167,京东便利店(白沙洲店),湖北省,武汉市,
20251407,ELEME,76W310370A,1072748102,速囤(经开店),四川省,绵阳市,
20251407,ELEME,76W310422A,1072931145,惠宜选超市(聊城开发区店),山东省,聊城市,
20251407,ELEME,76W310429A,1073086405,惠宜选超市(聊城东昌府店),山东省,聊城市,
20251407,ELEME,76W310492A,1074019148,惠宜选超市(连云港赣榆店),江苏省,连云港市,
20251407,ELEME,76W310590A,1071716202,世纪优选生活超市(苏苑店),江苏省,苏州市,
20251407,ELEME,76W310592A,1070376459,百世邻里超市(常熟铂克店),江苏省,苏州市,
20251407,ELEME,76W310610A,1066572342,百世邻里超市(中南虞锦城店),江苏省,苏州市,
20251407,ELEME,76W310768A,1073996096,易惠达超市(万达店),江苏省,苏州市,
20251407,ELEME,76W311129A,1071482426,YPINK颜粉美妆店(福州店),福建省,福州市,
20251407,ELEME,76W312362A,1083031199,海豚购(温江店),四川省,成都市,
20251407,ELEME,76W312387A,1081228023,全好佳超市(九眼桥店),四川省,成都市,
20251407,ELEME,76W312407A,1079984392,惠宜选超市(张家口桥西店),河北省,张家口市,
20251407,ELEME,76W312439A,1080811282,京东便利店(西安店),陕西省,西安市,
20251407,ELEME,76W312492A,1079939486,惠宜选超市(沧州店),河北省,沧州市,
20251407,ELEME,76W312553A,1067146207,616超市(大洋分店),福建省,龙岩市,
20251407,ELEME,76W312564A,1083378366,世纪精品超市(宁波精品店),浙江省,宁波市,
20251407,ELEME,76W312651A,1076304039,世纪优品超市(嘉定店),上海市,上海市,
20251407,ELEME,76W312659A,1078833309,世纪精品超市(江桥店),上海市,上海市,
20251407,ELEME,76W312682A,1083882373,快买快乐·生活超市(北桥中心店),上海市,上海市,
20251407,ELEME,76W312688A,1073108222,鲸鱼嗨购超市(美兰湖店),上海市,上海市,
20251407,ELEME,76W312737A,1072770002,闪购豹超市(二七店),辽宁省,大连市,
20251407,ELEME,76W312965A,240077156,京东便利店(正阳中路店),山东省,青岛市,
20251407,ELEME,76W313097A,1081243361,明日轩便利店(北二环店),河北省,石家庄市,
20251407,ELEME,76W313159A,1073985266,京东便利店(崇安寺店),江苏省,无锡市,
20251407,ELEME,76W313257A,1083024214,熊本便利店(大成路店),北京市,北京市,
20251407,ELEME,76W313267A,1083114288,熊本便利店(近园路店),北京市,北京市,
20251407,ELEME,76W313286A,1075292042,苏奇士西餐食材店(三源里店),北京市,北京市,
20251407,ELEME,76W313381A,1076144026,万佳宁生活超市(兴宁店),广西壮族自治区,南宁市,
20251407,ELEME,76W313533A,1068911371,兴勤超市(潼侨店),广东省,惠州市,
20251407,ELEME,76W313738A,1076207436,新惠百货超市(江汉店),湖北省,武汉市,
20251407,ELEME,76W314377A,1069138483,兴勤超市(乐府店),广东省,深圳市,
20251407,ELEME,76W314799A,1075856468,叮当超市(软三店),福建省,厦门市,
20251407,ELEME,76W314903A,1077494281,便利豚(太古里店),四川省,成都市,
20251407,ELEME,76W315079A,1077385278,海豚购(世茂城店),四川省,成都市,
20251407,ELEME,76W315151A,1070049182,YOUZE·优择便利店,湖北省,荆门市,
20251407,ELEME,76W315180A,1078115374,惠宜选超市(张家口怀来店),河北省,张家口市,
20251407,ELEME,76W315465A,1080002405,惠宜选超市(任丘店),河北省,沧州市,
20251407,ELEME,76W315476A,1078088406,惠宜选超市(菏泽巨野店),山东省,菏泽市,
20251407,ELEME,76W315546A,1073025039,七号便利店,安徽省,合肥市,
20251407,ELEME,76W315592A,1078095454,京东便利店(合肥中心店),安徽省,合肥市,
20251407,ELEME,76W315917A,1081730409,PENGGO朋购超市(宝山店),上海市,上海市,
20251407,ELEME,76W315924A,1076638279,世纪生活超市(徐泾中心店),上海市,上海市,
20251407,ELEME,76W315947A,1074761238,华新超市(青浦华新店),上海市,上海市,
20251407,ELEME,76W315968A,1081265047,世纪精品超市(七宝店),上海市,上海市,
20251407,ELEME,76W315990A,1080337044,世纪生活超市(宝山店),上海市,上海市,
20251407,ELEME,76W316013A,1076566329,世纪生活超市(孙桥店),上海市,上海市,
20251407,ELEME,76W316041A,1077822201,世纪优选超市(上海静安店),上海市,上海市,
20251407,ELEME,76W316110A,1075816083,惠美悠选超市(周浦中心店),上海市,上海市,
20251407,ELEME,76W316111A,1076154351,惠立送精品超市(奉贤中心店),上海市,上海市,
20251407,ELEME,76W316116A,1078164413,京东便利店(黄浦优选店),上海市,上海市,
20251407,ELEME,76W316133A,1071388268,爱鑫购,江苏省,苏州市,
20251407,ELEME,76W316143A,1079141401,易惠达超市(马陆优选店),上海市,上海市,
20251407,ELEME,76W316181A,1077526488,捷德鲜TheGourmet精选超市(东明路店),上海市,上海市,
20251407,ELEME,76W316203A,1077362201,百惠仓·便利店,广东省,汕头市,
20251407,ELEME,76W316994A,1079668406,宜购便利店(经开中心店),江西省,南昌市,
20251407,ELEME,76W317276A,1078737010,惠宜选超市(青岛莱西店),山东省,青岛市,
20251407,ELEME,76W317298A,1076385245,惠宜选超市(青岛智力岛店),山东省,青岛市,
20251407,ELEME,76W317318A,1075330036,惠宜选超市(青岛平度店),山东省,青岛市,
20251407,ELEME,76W317452A,1077538342,快客达环球超市(义蓬中心店),浙江省,杭州市,
20251407,ELEME,76W317475A,1075613064,京东便利店(滨和路店),浙江省,杭州市,
20251407,ELEME,76W317496A,1076897083,京东便利店(杭州西溪中心店),浙江省,杭州市,
20251407,ELEME,76W317588A,1070220316,世纪华联(温州精品店),浙江省,温州市,
20251407,ELEME,76W317600A,1075924391,快客达环球超市(江北大街店),浙江省,温州市,
20251407,ELEME,76W317823A,1075977179,明日轩便利店(中山店),河北省,石家庄市,
20251407,ELEME,76W317873A,1074598495,京东便利店(郑州中心店),河南省,郑州市,
20251407,ELEME,76W317876A,1061957500,美士多乐超市(金城时代店),河南省,郑州市,
20251407,ELEME,76W317915A,1080198409,美士多乐超市(北环店),河南省,郑州市,
20251407,ELEME,76W317998A,1083023478,京东便利店(鲅鱼圈店),辽宁省,营口市,
20251407,ELEME,76W318280A,1081801271,惠宜选超市(济南莱芜店),山东省,济南市,
20251407,ELEME,76W318546A,1080172334,熊本便利店(宣武门店),北京市,北京市,
20251407,ELEME,76W318555A,1075846379,熊本便利店(亚运村店),北京市,北京市,
20251407,ELEME,76W318621A,1076574103,德宝生活超市(十里河店),北京市,北京市,
20251407,ELEME,76W318650A,1079997435,惠宜选超市(廊坊霸州店),河北省,廊坊市,
20251407,ELEME,76W318998A,1076931021,京东便利店(南宁店),广西壮族自治区,南宁市,
20251407,ELEME,76W319035A,1075617228,惠宜选超市(潍坊寿光店),山东省,潍坊市,
20251407,ELEME,76W319040A,1072526017,嗖达超市(高新店),山东省,潍坊市,
20251407,ELEME,76W319046A,1076240355,惠宜选超市(潍坊高密店),山东省,潍坊市,
20251407,ELEME,76W319151A,1076316005,新惠百货超市(三元里店),广东省,广州市,
20251407,ELEME,76W319217A,1076388165,天猫小店(宏源百货南亭路店),广东省,广州市,
20251407,ELEME,76W319328A,1075302065,拾惠客24H超市(淄博淄川店),山东省,淄博市,
20251407,ELEME,76W319329A,1074607274,惠宜选超市(淄博博山店),山东省,淄博市,
20251407,ELEME,76W319402A,1069088439,兴勤超市(花园店),广东省,东莞市,
20251407,ELEME,76W319528A,1078705025,惠宜选超市(滕州银座店),山东省,枣庄市,
20251407,ELEME,76W319538A,1081217013,世纪华联超市(嘉兴中心店),浙江省,嘉兴市,
20251407,ELEME,76W319604A,1069116386,兴勤超市(塘角店),广东省,惠州市,
20251407,ELEME,76W319625A,1069036428,兴勤超市(陈江店),广东省,惠州市,
20251407,ELEME,76W319673A,1076586092,二十四号便利店(日照店),山东省,日照市,
20251407,ELEME,76W320117A,1077499418,惠多多·便利超市(鼓楼中心店),江苏省,南京市,
20251407,ELEME,76W320256A,1073102371,惠宜选超市(烟台莱阳店),山东省,烟台市,
20251407,ELEME,76W320406A,1076092240,极客生活超市(武昌店),湖北省,武汉市,
20251407,ELEME,76W320465A,1076997025,极客生活超市(香港路店),湖北省,武汉市,
20251407,ELEME,76W320646A,1074627476,共橙便利店(聊城开发区店),山东省,聊城市,
20251407,ELEME,76W320716A,1079769358,惠宜选超市(连云港东海店),江苏省,连云港市,
20251407,ELEME,76W320919A,1065473148,海之达食品超市,黑龙江省,齐齐哈尔市,
20251407,ELEME,76W320955A,1081518118,惠宜选超市(泰州兴化店),江苏省,泰州市,
20251407,ELEME,76W321010A,1081686433,惠宜选超市(定州店),河北省,保定市,
20251407,ELEME,76W321029A,1079031132,惠宜选超市(高碑中心店),河北省,保定市,
20251407,ELEME,76W321312A,1062844118,E淘淘便利店,江苏省,苏州市,
20251407,ELEME,76W403246A,1076183407,京东便利店(湖滨店),福建省,泉州市,
20251407,ELEME,76W403287A,1085327081,优必达便利店,黑龙江省,哈尔滨市,
20251407,ELEME,76W403322A,1080464424,好士多便利(福隆店),福建省,漳州市,
20251407,ELEME,76W403412A,1085850349,鲸GO生活超市(下沙店),广东省,深圳市,
20251407,ELEME,76W403612A,1085471318,惠宜选超市(滨州渤海国际店),山东省,滨州市,
20251407,ELEME,76W403907A,1076133072,京东便利店(思明店),福建省,厦门市,
20251407,ELEME,76W403962A,1080262391,超宜选精品超市(集美店),福建省,厦门市,
20251407,ELEME,76W404005A,1087128300,京东便利店(九江街店),辽宁省,丹东市,
20251407,ELEME,76W404075A,1084889167,海豚购(南湖店),四川省,成都市,
20251407,ELEME,76W404166A,1085689404,京东便利店(西安中心店),陕西省,西安市,
20251407,ELEME,76W404321A,1083980414,惠宜选超市(菏泽郓城店),山东省,菏泽市,
20251407,ELEME,76W404501A,1087158305,星宜便利店,福建省,莆田市,
20251407,ELEME,76W404590A,1086267484,快客达环球超市(鄞州中心店),浙江省,宁波市,
20251407,ELEME,76W404658A,1085904282,惠宜选超市(华山珑城店),山东省,济南市,
20251407,ELEME,76W404684A,1085300081,世纪精品超市(黄浦中心店),上海市,上海市,
20251407,ELEME,76W404690A,1087275437,惠立送精品超市(南汇店),上海市,上海市,
20251407,ELEME,76W404698A,1086298097,惠立送精品超市(莲花南路店),上海市,上海市,
20251407,ELEME,76W404704A,1084787494,世纪生活超市(华漕店),上海市,上海市,
20251407,ELEME,76W404705A,1079743085,世纪精品超市(百联中心店),上海市,上海市,
20251407,ELEME,76W404707A,1081688350,世纪生活超市(杨浦店),上海市,上海市,
20251407,ELEME,76W404727A,1086380306,世纪品乐超市(闵行吴泾店),上海市,上海市,
20251407,ELEME,76W404730A,1085324071,世纪生活超市(仙霞路店),上海市,上海市,
20251407,ELEME,76W404783A,1081678339,世纪生活超市(江桥店),上海市,上海市,
20251407,ELEME,76W404793A,1080513275,邻侣超市(惠南中心店),上海市,上海市,
20251407,ELEME,76W404851A,1085047224,惠立送精品超市(延长西路店),上海市,上海市,
20251407,ELEME,76W404884A,1085391308,世纪生活超市(宝山优品店),上海市,上海市,
20251407,ELEME,76W404886A,1087236458,惠立送精品超市(宝钢店),上海市,上海市,
20251407,ELEME,76W404895A,1081754202,世纪生活超市(九亭店),上海市,上海市,
20251407,ELEME,76W404907A,1084200077,快买快乐·生活超市(奉贤中心店),上海市,上海市,
20251407,ELEME,76W404923A,1085345480,惠立送精品超市(闵行中心店),上海市,上海市,
20251407,ELEME,76W405096A,1085922390,小白果蔬零食店,辽宁省,大连市,
20251407,ELEME,76W405107A,1083289426,闪购豹超市(友好店),辽宁省,大连市,
20251407,ELEME,76W405133A,1085729459,三兄弟生活百货超市(长沙总店),湖南省,长沙市,
20251407,ELEME,76W405138A,1085735489,三兄弟生活百货超市(湘雅店),湖南省,长沙市,
20251407,ELEME,76W405143A,1087281461,昔多购超市(鑫融国际店),湖南省,长沙市,
20251407,ELEME,76W405167A,1085816113,三兄弟生活百货超市(阳光100店),湖南省,长沙市,
20251407,ELEME,76W405168A,1085274393,昔多购仓储超市(福元店),湖南省,长沙市,
20251407,ELEME,76W405225A,1085564367,三时便利店,江苏省,扬州市,
20251407,ELEME,76W405284A,1059164285,京东便利店(盘龙精选店),云南省,昆明市,
20251407,ELEME,76W405337A,1084600406,京东便利店(佛山中心店),广东省,佛山市,
20251407,ELEME,76W405481A,1078578054,农嘉超(南市区店),云南省,曲靖市,
20251407,ELEME,76W405705A,1086454017,快客达百货超市(滨江店),浙江省,杭州市,
20251407,ELEME,76W405732A,1085391241,懒猫社长便利店,浙江省,杭州市,
20251407,ELEME,76W405733A,1087394388,宅捷送精品超市(滨江店),浙江省,杭州市,
20251407,ELEME,76W405785A,1085075110,京东便利店(九堡店),浙江省,杭州市,
20251407,ELEME,76W405807A,1083523311,京东便利店(景芳店),浙江省,杭州市,
20251407,ELEME,76W405851A,1086572420,乐购优品超市(乐清店),浙江省,温州市,
20251407,ELEME,76W406033A,1085128217,惠宜选超市(威海荣成店),山东省,威海市,
20251407,ELEME,76W406047A,1081584033,世纪精品超市(告庄店),云南省,西双版纳傣族自治州,
20251407,ELEME,76W406048A,1085056186,京东便利店(西双版纳店),云南省,西双版纳傣族自治州,
20251407,ELEME,76W406291A,1083439341,惠邻百佳超市(清河店),北京市,北京市,
20251407,ELEME,76W406292A,1084725056,小饿生活全能超市(平谷店),北京市,北京市,
20251407,ELEME,76W406298A,1085345299,小仓生活(顺义店),北京市,北京市,
20251407,ELEME,76W406311A,1085460311,海选精品超市(丰台店),北京市,北京市,
20251407,ELEME,76W406335A,1086700376,惠邻百佳超市(总部基地店),北京市,北京市,
20251407,ELEME,76W406424A,1076571115,博利批发价超市(渝北店),重庆市,重庆市,
20251407,ELEME,76W406547A,1084052296,惠宜选超市(济宁邹城店),山东省,济宁市,
20251407,ELEME,76W406586A,1085687420,全好佳超市(广州店),广东省,广州市,
20251407,ELEME,76W406643A,1085941284,鲸GO生活超市(番禺店),广东省,广州市,
20251407,ELEME,76W406646A,1085897437,京东便利店(广州番禺店),广东省,广州市,
20251407,ELEME,76W406672A,1086028420,鲸GO生活超市(太古汇店),广东省,广州市,
20251407,ELEME,76W406966A,1081835092,惠宜选超市(潍坊青州店),山东省,潍坊市,
20251407,ELEME,76W407185A,1085181146,惠宜选超市(苏宁广场店),山东省,日照市,
20251407,ELEME,76W407200A,1076410387,京东便利店(常州店),江苏省,常州市,
20251407,ELEME,76W407321A,1085062436,惠宜选超市(秦皇岛古玩城店),河北省,秦皇岛市,
20251407,ELEME,76W407344A,1083747264,柒号便利店(万达广场店),浙江省,金华市,
20251407,ELEME,76W407380A,1084967494,水碓张生活超市,浙江省,金华市,
20251407,ELEME,76W407435A,1082464298,京东便利店(南京江宁店),江苏省,南京市,
20251407,ELEME,76W407445A,1086480308,世纪优选生活超市,江苏省,南京市,
20251407,ELEME,76W407470A,1086058003,快赣特价超市(油坊桥店),江苏省,南京市,
20251407,ELEME,76W407504A,1085167427,宜嘉惠超市(玄武店),江苏省,南京市,
20251407,ELEME,76W407765A,1083674128,惠宜选超市(唐山迁安店),河北省,唐山市,
20251407,ELEME,76W407872A,1086454076,飞牛便利店北桥昳晗便利店,江苏省,苏州市,
20251407,ELEME,76W407903A,1077505401,惠邻百货超市(苏州湾店),江苏省,苏州市,
20251407,ELEME,76W407998A,1076581352,京东便利店,河南省,洛阳市,
20251407,ELEME,76W416002A,1088715175,京东便利店(家源店),吉林省,吉林市,
20251407,ELEME,76W416135A,1090410062,惠宜选超市(淮安大学城店),江苏省,淮安市,
20251407,ELEME,76W416619A,1087445251,京东便利店(贵阳店),贵州省,贵阳市,
20251407,ELEME,76W417307A,1085874062,金选便利超市(经开店),陕西省,西安市,
20251407,ELEME,76W417493A,1090946090,惠宜选超市(沧州新华店),河北省,沧州市,
20251407,ELEME,76W417504A,1090948086,惠宜选超市(菏泽开发区店),山东省,菏泽市,
20251407,ELEME,76W417523A,1088051456,易乐便利店(新站店),安徽省,合肥市,
20251407,ELEME,76W417551A,1087938466,喜惠享24h精品超市(经开店),安徽省,合肥市,
20251407,ELEME,76W417766A,1079739197,好多购便利店(宜园店),浙江省,宁波市,
20251407,ELEME,76W418023A,1085925366,世纪生活超市(浦江店),上海市,上海市,
20251407,ELEME,76W418089A,1087740227,世纪精品超市(青浦店),上海市,上海市,
20251407,ELEME,76W418118A,1089354104,惠立送精品超市(滴水湖店),上海市,上海市,
20251407,ELEME,76W418399A,1087220323,鲸GO生活超市(宝安中心店),广东省,深圳市,
20251407,ELEME,76W418444A,1090515460,QVQMi全球美妆(南山店),广东省,深圳市,
20251407,ELEME,76W418625A,1087434053,世纪华联超市(厦门中心店),福建省,厦门市,
20251407,ELEME,76W418703A,1086434426,厦一单超市(明发广场店),福建省,厦门市,
20251407,ELEME,76W418902A,1089537460,京东便利店(丹东店),辽宁省,丹东市,
20251407,ELEME,76W419164A,1089040127,世纪华联超市(大理古城店),云南省,大理白族自治州,
20251407,ELEME,76W419199A,1088015193,佳嘉乐24H·精品超市,安徽省,合肥市,
20251407,ELEME,76W419436A,1090776044,惠宜选超市(济南贵和店),山东省,济南市,
20251407,ELEME,76W419536A,1082687129,世纪华联品乐超市(大融城店),上海市,上海市,
20251407,ELEME,76W419698A,1086487063,惠思客超市(长沙中心店),湖南省,长沙市,
20251407,ELEME,76W419705A,1089536441,美佳优品(岳麓店),湖南省,长沙市,
20251407,ELEME,76W420075A,1090593049,惠通优品精选超市(市北店),山东省,青岛市,
20251407,ELEME,76W420088A,1088956033,惠利选超市,山东省,青岛市,
20251407,ELEME,76W420187A,1090249140,快客达环球超市(之江银泰店),浙江省,杭州市,
20251407,ELEME,76W420276A,1088670084,京东便利店(江干店),浙江省,杭州市,
20251407,ELEME,76W420357A,1087111372,京东便利店(黑朱庄店),河南省,郑州市,
20251407,ELEME,76W420422A,1087633116,京东便利店(西双版纳总店),云南省,西双版纳傣族自治州,
20251407,ELEME,76W420572A,1090428194,熊本便利店(平乐园店),北京市,北京市,
20251407,ELEME,76W420579A,1087034204,隋你购连锁超市(通州玉桥店),北京市,北京市,
20251407,ELEME,76W420610A,1089161222,德宝生活超市(张自忠路店),北京市,北京市,
20251407,ELEME,76W420819A,1087671128,同城快送超市(九龙坡店),重庆市,重庆市,
20251407,ELEME,76W420935A,1090650170,惠宜选超市(昌邑店),山东省,潍坊市,
20251407,ELEME,76W421127A,1090506099,惠宜选超市(罗星店),浙江省,嘉兴市,
20251407,ELEME,76W421171A,1088502082,日照百货大楼店,山东省,日照市,
20251407,ELEME,76W421364A,1088344385,乐宇生活超市,江苏省,南京市,
20251407,ELEME,76W421371A,1089593190,惠宜选超市(江宁大学城店),江苏省,南京市,
20251407,ELEME,76W421377A,1087641205,快赣特价超市(江北店),江苏省,南京市,
20251407,ELEME,76W421379A,1090863022,惠万家生活超市(马群店),江苏省,南京市,
20251407,ELEME,76W421401A,1090405168,世纪万联超市(盐南店),江苏省,盐城市,
20251407,ELEME,76W421410A,1087637204,惠宜选超市(泰山新泰店),山东省,泰安市,
20251407,ELEME,76W421505A,1089687234,京东便利店(东西湖店),湖北省,武汉市,
20251407,ELEME,76W421685A,1088658179,苏达快购超市(吴江店),江苏省,苏州市,
20251407,ELEME,76W421734A,1086993218,仓鼠便利店,黑龙江省,齐齐哈尔市,
20251407,ELEME,76W421751A,1089447298,京东便利店(洛阳中心店),河南省,洛阳市,
20251407,ELEME,76W421758A,1090527193,惠宜选超市(涿州店),河北省,保定市,
20251407,ELEME,76W422090A,1090736118,惠宜选超市(扬州高邮店),江苏省,扬州市,
20251407,ELEME,76W422188A,1088015142,二十四小时超市(昆明一店),云南省,昆明市,
20251407,ELEME,76W422430A,1088617044,闪送优选超市(象湖店),江西省,南昌市,
20251407,ELEME,76W422490A,1087604321,惠宜选超市(衡水店),河北省,衡水市,
20251407,ELEME,76W422584A,1090202036,惠宜选超市(镇江丹阳店),江苏省,镇江市,
20251407,ELEME,76W422625A,1089022140,惠宜选超市(青岛城阳店),山东省,青岛市,
20251407,ELEME,76W422782A,1088811217,宅易购超市(西湖店),浙江省,杭州市,
20251407,ELEME,76W422789A,1086338365,快客达环球超市(杭州总店),浙江省,杭州市,
20251407,ELEME,76W422794A,1078401198,欢迎鸭,浙江省,杭州市,
20251407,ELEME,76W422823A,1087994244,京东便利店(杭州店),浙江省,杭州市,
20251407,ELEME,76W422877A,1088809024,快客达环球超市(钱江新城店),浙江省,杭州市,
20251407,ELEME,76W422885A,1087085486,德悦便利店,浙江省,杭州市,
20251407,ELEME,76W422935A,1089874499,快客达·环球超市(永嘉上塘店),浙江省,温州市,
20251407,ELEME,76W422994A,1085976068,鲸GO生活超市(西丽店),广东省,深圳市,
20251407,ELEME,76W423102A,1084283231,倾鑫优选生活超市(前进路店),河南省,郑州市,
20251407,ELEME,76W423136A,1089659435,惠宜选超市(威海韩乐坊店),山东省,威海市,
20251407,ELEME,76W423146A,1088366292,惠宜选超市(威海乳山店),山东省,威海市,
20251407,ELEME,76W423162A,1085943425,京东便利店(惠山万达店),江苏省,无锡市,
20251407,ELEME,76W423176A,1088679106,世纪优选生活超市(太湖店),江苏省,无锡市,
20251407,ELEME,76W423195A,1085059431,京东便利店(滨湖店),江苏省,无锡市,
20251407,ELEME,76W423243A,1079701006,小马购生活超市,河南省,濮阳市,
20251407,ELEME,76W423429A,1088128394,华光超市,北京市,北京市,
20251407,ELEME,76W423575A,1088163217,佳购连锁超市(学院路店),北京市,北京市,
20251407,ELEME,76W423984A,1090926118,惠宜选超市(临朐店),山东省,潍坊市,
20251407,ELEME,76W424002A,1086548103,鲸GO生活超市(海珠店),广东省,广州市,
20251407,ELEME,76W424118A,1071014111,乐易购生活超市(番禺店),广东省,广州市,
20251407,ELEME,76W424167A,1085872288,鲸GO生活超市(南城店),广东省,东莞市,
20251407,ELEME,76W424238A,1069607474,优佳·生活超市(温岭店),浙江省,台州市,
20251407,ELEME,76W424283A,1088959048,惠宜选超市(嘉善店),浙江省,嘉兴市,
20251407,ELEME,76W424286A,1089273478,世纪华联超市(嘉兴优选店),浙江省,嘉兴市,
20251407,ELEME,76W424353A,1084685256,日百万德福(岚山店),山东省,日照市,
20251407,ELEME,76W424458A,1086170441,惠宜选超市(天津生态城店),天津市,天津市,
20251407,ELEME,76W424463A,1089451038,京东便利店(天津店),天津市,天津市,
20251407,ELEME,76W424584A,1084903068,京东便利店(柏盛店),浙江省,绍兴市,
20251407,ELEME,76W424601A,1087266004,速买到超市(江宁店),江苏省,南京市,
20251407,ELEME,76W424625A,1088630254,QVQMi全球美妆(南京店),江苏省,南京市,
20251407,ELEME,76W424676A,1086541095,世纪优选快送超市(东山店),江苏省,南京市,
20251407,ELEME,76W424804A,1090533472,沃缤纷超市(盘龙城店),湖北省,武汉市,
20251407,ELEME,76W424863A,1088273489,京东便利店(光谷中心店),湖北省,武汉市,
20251407,ELEME,76W424881A,1077784036,沃缤纷超市(关山店),湖北省,武汉市,
20251407,ELEME,76W424925A,1077579490,沃缤纷超市(光谷东店),湖北省,武汉市,
20251407,ELEME,76W424988A,1086087472,京东便利店(柳州店),广西壮族自治区,柳州市,
20251407,ELEME,76W425102A,1085854342,京东便利店(新区店),江苏省,苏州市,
20251407,ELEME,76W425122A,1084526275,袋鼠快送超市24h,江苏省,苏州市,
20251407,ELEME,76W433642A,1059151088,南沙顶大超市,浙江省,舟山市,
20251407,ELEME,76W434850A,1072691440,卖可便利店(凯润花园店),山东省,临沂市,
20251407,ELEME,76W434940A,1073194080,24時便利店(红光店),四川省,成都市,
20251407,ELEME,76W435355A,1078531197,购物象超市(璧山店),重庆市,重庆市,
20251407,ELEME,76W435385A,1080020312,好邻居(华邻店),广东省,云浮市,
20251407,ELEME,76W435595A,1084747154,京东便利店(袍江店),浙江省,绍兴市,
20251407,ELEME,76W435906A,1086522229,惠邻精品超市(余杭区店),浙江省,杭州市,
20251407,ELEME,76W435946A,1086686049,万客华联超市(咸阳店),陕西省,咸阳市,
20251407,ELEME,76W435992A,1086918387,京东便利店(南京店),江苏省,南京市,
20251407,ELEME,76W436019A,1087091311,京东便利店(天庆路店),云南省,大理白族自治州,
20251407,ELEME,76W436138A,1087266014,京东便利店(五华店),云南省,昆明市,
20251407,ELEME,76W436317A,1087573292,优佳便利(腾冲店),云南省,保山市,
20251407,ELEME,76W436337A,1087627260,京东便利店(江宁店),江苏省,南京市,
20251407,ELEME,76W436543A,1087937011,星期天超市,重庆市,重庆市,
20251407,ELEME,76W436985A,1088319168,淘小丫连锁仓储超市(磐石店),吉林省,吉林市,
20251407,ELEME,76W437077A,1088557447,淘小丫连锁仓储超市(九台店),吉林省,长春市,
20251407,ELEME,76W437196A,1088788301,京东便利店(徐州店),江苏省,徐州市,
20251407,ELEME,76W437304A,1088908143,京东便利店(丰泽店),福建省,泉州市,
20251407,ELEME,76W438058A,1089367025,我是超市,黑龙江省,大庆市,
20251407,ELEME,76W438229A,1089507041,购物象超市(马王坪店),重庆市,重庆市,
20251407,ELEME,76W438267A,1089577053,多当家·网上好超市(24h金井店),福建省,福州市,
20251407,ELEME,76W438311A,1089652325,世纪生活超市(宝山店),上海市,上海市,
20251407,ELEME,76W438325A,1089675208,好一佳便利店,山东省,淄博市,
20251407,ELEME,76W438330A,1089690214,惠立送精品超市(魔都店),上海市,上海市,
20251407,ELEME,76W438345A,1089722109,京东便利店(新石中路店),河北省,石家庄市,
20251407,ELEME,76W438369A,1089816069,乐易购生活超市(武昌店),湖北省,武汉市,
20251407,ELEME,76W438394A,1090043391,优购精品超市(泉州万达店),福建省,泉州市,
20251407,ELEME,76W438782A,1090634311,京东便利店(西湖店),浙江省,杭州市,
20251407,ELEME,76W438786A,1090636106,优享万物(兴华市场店),天津市,天津市,
20251407,ELEME,76W438833A,1090665366,快捷购精品超市(南宁店),广西壮族自治区,南宁市,
20251407,ELEME,76W438984A,1090751082,喜洋洋精品超市(渝北店),重庆市,重庆市,
20251407,ELEME,76W439026A,1090773093,惠宜选超市(即墨店),山东省,青岛市,
20251407,ELEME,76W439086A,1090816307,海豚购(绿地468店),四川省,成都市,
20251407,ELEME,76W439107A,1090827292,海豚购(空港店),四川省,成都市,
20251407,ELEME,76W439209A,1090886435,世纪生活超市(虹口店),上海市,上海市,
20251407,ELEME,76W439221A,1090896256,惠宜选超市(泰州姜堰店),江苏省,泰州市,
20251407,ELEME,76W439235A,1090903317,惠宜选超市(芜湖无为店),安徽省,芜湖市,
20251407,ELEME,76W439261A,1090922290,惠宜选超市(镇江句容店),江苏省,镇江市,
20251407,ELEME,76W439304A,1090952207,惠宜选超市(廊坊香河店),河北省,廊坊市,
20251407,ELEME,76W439314A,1090959214,惠宜选超市(烟台莱山店),山东省,烟台市,
20251407,ELEME,76W439347A,1090986273,京东便利店(昆山店),江苏省,苏州市,
20251407,ELEME,76W439468A,1091143416,惠立送精品超市(观沙岭店),湖南省,长沙市,
20251407,ELEME,76W439496A,1091149428,京选便利店(高新店),陕西省,西安市,
20251407,ELEME,76W439518A,1091153150,邻侣超市(虹桥中心店),上海市,上海市,
20251407,ELEME,76W439912A,1091238113,超宜选精品超市(抚州店),江西省,抚州市,
20251407,ELEME,76W439996A,1091261416,福美超市(宝盛里店),北京市,北京市,
20251407,ELEME,76W440418A,1091430210,便利喵(汇悦天地店),四川省,眉山市,
20251407,ELEME,76W440445A,1091564185,惠宜选超市(合肥庐江店),安徽省,合肥市,
20251407,ELEME,76W440446A,1091567326,惠宜选超市(合肥巢湖店),安徽省,合肥市,
20251407,ELEME,76W440477A,1091691362,德宝生活超市(公益西桥店),北京市,北京市,
20251407,ELEME,76W440496A,1091745436,津客来生活超市,天津市,天津市,
20251407,ELEME,76W440501A,1091765477,惠宜选超市(东营广饶店),山东省,东营市,
20251407,ELEME,76W440534A,1091860141,惠宜选超市(济宁兖州店),山东省,济宁市,
20251407,ELEME,76W440537A,1091883131,惠宜选超市(兰陵店),山东省,临沂市,
20251407,ELEME,76W440543A,1091903074,惠宜选超市(海阳店),山东省,烟台市,
20251407,ELEME,76W440545A,1091906138,惠宜选超市(徐州沛县店),江苏省,徐州市,
20251407,ELEME,76W440556A,1092009031,惠宜选超市(徐州新沂店),江苏省,徐州市,
20251407,ELEME,76W440558A,1092021011,惠宜选超市(合肥肥东店),安徽省,合肥市,
20251407,ELEME,76W440568A,1092191431,惠邻百佳超市(西三旗店),北京市,北京市,
20251407,ELEME,76W440597A,1092342304,沃缤纷超市(四新店),湖北省,武汉市,
20251407,ELEME,76W440678A,1092428484,惠宜选超市(白沟店),河北省,保定市,
20251407,ELEME,76W440683A,1092430409,惠宜选超市(济南长清大学店),山东省,济南市,
20251407,ELEME,76W440721A,1092447360,京东便利店(台州店),浙江省,台州市,
20251407,ELEME,76W440800A,1092479269,农嘉超(万道星光店),云南省,曲靖市,
20251407,ELEME,76W440871A,1092501192,快客达·环球超市(余杭中心店),浙江省,杭州市,
20251407,ELEME,76W440964A,1092521443,惠宜选超市(滨州西店),山东省,滨州市,
20251407,ELEME,76W441088A,1092547404,惠宜选超市(邢台店),河北省,邢台市,
20251407,ELEME,76W441427A,1092610198,博利批发超市(华岩店),重庆市,重庆市,
20251407,ELEME,76W441434A,1092612014,优佰连锁超市(贵和店),辽宁省,沈阳市,
20251407,ELEME,76W441463A,1092615442,小龟快送超市(沙井店),广东省,深圳市,
20251407,ELEME,76W441557A,1092630065,惠宜选超市(临沂沂水店),山东省,临沂市,
20251407,ELEME,76W441905A,1092696472,畅淘集市精品超市(南京店),江苏省,南京市,
20251407,ELEME,76W442250A,1092772092,惠宜选超市(盐城东台店),江苏省,盐城市,
20251407,ELEME,76W442370A,1092804275,华润万家MART(陆家嘴中心店),天津市,天津市,
20251407,ELEME,76W442607A,1092897152,惠宜选超市(铜山万达店),江苏省,徐州市,
20251407,ELEME,76W442622A,1092903222,鹿尚客精品超市(杭州中心店),浙江省,杭州市,
20251407,ELEME,76W442652A,1092913044,惠宜选超市(天津宝坻店),天津市,天津市,
20251407,ELEME,76W443102A,1093075264,闪电购精品超市(东湖店),福建省,泉州市,
20251407,ELEME,76W443156A,1093095192,海选超市(深圳店),广东省,深圳市,
20251407,ELEME,76W443161A,1093096488,九耀精品超市(景洪店),云南省,西双版纳傣族自治州,
20251407,ELEME,76W443196A,1093112048,京东便利店(南山中心店),广东省,深圳市,
20251407,ELEME,76W443247A,1093143110,京东便利店(南阳店),河南省,南阳市,
20251407,ELEME,76W443303A,1093172436,海豚购(合生汇店),四川省,成都市,
20251407,ELEME,76W443331A,1093185205,易小妹便利店,云南省,保山市,
20251407,ELEME,76W443428A,1093238247,京东便利店(潍坊中心店),山东省,潍坊市,
20251407,ELEME,76W443544A,1093294122,锦苑超市(河庄店),浙江省,杭州市,
20251407,ELEME,76W443604A,1093322399,乐的·连锁超市(西双版纳店),云南省,西双版纳傣族自治州,
20251407,ELEME,76W443629A,1093331403,惠宜选超市(东营垦利店),山东省,东营市,
20251407,ELEME,76W443723A,1093378236,惠宜选超市(北京密云店),北京市,北京市,
20251407,ELEME,76W443810A,1093444029,惠宜选超市(济南大学店),山东省,济南市,
20251407,ELEME,76W443851A,1093464005,惠宜选超市(胶南店),山东省,青岛市,
20251407,ELEME,76W443913A,1093506500,惠宜选超市(邹平黄山二路店),山东省,滨州市,
20251407,ELEME,76W444011A,1093588331,帮帮团超市(盐城建湖店),江苏省,盐城市,
20251407,ELEME,76W444013A,1093589329,帮帮团超市(阜阳颍上店),安徽省,阜阳市,
20251407,ELEME,76W444034A,1093614434,佳美购超市(万达店),江苏省,泰州市,
20251407,ELEME,76W444051A,1093637077,惠宜选超市(莒南店),山东省,临沂市,
20251407,ELEME,76W444112A,1093697033,欧阳批发超市(天汇嘉园店),浙江省,温州市,
20251407,ELEME,76W444130A,1093717489,万物优选百货超市(凤凰店),广东省,深圳市,
20251407,ELEME,76W444131A,1093719242,惠宜选超市(泰兴慧学巷店),江苏省,泰州市,
20251407,ELEME,76W444137A,1093723343,世纪精品超市(泥城店),上海市,上海市,
20251407,ELEME,76W444172A,1093761360,惠宜选超市(太行山路店),山东省,青岛市,
20251407,ELEME,76W444185A,1093773358,惠宜选超市(淮安涟水店),江苏省,淮安市,
20251407,ELEME,76W444217A,1093809121,京东便利店(普洱店),云南省,普洱市,
20251407,ELEME,76W444221A,1093811206,惠宜选超市(曹妃甸店),河北省,唐山市,
20251407,ELEME,76W444225A,1093814449,世纪超市(海曙中心店),浙江省,宁波市,
20251407,ELEME,76W444230A,1093820184,惠宜选超市(烟台龙口店),山东省,烟台市,
20251407,ELEME,76W444274A,1093861408,帮帮团超市(连云港灌云店),江苏省,连云港市,
20251407,ELEME,76W444287A,1093873162,帮帮团超市(烟台蓬莱店),山东省,烟台市,
20251407,ELEME,76W444624A,1094060068,惠宜选超市(枣庄龙头市场店),山东省,枣庄市,
20251407,ELEME,76W444691A,1094084034,惠宜选超市(日照五莲店),山东省,日照市,
20251407,ELEME,76W444729A,1094104134,快客达·环球超市(宁波高新店),浙江省,宁波市,
20251407,ELEME,76W444785A,1094121055,乐豆家(临川一中0598店),江西省,抚州市,
20251407,ELEME,76W451851A,1093957243,帮帮团超市(德州万达店),山东省,德州市,
20251407,ELEME,76W452004A,1094295096,惠宜选超市(宣城宣州店),安徽省,宣城市,
20251407,ELEME,76W452243A,1095615470,惠利民生活超市(蠡口中心店),江苏省,苏州市,
20251407,ELEME,76W452252A,1094834481,惠宜选超市(邯郸复兴店),河北省,邯郸市,
20251407,ELEME,76W452311A,1094765187,惠宜选超市(振兴路老店),河南省,濮阳市,
20251407,ELEME,76W452355A,1089626426,May's Deli(保乐路店),上海市,上海市,
20251407,ELEME,76W452422A,1095492007,快赣特价超市(万达店),安徽省,合肥市,
20251407,ELEME,76W452537A,1094737397,德宝生活超市(国润大厦店),河北省,廊坊市,
20251407,ELEME,76W452549A,1093841042,世纪华联优品(二七中心店),河南省,郑州市,
20251407,ELEME,76W452607A,1094876387,惠宜选超市(连云墟沟店),江苏省,连云港市,
20251407,ELEME,76W452845A,1096291176,德宝生活超市(泰达店),河北省,廊坊市,
20251407,ELEME,76W452906A,1095643260,京东便利店(合肥店),安徽省,合肥市,
20251407,ELEME,76W452911A,1095908110,惠邻百佳超市(广安门店),北京市,北京市,
20251407,ELEME,76W452992A,1094048376,惠美优选(淄博店),山东省,淄博市,
20251407,ELEME,76W453015A,1095645286,德宝生活超市(武清店),天津市,天津市,
20251407,ELEME,76W453047A,1096102304,惠宜选超市(安庆桐城店),安徽省,安庆市,
20251407,ELEME,76W453141A,1093888375,惠宜选超市(亳州利辛店),安徽省,亳州市,
20251407,ELEME,76W453247A,1092591063,京东便利店(新北店),江苏省,常州市,
20251407,ELEME,76W453345A,1094925316,惠立送超市·搜04领红包(崇明店),上海市,上海市,
20251407,ELEME,76W453405A,1095196067,惠宜选超市(阜阳太和店),安徽省,阜阳市,
20251407,ELEME,76W453487A,1094926417,鲸GO生活超市(太安店),广东省,深圳市,
20251407,ELEME,76W453490A,1094520259,惠宜选超市(徐州丰县店),江苏省,徐州市,
20251407,ELEME,76W453535A,1092428327,京东便利店(新区店),江苏省,无锡市,
20251407,ELEME,76W453569A,1095243071,惠邻百佳超市(循礼门店),湖北省,武汉市,
20251407,ELEME,76W453651A,1094439157,京东便利店(华中店),湖北省,武汉市,
20251407,ELEME,76W453670A,1094817487,惠宜选超市(济宁嘉祥店),山东省,济宁市,
20251407,ELEME,76W453843A,1094857122,快客达·环球超市(合肥万达店),安徽省,合肥市,
20251407,ELEME,76W453878A,1095502208,邻里优选(金沙湖店),浙江省,杭州市,
20251407,ELEME,76W453942A,1094804431,优享购超市(大学城店),天津市,天津市,
20251407,ELEME,76W453970A,1095414199,惠宜选超市(昌黎店),河北省,秦皇岛市,
20251407,ELEME,76W454080A,1094885197,快客达·环球超市(临城新区店),浙江省,舟山市,
20251407,ELEME,76W454141A,1094597337,惠宜选超市(威海环翠店),山东省,威海市,
20251407,ELEME,76W454148A,1095373156,京东便利店(下沙中心店),浙江省,杭州市,
20251407,ELEME,76W454230A,1095140183,家佳乐超市(鼎融店),福建省,宁德市,
20251407,ELEME,76W454250A,1093893385,京东便利店(大连中心店),辽宁省,大连市,
20251407,ELEME,76W454441A,1093914257,海豚购(新都店),四川省,成都市,
20251407,ELEME,76W454459A,1090976026,隋你购连锁超市(天通苑店),北京市,北京市,
20251407,ELEME,76W454612A,1092451160,众客邻24h精品超市(马鞍山店),安徽省,马鞍山市,
20251407,ELEME,76W454629A,1095517081,德宝生活超市(西红门店),北京市,北京市,
20251407,ELEME,76W454650A,1094947106,惠宜选超市(济南平阴店),山东省,济南市,
20251407,ELEME,76W454839A,1093551493,小叮当超市(大学城店),重庆市,重庆市,
20251407,ELEME,76W454892A,1094003015,惠宜选超市(阜阳阜南店),安徽省,阜阳市,
20251407,ELEME,76W455045A,1093254379,购物象超市(荣昌店),重庆市,重庆市,
20251407,ELEME,76W455090A,1093906287,德宝生活超市(东坝店),北京市,北京市,
20251407,ELEME,76W455178A,1094994371,世纪精品超市(义乌宾王店),浙江省,金华市,
20251407,ELEME,76W455393A,1093429075,惠美悠选超市(苏州高新店),江苏省,苏州市,
20251407,ELEME,76W455593A,1071068270,乐易购生活超市(棠东店),广东省,广州市,
20251407,ELEME,76W455792A,1094377250,惠宜选超市(日照莒县店),山东省,日照市,
20251407,ELEME,76W455887A,1094299495,喜惠享24h精品超市(包河店),安徽省,合肥市,
20251407,ELEME,76W455914A,1095058128,德宝生活超市(小屯路店),北京市,北京市,
20251407,ELEME,76W455937A,1094802140,惠宜选超市(淮安洪泽店),江苏省,淮安市,
20251407,ELEME,76W456315A,1093332489,世纪优选超市(栖霞店),江苏省,南京市,
20251407,ELEME,76W456365A,1093362280,ONE美妆集合店(莲湖店),陕西省,西安市,
20251407,ELEME,76W456402A,1090690426,兴勤超市(万联店),广东省,惠州市,
20251407,ELEME,76W456475A,1093425488,购物象超市(茶园店),重庆市,重庆市,
20251407,ELEME,76W456499A,1094876425,拾惠客24H超市(天津宁河店),天津市,天津市,
20251407,ELEME,76W456663A,1095626068,共橙一站式超市(湖州长兴店),浙江省,湖州市,
20251407,ELEME,76W456863A,1095753486,哆乐便利店(搜嗨吃领红包天和新城店),山东省,烟台市,
20251407,ELEME,76W457038A,1093470294,京东便利店(厦门嘉庚店),福建省,厦门市,
20251407,ELEME,76W457043A,1095148262,京东便利店(保山中心店),云南省,保山市,
20251407,ELEME,76W457206A,1094050147,快客达·环球超市(常熟店),江苏省,苏州市,
20251407,ELEME,76W457262A,1094758368,惠宜选超市(宿迁沭阳店),江苏省,宿迁市,
20251407,ELEME,76W457293A,1092565027,众客邻24h精品超市(高新区店),安徽省,合肥市,
20251407,ELEME,76W457465A,1094859412,快客达·环球超市(合肥火车站店),安徽省,合肥市,
20251407,ELEME,76W457624A,1095315125,24小时便利超市,浙江省,宁波市,
20251407,ELEME,76W457727A,1095529429,惠多多·便利超市(白石巷店),浙江省,杭州市,
20251407,ELEME,76W457743A,1094121213,厦一单超市(创新园店),福建省,厦门市,
20251407,ELEME,76W457762A,1095076179,世纪精品超市(静安中心店),上海市,上海市,
20251407,ELEME,76W457804A,1090977198,邻嘉便利(中海太华府店),陕西省,西安市,
20251407,ELEME,76W457867A,1093311195,快捷购精品超市(五华店),云南省,昆明市,
20251407,ELEME,76W457974A,1094419085,快客达·环球超市(无锡中心店),江苏省,无锡市,
20251407,ELEME,76W458001A,1095400330,京东便利店(星级旗舰店),河南省,洛阳市,
20251407,ELEME,76W458019A,1094480053,惠邻百佳超市(丽泽桥店),北京市,北京市,
20251407,ELEME,76W458233A,1095375108,沃老大超市(优加店),浙江省,台州市,
20251407,ELEME,76W458291A,1094164124,瓜瓜到家(阎良店),陕西省,西安市,
20251407,ELEME,76W458355A,1094862387,惠邻百佳超市(石景山店),北京市,北京市,
20251407,ELEME,76W458367A,1095423207,惠宜选超市(天津双港店),天津市,天津市,
20251407,ELEME,76W458408A,1094211394,惠宜选超市(滁州全椒店),安徽省,滁州市,
20251407,ELEME,76W458499A,1093057440,佳多美超市(黄村店),北京市,北京市,
20251407,ELEME,76W458541A,1093913261,惠邻百货超市(青剑湖店),江苏省,苏州市,
20251407,ELEME,76W458555A,1094878347,惠宜选超市(盐城城东店),江苏省,盐城市,
20251407,ELEME,76W458582A,1095863484,火星便利店(围堤道店),天津市,天津市,
20251407,ELEME,76W458659A,1094955247,欢临超市(巢湖店),安徽省,合肥市,
20251407,ELEME,76W458802A,1094420156,佳惠超市(麓山店),湖南省,长沙市,
20251407,ELEME,76W458878A,1094265159,京东便利店(万达店),江苏省,苏州市,
20251407,ELEME,76W458967A,1094203381,欢临精品超市(六安店),安徽省,六安市,
20251407,ELEME,76W459052A,1094577324,惠宜选超市(临沂郯城店),山东省,临沂市,
20251407,ELEME,76W459059A,1095094488,京东便利店(隐秀路店),浙江省,杭州市,
20251407,ELEME,76W459132A,1094327242,京东便利店(威海中心店),山东省,威海市,
20251407,ELEME,76W459137A,1095625069,小肆鲸选生活超市(恒大名都店),江苏省,盐城市,
20251407,ELEME,76W459188A,1094740425,熊本便利店(东花市店),北京市,北京市,
20251407,ELEME,76W459304A,1095458336,敏敏购物国贸店,贵州省,遵义市,
20251407,ELEME,76W459448A,1094805329,海豚购(龙泉驿店),四川省,成都市,
20251407,ELEME,76W459461A,1094668299,京东便利店(常州中心店),江苏省,常州市,
20251407,ELEME,76W459492A,1094662208,京东便利店(九龙湖店),江西省,南昌市,
20251407,ELEME,76W459546A,1094380413,惠立送精品超市(徐汇店),上海市,上海市,
20251407,ELEME,76W459695A,1093611483,厦一单超市(软件园店),福建省,厦门市,
20251407,ELEME,76W459751A,1094192230,惠宜选超市(阜阳临泉店),安徽省,阜阳市,
20251407,ELEME,76W459907A,1094622329,惠宜选超市(台儿庄店),山东省,枣庄市,
20251407,ELEME,76W459935A,1094911220,惠宜选超市(天津红桥店),天津市,天津市,
20251407,ELEME,76W459965A,1095146101,惠宜选超市(淮安盱眙店),江苏省,淮安市,
20251407,ELEME,76W460040A,1094798291,惠宜选超市(濮阳恒丰店),河南省,濮阳市,
20251407,ELEME,76W460150A,1095686206,惠邻百佳超市(798店),北京市,北京市,
20251407,ELEME,76W460153A,1094943118,惠宜选超市(菏泽曹县店),山东省,菏泽市,
20251407,ELEME,76W460193A,1094510286,沃缤纷超市(白沙洲店),湖北省,武汉市,
20251407,ELEME,76W460476A,1093345393,惠美悠选超市(宝利丰广场店),安徽省,合肥市,
20251407,ELEME,76W460577A,1094430421,惠宜选超市(宿迁泗阳店),江苏省,宿迁市,
20251407,ELEME,76W460607A,1094539486,惠宜选超市(绿地中央广场店),山东省,济南市,
20251407,ELEME,76W460900A,1094162291,京东便利店(义乌店),浙江省,金华市,
20251407,ELEME,76W460909A,1094435138,帮帮团超市(周村店),山东省,淄博市,
20251407,ELEME,76W460934A,1093902303,昔多购超市(宁乡店),湖南省,长沙市,
20251407,ELEME,76W461011A,1089581128,世纪优品超市(松江星远店),上海市,上海市,
20251407,ELEME,76W461018A,1095167079,惠宜选超市(合肥长丰店),安徽省,合肥市,
20251407,ELEME,76W461126A,1094182159,京东便利店(相城店),江苏省,苏州市,
20251407,ELEME,76W461276A,1088846284,佳品易购(通州店),北京市,北京市,
20251407,ELEME,76W461384A,1092706308,京东便利店(都江堰店),四川省,成都市,
20251407,ELEME,76W461496A,1093230302,快捷购精品超市(昆明站店),云南省,昆明市,
20251407,ELEME,76W461556A,1094948322,鲸GO生活超市(国贸店),广东省,深圳市,
20251407,ELEME,76W461745A,1095770450,世纪华联超市(普洱精品店),云南省,普洱市,
20251407,ELEME,76W461989A,1094406196,德宝生活超市(双桥店),北京市,北京市,
20251407,ELEME,76W462154A,1094547417,惠宜选超市(博兴店),山东省,滨州市,
20251407,ELEME,76W462204A,1063712355,程哲生活超市(利时广场店),浙江省,宁波市,
20251407,ELEME,76W472558A,1097999109,京东便利店(嘉兴店),浙江省,嘉兴市,
20251407,ELEME,76W472569A,1098675283,帮帮团超市(扬州仪征店),江苏省,扬州市,
20251407,ELEME,76W472660A,1097760423,万佳连锁超市(坪山店),广东省,深圳市,
20251407,ELEME,76W472679A,1098407059,百世好邻超市(东南湖畔店),江苏省,苏州市,
20251407,ELEME,76W472701A,1095946421,京东便利店(湖里店),福建省,厦门市,
20251407,ELEME,76W472769A,1097655249,万物优选百货超市(观澜店),广东省,深圳市,
20251407,ELEME,76W472805A,1098302169,惠美悠选超市(司徒街店),黑龙江省,哈尔滨市,
20251407,ELEME,76W472850A,1097880138,天猫小店(河马便利涂山路店),安徽省,蚌埠市,
20251407,ELEME,76W472868A,1095008102,惠立送精品超市(哈西万达店),黑龙江省,哈尔滨市,
20251407,ELEME,76W472937A,1098257205,京东便利店(胜利北街店),辽宁省,沈阳市,
20251407,ELEME,76W472943A,1098464477,华联万家超市(嘉善中心店),浙江省,嘉兴市,
20251407,ELEME,76W472945A,1099691120,鲸GO生活超市(大浪店),广东省,深圳市,
20251407,ELEME,76W472960A,1096822310,快跑侠超市(凯旋路店),上海市,上海市,
20251407,ELEME,76W473003A,1099467429,共橙一站式超市(商丘文化路店),河南省,商丘市,
20251407,ELEME,76W473016A,1098345022,京东便利店(高新花园店),山东省,威海市,
20251407,ELEME,76W473028A,1099254155,德宝生活超市(回龙观店),北京市,北京市,
20251407,ELEME,76W473182A,1099086200,德宝生活超市(金地中央店),北京市,北京市,
20251407,ELEME,76W473199A,1099388292,海豚购(武侯万达店),四川省,成都市,
20251407,ELEME,76W473233A,1096817364,京东便利店(鼓楼店),福建省,福州市,
20251407,ELEME,76W473244A,1097047223,京东便利店(金华店),浙江省,金华市,
20251407,ELEME,76W473256A,1098368242,快客达超市(鼓楼中心店),江苏省,南京市,
20251407,ELEME,76W473272A,1097612270,德宝生活超市(咸水沽店),天津市,天津市,
20251407,ELEME,76W473297A,1095969053,超宜选精品超市(吉安中心店),江西省,吉安市,
20251407,ELEME,76W473319A,1094766175,世纪华联超市(瑞安店),浙江省,温州市,
20251407,ELEME,76W473330A,1096447124,海豚购(泸州龙马潭店),四川省,泸州市,
20251407,ELEME,76W473331A,1096747343,海豚购(双流店),四川省,成都市,
20251407,ELEME,76W473350A,1097257117,熊本校园超市(航天桥店),北京市,北京市,
20251407,ELEME,76W473355A,1096592397,益家顺连锁便利店(临泉店),安徽省,阜阳市,
20251407,ELEME,76W473427A,1096558497,蛙蛙便利店(花园桥店),北京市,北京市,
20251407,ELEME,76W473464A,1098826026,惠立送精品超市(南岗区店),黑龙江省,哈尔滨市,
20251407,ELEME,76W473470A,1098190311,海豚购(中和店),四川省,成都市,
20251407,ELEME,76W473490A,1097203448,京东便利店(朝阳中心店),北京市,北京市,
20251407,ELEME,76W473497A,1097662354,易惠达超市(石榴庄店),北京市,北京市,
20251407,ELEME,76W473535A,1097196291,惠宜选校园超市(衡水学院店),河北省,衡水市,
20251407,ELEME,76W473604A,1097048095,京东便利店(24h开发区店),河北省,秦皇岛市,
20251407,ELEME,76W473668A,1098320433,易惠达超市(石景山店),北京市,北京市,
20251407,ELEME,76W473727A,1097663268,京东便利店(隆阳店),云南省,保山市,
20251407,ELEME,76W473730A,1097815228,吉速便利店(宁波店),浙江省,宁波市,
20251407,ELEME,76W473761A,1090575341,米图便利店(南昌路店),河南省,洛阳市,
20251407,ELEME,76W473832A,1093622351,京选超市,福建省,厦门市,
20251407,ELEME,76W473855A,1099506188,共橙一站式超市(烟台莱州店),山东省,烟台市,
20251407,ELEME,76W473868A,1096072295,帮帮团超市(通化东昌店),吉林省,通化市,
20251407,ELEME,76W473884A,1093253415,24h速时达超市(遵义中心店),贵州省,遵义市,
20251407,ELEME,76W474031A,1099348243,共橙一站式超市(天津汉沽店),天津市,天津市,
20251407,ELEME,76W474044A,1095981203,京东便利店(良渚店),浙江省,杭州市,
20251407,ELEME,76W474045A,1096253464,惠邻百佳超市(大钟寺店),北京市,北京市,
20251407,ELEME,76W474048A,1097786244,京东便利店(蒙自中心店),云南省,红河哈尼族彝族自治州,
20251407,ELEME,76W474077A,1097757301,惠立送精品超市(花山路店),上海市,上海市,
20251407,ELEME,76W474098A,1099464421,邻里物语精品超市(双湾店),江苏省,苏州市,
20251407,ELEME,76W474118A,1099529141,惠邻百佳超市(耿庄店),北京市,北京市,
20251407,ELEME,76W474242A,1099526005,帮帮团超市(邳州中心店),江苏省,徐州市,
20251407,ELEME,76W474261A,1099313443,共橙一站式超市(溧水店),江苏省,南京市,
20251407,ELEME,76W474270A,1097516040,锦小鲤便利店(曲江店),陕西省,西安市,
20251407,ELEME,76W474280A,1093234480,考拉易购生活超市(福田店),广东省,深圳市,
20251407,ELEME,76W474375A,1099249476,世纪华联超市(威海火炬路店),山东省,威海市,
20251407,ELEME,76W474378A,1096204145,京东便利店(福永店),广东省,深圳市,
20251407,ELEME,76W474416A,1094265112,润发超市,黑龙江省,大庆市,
20251407,ELEME,76W474523A,1098741124,日客隆甄选24h生活超市,安徽省,合肥市,
20251407,ELEME,76W474589A,1098500288,共橙一站式超市(定兴店),河北省,保定市,
20251407,ELEME,76W474718A,1096047411,世纪精品超市(朱家角店),上海市,上海市,
20251407,ELEME,76W474725A,1098014282,鲸GO生活超市(观澜店),广东省,深圳市,
20251407,ELEME,76W474735A,1097186432,即刻优品(聊城中心店),山东省,聊城市,
20251407,ELEME,76W474737A,1096891030,沃缤纷超市(荆州店),湖北省,荆州市,
20251407,ELEME,76W474791A,1098369166,惠邻百佳超市(亦庄店),北京市,北京市,
20251407,ELEME,76W474806A,1095427367,快客达超市(临平万宝城店),浙江省,杭州市,
20251407,ELEME,76W474832A,1094850387,美嘉汇·精选超市(萧山店),浙江省,杭州市,
20251407,ELEME,76W474862A,1098454431,京东便利店(龙岩中心店),福建省,龙岩市,
20251407,ELEME,76W474878A,1098473241,共橙一站式超市(唐山遵化店),河北省,唐山市,
20251407,ELEME,76W474888A,1098394315,惠立送便利超市(蛇口店),广东省,深圳市,
20251407,ELEME,76W474899A,1099233342,京东便利店(青秀山店),广西壮族自治区,南宁市,
20251407,ELEME,76W474924A,1095598274,京东便利店(顺德店),广东省,佛山市,
20251407,ELEME,76W474936A,1096871475,京东便利店(2店),陕西省,西安市,
20251407,ELEME,76W474942A,1099430221,共橙一站式超市(坊子区店),山东省,潍坊市,
20251407,ELEME,76W474970A,1097295111,熊本校园超市(大成路店),北京市,北京市,
20251407,ELEME,76W474971A,1095120438,世纪华联超市(定海中心店),浙江省,舟山市,
20251407,ELEME,76W474989A,1096505351,世纪优选超市(江宁区店),江苏省,南京市,
20251407,ELEME,76W474995A,1099633326,惠立送精品超市(迪士尼店),上海市,上海市,
20251407,ELEME,76W475046A,1099496217,共橙一站式超市(聊城茌平店),山东省,聊城市,
20251407,ELEME,76W475066A,1096705299,小仓生活(融科创意店),北京市,北京市,
20251407,ELEME,76W475072A,1098610395,京东便利店(株洲天元区店),湖南省,株洲市,
20251407,ELEME,76W475100A,1099369359,京东便利店(许昌中心店),河南省,许昌市,
20251407,ELEME,76W475123A,1098815329,京东便利店(拱墅区店),浙江省,杭州市,
20251407,ELEME,76W475129A,1099432276,快赣特价超市(光复店),上海市,上海市,
20251407,ELEME,76W475149A,1099551110,快捷购精品超市(花果园店),贵州省,贵阳市,
20251407,ELEME,76W475180A,1088015174,京东便利店(杭州甄选百货店),浙江省,杭州市,
20251407,ELEME,76W475187A,1096897362,京东便利店(厦门中心店),福建省,厦门市,
20251407,ELEME,76W475188A,1097028067,海豚购(郫都店),四川省,成都市,
20251407,ELEME,76W475197A,1099365166,世纪精品超市(孙厝店),福建省,厦门市,
20251407,ELEME,76W475210A,1077851215,考拉易购生活超市(龙华店),广东省,深圳市,
20251407,ELEME,76W475213A,1088123487,惠小团,江苏省,苏州市,
20251407,ELEME,76W475242A,1094677396,嗨购生活超市(南市店),天津市,天津市,
20251407,ELEME,76W475270A,1098522420,帮帮团超市(徐州睢宁店),北京市,北京市,
20251407,ELEME,76W475273A,1097179110,京东便利店(南沙中心店),广东省,广州市,
20251407,ELEME,76W475320A,1096156195,拾惠客24H超市(华苑店),天津市,天津市,
20251407,ELEME,76W475347A,1096267025,京东便利店(商丘中心店),河南省,商丘市,
20251407,ELEME,76W475399A,1096249490,快时哆超市,广东省,深圳市,
20251407,ELEME,76W475454A,1095275318,乐购汪超市(余杭区店),浙江省,杭州市,
20251407,ELEME,76W475522A,1096632335,京东便利店(恩施总店),湖北省,恩施土家族苗族自治州,
20251407,ELEME,76W475573A,1089815084,蛙蛙便利店(安贞店),北京市,北京市,
20251407,ELEME,76W475683A,1098475484,世纪华联(华南店),辽宁省,大连市,
20251407,ELEME,76W475716A,1096870054,世纪精品超市(织里中心店),浙江省,湖州市,
20251407,ELEME,76W475729A,1096845296,二胖闪送超市(延平区店),福建省,南平市,
20251407,ELEME,76W475763A,1099586223,世纪精品超市(浦江店),上海市,上海市,
20251407,ELEME,76W475798A,1099603387,伴跃闪购超市(仙桃店),湖北省,仙桃市,
20251407,ELEME,76W475811A,1098440086,世纪精品超市(海湾店),上海市,上海市,
20251407,ELEME,76W475823A,1096830185,乂优选快送超市(广州南站店),广东省,广州市,
20251407,ELEME,76W475832A,1099158140,GULOUGourmand进口食品店,北京市,北京市,
20251407,ELEME,76W475856A,1098516260,共橙一站式超市(胶州店),山东省,青岛市,
20251407,ELEME,76W475903A,1098442263,共橙一站式超市(济宁泗水店),山东省,济宁市,
20251407,ELEME,76W475921A,1097400014,共橙超市(定远店),安徽省,滁州市,
20251407,ELEME,76W475930A,1099489359,海豚购(桐梓林店),四川省,成都市,
20251407,ELEME,76W475991A,1095711055,京东便利店(宜昌店),湖北省,宜昌市,
20251407,ELEME,76W476013A,1097980070,鑫悦购生活超市(内江二店),四川省,内江市,
20251407,ELEME,76W476029A,1097837093,惠邻百佳超市(雅宝路店),北京市,北京市,
20251407,ELEME,76W476036A,1095397414,世纪精品超市(浦东中心店),上海市,上海市,
20251407,ELEME,76W476076A,1095749169,乐的优选超市(长治中心店),山西省,长治市,
20251407,ELEME,76W476112A,1097287185,快捷购精品超市(郑州中心店),河南省,郑州市,
20251407,ELEME,76W476150A,1096868399,京东便利店(绵阳店),四川省,绵阳市,
20251407,ELEME,76W476177A,1096470129,购物象超市(香港城店),重庆市,重庆市,
20251407,ELEME,76W476199A,1097050453,购佳优品生活超市(龙岗店),广东省,深圳市,
20251407,ELEME,76W476212A,1098966042,惠美优选超市(北仑横河店),浙江省,宁波市,
20251407,ELEME,76W476233A,1097919238,京东便利店(岳阳店),湖南省,岳阳市,
20251407,ELEME,76W476397A,1096790155,京东便利店(西昌店),四川省,凉山彝族自治州,
20251407,ELEME,76W476399A,1099271243,世纪生活超市(福清中心店),福建省,福州市,
20251407,ELEME,76W476403A,1096087156,旺福超市(前山店),广东省,珠海市,
20251407,ELEME,76W476451A,1096694280,帮帮团超市(桐乡中心店),浙江省,嘉兴市,
20251407,ELEME,76W476503A,1096222207,汇聚宜超市(河西店),湖南省,长沙市,
20251407,ELEME,76W476563A,1099334272,共橙一站式超市(聊城东阿店),山东省,聊城市,
20251407,ELEME,76W476575A,1096802225,京东便利店(淮安店),江苏省,淮安市,
20251407,ELEME,76W476576A,1094541254,沃缤纷超市(街道口店),湖北省,武汉市,
20251407,ELEME,76W476610A,1095591238,京东便利店(新天地店),浙江省,杭州市,
20251407,ELEME,76W476638A,1097807498,新惠百货超市,湖北省,武汉市,
20251407,ELEME,76W476651A,1098197041,京东便利店(楚雄中心店),云南省,楚雄彝族自治州,
20251407,ELEME,76W476675A,1098091474,邻里物语精品超市(杭州中心店),浙江省,杭州市,
20251407,ELEME,76W476694A,1094782473,京东便利店(丁桥中心店),浙江省,杭州市,
20251407,ELEME,76W476730A,1098470315,帮帮团超市(连云港灌南店),江苏省,连云港市,
20251407,ELEME,76W476748A,1096281454,京选生活超市(大理古城店),云南省,大理白族自治州,
20251407,ELEME,76W476761A,1095115433,快送熊超市(集美店),福建省,厦门市,
20251407,ELEME,76W476830A,1097737266,京东便利店(晋江中心店),福建省,泉州市,
20251407,ELEME,76W476853A,1098370493,京东便利店(天津南站店),天津市,天津市,
20251407,ELEME,76W476879A,1096275206,京东便利店老余杭店,浙江省,杭州市,
20251407,ELEME,76W476936A,1096248262,诚选超市,安徽省,合肥市,
20251407,ELEME,76W476939A,1095934377,福永兴超市(康宁店),福建省,宁德市,
20251407,ELEME,76W476949A,1096839136,惠宜选超市(盐城滨海店),江苏省,盐城市,
20251407,ELEME,76W476987A,1096585450,德宝生活超市(三大街店),河北省,廊坊市,
20251407,ELEME,76W477089A,1095352095,京东便利店(安溪中心店),福建省,泉州市,
20251407,ELEME,76W477135A,1098647007,惠宜选超市(留驾庄店),山西省,运城市,
20251407,ELEME,76W477153A,1096646419,乐购汪超市(嘉定中心店),上海市,上海市,
20251407,ELEME,76W477185A,1097764250,京东便利店(顺德旗舰店),广东省,佛山市,
20251407,ELEME,76W477196A,1097098163,惠邻百佳超市(新街口店),北京市,北京市,
20251407,ELEME,76W477257A,1096183163,飞鼠仓储便利超市(古塔总店),辽宁省,锦州市,
20251407,ELEME,76W477264A,1098420333,惠宜选超市(房山长阳店),北京市,北京市,
20251407,ELEME,76W477273A,1096762314,志念网齐超市,上海市,上海市,
20251407,ELEME,76W477295A,1096077075,京东便利店(贵阳中心店),贵州省,贵阳市,
20251407,ELEME,76W477316A,1099580130,世纪优选生活超市(衢江店),浙江省,衢州市,
20251407,ELEME,76W477364A,1097103192,盛惠嘉选精品超市(佳林路店),上海市,上海市,
20251407,ELEME,76W477406A,1097138470,熊本校园超市(亚运村店),北京市,北京市,
20251407,ELEME,76W477471A,1096511372,小仓生活(永泰庄店),北京市,北京市,
20251407,ELEME,76W477489A,1096701119,京东便利店(石狮中心店),福建省,泉州市,
20251407,ELEME,76W477612A,1096622494,惠宜选超市(李沧松乐汀店),山东省,青岛市,
20251407,ELEME,76W477648A,1097064451,惠宜选超市(西海岸万达店),山东省,青岛市,
20251407,ELEME,76W477658A,1095724285,京东便利店(莆田中心店),福建省,莆田市,
20251407,ELEME,76W477676A,1098371224,惠选优品超市(松江联盟店),上海市,上海市,
20251407,ELEME,76W477705A,1099326252,共橙一站式超市(禹城市中店),山东省,德州市,
20251407,ELEME,76W477710A,1098703168,惠立送精品超市(南山精品店),广东省,深圳市,
20251407,ELEME,76W477810A,1096579128,华欣超市(电子科大店),四川省,成都市,
20251407,ELEME,76W477823A,1098031213,鲸GO生活超市(海珠中心店),广东省,广州市,
20251407,ELEME,76W477835A,1095836400,京东便利店(合肥店),安徽省,合肥市,
20251407,ELEME,76W477962A,1097047049,小仓生活(大寺店),天津市,天津市,
20251407,ELEME,76W477972A,1098596452,帮帮团超市(玉田店),河北省,唐山市,
20251407,ELEME,76W477983A,1095608116,世纪优品超市(赣州店),江西省,赣州市,
20251407,ELEME,76W478080A,1098406365,共橙一站式超市(济南钢城店),山东省,济南市,
20251407,ELEME,76W478168A,1097197316,熊本校园超市(亦庄店),北京市,北京市,
20251407,ELEME,76W478208A,1070638424,七七加超市(月湖店),湖南省,长沙市,
20251407,ELEME,76W478232A,1099087277,京东便利店(泰州中心店),江苏省,泰州市,
20251407,ELEME,76W478301A,1098158370,佳旺批发商场,广东省,东莞市,
20251407,ELEME,76W478382A,1096463037,京东便利店(杭州湾中心店),浙江省,宁波市,
20251407,ELEME,76W478383A,1096132194,福永兴超市(方圆荟店),福建省,宁德市,
20251407,ELEME,76W478533A,1097152436,熊本校园超市(双井店),北京市,北京市,
20251407,ELEME,76W478629A,1099059016,华欣超市(宽窄巷子店),四川省,成都市,
20251407,ELEME,76W478651A,1095736058,青蛙便利店(人民医院店),浙江省,温州市,
20251407,ELEME,76W478658A,1098175253,速买到超市(溧水店),江苏省,南京市,
20251407,ELEME,76W482550A,1099308031,世纪精品超市(老西门店),上海市,上海市,
20251407,ELEME,76W482560A,1098042155,京东便利店(哈尔滨店),黑龙江省,哈尔滨市,
20251407,ELEME,76W482626A,1101399150,快捷购精品超市(宝安店),广东省,深圳市,
20251407,ELEME,76W482645A,1100145274,世纪华联超市(朝阳路店),浙江省,湖州市,
20251407,ELEME,76W482680A,1100368458,益家顺连锁便利店(益阳店),湖南省,益阳市,
20251407,ELEME,76W482688A,1102103240,德宝生活超市(东湖雅居店),河北省,保定市,
20251407,ELEME,76W482864A,1100813126,德宝生活超市(马甸店),北京市,北京市,
20251407,ELEME,76W483110A,1099546207,共橙一站式超市(怀宁中心店),安徽省,安庆市,
20251407,ELEME,76W483200A,1099438420,共橙一站式超市(舒城店),安徽省,六安市,
20251407,ELEME,76W483427A,1099699170,快客达·环球超市(宁波北仑店),浙江省,宁波市,
20251407,ELEME,76W483448A,1100633090,拾客精品超市(宿州城隍庙店),安徽省,宿州市,
20251407,ELEME,76W483519A,1100466009,世纪华联超市(宜兴中心店),江苏省,无锡市,
20251407,ELEME,76W483548A,1099591301,昔多购超市(浏阳店),湖南省,长沙市,
20251407,ELEME,76W483557A,1099313205,京东便利店(武进店),江苏省,常州市,
20251407,ELEME,76W483633A,1095960224,福永兴超市(金涵店),福建省,宁德市,
20251407,ELEME,76W483706A,1099474422,今来福生活超市(南宁江南店),广西壮族自治区,南宁市,
20251407,ELEME,76W483733A,1100140183,京东便利店(杭州中心店),浙江省,杭州市,
20251407,ELEME,76W483749A,1099394477,千家顺·鲸选超市(南安水头店),福建省,泉州市,
20251407,ELEME,76W483807A,1097633462,京牛快送超市(谷饶店),广东省,汕头市,
20251407,ELEME,76W483856A,1099403284,京东便利店(泉州旗舰店),福建省,泉州市,
20251407,ELEME,76W484121A,1098284415,京东便利店(平潭店),福建省,福州市,
20251407,ELEME,76W484169A,1097674473,厦一单超市(湖里大道店),福建省,厦门市,
20251407,ELEME,76W484319A,1099591135,共橙一站式超市(泗洪中心店),江苏省,宿迁市,
20251407,ELEME,76W484429A,1099716023,吉速便利店(朱家尖店),浙江省,舟山市,
20251407,ELEME,76W484553A,1099445415,共橙一站式超市(枣庄新城店),山东省,枣庄市,
20251407,ELEME,76W484873A,1099936057,全佳福超市,四川省,成都市,
20251407,ELEME,76W484902A,1100690227,铃铛购超市(绵阳中心店),四川省,绵阳市,
20251407,ELEME,76W484908A,1099964124,华联万家超市(平湖中心店),浙江省,嘉兴市,
20251407,ELEME,76W484921A,1091983031,好优度百货超市,辽宁省,抚顺市,
20251407,ELEME,76W484955A,1099676200,世纪精品超市(松江店),上海市,上海市,
20251407,ELEME,76W485016A,1101118076,星亦选精品超市,广东省,揭阳市,
20251407,ELEME,76W485050A,1098432182,京东便利店(黄岛店),山东省,青岛市,
20251407,ELEME,76W485079A,1099511228,京东便利店(日照店),山东省,日照市,
20251407,ELEME,76W485082A,1098481361,天猫小店(遇见个超市黄金南路店),广东省,深圳市,
20251407,ELEME,76W485326A,1096897468,华宁超市(连江店),福建省,福州市,
20251407,ELEME,76W485418A,1100298485,昔多购便利店(湘龙店),湖南省,长沙市,
20251407,ELEME,76W485699A,1100672076,QVQMi全球美妆(青岛李沧CBD店),山东省,青岛市,
20251407,ELEME,76W485737A,1099537194,帮帮团超市(淮南中心店),安徽省,淮南市,
20251407,ELEME,76W485843A,1099572136,惠立送精品超市(湖州店),浙江省,湖州市,
20251407,ELEME,76W485942A,1097068068,京东便利店(曾厝垵店),福建省,厦门市,
20251407,ELEME,76W486048A,1097083107,福永兴超市(罗源店),福建省,福州市,
20251407,ELEME,76W486179A,1099724147,世纪生活超市(小上海店),上海市,上海市,
20251407,ELEME,76W486332A,1098131060,乐购汪超市(宝山区店),上海市,上海市,
20251407,ELEME,76W486406A,1098601177,连心超市(美丽华店),河南省,安阳市,
20251407,ELEME,76W486427A,1097938150,家佳乐精选超市(鲁迅故里店),浙江省,绍兴市,
20251407,ELEME,76W486449A,1102016034,惠宜选超市(凤凰城店),河北省,沧州市,
20251407,ELEME,76W486557A,1099982283,海豚购(乐山市中区店),四川省,乐山市,
20251407,ELEME,76W486584A,1094750045,世纪华联超市(金华中心店),浙江省,金华市,
20251407,ELEME,76W486586A,1099409478,共橙一站式超市(淄博吾悦店),山东省,淄博市,
20251407,ELEME,76W486642A,1099416230,共橙一站式超市(保定徐水店),河北省,保定市,
20251407,ELEME,76W486656A,1099537221,京东便利店(福州旗舰店),福建省,福州市,
20251407,ELEME,76W486764A,1100212367,京东便利店(顺德中心店),广东省,佛山市,
20251407,ELEME,76W486806A,1099589193,京东便利店(塘桥店),上海市,上海市,
20251407,ELEME,76W487110A,1100539109,京东便利店(革新街店),黑龙江省,哈尔滨市,
20251407,ELEME,76W487167A,1100463067,益家顺连锁便利店(新建北路店),山西省,晋中市,
20251407,ELEME,76W487333A,1099476447,超好购生活超市(万顺家园店),广西壮族自治区,南宁市,
20251407,ELEME,76W487381A,1100208309,沃家惠生活超市(武进店),江苏省,常州市,
20251407,ELEME,76W487393A,1101418291,京东便利店(南宁中心店),广西壮族自治区,南宁市,
20251407,ELEME,76W487394A,1098958205,24小时嗨购超市(临海中心店),浙江省,台州市,
20251407,ELEME,76W487467A,1099399277,欢乐邻居生活超市(平山店),广东省,惠州市,
20251407,ELEME,76W487657A,1099423405,天猫小店(丽江精选超市民主路店),云南省,丽江市,
20251407,ELEME,76W487779A,1102097284,德宝生活超市(总督署店),河北省,保定市,
20251407,ELEME,76W487795A,1095584140,喜惠享24h精品超市(瑶海店),安徽省,合肥市,
20251407,ELEME,76W487799A,1100364108,快客达超市(苏州留园店),江苏省,苏州市,
20251407,ELEME,76W487896A,1095566076,世纪惠民超市,江苏省,盐城市,
20251407,ELEME,76W487897A,1099676269,伴跃超市(蔡甸店),湖北省,武汉市,
20251407,ELEME,76W487958A,239273474,汇美鲜果零食店（新工校园店）,江苏省,盐城市,
20251407,ELEME,76W492591A,1101573027,闪购豹超市(兴工街店),辽宁省,大连市,
20251407,ELEME,76W492638A,1102624047,乐的精品超市(解放路店),江西省,景德镇市,
20251407,ELEME,76W492647A,1100286355,京东便利店(长乐中心店),福建省,福州市,
20251407,ELEME,76W492660A,1100285398,京东便利店(厦门总店),福建省,厦门市,
20251407,ELEME,76W492760A,240114234,水果干货店(盐城工学院校内店),江苏省,盐城市,
20251407,ELEME,76W492792A,1094837205,万象购超市(大西门店),贵州省,贵阳市,
20251407,ELEME,76W492818A,1101591071,共橙一站式超市(烟台高新店),山东省,烟台市,
20251407,ELEME,76W492820A,1102446056,句鲸百货Mart(龙岗店),广东省,深圳市,
20251407,ELEME,76W492948A,1101352220,共橙一站式超市(新密西大街店),河南省,郑州市,
20251407,ELEME,76W492980A,1101025291,共橙一站式超市(合肥肥西店),安徽省,合肥市,
20251407,ELEME,76W493059A,1103230120,便利蜂超市(武侯区店),四川省,成都市,
20251407,ELEME,76W493069A,1102156001,十亿客精选24H超市(义乌中心店),浙江省,金华市,
20251407,ELEME,76W493088A,1098497349,京东便利店(九州店),浙江省,湖州市,
20251407,ELEME,76W493091A,1099142357,京东便利店(南京路店),山东省,青岛市,
20251407,ELEME,76W493143A,1101214076,昔多购超市(湘潭店),湖南省,湘潭市,
20251407,ELEME,76W493267A,1101368273,米图便利店(古城路店),河南省,洛阳市,
20251407,ELEME,76W493320A,1100059344,京东便利店(思明中心店),福建省,厦门市,
20251407,ELEME,76W493369A,1100198463,京东便利店(泉州中心店),福建省,泉州市,
20251407,ELEME,76W493462A,1101216094,麻雀窝百货超市(惠阳中心店),广东省,惠州市,
20251407,ELEME,76W493678A,1104093451,德宝生活超市(乐凯南大街店),河北省,保定市,
20251407,ELEME,76W493753A,1100966335,共橙一站式超市(淮安金湖店),江苏省,淮安市,
20251407,ELEME,76W493804A,709040406,美速鲜配·生活超市,浙江省,温州市,
20251407,ELEME,76W493968A,1101089170,昔多购云上超市(益阳店),湖南省,益阳市,
20251407,ELEME,76W493975A,1092778212,聚哆购超市(陈家桥店),重庆市,重庆市,
20251407,ELEME,76W493980A,1101530054,邻里物语精品超市(吴江店),江苏省,苏州市,
20251407,ELEME,76W494037A,1103244295,世纪精品超市(杨浦店),上海市,上海市,
20251407,ELEME,76W494120A,1100225403,京东便利店(厦门旗舰店),福建省,厦门市,
20251407,ELEME,76W494138A,1102075142,共橙一站式超市(海安中心店),江苏省,南通市,
20251407,ELEME,76W494246A,1069605483,优家旺快送超市,湖南省,长沙市,
20251407,ELEME,76W494335A,1100990292,共橙一站式超市(丹阳市开发区店),江苏省,镇江市,
20251407,ELEME,76W494365A,1101375169,共橙一站式超市(赣榆店),江苏省,连云港市,
20251407,ELEME,76W494388A,1103734096,共橙24小时超市(济南北园店),山东省,济南市,
20251407,ELEME,76W494529A,1101795495,连心超市(曙光路店),河南省,安阳市,
20251407,ELEME,76W494546A,1101432125,豪惠购甄选超市(金鸡湖店),江苏省,苏州市,
20251407,ELEME,76W494560A,1102486113,综合仓储式超市,天津市,天津市,
20251407,ELEME,76W494649A,1103065347,嗨购虎·精品超市(桐庐中心店),浙江省,杭州市,
20251407,ELEME,76W494680A,1100961041,优云斯闪购(河西店),湖南省,长沙市,
20251407,ELEME,76W494682A,1102932091,昔多购便利店(金鼎公园尚店),湖南省,长沙市,
20251407,ELEME,76W494694A,1102082257,万客华联(秦皇岛中心店),河北省,秦皇岛市,
20251407,ELEME,76W494700A,1102551013,惠唛优品便利超市(雨花店),湖南省,长沙市,
20251407,ELEME,76W494792A,1103473152,共橙24小时超市(新郑店),河南省,郑州市,
20251407,ELEME,76W495078A,1103172001,共橙24小时超市(鞍山海城店),辽宁省,鞍山市,
20251407,ELEME,76W495175A,1102984030,共橙24小时超市(镇江扬中店),江苏省,镇江市,
20251407,ELEME,76W495190A,1096381143,惠送便利超市,福建省,福州市,
20251407,ELEME,76W495314A,1103330355,世纪华联超市(义乌中心店),浙江省,金华市,
20251407,ELEME,76W495347A,1103586194,共橙24小时超市(青岛崂山店),山东省,青岛市,
20251407,ELEME,76W495420A,1102508246,共橙24小时超市(河南平舆店),河南省,驻马店市,
20251407,ELEME,76W495421A,1102825120,共橙24小时超市(登封店),北京市,北京市,
20251407,ELEME,76W495439A,1101918471,京东便利店(顺德总店),广东省,佛山市,
20251407,ELEME,76W495568A,1100479308,京东便利店(莆田店),福建省,莆田市,
20251407,ELEME,76W495650A,1097144485,熊本校园超市(枣园店),北京市,北京市,
20251407,ELEME,76W495678A,1102481018,惠利送超市(世纪城店),四川省,成都市,
20251407,ELEME,76W495861A,1102651201,宜购超市,重庆市,重庆市,
20251407,ELEME,76W495878A,1101019282,共橙一站式超市(靖江店),江苏省,泰州市,
20251407,ELEME,76W495923A,1101859178,鲸GO生活超市(梅林店),广东省,深圳市,
20251407,ELEME,76W496051A,1098706136,CityBazaar城集生活(红旗茂店),黑龙江省,哈尔滨市,
20251407,ELEME,76W496061A,1103260424,共橙24小时超市(邹城店),山东省,济宁市,
20251407,ELEME,76W496192A,1102587010,美一天超市(安溪总店),福建省,泉州市,
20251407,ELEME,76W496302A,1104409124,共橙一站式超市(微山店),山东省,济宁市,
20251407,ELEME,76W496313A,1103269032,万万便利超市店,辽宁省,沈阳市,
20251407,ELEME,76W496352A,1100980126,美嘉汇·精选超市(杭州石桥店),浙江省,杭州市,
20251407,ELEME,76W496400A,1102559052,滟澜新宸超市(昌平店),北京市,北京市,
20251407,ELEME,76W496405A,1101124158,京东便利店(海淀中心店),北京市,北京市,
20251407,ELEME,76W496524A,1099972415,京东便利店(临平中心店),浙江省,杭州市,
20251407,ELEME,76W496604A,1100636057,马伊喜特价超市(置地百悦府店),安徽省,安庆市,
20251407,ELEME,76W496611A,1103041002,集品无忧批发部(恒大江湾店),辽宁省,沈阳市,
20251407,ELEME,76W496833A,1101160207,京东便利店(亚运村店),北京市,北京市,
20251407,ELEME,76W496946A,1098520115,京东便利店(中心店),福建省,福州市,
20251407,ELEME,76W496986A,1100322330,京东便利店(杏林中心店),福建省,厦门市,
20251407,ELEME,76W496989A,1100383038,友邻便利店(园区店),江苏省,苏州市,
20251407,ELEME,76W497073A,1101906311,共橙一站式超市(亳州蒙城店),安徽省,亳州市,
20251407,ELEME,76W497087A,1101962085,零购超市(漳浦店),福建省,漳州市,
20251407,ELEME,76W497147A,987709212,1+1超市旗舰店,浙江省,温州市,
20251407,ELEME,76W497231A,1100630232,惠唛优品便利超市(义乌店),浙江省,金华市,
20251407,ELEME,76W497325A,1102657245,共橙24小时超市(莱西万福家园店),山东省,青岛市,
20251407,ELEME,76W497412A,1100441193,乐购汪超市(浦江店),上海市,上海市,
20251407,ELEME,76W497413A,1099865291,京东便利店(扬州中心店),江苏省,扬州市,
20251407,ELEME,76W497448A,1097821044,世纪华联超市(南苑店),浙江省,宁波市,
20251407,ELEME,76W497537A,1101900267,佳汇精品超市(寮步店),广东省,东莞市,
20251407,ELEME,76W497610A,1100217372,柴小囤·精品超市(南坊店),山东省,临沂市,
20251407,ELEME,76W497649A,1102916437,快客达环球超市(宁波镇海店),浙江省,宁波市,
20251407,ELEME,76W497755A,1099532329,沃缤纷超市(恩施店),湖北省,恩施土家族苗族自治州,
20251407,ELEME,76W497859A,1102432072,句鲸百货Mart(南海店),广东省,佛山市,
20251407,ELEME,76W497987A,1101465176,共橙一站式超市(荥阳中心店),河南省,郑州市,
20251407,ELEME,76W498223A,1101902108,拾客精品超市(台州店),浙江省,台州市,
20251407,ELEME,76W498279A,1099400301,沃缤纷超市(江夏店),湖北省,武汉市,
20251407,ELEME,76W498311A,1101126263,博利批发超市(平安店),重庆市,重庆市,
20251407,ELEME,76W498389A,1103332408,共橙24小时超市(安丘中央城润园店),山东省,潍坊市,
20251407,ELEME,76W498485A,1101956299,共橙24小时超市(南通如东店),江苏省,南通市,
20251407,ELEME,76W498544A,1101160058,舫舟优选(昭通中心店),云南省,昭通市,
20251407,ELEME,76W498748A,1103392108,京东便利店(大连店),辽宁省,大连市,
20251407,ELEME,76W498839A,1101183076,惠美悠选超市(千灯店),江苏省,苏州市,
20251407,ELEME,76W498859A,1099656187,抢鲜隆快送超市(宁围店),浙江省,杭州市,
20251407,ELEME,76W498995A,1101057246,共橙一站式超市(高淳店),江苏省,南京市,
20251407,ELEME,76W499127A,1099947414,地球EarthMate批发超市(花卉园店),重庆市,重庆市,
20251407,ELEME,76W499169A,1103118417,京东便利店(温岭店),浙江省,台州市,
20251407,ELEME,76W499176A,1102515056,句鲸百货Mart(番禺店),广东省,广州市,
20251407,ELEME,76W499229A,1100689252,德宝生活超市(新华东街店),北京市,北京市,
20251407,ELEME,76W499237A,1102042219,万客速送超市(厦门店),福建省,厦门市,
20251407,ELEME,76W499254A,1100499483,美嘉汇·精选超市(湖州吴兴店),浙江省,湖州市,
20251407,ELEME,76W499260A,1099898143,嗨购虎·精品超市搜“马上到家”超低价(如皋店),江苏省,南通市,
20251407,ELEME,76W499272A,1099515362,共橙一站式超市(盐城射阳店),江苏省,盐城市,
20251407,ELEME,76W499294A,1102923345,快赣特价超市(共康店),上海市,上海市,
20251407,ELEME,76W499303A,1098457036,世纪华联超市(泉州中心店),福建省,泉州市,
20251407,ELEME,76W499305A,1100401375,速囤(火车东站店),四川省,成都市,
20251407,ELEME,76W499357A,1099616022,京东便利店(婺城店),浙江省,金华市,
20251407,ELEME,76W499368A,1102608387,京选便利超市,云南省,大理白族自治州,
20251407,ELEME,76W499404A,1102988037,共橙24小时超市(扬州宝应店),江苏省,扬州市,
20251407,ELEME,76W499420A,1100402287,京东便利店(三全路店),河南省,郑州市,
20251407,ELEME,76W499437A,1101372151,马伊喜特价超市(解放南路店),安徽省,六安市,
20251407,ELEME,76W499445A,1102572047,京东便利店(晋江旗舰店),福建省,泉州市,
20251407,ELEME,76W499479A,1103564497,共橙24小时超市(黄岛吾悦广场店),山东省,青岛市,
20251407,ELEME,76W499511A,1102580044,鲸GO生活超市(平湖店),广东省,深圳市,
20251407,ELEME,76W499524A,1100949377,熊本便利店(通州万达店),北京市,北京市,
20251407,ELEME,76W499546A,1101744345,共橙一站式超市(温州龙湾店),浙江省,温州市,
20251407,ELEME,76W499730A,1103316148,惠邻百佳超市(汉口店),湖北省,武汉市,
20251407,ELEME,76W499733A,1101072239,共橙一站式超市(绍兴上虞店),浙江省,绍兴市,
20251407,ELEME,76W499888A,1102553060,句鲸百货Mart(车陂店),广东省,广州市,
20251407,ELEME,76W499902A,1101980123,世纪精品超市(嘉定1号店),上海市,上海市,
20251407,ELEME,76W499973A,1100506172,乐购汪超市(杭州中心店),浙江省,杭州市,
20251407,ELEME,76W500132A,1101360027,昔多购超市(月亮岛店),湖南省,长沙市,
20251407,ELEME,76W500164A,1104631065,共橙24小时超市(长春榆树店),吉林省,长春市,
20251407,ELEME,76W500165A,1104405162,共橙24小时超市(公主岭店),吉林省,长春市,
20251407,ELEME,76W500239A,1103044052,共橙24小时超市(沾化店),山东省,滨州市,
20251407,ELEME,76W500307A,1090830088,LING全球美妆集合店(万达店),江苏省,扬州市,
20251407,ELEME,76W500540A,1104064484,德宝生活超市(复兴中路店),河北省,保定市,
20251407,ELEME,76W500644A,1101129322,快捷购精品超市(西双版纳中心店),云南省,西双版纳傣族自治州,
20251407,ELEME,76W500792A,1099351268,京东便利店(拱北店),广东省,珠海市,
20251407,ELEME,76W500918A,1100100111,欢临超市(淮南田家庵店),安徽省,淮南市,
20251407,ELEME,76W500931A,1102411033,小龟快送超市(福田店),广东省,深圳市,
20251407,ELEME,76W501079A,1101058060,隋你购连锁超市(通州中仓店),北京市,北京市,
20251407,ELEME,76W501150A,1103372150,闪电购精品超市(泉州成州店),福建省,泉州市,
20251407,ELEME,76W501227A,1101011460,京东便利店(呼家楼店),北京市,北京市,
20251407,ELEME,76W501309A,1101043288,闪购超市(龙文店),福建省,漳州市,
20251407,ELEME,76W501479A,240429042,百分百超市(武城院店),湖北省,武汉市,
20251407,ELEME,76W501498A,1103494293,惠立送精品超市(德堡路店),上海市,上海市,
20251407,ELEME,76W501499A,1104356162,麦客联华生活超市(龙华店),广东省,深圳市,
20251407,ELEME,76W501686A,1098592325,盒马mini(西溪欢乐城店),浙江省,杭州市,
20251407,ELEME,76W501760A,1100329032,京东便利店(文山中心店),云南省,文山壮族苗族自治州,
20251407,ELEME,76W501808A,1102415161,世纪优品超市(滴水湖店),上海市,上海市,
20251407,ELEME,76W501850A,1102652080,共橙24小时超市(巩义中心店),河南省,郑州市,
20251407,ELEME,76W502107A,1101878322,共橙一站式超市(南京仙鹤门店),江苏省,南京市,
20251407,ELEME,76W502123A,1102764472,优送超市,浙江省,温州市,
20251407,ELEME,76W502152A,1098657495,沃缤纷超市(大冶店),湖北省,黄石市,
20251407,ELEME,76W502173A,1103429019,京东便利店(淮河道店),天津市,天津市,
20251407,ELEME,76W502307A,1101987064,共橙一站式超市(唐山滦南店),河北省,唐山市,
20251407,ELEME,76W502472A,1100783015,多米快送超市(富达广场店),浙江省,宁波市,
20251407,ELEME,76W502515A,1102923430,帮帮团超市(郓城汽车站店),山东省,菏泽市,
20251407,ELEME,76W502532A,1100484277,世纪华联超市(平湖中心店),浙江省,嘉兴市,
20251407,ELEME,76W502549A,1100477406,邻里物语精品超市(拱墅店),浙江省,杭州市,
20251407,ELEME,76W502561A,1102055363,快客达·环球超市(苏州园区店),江苏省,苏州市,
20251407,ELEME,76W502633A,1101773130,隆佳食品便利店,吉林省,吉林市,
20251407,ELEME,76W502664A,1100001333,海选精品生活超市(合肥中心店),安徽省,合肥市,
20251407,ELEME,76W506544A,1103531286,欢临超市(颍上店),安徽省,阜阳市,
20251407,ELEME,76W506568A,1105553105,惠邻百佳超市(鲁谷店),北京市,北京市,
20251407,ELEME,76W506576A,1104592066,京东便利店(福州中心店),福建省,福州市,
20251407,ELEME,76W506748A,1104452211,惠邻百佳超市(健翔桥店),北京市,北京市,
20251407,ELEME,76W506873A,1105148256,天猫小店(吉然便利西溪店),浙江省,杭州市,
20251407,ELEME,76W506878A,1102852138,快送超市(郑州中心店),河南省,郑州市,
20251407,ELEME,76W506936A,1103441119,盛客隆食品百货超市,辽宁省,葫芦岛市,
20251407,ELEME,76W507047A,1103379148,京东便利店(合肥滨湖店),安徽省,合肥市,
20251407,ELEME,76W507079A,1102568015,惠邻生活超市(越溪店),江苏省,苏州市,
20251407,ELEME,76W507137A,1103606096,小仓便利(雁塔店),陕西省,西安市,
20251407,ELEME,76W507258A,1105088124,美嘉汇·精选超市(苏州吴江店),江苏省,苏州市,
20251407,ELEME,76W507298A,1104779181,共橙24小时超市(泰安东平店),山东省,泰安市,
20251407,ELEME,76W507348A,1104922441,共橙24小时超市(威海高区山大店),山东省,威海市,
20251407,ELEME,76W507385A,1102698079,京东便利店(鼓楼店),江苏省,南京市,
20251407,ELEME,76W507663A,1104646264,世纪华联品乐(江阴中心店),江苏省,无锡市,
20251407,ELEME,76W507715A,1104992159,快客达环球超市(绍兴袍江店),浙江省,绍兴市,
20251407,ELEME,76W507888A,1104265180,时代华莲超市,浙江省,金华市,
20251407,ELEME,76W507946A,1102575162,千家顺·鲸选超市(金华武义店),浙江省,金华市,
20251407,ELEME,76W508068A,1099960283,全天在线超市(水果湖店),湖北省,武汉市,
20251407,ELEME,76W508107A,1103465221,世纪精品超市(浦江中心店),上海市,上海市,
20251407,ELEME,76W508185A,1104409220,京东便利店(翔安中心店),福建省,厦门市,
20251407,ELEME,76W508282A,1105422487,共橙24小时超市(曲阜天华路店),山东省,济宁市,
20251407,ELEME,76W508331A,1096669131,益家顺超市(清河路店),安徽省,阜阳市,
20251407,ELEME,76W508405A,1106391082,共橙24小时超市(吉林四平店),吉林省,四平市,
20251407,ELEME,76W508409A,1105021359,邻里优选(崇贤店),浙江省,杭州市,
20251407,ELEME,76W508461A,1104335028,壹芯便利店(星海店),辽宁省,大连市,
20251407,ELEME,76W508487A,1104832410,京东便利店(阜阳中心店),安徽省,阜阳市,
20251407,ELEME,76W508538A,1104803462,乐小二连锁超市(湖州店),浙江省,湖州市,
20251407,ELEME,76W508575A,1101785394,京东便利店(建邺店),江苏省,南京市,
20251407,ELEME,76W508654A,1102594109,星马快送超市(滨江店),浙江省,杭州市,
20251407,ELEME,76W508710A,1104793142,昔多购超市(河东店),湖南省,永州市,
20251407,ELEME,76W508715A,1102901066,世纪.优选超市(官渡店),云南省,昆明市,
20251407,ELEME,76W508729A,1104480170,京东便利店(城东店),福建省,泉州市,
20251407,ELEME,76W508738A,1104779305,快客达·环球超市(安阳店),浙江省,温州市,
20251407,ELEME,76W508769A,1104061113,世纪精品超市(大宁店),上海市,上海市,
20251407,ELEME,76W508776A,1104320148,共橙一站式超市,江苏省,宿迁市,
20251407,ELEME,76W508890A,1102463012,柴小囤·精品超市(广场店),山东省,临沂市,
20251407,ELEME,76W508893A,1102727072,京选便利超市(灌口店),福建省,厦门市,
20251407,ELEME,76W508924A,1103541477,世纪生活超市(青浦中心店),上海市,上海市,
20251407,ELEME,76W508936A,1105205138,共橙一站式超市(泰州海陵美食汇店),江苏省,泰州市,
20251407,ELEME,76W508964A,1105573410,畅淘集市精品超市(河西万达店),江苏省,南京市,
20251407,ELEME,76W509007A,1105296213,环球中心超市(拱墅店),浙江省,杭州市,
20251407,ELEME,76W509052A,1103933265,世纪华联(首南店),浙江省,宁波市,
20251407,ELEME,76W509289A,1105553356,大润发(高州店),广东省,茂名市,
20251407,ELEME,76W509320A,1105000419,共橙24小时超市(焦作济源河合店),河南省,济源市,
20251407,ELEME,76W509504A,1086707443,世纪华联品乐超市(虹口精品店),上海市,上海市,
20251407,ELEME,76W509506A,1103465306,林先森精选超市(思明店),福建省,厦门市,
20251407,ELEME,76W509535A,1102040326,京东便利店(福清中心店),福建省,福州市,
20251407,ELEME,76W509538A,1104852043,惠宜家精选超市,福建省,泉州市,
20251407,ELEME,76W509836A,1101756345,共橙一站式超市(海宁店),浙江省,嘉兴市,
20251407,ELEME,76W509956A,1103228356,云惠旺超市(益阳中心店),湖南省,益阳市,
20251407,ELEME,76W510187A,1104489138,天猫小店(直优超市凤起路店),浙江省,杭州市,
20251407,ELEME,76W510193A,1105373158,苏果超市,江苏省,苏州市,
20251407,ELEME,76W510198A,1101844440,京东便利店(集美中心店),福建省,厦门市,
20251407,ELEME,76W510237A,1101933059,京东便利店(徐州中心店),江苏省,徐州市,
20251407,ELEME,76W510270A,1092869368,昔多购便利店(海东青店),湖南省,长沙市,
20251407,ELEME,76W510319A,1100948274,邻侣超市(宜兴中心店),江苏省,无锡市,
20251407,ELEME,76W510352A,1103991428,悠宅便利店(全运路店),辽宁省,沈阳市,
20251407,ELEME,76W510376A,1103378497,惠立送精品超市(临港中心店),上海市,上海市,
20251407,ELEME,76W510488A,1101862112,京东便利店(芜湖店),安徽省,芜湖市,
20251407,ELEME,76W510593A,1104265174,共橙24小时超市(郑州龙湖店),河南省,郑州市,
20251407,ELEME,76W510677A,1105842232,惠立送超市(罗湖中心店),广东省,深圳市,
20251407,ELEME,76W510683A,1101478118,沃缤纷超市(民族大道店),湖北省,武汉市,
20251407,ELEME,76W510699A,1105406001,京东便利店(港区店),河南省,郑州市,
20251407,ELEME,76W510705A,1100623002,乐购汪超市(杭州九堡店),浙江省,杭州市,
20251407,ELEME,76W510709A,1104526105,探探超市(武城职店),湖北省,武汉市,
20251407,ELEME,76W510805A,1102085282,京东便利店(南通中心店),江苏省,南通市,
20251407,ELEME,76W510869A,1105400457,世纪精品超市(新桥店),上海市,上海市,
20251407,ELEME,76W510911A,1105007313,世纪华联超市(平潭店),福建省,福州市,
20251407,ELEME,76W510923A,1101885246,环球壹号超市(临平中心店),浙江省,杭州市,
20251407,ELEME,76W511300A,1101454013,乐购汪超市(昆山中心店),江苏省,苏州市,
20251407,ELEME,76W511309A,1102653499,速买到超市(禄口店),江苏省,南京市,
20251407,ELEME,76W511340A,1103250231,京东便利店(尚忠店),福建省,厦门市,
20251407,ELEME,76W511342A,1062627287,天猫小店(武汉精选超市解放大道店),湖北省,武汉市,
20251407,ELEME,76W511490A,1104357258,京东便利店(海沧中心店),福建省,厦门市,
20251407,ELEME,76W511533A,1103510057,优品易购精品超市(晋江店),福建省,泉州市,
20251407,ELEME,76W511554A,1102532193,千家顺·鲸选超市(绍兴上虞店),浙江省,绍兴市,
20251407,ELEME,76W511567A,1105803023,德宝生活超市(华岩北路店),河北省,唐山市,
20251407,ELEME,76W511582A,1103546415,天猫小店(好便利超市望梅路店),浙江省,杭州市,
20251407,ELEME,76W511782A,1103358238,乐易购生活超市(宝安店),广东省,深圳市,
20251407,ELEME,76W511804A,1103905359,共橙一站式超市(济南槐荫店),山东省,济南市,
20251407,ELEME,76W512028A,1104090307,京东便利店(上城店),浙江省,杭州市,
20251407,ELEME,76W512047A,1105131331,快赣特价超市(周浦店),上海市,上海市,
20251407,ELEME,76W512048A,1104528066,京东便利店(漳州中心店),福建省,漳州市,
20251407,ELEME,76W512279A,1102152214,京东便利店(张家港中心店),江苏省,苏州市,
20251407,ELEME,76W512463A,1102048282,快捷购精品超市(济宁中心店),山东省,济宁市,
20251407,ELEME,76W512537A,1101935408,惠立送精品超市(马桥优选店),上海市,上海市,
20251407,ELEME,76W512588A,1103291197,京东便利店(龙文旗舰店),福建省,漳州市,
20251407,ELEME,76W512749A,1105821051,德宝生活超市(光明北路店),河北省,唐山市,
20251407,ELEME,76W512800A,1104395229,京东便利店(同安中心店),福建省,厦门市,
20251407,ELEME,76W512981A,1104482210,世纪精品超市(凯旋路店),上海市,上海市,
20251407,ELEME,76W513110A,1101463065,邻里物语精品超市(浒关店),江苏省,苏州市,
20251407,ELEME,76W513215A,1104633212,便客达快送超市(长安店),陕西省,西安市,
20251407,ELEME,76W513253A,1104583083,德宝生活超市(虎坊桥店),北京市,北京市,
20251407,ELEME,76W513278A,1103875350,拾客精品超市(南陵店),安徽省,芜湖市,
20251407,ELEME,76W513283A,1106055316,快捷购精品超市(东营中心店),山东省,东营市,
20251407,ELEME,76W513327A,1104860006,抢鲜隆精品超市(转塘店),浙江省,杭州市,
20251407,ELEME,76W513328A,1103500377,京东便利店(晋安中心店),福建省,福州市,
20251407,ELEME,76W513455A,1105007385,共橙24小时超市(诸城店),山东省,潍坊市,
20251407,ELEME,76W513493A,1055595421,佳粮鑫谷生鲜超市(凤山店),天津市,天津市,
20251407,ELEME,76W513544A,1105550433,共橙24小时超市(莱芜保利花园店),山东省,济南市,
20251407,ELEME,76W513545A,1104120095,燃鲸云仓超市(枣庄市中店),山东省,枣庄市,
20251407,ELEME,76W513945A,1067866001,佳粮鑫谷超市(梅江店),天津市,天津市,
20251407,ELEME,76W513951A,1102554178,嘉集超市(集美中心店),福建省,厦门市,
20251407,ELEME,76W513977A,1105575373,共橙24小时超市(汶上店),山东省,济宁市,
20251407,ELEME,76W513992A,1103739158,速达精品超市(哈尔滨中心店),黑龙江省,哈尔滨市,
20251407,ELEME,76W514082A,1103252238,京东便利店(鼓楼总店),福建省,福州市,
20251407,ELEME,76W514123A,1104327280,共橙24小时超市(宣城宁国店),安徽省,宣城市,
20251407,ELEME,76W514125A,1102630041,快捷购精品超市(临沂中心店),山东省,临沂市,
20251407,ELEME,76W514210A,1105294422,京东便利店(济南一店),山东省,济南市,
20251407,ELEME,76W514259A,1103685001,世纪华联超市(金牛店),四川省,成都市,
20251407,ELEME,76W514283A,1104882474,德宝生活超市(万寿路店),北京市,北京市,
20251407,ELEME,76W514297A,1104606085,京东便利店(五棵松万达店),北京市,北京市,
20251407,ELEME,76W514358A,1105468191,德宝生活超市(滨河南大街店),河北省,唐山市,
20251407,ELEME,76W514382A,1105894400,世纪华联便利店(宝安1号店),广东省,深圳市,
20251407,ELEME,76W514682A,1104823309,快客达·环球超市(瓯海店),浙江省,温州市,
20251407,ELEME,76W514704A,1104975463,熊本便利店(永定路店),北京市,北京市,
20251407,ELEME,76W514740A,1101465280,优沃森超市(松江店),上海市,上海市,
20251407,ELEME,76W514767A,1105094391,共橙24小时超市(营口大石桥店),辽宁省,营口市,
20251407,ELEME,76W514783A,1099359169,京东便利店(青城万达店),四川省,成都市,
20251407,ELEME,76W514786A,1104987412,邻里物语精品超市(园区店),江苏省,苏州市,
20251407,ELEME,76W515064A,1102719057,京东便利店(中心广场店),山东省,烟台市,
20251407,ELEME,76W515097A,1105099075,快客达环球超市(金鸡湖店),江苏省,苏州市,
20251407,ELEME,76W515187A,1105525242,德宝生活超市(龙泽北路店),河北省,唐山市,
20251407,ELEME,76W515247A,1103619499,京东便利店(渝北中心店),重庆市,重庆市,
20251407,ELEME,76W515292A,1103744354,佳品易购(青年路店),北京市,北京市,
20251407,ELEME,76W515341A,1103351352,惠立送超市(萧山中心店),浙江省,杭州市,
20251407,ELEME,76W519178A,1106124307,May's Deli(涞坊路店),上海市,上海市,
20251407,ELEME,76W519203A,1107250441,共橙24小时超市(亳州谯城店),安徽省,亳州市,
20251407,ELEME,76W519323A,1104731451,京东便利店(南京建邺店),江苏省,南京市,
20251407,ELEME,76W519406A,1103408237,寰球壹号生活超市,江苏省,镇江市,
20251407,ELEME,76W519482A,1107934133,快好省·精选超市(嘉兴店),浙江省,嘉兴市,
20251407,ELEME,76W519487A,1105990157,佳品易购(将台店),北京市,北京市,
20251407,ELEME,76W519504A,1105552179,京东便利店(荆州中心店),湖北省,荆州市,
20251407,ELEME,76W519551A,1107998193,世纪精品超市(大华店),上海市,上海市,
20251407,ELEME,76W519678A,1106829111,飞猪到家精选超市,安徽省,合肥市,
20251407,ELEME,76W519722A,1106520209,超宜选精品超市(娄底店),湖南省,娄底市,
20251407,ELEME,76W519739A,1108225081,都都有超市(世光路店),吉林省,长春市,
20251407,ELEME,76W519744A,1106597013,永惠超市(万科东第店),天津市,天津市,
20251407,ELEME,76W519793A,1105832122,柴小囤·精品超市(桓台店),山东省,淄博市,
20251407,ELEME,76W519857A,1106852139,哆逛逛·精品超市(临安店),浙江省,杭州市,
20251407,ELEME,76W519896A,1102455215,臻选精品生活超市,湖北省,武汉市,
20251407,ELEME,76W520034A,1106280471,京东便利店(杭州臻选店),浙江省,杭州市,
20251407,ELEME,76W520037A,1106253299,快客达环球超市(相城店),江苏省,苏州市,
20251407,ELEME,76W520061A,1104472174,乐购汪超市(拱墅中心店),浙江省,杭州市,
20251407,ELEME,76W520066A,1106631026,厦一单超市(南山店),广东省,深圳市,
20251407,ELEME,76W520090A,1107487489,共橙24小时超市(安吉胜利路店),浙江省,湖州市,
20251407,ELEME,76W520178A,1106615038,超宜选精品超市(沭阳店),江苏省,宿迁市,
20251407,ELEME,76W520223A,1107950146,世纪华联优选超市(奥体中心店),江苏省,南京市,
20251407,ELEME,76W520278A,1103889281,京东便利店(连云港店),江苏省,连云港市,
20251407,ELEME,76W520282A,1107673431,京东便利店(柳市店),浙江省,温州市,
20251407,ELEME,76W520329A,1106157209,海马集市便利店(和平店),辽宁省,沈阳市,
20251407,ELEME,76W520383A,1102156403,京东便利店(抚州店),江西省,抚州市,
20251407,ELEME,76W520397A,1108906268,共橙24小时超市(溧阳苏宁广场店),江苏省,常州市,
20251407,ELEME,76W520426A,1107242114,共橙24小时超市(平邑店),山东省,临沂市,
20251407,ELEME,76W520465A,1107103248,赤兔24H超市(北海店),广西壮族自治区,北海市,
20251407,ELEME,76W520506A,1107052460,共橙24小时超市(辽宁锦州店),辽宁省,锦州市,
20251407,ELEME,76W520539A,1105773414,有友生活超市,四川省,泸州市,
20251407,ELEME,76W520559A,1108362277,钜哆兔超市(沧州店),河北省,沧州市,
20251407,ELEME,76W520560A,1108644159,都都有超市(上东店),吉林省,长春市,
20251407,ELEME,76W520618A,1102380146,京东便利店(桐庐店),浙江省,杭州市,
20251407,ELEME,76W520622A,1108082089,共橙24小时超市(安徽天长店),安徽省,滁州市,
20251407,ELEME,76W520771A,1104119027,焕熊真选超市(象湖店),江西省,南昌市,
20251407,ELEME,76W521049A,1107164047,邻里物语精品超市(无锡中心店),江苏省,无锡市,
20251407,ELEME,76W521122A,1106235025,世纪精品超市(静安优选店),上海市,上海市,
20251407,ELEME,76W521186A,1105058006,沃缤纷超市(徐东店),湖北省,武汉市,
20251407,ELEME,76W521206A,1100605491,世纪优品超市(上海站店),上海市,上海市,
20251407,ELEME,76W521221A,1107554319,快客达环球超市(湖州织里店),浙江省,湖州市,
20251407,ELEME,76W521259A,1105858243,快捷购精品超市(桂林中心店),广西壮族自治区,桂林市,
20251407,ELEME,76W521278A,1107297110,鲸鱼24H生活超市,重庆市,重庆市,
20251407,ELEME,76W521297A,1107069067,零购超市(嘉庚体育馆店),福建省,厦门市,
20251407,ELEME,76W521336A,1107049329,燃鲸购连锁超市(西郊乡店),河南省,开封市,
20251407,ELEME,76W521350A,1105683229,青颜全球美妆洗护集合店(梧田店),浙江省,温州市,
20251407,ELEME,76W521374A,1106323190,共橙24小时超市(阜新爱国路店),辽宁省,阜新市,
20251407,ELEME,76W521415A,1099975397,京东便利店(江宁中心店),江苏省,南京市,
20251407,ELEME,76W521448A,1102895348,秒铺·品质生活超市(五一广场店),湖南省,长沙市,
20251407,ELEME,76W521500A,1106155496,佳汇精品超市(白云店),广东省,广州市,
20251407,ELEME,76W521530A,1105650028,共橙24小时超市(涡阳店),安徽省,亳州市,
20251407,ELEME,76W521596A,1106269050,好多购优选超市(海州路店),浙江省,舟山市,
20251407,ELEME,76W521601A,1105515490,购物象超市(金佛大道店),重庆市,重庆市,
20251407,ELEME,76W521762A,1105380304,快购精品超市(达州店),四川省,达州市,
20251407,ELEME,76W521763A,1104079389,世纪华联(柳市精品店),浙江省,温州市,
20251407,ELEME,76W521779A,1103273335,华联万家超市(当湖街道店),浙江省,嘉兴市,
20251407,ELEME,76W521785A,1105622165,世纪华联品乐超市(虹口优选店),上海市,上海市,
20251407,ELEME,76W521793A,1105968030,京东便利店(苏州大学店),江苏省,苏州市,
20251407,ELEME,76W521890A,1105256382,京东便利店(天河中心店),广东省,广州市,
20251407,ELEME,76W521950A,1107352033,京东便利店(五四店),福建省,福州市,
20251407,ELEME,76W521951A,1106076201,便民优选超市,四川省,眉山市,
20251407,ELEME,76W522030A,1108374115,共橙24小时超市(惜福镇店),山东省,青岛市,
20251407,ELEME,76W522188A,1105068090,麦客联华超市(宝鸡店),陕西省,宝鸡市,
20251407,ELEME,76W522220A,1106200371,云惠旺超市(湘潭中心店),湖南省,湘潭市,
20251407,ELEME,76W522256A,1106246090,京东便利店(中心店),河南省,郑州市,
20251407,ELEME,76W522278A,1106323118,艾易特仓储超市(泉水店),辽宁省,大连市,
20251407,ELEME,76W522326A,1108121301,橙兴优购超市(世纪金源店),贵州省,贵阳市,
20251407,ELEME,76W522384A,1107351493,鲸GO生活超市(天安云谷店),广东省,深圳市,
20251407,ELEME,76W522405A,1107385063,全好佳超市(华阳店),四川省,成都市,
20251407,ELEME,76W522483A,1105675282,快趣逛超市(莆田店),福建省,莆田市,
20251407,ELEME,76W522538A,1107147258,老余杭超市,浙江省,杭州市,
20251407,ELEME,76W522577A,1105526155,鲸鱼嗨购超市(奉城店),上海市,上海市,
20251407,ELEME,76W522676A,1107175278,京东便利店(泉州店),福建省,泉州市,
20251407,ELEME,76W522723A,1106531003,云惠旺超市(宁乡中心店),湖南省,长沙市,
20251407,ELEME,76W522787A,1106949059,京东便利店(西海岸店),山东省,青岛市,
20251407,ELEME,76W522874A,1105378359,京东便利店(玉环店),浙江省,台州市,
20251407,ELEME,76W522897A,1104711203,京东便利店(海沧店),福建省,厦门市,
20251407,ELEME,76W522910A,1106711190,德宝生活超市(固安店),河北省,廊坊市,
20251407,ELEME,76W522981A,1107207140,共橙24小时超市(承德平泉店),河北省,承德市,
20251407,ELEME,76W523044A,1107828319,潮新便利店,广东省,广州市,
20251407,ELEME,76W523081A,1107353138,共橙24小时超市(时代嘉园店),江苏省,泰州市,
20251407,ELEME,76W523091A,1103979038,邻满旺超市(梅溪湖店),湖南省,长沙市,
20251407,ELEME,76W523188A,1105429492,共橙24小时超市(金华东阳店),浙江省,金华市,
20251407,ELEME,76W523401A,1106113312,环球壹号超市(杭州优选店),浙江省,杭州市,
20251407,ELEME,76W523440A,1105361290,万客华联超市(北海中心店),广西壮族自治区,北海市,
20251407,ELEME,76W523466A,1104044080,焕熊真选超市(梦时代店),江西省,南昌市,
20251407,ELEME,76W523518A,1107169040,快客达环球超市(西溪银泰店),浙江省,杭州市,
20251407,ELEME,76W523588A,1107086280,万物优选百货超市(长安店),广东省,东莞市,
20251407,ELEME,76W523597A,1106627062,快洛到家超市(洛龙区店),河南省,洛阳市,
20251407,ELEME,76W523604A,1105812441,共橙24小时超市(禹州颖川店),河南省,许昌市,
20251407,ELEME,76W523634A,1106837162,零购超市(安兜店),福建省,厦门市,
20251407,ELEME,76W523637A,1104396135,乐购汪超市(萧山中心店),浙江省,杭州市,
20251407,ELEME,76W523639A,1106463421,京东便利店(昭通中心店),云南省,昭通市,
20251407,ELEME,76W523657A,1107048085,欧乐福超市(越溪店),江苏省,苏州市,
20251407,ELEME,76W523669A,1106044151,共橙24小时超市(衡水安平店),河北省,衡水市,
20251407,ELEME,76W523702A,1108186324,橙兴优购超市(金阳店),贵州省,贵阳市,
20251407,ELEME,76W523743A,1107503321,蓝鲸优选超市(栖霞店),江苏省,南京市,
20251407,ELEME,76W523921A,287906406,迦得超市(龙翔路总店),浙江省,温州市,
20251407,ELEME,76W523928A,1106502405,超宜选精品超市(萍乡店),江西省,萍乡市,
20251407,ELEME,76W523943A,1107015451,共橙24小时超市(湖州德清店),浙江省,湖州市,
20251407,ELEME,76W523973A,1104456169,惠美悠选超市(哈尔滨店),黑龙江省,哈尔滨市,
20251407,ELEME,76W524267A,1104876448,京东便利店(马鞍山中心店),安徽省,马鞍山市,
20251407,ELEME,76W524300A,1106042004,欢临超市(蚌埠桥北店),安徽省,蚌埠市,
20251407,ELEME,76W524306A,1106257272,京东便利店(富阳店),浙江省,杭州市,
20251407,ELEME,76W524330A,1106945129,艾易特仓储超市(高新店),辽宁省,大连市,
20251407,ELEME,76W524373A,1102593337,沃缤纷超市(东西湖店),湖北省,武汉市,
20251407,ELEME,76W524439A,1105260138,世纪生活超市(真如店),上海市,上海市,
20251407,ELEME,76W524470A,1105934292,厦一单超市(未央国际店),陕西省,西安市,
20251407,ELEME,76W524520A,1108109111,共橙24小时超市(长春德惠店),吉林省,长春市,
20251407,ELEME,76W524583A,1106086267,世纪精品超市(月浦中心店),上海市,上海市,
20251407,ELEME,76W524585A,1105068248,美一天省钱超市(石狮中心店),福建省,泉州市,
20251407,ELEME,76W524645A,1104537175,倾鑫优选生活超市(金水区店),河南省,郑州市,
20251407,ELEME,76W524652A,1108524306,尚柔便利店,陕西省,咸阳市,
20251407,ELEME,76W524685A,1106518417,共橙24小时超市(沂南店),山东省,临沂市,
20251407,ELEME,76W524710A,1106383022,共橙24小时超市(宿迁宿豫店),江苏省,宿迁市,
20251407,ELEME,76W524729A,1103468428,益家顺连锁便利店(城厢店),福建省,泉州市,
20251407,ELEME,76W524764A,1107029426,拾客精品超市(肥东店),安徽省,合肥市,
20251407,ELEME,76W524803A,1104533299,京东便利店(泉安店),福建省,泉州市,
20251407,ELEME,76W524922A,1107618044,共橙24小时超市(海门长江路店),江苏省,南通市,
20251407,ELEME,76W524944A,1107124192,艾易特仓储超市(前关店),辽宁省,大连市,
20251407,ELEME,76W524967A,1106381145,快客达·环球超市(塘下店),浙江省,温州市,
20251407,ELEME,76W525075A,1106089107,共橙24小时超市(鞍山铁西区店),辽宁省,鞍山市,
20251407,ELEME,76W525081A,1107951021,星悦精选24H超市(泸州中心店),四川省,泸州市,
20251407,ELEME,76W525095A,1106295036,共橙24小时超市(晋中榆次店),山西省,晋中市,
20251407,ELEME,76W525135A,1107683124,麦德多百货超市(百子湾店),北京市,北京市,
20251407,ELEME,76W525278A,1104830026,句鲸百货Mart(江城店),广东省,阳江市,
20251407,ELEME,76W525309A,1103403069,快捷购精品超市(雨花店),湖南省,长沙市,
20251407,ELEME,76W525338A,1106391181,京东便利店(中山店),广东省,中山市,
20251407,ELEME,76W525479A,1106121279,乐购超市(东昌店),吉林省,通化市,
20251407,ELEME,76W525509A,1107373087,千家顺·鲸选超市(扬州高邮店),江苏省,扬州市,
20251407,ELEME,76W525521A,1107557272,厦一单超市(莱安逸境店),陕西省,西安市,
20251407,ELEME,76W525591A,1107713338,熊本便利店(团结湖店),北京市,北京市,
20251407,ELEME,76W525629A,1106088086,世纪优品超市(普陀中心店),上海市,上海市,
20251407,ELEME,76W525640A,1097314478,华联优选超市(新站店),安徽省,合肥市,
20251407,ELEME,76W525676A,1105583396,京东便利店(和平店),天津市,天津市,
20251407,ELEME,76W525702A,1107690351,京东便利店(三水店),广东省,佛山市,
20251407,ELEME,76W525746A,1105729221,共橙24小时超市(辽阳白塔店),辽宁省,辽阳市,
20251407,ELEME,76W525756A,1107738205,共橙24小时超市(天津蓟州店),天津市,天津市,
20251407,ELEME,76W525816A,1106310429,三只羊の生活超市,上海市,上海市,
20251407,ELEME,76W525828A,1107213469,共橙24小时超市(金坛店),江苏省,常州市,
20251407,ELEME,76W525922A,1108130075,共橙一站式超市(广德店),安徽省,宣城市,
20251407,ELEME,76W525945A,1107846146,春田花精品超市(六安店),安徽省,六安市,
20251407,ELEME,76W525992A,1107741060,世纪华联超市(龙潭寺店),四川省,成都市,
20251407,ELEME,76W526014A,1107460070,零购超市(龙海店),福建省,漳州市,
20251407,ELEME,76W526050A,1106238183,物u购24小时超市(温州中心店),浙江省,温州市,
20251407,ELEME,76W526130A,1106007213,云购精选超市,广东省,广州市,
20251407,ELEME,76W526172A,1105675336,共橙24小时超市(海州店),江苏省,连云港市,
20251407,ELEME,76W526253A,1107987160,麦客联华超市(龙口店),山东省,烟台市,
20251407,ELEME,76W526255A,1103646287,共橙24小时超市(新华区店),河南省,平顶山市,
20251407,ELEME,76W526286A,1108045101,世纪精品超市(沪太路店),上海市,上海市,
20251407,ELEME,76W526348A,1106604344,共橙一站式超市(常熟黄河店),江苏省,苏州市,
20251407,ELEME,76W526442A,1107051161,快洛到家超市(涧西店),河南省,洛阳市,
20251407,ELEME,76W526454A,1108125083,共橙一站式超市(山西阳泉店),山西省,阳泉市,
20251407,ELEME,76W526501A,1105558098,世纪精品超市(徐泾店),上海市,上海市,
20251407,ELEME,76W526528A,1108209011,共橙24小时超市(丰润店),河北省,唐山市,
20251407,ELEME,76W526539A,1107638229,京东便利店(中心店),山东省,青岛市,
20251407,ELEME,76W526676A,1102677200,沃缤纷超市(常青店),湖北省,武汉市,
20251407,ELEME,76W526727A,1106574013,速购精品超市(潍坊中心店),山东省,潍坊市,
20251407,ELEME,76W526765A,1105720186,惠邻百佳超市(顺义店),北京市,北京市,
20251407,ELEME,76W526774A,1108013049,快客达环球超市(江宁店),江苏省,南京市,
20251407,ELEME,76W526849A,1103310198,世纪精品超市(虹口店),上海市,上海市,
20251407,ELEME,76W533472A,1109780361,溧家百货超市(溧阳店),江苏省,常州市,
20251407,ELEME,76W533475A,1108951177,佑哒超市(汉川店),湖北省,孝感市,
20251407,ELEME,76W533485A,1105837267,千与寻便利店,黑龙江省,齐齐哈尔市,
20251407,ELEME,76W533500A,1108286414,京东便利店(常熟店),江苏省,苏州市,
20251407,ELEME,76W533511A,1109278062,世纪精品超市(古北店),上海市,上海市,
20251407,ELEME,76W533525A,1106525439,麦客·联华生活超市,四川省,广安市,
20251407,ELEME,76W533568A,1108031019,快客达超市(回兴店),重庆市,重庆市,
20251407,ELEME,76W533642A,1108415057,易惠达超市(沙河店),北京市,北京市,
20251407,ELEME,76W533675A,1102962466,共橙24小时超市(梅河口新华街店),吉林省,通化市,
20251407,ELEME,76W533685A,1108225369,京东便利店(二七中心店),河南省,郑州市,
20251407,ELEME,76W533770A,1108864122,贝壳甄选超市(夏庄店),山东省,青岛市,
20251407,ELEME,76W533825A,1108441350,宅可送生活超市(莲花南路店),上海市,上海市,
20251407,ELEME,76W533970A,1108145146,昔多购云上超市(建德店),浙江省,杭州市,
20251407,ELEME,76W534048A,1099177003,考拉易购生活超市(红山店),广东省,深圳市,
20251407,ELEME,76W534052A,1108804278,沃缤纷超市(钟家村店),湖北省,武汉市,
20251407,ELEME,76W534101A,1105831419,近距梨超市(海盐店),浙江省,嘉兴市,
20251407,ELEME,76W534120A,1110063375,宝莉百货商店,陕西省,西安市,
20251407,ELEME,76W534177A,1110022041,好宜佳精品超市(狮头岭店),广东省,深圳市,
20251407,ELEME,76W534182A,1108775285,沃缤纷超市(南湖店),湖北省,武汉市,
20251407,ELEME,76W534186A,1109145197,多当家超市(平潭店),福建省,福州市,
20251407,ELEME,76W534209A,1105259331,京东便利店(晋江阳光店),福建省,泉州市,
20251407,ELEME,76W534372A,1107137272,京东便利店(宁德中心店),福建省,宁德市,
20251407,ELEME,76W534388A,1108942346,共橙24H超市(滁州凤阳店),安徽省,滁州市,
20251407,ELEME,76W534423A,1108434058,店呱呱生活超市(双流海滨城店),四川省,成都市,
20251407,ELEME,76W534461A,1108570349,邻里优选超市(慈溪店),浙江省,宁波市,
20251407,ELEME,76W534473A,1098411480,众客邻24h精品超市(吉安中心店),江西省,吉安市,
20251407,ELEME,76W534535A,1106351470,快达精选超市(江宁店),江苏省,南京市,
20251407,ELEME,76W534561A,1106503434,京东便利店(大连西岗店),辽宁省,大连市,
20251407,ELEME,76W534569A,1108721445,昔多购超市(新昌店),浙江省,绍兴市,
20251407,ELEME,76W534639A,1108195229,共橙一站式超市(杭州钱王街店),浙江省,杭州市,
20251407,ELEME,76W534642A,1108735014,京东便利店(张家界店),湖南省,张家界市,
20251407,ELEME,76W534648A,1104266318,捷客超市,安徽省,铜陵市,
20251407,ELEME,76W534832A,1105878095,柴小囤·精品超市(平邑店),山东省,临沂市,
20251407,ELEME,76W534861A,1108525337,共橙一站式超市(泗县东方明珠店),安徽省,宿州市,
20251407,ELEME,76W534877A,1108954451,NOW即享生活超市(凤凰店),广东省,深圳市,
20251407,ELEME,76W534910A,1100274318,欢乐购精品超市(环岛路店),福建省,厦门市,
20251407,ELEME,76W534917A,1109790239,麦客联华超市(雅安店),四川省,雅安市,
20251407,ELEME,76W534951A,1108687217,京东便利店(杭玻街店),浙江省,杭州市,
20251407,ELEME,76W534958A,1108677367,共橙24小时超市(苏家屯牡丹街店),辽宁省,沈阳市,
20251407,ELEME,76W534999A,1109239225,共橙24小时超市(淮安楚州店),江苏省,淮安市,
20251407,ELEME,76W535006A,1107865094,昔多购便利店(湘绣城店),湖南省,长沙市,
20251407,ELEME,76W535076A,1107833474,麦客联华超市(宣城店),安徽省,宣城市,
20251407,ELEME,76W535114A,1109847320,共橙24小时超市(聊城万达店),山东省,聊城市,
20251407,ELEME,76W535172A,1109418312,昔多购超市(仙居店),浙江省,台州市,
20251407,ELEME,76W535181A,1108824097,爱乐达超市(永昌兰湾店),云南省,保山市,
20251407,ELEME,76W535248A,1106531005,橙市达人精品超市(城西店),浙江省,台州市,
20251407,ELEME,76W535260A,1107173429,美道家超市梦乐城店,河南省,三门峡市,
20251407,ELEME,76W535276A,1104676049,云惠旺超市(张家界中心店),湖南省,张家界市,
20251407,ELEME,76W535336A,1108525215,快客达环球超市(义乌万达店),浙江省,金华市,
20251407,ELEME,76W535342A,1109189373,麦格连锁便利超市(诸暨店),浙江省,绍兴市,
20251407,ELEME,76W535349A,1108527157,昔多购超市(嵊州店),浙江省,绍兴市,
20251407,ELEME,76W535488A,1105269418,嗨购生活超市(小白楼店),天津市,天津市,
20251407,ELEME,76W535545A,1110146235,熊本便利店(西直门店),北京市,北京市,
20251407,ELEME,76W535591A,1109272351,给力送超市(侨香店),广东省,深圳市,
20251407,ELEME,76W535672A,1109936083,联品优选(百家湖店),江苏省,南京市,
20251407,ELEME,76W535780A,1108415200,快捷购精品超市(昆山中心店),江苏省,苏州市,
20251407,ELEME,76W535794A,1108887162,共橙24小时超市(海州苍梧店),江苏省,连云港市,
20251407,ELEME,76W535799A,1106239264,京东便利店(中心店),广西壮族自治区,南宁市,
20251407,ELEME,76W535896A,1107151202,京东便利店(诸暨店),浙江省,绍兴市,
20251407,ELEME,76W535920A,1108780100,京东便利店(临沂中心店),山东省,临沂市,
20251407,ELEME,76W536042A,1108720381,团优达生活超市(富阳店),浙江省,杭州市,
20251407,ELEME,76W536057A,1108493463,朴朴鲜超市(顺义店),北京市,北京市,
20251407,ELEME,76W536104A,1109313449,共橙24小时超市(宁波象山店),浙江省,宁波市,
20251407,ELEME,76W536138A,1108062045,世纪精品超市(迪士尼店),上海市,上海市,
20251407,ELEME,76W536163A,1107930147,京东便利店(南京浦口店),江苏省,南京市,
20251407,ELEME,76W536211A,1108141277,环球壹号超市(萧山店),浙江省,杭州市,
20251407,ELEME,76W536260A,1104869113,京东便利店(昌平中心店),北京市,北京市,
20251407,ELEME,76W536292A,1106495114,京东便利店(保利店),湖北省,武汉市,
20251407,ELEME,76W536321A,1108470327,千家顺·鲸选超市(泉州晋江店),福建省,泉州市,
20251407,ELEME,76W536405A,1104422099,乐购汪超市(嘉兴南湖中心店),浙江省,嘉兴市,
20251407,ELEME,76W536411A,1108832463,蜜蜂优选超市,安徽省,黄山市,
20251407,ELEME,76W536527A,1107576126,京东便利店(福州官方旗舰店),福建省,福州市,
20251407,ELEME,76W536552A,1107655120,优一鸣超市(太古里店),四川省,成都市,
20251407,ELEME,76W536566A,1106044479,小鹿惠购超市(诸暨店),浙江省,绍兴市,
20251407,ELEME,76W536714A,1109477458,速买到超市(大厂店),江苏省,南京市,
20251407,ELEME,76W536734A,1110576237,乐小二·连锁超市,浙江省,金华市,
20251407,ELEME,76W536735A,264578042,礼阁仕(苏宁广场店),江苏省,无锡市,
20251407,ELEME,76W536805A,1110633015,折扣牛超市(经南二路店),河南省,郑州市,
20251407,ELEME,76W536815A,1107126312,云惠旺超市(天心区店),湖南省,长沙市,
20251407,ELEME,76W536856A,1108749041,惠宜选超市(黄山黎阳店),安徽省,黄山市,
20251407,ELEME,76W536973A,1109554175,闪电购精品超市(嘉华店),福建省,泉州市,
20251407,ELEME,76W537128A,1108973456,洲岛和园购好社区店,江苏省,南京市,
20251407,ELEME,76W537169A,1057067220,术木优选生活超市(碧海店),贵州省,贵阳市,
20251407,ELEME,76W537171A,1108296444,零购超市(金保大厦店),福建省,漳州市,
20251407,ELEME,76W537256A,1108825100,世纪华联品乐超市(奉贤中心店),上海市,上海市,
20251407,ELEME,76W537371A,1108669069,共橙24小时超市(辽宁营口店),辽宁省,营口市,
20251407,ELEME,76W537406A,1109552170,京东便利店(江阴店),江苏省,无锡市,
20251407,ELEME,76W537419A,1110180375,世纪华联超市(经开店),江西省,南昌市,
20251407,ELEME,76W537464A,1017771047,术木优选超市(花果园店),贵州省,贵阳市,
20251407,ELEME,76W537557A,1110416403,共橙24小时超市(桐乡濮院店),浙江省,嘉兴市,
20251407,ELEME,76W537561A,1109510152,快时多24小时超市,浙江省,金华市,
20251407,ELEME,76W537602A,1108604272,亿客隆超市(钱塘区店),浙江省,杭州市,
20251407,ELEME,76W537628A,1109383034,万购猫城市超市(顾村公园店),上海市,上海市,
20251407,ELEME,76W537662A,1108257146,拾客精品超市(蒙城店),安徽省,亳州市,
20251407,ELEME,76W537668A,1105904075,京东便利店(永康店),浙江省,金华市,
20251407,ELEME,76W537741A,1110340421,优宜佳超市,四川省,成都市,
20251407,ELEME,76W537880A,1073281449,美地平价超市,浙江省,温州市,
20251407,ELEME,76W537942A,1110617473,快客达环球超市(姑苏店),江苏省,苏州市,
20251407,ELEME,76W537962A,1110509234,世纪精品超市(近铁广场店),上海市,上海市,
20251407,ELEME,76W537968A,1107284073,京东便利店(浦口精品店),江苏省,南京市,
20251407,ELEME,76W537973A,1109619048,闪电购精品超市(漳州店),福建省,漳州市,
20251407,ELEME,76W537983A,1104795499,麦德好超市(余杭塘路店),浙江省,杭州市,
20251407,ELEME,76W538028A,1110027357,共橙24小时超市(无锡中心店),江苏省,无锡市,
20251407,ELEME,76W538069A,1108970124,京东便利店(太仓店),江苏省,苏州市,
20251407,ELEME,76W538149A,1110455366,共橙24小时超市(泗阳黄金广场店),江苏省,宿迁市,
20251407,ELEME,76W538213A,1111455446,麦客联华超市(昌东中心店),江西省,南昌市,
20251407,ELEME,76W538325A,1055056276,术木优选超市(会展城店),贵州省,贵阳市,
20251407,ELEME,76W538330A,1110082065,博利批发超市(机场店),重庆市,重庆市,
20251407,ELEME,76W538334A,1109924466,惠唛优品便利超市(绍兴店),浙江省,绍兴市,
20251407,ELEME,76W538356A,1103639372,JD.COM京东便利店(南京店),江苏省,南京市,
20251407,ELEME,76W538365A,1110025140,畅淘集市精品超市(新街口店),江苏省,南京市,
20251407,ELEME,76W538410A,1107252152,艾易特仓储超市(圣克拉店),辽宁省,大连市,
20251407,ELEME,76W538416A,1104580298,JD.COM京东便利店(昆山店),江苏省,苏州市,
20251407,ELEME,76W538426A,1109453301,京东便利店(金山店),福建省,福州市,
20251407,ELEME,76W538600A,1109217157,零购超市(云霄店),福建省,漳州市,
20251407,ELEME,76W564296A,20005658357,京东便利店(白城店),吉林省,白城市,
20251407,ELEME,76W564297A,1104007203,京东便利店(秉元澄海店),广东省,汕头市,
20251407,ELEME,76W564298A,1113009243,JD.COM京东便利店(合肥店),安徽省,合肥市,
20251407,ELEME,76W564299A,20002425187,京东便利店(奥城店),天津市,天津市,
20251407,ELEME,76W564301A,20008097117,京东便利店(渤海国际店),山东省,滨州市,
20251407,ELEME,76W564302A,20003687427,京东便利店(盛岸店),江苏省,无锡市,
20251407,ELEME,76W564303A,20004041404,京东便利店(北京西部店),北京市,北京市,
20251407,ELEME,76W564305A,20005238159,京东便利店(宝龙店),广东省,深圳市,
20251407,ELEME,76W564306A,20000483202,京东便利店(北京中心店),北京市,北京市,
20251407,ELEME,76W564307A,20001685130,JD.COM京东便利店(无锡店),江苏省,无锡市,
20251407,ELEME,76W564308A,1104042178,京东便利店(北海店),广西壮族自治区,北海市,
20251407,ELEME,76W564310A,20002442383,京东便利店(滨州店),山东省,滨州市,
20251407,ELEME,76W564311A,20003832047,京东便利店(安宁中心店),云南省,昆明市,
20251407,ELEME,76W564313A,1104917197,京东便利店,河南省,平顶山市,
20251407,ELEME,76W564314A,20003824152,京东便利店(仓山江南名城店),福建省,福州市,
20251407,ELEME,76W564316A,20002155067,京东便利(六安中心店),安徽省,六安市,
20251407,ELEME,76W564317A,20002868121,JD.COM京东便利店(武进吾悦店),江苏省,常州市,
20251407,ELEME,76W564318A,20004009133,京东便利(江宁东山店),江苏省,南京市,
20251407,ELEME,76W564320A,20004434446,京东便利店(北区总店),云南省,昆明市,
20251407,ELEME,76W564322A,20000534223,京东便利店(安宁店),云南省,昆明市,
20251407,ELEME,76W564323A,1102905466,京东便利店(仓储1号店),天津市,天津市,
20251407,ELEME,76W564324A,1112967253,京东便利店(北京南站店),北京市,北京市,
20251407,ELEME,76W564325A,1112977286,JD.COM京东便利店(蜀山店),安徽省,合肥市,
20251407,ELEME,76W564326A,20003641076,京东便利店(保定店),河北省,保定市,
20251407,ELEME,76W564327A,20006300268,京东便利店(蚌埠店),安徽省,蚌埠市,
20251407,ELEME,76W564328A,20001463090,京东便利店(滨海新区店),天津市,天津市,
20251407,ELEME,76W564331A,20000154134,京东便利店(奥体中路店),山东省,济南市,
20251407,ELEME,76W564332A,20002065009,京东便利超市,福建省,宁德市,
20251407,ELEME,76W564333A,20002651327,京东便利超市(中关村店),北京市,北京市,
20251407,ELEME,76W564334A,20002890453,京东便利店(仓山中心店),福建省,福州市,
20251407,ELEME,76W564337A,20003785261,京东便利店(仓山万达店),福建省,福州市,
20251407,ELEME,76W564339A,1110367496,京东便利店(常平中心店),广东省,东莞市,
20251407,ELEME,76W564340A,20001545291,京东便利店,广东省,珠海市,
20251407,ELEME,76W564341A,20008591447,京东便利店(郴州店),湖南省,郴州市,
20251407,ELEME,76W564342A,20005100481,京东便利店(茶园店),重庆市,重庆市,
20251407,ELEME,76W564343A,20005308452,京东便利店(常熟万达店),江苏省,苏州市,
20251407,ELEME,76W564344A,20002818171,京东便利店(成都牛市口店),四川省,成都市,
20251407,ELEME,76W564346A,20004667405,京东便利店(成华店),四川省,成都市,
20251407,ELEME,76W564348A,20002187299,京东便利店(城南卓越店),安徽省,滁州市,
20251407,ELEME,76W564350A,1112978378,京东便利店(城阳店),山东省,青岛市,
20251407,ELEME,76W564351A,20004401006,京东便利店(滁州店),安徽省,滁州市,
20251407,ELEME,76W564352A,20002397190,京东便利店(城市生活店),辽宁省,大连市,
20251407,ELEME,76W564354A,20008699318,京东便利店(城西店),江苏省,南通市,
20251407,ELEME,76W564355A,20005186076,京东便利店(楚雄店),云南省,楚雄彝族自治州,
20251407,ELEME,76W564356A,20001325344,京东便利店(春熙路店),四川省,成都市,
20251407,ELEME,76W564357A,20000424452,京东便利店(慈溪店),浙江省,宁波市,
20251407,ELEME,76W564358A,20001186084,京东便利店(瓷都中心店),江西省,景德镇市,
20251407,ELEME,76W564359A,1110815442,京东便利店(大朗中心店),广东省,东莞市,
20251407,ELEME,76W564360A,1114087156,京东便利店(大连高新店),辽宁省,大连市,
20251407,ELEME,76W564361A,20007505295,京东便利店(大理中心店),云南省,大理白族自治州,
20251407,ELEME,76W564362A,20003654500,京东便利店(大丰店),四川省,成都市,
20251407,ELEME,76W564365A,1112653395,京东便利店(大理洱海店),云南省,大理白族自治州,
20251407,ELEME,76W564367A,20003350076,京东便利店(大明湖店),山东省,济南市,
20251407,ELEME,76W564369A,1112375155,京东便利店(大名店),山东省,青岛市,
20251407,ELEME,76W564370A,20004113184,京东便利店(大润发店),山东省,日照市,
20251407,ELEME,76W564371A,20004399156,京东便利店(大同中心店),山西省,大同市,
20251407,ELEME,76W564372A,1107541474,京东便利店(北海中心店),广西壮族自治区,北海市,
20251407,ELEME,76W564375A,20001745176,京东便利店(大旺店),广东省,肇庆市,
20251407,ELEME,76W564377A,20002848081,京东便利店(北湖中心店),吉林省,长春市,
20251407,ELEME,76W564378A,20008607178,京东便利店(丹霞路店),安徽省,合肥市,
20251407,ELEME,76W564382A,20004366150,京东便利店(丹阳店),江苏省,镇江市,
20251407,ELEME,76W564383A,20004851455,京东便利店(弹子石店),重庆市,重庆市,
20251407,ELEME,76W564384A,20005259102,京东便利店(迪士尼店),上海市,上海市,
20251407,ELEME,76W564385A,20003714104,京东便利店(叠彩店),广西壮族自治区,桂林市,
20251407,ELEME,76W564386A,20007760142,京东便利店(迪士尼二店),上海市,上海市,
20251407,ELEME,76W564390A,1110587003,京东便利店(东城中心店),广东省,东莞市,
20251407,ELEME,76W564391A,20000687412,京东便利店(东区店),河南省,郑州市,
20251407,ELEME,76W564392A,1114235022,京东便利店(东舍坊店),山东省,济南市,
20251407,ELEME,76W564393A,20000341194,京东便利店(常德中心店),湖南省,常德市,
20251407,ELEME,76W564395A,20003563377,京东便利店(东阳店),浙江省,金华市,
20251407,ELEME,76W564397A,20003976023,京东便利店(东台店),江苏省,盐城市,
20251407,ELEME,76W564398A,20005703235,京东便利店(朝阳门店),陕西省,西安市,
20251407,ELEME,76W564399A,20005497231,京东便利店(东阳银泰店),浙江省,金华市,
20251407,ELEME,76W564400A,20004940234,京东便利店(慈溪浒山店),浙江省,宁波市,
20251407,ELEME,76W564401A,1112927114,京东便利店(端州中心店),广东省,肇庆市,
20251407,ELEME,76W564404A,20005353130,京东便利店(东直门店),北京市,北京市,
20251407,ELEME,76W564406A,20001597207,京东便利店(独墅湖店),江苏省,苏州市,
20251407,ELEME,76W564408A,20002454209,京东便利店(恩施市店),湖北省,恩施土家族苗族自治州,
20251407,ELEME,76W564409A,20005189480,京东便利店(二七广场店),辽宁省,大连市,
20251407,ELEME,76W564410A,20004666364,京东便利店(二仙桥店),四川省,成都市,
20251407,ELEME,76W564411A,20005750388,京东便利店(肥西店),安徽省,合肥市,
20251407,ELEME,76W564412A,20004185340,京东便利店(北大槐树店),山东省,济南市,
20251407,ELEME,76W564416A,20000400434,京东便利店(福永中心店),广东省,深圳市,
20251407,ELEME,76W564417A,20000240177,京东便利店(福州总仓店),福建省,福州市,
20251407,ELEME,76W564419A,1111661486,京东便利店(凤岗中心店),广东省,东莞市,
20251407,ELEME,76W564421A,20002709129,京东便利店(富阳中心店),浙江省,杭州市,
20251407,ELEME,76W564422A,1109461248,京东便利店(阜阳店),安徽省,阜阳市,
20251407,ELEME,76W564424A,1113981049,京东便利店(港区中心店),河南省,郑州市,
20251407,ELEME,76W564427A,20000458283,京东便利店(高新区店),安徽省,合肥市,
20251407,ELEME,76W564428A,20004151208,京东便利店(高新万达店),福建省,福州市,
20251407,ELEME,76W564429A,20001923119,京东便利店(高新区店),福建省,福州市,
20251407,ELEME,76W564430A,20004894377,京东便利店(高邮店),江苏省,扬州市,
20251407,ELEME,76W564431A,20005829175,京东便利店(高新中心店),安徽省,合肥市,
20251407,ELEME,76W564432A,20002795087,京东便利店(高圳店),浙江省,金华市,
20251407,ELEME,76W564433A,20003367057,京东便利店(高淳店),江苏省,南京市,
20251407,ELEME,76W564434A,20003648476,京东便利店(赣榆中心店),江苏省,连云港市,
20251407,ELEME,76W564435A,20005789306,天猫小店(惠选超市新洋路店),广东省,潮州市,
20251407,ELEME,76W564436A,20005225262,京东便利店(个旧中心店),云南省,红河哈尼族彝族自治州,
20251407,ELEME,76W564437A,20003122396,京东便利店(固安店),河北省,廊坊市,
20251407,ELEME,76W564438A,20002277436,京东便利店(鼓楼店),江苏省,南京市,
20251407,ELEME,76W564439A,20005641181,京东便利店(古城店),云南省,大理白族自治州,
20251407,ELEME,76W564440A,20001505335,京东便利店(管城店),河南省,郑州市,
20251407,ELEME,76W564441A,1111795440,京东便利店(关林店),河南省,洛阳市,
20251407,ELEME,76W564442A,20002355385,京东便利店(光谷东店),湖北省,武汉市,
20251407,ELEME,76W564443A,20000350489,京东便利店(广益店),江苏省,无锡市,
20251407,ELEME,76W564445A,1112953207,京东便利店(广元店),四川省,广元市,
20251407,ELEME,76W564446A,20000974415,京东便利店(广粤路店),上海市,上海市,
20251407,ELEME,76W564447A,20007740175,京东便利店(广汉三星堆店),四川省,德阳市,
20251407,ELEME,76W564448A,20005373032,京东便利店(桂平店),广西壮族自治区,贵港市,
20251407,ELEME,76W564449A,20001197203,京东便利店(国货路店),福建省,福州市,
20251407,ELEME,76W564450A,20002219440,京东便利店(海安店),江苏省,南通市,
20251407,ELEME,76W564451A,20002462394,京东便利店(哈西精品店),黑龙江省,哈尔滨市,
20251407,ELEME,76W564452A,20004196392,京东便利店(邯郸店),河北省,邯郸市,
20251407,ELEME,76W564454A,20005296130,京东便利店(海淀北部店),北京市,北京市,
20251407,ELEME,76W564455A,20004126082,京东便利店(海宁1号店),浙江省,嘉兴市,
20251407,ELEME,76W564456A,20004281470,京东便利店(海宁店),浙江省,嘉兴市,
20251407,ELEME,76W564457A,20006156041,京东便利店(海珠中心店),广东省,广州市,
20251407,ELEME,76W564458A,1112285013,京东便利店(杭州店),浙江省,杭州市,
20251407,ELEME,76W564459A,20003111256,京东便利店(杭州1号店),浙江省,杭州市,
20251407,ELEME,76W564460A,20004291016,京东便利店(海港店),河北省,秦皇岛市,
20251407,ELEME,76W564461A,20005743261,京东便利店(濠江店),福建省,泉州市,
20251407,ELEME,76W564462A,20003262285,京东便利店(合肥包河店),安徽省,合肥市,
20251407,ELEME,76W564466A,20008048466,京东便利店(合肥庐阳店),安徽省,合肥市,
20251407,ELEME,76W564467A,20007577154,京东便利店(合肥瑶海店),安徽省,合肥市,
20251407,ELEME,76W564468A,20001408156,京东便利店(河源中心店),广东省,河源市,
20251407,ELEME,76W564469A,20005439081,京东便利店(菏泽店),山东省,菏泽市,
20251407,ELEME,76W564474A,20000223309,京东便利店(红军营店),北京市,北京市,
20251407,ELEME,76W564476A,20003208319,京东便利店(河北店),天津市,天津市,
20251407,ELEME,76W564477A,20005390348,京东便利店(后沙峪店),北京市,北京市,
20251407,ELEME,76W564479A,1110514075,京东便利店(厚街中心店),广东省,东莞市,
20251407,ELEME,76W564480A,1112224273,京东便利店(虎泉店),湖北省,武汉市,
20251407,ELEME,76W564481A,20007828211,京东便利店(浒关店),江苏省,苏州市,
20251407,ELEME,76W564482A,1111962145,京东便利店(虎门中心店),广东省,东莞市,
20251407,ELEME,76W564483A,20002062394,京东便利店(华昌街店),辽宁省,大连市,
20251407,ELEME,76W564485A,20005559398,京东便利店(湖州店),浙江省,湖州市,
20251407,ELEME,76W564486A,20005415425,京东便利店(花都中心店),广东省,广州市,
20251407,ELEME,76W564487A,20000090049,京东便利店(华林花园店),福建省,福州市,
20251407,ELEME,76W564488A,20004424162,京东便利店(怀特店),河北省,石家庄市,
20251407,ELEME,76W564489A,20000460043,京东便利店(怀化店),湖南省,怀化市,
20251407,ELEME,76W564490A,20005348126,京东便利店(槐荫店),山东省,济南市,
20251407,ELEME,76W564491A,20005567366,京东便利店(葫芦岛店),辽宁省,葫芦岛市,
20251407,ELEME,76W564492A,20003321487,京东便利店(海门店),江苏省,南通市,
20251407,ELEME,76W564493A,20001626329,京东便利店(淮安中心店),江苏省,淮安市,
20251407,ELEME,76W564494A,20000156482,京东便利店(欢乐汇店),河北省,石家庄市,
20251407,ELEME,76W564495A,20000271269,京东便利店(黄岛中心店),山东省,青岛市,
20251407,ELEME,76W564496A,20004940300,京东便利店(黄岩精品店),浙江省,台州市,
20251407,ELEME,76W564499A,20004183062,京东便利店(黄埔中心店),广东省,广州市,
20251407,ELEME,76W564500A,20002902232,京东便利店(黄岛开发区店),山东省,青岛市,
20251407,ELEME,76W564501A,20000391212,京东便利店(黄河路店),上海市,上海市,
20251407,ELEME,76W564503A,20001726347,京东便利店(黄岩店),浙江省,台州市,
20251407,ELEME,76W564504A,20002927018,京东便利店(惠东中心店),广东省,惠州市,
20251407,ELEME,76W564507A,20003339304,京东便利店(惠济店),河南省,郑州市,
20251407,ELEME,76W564508A,20001455448,京东便利店(惠阳店),广东省,惠州市,
20251407,ELEME,76W564509A,1112293007,京东便利店(惠州旗舰店),广东省,惠州市,
20251407,ELEME,76W564511A,20006010246,京东便利店(火炬园店),福建省,厦门市,
20251407,ELEME,76W564512A,20008450186,京东便利店(机场店),辽宁省,大连市,
20251407,ELEME,76W564513A,20001316215,京东便利店(济南二店),山东省,济南市,
20251407,ELEME,76W564514A,20000715019,京东便利店(济南泉城店),山东省,济南市,
20251407,ELEME,76W564516A,20003166007,京东便利店(吉首店),湖南省,湘西土家族苗族自治州,
20251407,ELEME,76W564517A,20004305125,京东便利店(集美店),福建省,厦门市,
20251407,ELEME,76W564518A,20004194173,京东便利店(嘉定店),上海市,上海市,
20251407,ELEME,76W564520A,1105621349,京东便利店(济南店),山东省,济南市,
20251407,ELEME,76W564521A,1111816327,京东便利店(吉首中心店),湖南省,湘西土家族苗族自治州,
20251407,ELEME,76W564523A,20001995226,京东便利店(蓟州店),天津市,天津市,
20251407,ELEME,76W564526A,20007524334,京东便利店(嘉善中心店),浙江省,嘉兴市,
20251407,ELEME,76W564527A,1111776059,京东便利店(惠城中心店),广东省,惠州市,
20251407,ELEME,76W564528A,20007784368,京东便利店(建材城店),浙江省,湖州市,
20251407,ELEME,76W564531A,20001020271,京东便利店(嘉禾店),广东省,广州市,
20251407,ELEME,76W564532A,20007582138,京东便利店(建阳中心店),福建省,南平市,
20251407,ELEME,76W564534A,20004208461,京东便利店(金开店),重庆市,重庆市,
20251407,ELEME,76W564535A,20005309038,京东便利店(金港店),广西壮族自治区,玉林市,
20251407,ELEME,76W564536A,1113359199,京东便利店(金沙中心店),浙江省,杭州市,
20251407,ELEME,76W564538A,20008188348,京东便利店(金凯路店),广西壮族自治区,南宁市,
20251407,ELEME,76W564539A,20003279394,京东便利店(角美店),福建省,漳州市,
20251407,ELEME,76W564540A,20003722405,京东便利店(建邺奥南店),江苏省,南京市,
20251407,ELEME,76W564541A,1108547104,京东便利店(金银湖店),湖北省,武汉市,
20251407,ELEME,76W564545A,20003059482,京东便利店(金平店),广东省,汕头市,
20251407,ELEME,76W564546A,20003334414,京东便利店(京溪店),广东省,广州市,
20251407,ELEME,76W564547A,20006279330,京东便利店(晋安店),福建省,福州市,
20251407,ELEME,76W564548A,20007136469,京东便利店(金鼎中心店),广东省,珠海市,
20251407,ELEME,76W564549A,20004392069,京东便利店(津南店),天津市,天津市,
20251407,ELEME,76W564550A,1109286338,京东便利店(锦盛大楼店),浙江省,杭州市,
20251407,ELEME,76W564551A,20007307464,京东便利店(晋城店),山西省,晋城市,
20251407,ELEME,76W564552A,20001983334,京东便利店(锦州店),辽宁省,锦州市,
20251407,ELEME,76W564553A,20003718445,京东便利店(经开区店),江西省,南昌市,
20251407,ELEME,76W564554A,20004334288,京东便利店(金山中心店),上海市,上海市,
20251407,ELEME,76W564555A,20005486319,京东便利店(精品超市店),浙江省,宁波市,
20251407,ELEME,76W564556A,20007169329,京东便利店(经开店),陕西省,西安市,
20251407,ELEME,76W564557A,20002207454,京东便利店(静海店),天津市,天津市,
20251407,ELEME,76W564558A,20008198204,京东便利店(金州店),辽宁省,大连市,
20251407,ELEME,76W564559A,20002619069,京东便利店(嘉兴中心店),浙江省,嘉兴市,
20251407,ELEME,76W564560A,20004023027,京东便利店(靖江店),江苏省,泰州市,
20251407,ELEME,76W564561A,20002661126,京东便利店(静安中心店),上海市,上海市,
20251407,ELEME,76W564562A,20006337183,京东便利店(九江店),江西省,九江市,
20251407,ELEME,76W564565A,20001371496,京东便利店(金水中心店),河南省,郑州市,
20251407,ELEME,76W564568A,20005456230,京东便利店(开远店),云南省,红河哈尼族彝族自治州,
20251407,ELEME,76W564569A,20004017038,京东便利店(句容店),江苏省,镇江市,
20251407,ELEME,76W564570A,20002299287,京东便利店(昆明店),云南省,昆明市,
20251407,ELEME,76W564571A,20004347122,京东便利店(句容中心店),江苏省,镇江市,
20251407,ELEME,76W564572A,20001269425,京东便利店(昆山中心店),江苏省,苏州市,
20251407,ELEME,76W564574A,20004948270,京东便利店(宽窄巷子店),四川省,成都市,
20251407,ELEME,76W564576A,20004342065,京东便利店(聚丰园路店),上海市,上海市,
20251407,ELEME,76W564577A,20006036290,京东便利店(康桥店),上海市,上海市,
20251407,ELEME,76W564579A,20001268420,京东便利店(乐至店),四川省,资阳市,
20251407,ELEME,76W564582A,20002120173,京东便利店(科技园店),河南省,郑州市,
20251407,ELEME,76W564583A,20002057107,京东便利店(荔城店),福建省,莆田市,
20251407,ELEME,76W564584A,20001912367,京东便利店(溧阳店),江苏省,常州市,
20251407,ELEME,76W564585A,20007808499,京东便利店(昆山白塔店),江苏省,苏州市,
20251407,ELEME,76W564587A,20001920474,京东便利店(崂山店),山东省,青岛市,
20251407,ELEME,76W564588A,20004240048,京东便利店(梁家巷银海中心店),四川省,成都市,
20251407,ELEME,76W564589A,20001225485,京东便利店(利丰路店),浙江省,杭州市,
20251407,ELEME,76W564591A,20006966230,京东便利店(良庆店),广西壮族自治区,南宁市,
20251407,ELEME,76W564592A,1112444372,京东便利店(梁溪店),江苏省,无锡市,
20251407,ELEME,76W564593A,20004170415,京东便利店(溧水店),江苏省,南京市,
20251407,ELEME,76W564594A,20000515013,京东便利店(廖沈保山店),云南省,保山市,
20251407,ELEME,76W564595A,1113268456,京东便利店(临安店),浙江省,杭州市,
20251407,ELEME,76W564596A,20001018095,京东便利店(聊城中心店),山东省,聊城市,
20251407,ELEME,76W564597A,20002454298,京东便利店(临平店),浙江省,杭州市,
20251407,ELEME,76W564598A,20002245371,京东便利店(临汾店),山西省,临汾市,
20251407,ELEME,76W564599A,20002220020,京东便利店(临海店),浙江省,台州市,
20251407,ELEME,76W564600A,20003381340,京东便利店(临平月荷路店),浙江省,杭州市,
20251407,ELEME,76W564601A,1111684443,京东便利店(柳州中心店),广西壮族自治区,柳州市,
20251407,ELEME,76W564602A,20002756115,京东便利店(刘园店),天津市,天津市,
20251407,ELEME,76W564605A,20003793340,京东便利店(临安中心店),浙江省,杭州市,
20251407,ELEME,76W564607A,20003749489,京东便利店(龙水南路店),上海市,上海市,
20251407,ELEME,76W564609A,20000134160,京东便利店(老闵行店),上海市,上海市,
20251407,ELEME,76W564610A,20001996453,京东便利店(罗湖店),广东省,深圳市,
20251407,ELEME,76W564611A,20005876391,京东便利店(马台街店),江苏省,南京市,
20251407,ELEME,76W564613A,1111581379,京东便利店(罗湖中心店),广东省,深圳市,
20251407,ELEME,76W564614A,20001459473,世纪精品超市(娄山关路店),上海市,上海市,
20251407,ELEME,76W564615A,20001981085,京东便利店(茂名中心店),广东省,茂名市,
20251407,ELEME,76W564616A,20005758431,京东便利店(马家堡店),北京市,北京市,
20251407,ELEME,76W564617A,20005840373,京东便利店(梅州万达店),广东省,梅州市,
20251407,ELEME,76W564618A,20008436333,京东便利店(旅顺店),辽宁省,大连市,
20251407,ELEME,76W564619A,20001110396,京东便利店(梅州店),广东省,梅州市,
20251407,ELEME,76W564620A,20002226091,京东便利店(梅州总店),广东省,梅州市,
20251407,ELEME,76W564621A,20003928436,京东便利店(梅江店),天津市,天津市,
20251407,ELEME,76W564623A,1113623180,京东便利店(弥勒店),云南省,红河哈尼族彝族自治州,
20251407,ELEME,76W564624A,20004163055,京东便利店(绵阳中心店),四川省,绵阳市,
20251407,ELEME,76W564625A,20004298066,京东便利店(梅县店),广东省,梅州市,
20251407,ELEME,76W564626A,20005269343,京东便利店(勐海中心店),云南省,西双版纳傣族自治州,
20251407,ELEME,76W564627A,20003675447,京东便利店(南昌中心店),江西省,南昌市,
20251407,ELEME,76W564628A,20002582375,京东便利店(民治店),广东省,深圳市,
20251407,ELEME,76W564629A,1110432233,京东便利店(南城中心店),广东省,东莞市,
20251407,ELEME,76W564632A,20006395420,京东便利店(南充店),四川省,南充市,
20251407,ELEME,76W564634A,20003415367,京东便利店(南海店),广东省,佛山市,
20251407,ELEME,76W564636A,1111783076,京东便利店(南海中心店),广东省,佛山市,
20251407,ELEME,76W564637A,20003100410,京东便利店(南京1号店),江苏省,南京市,
20251407,ELEME,76W564638A,20000255023,京东便利店(南京店),江苏省,南京市,
20251407,ELEME,76W564641A,1109721459,京东便利店(南京中心店),江苏省,南京市,
20251407,ELEME,76W564642A,20003219480,京东便利店(南京店),江苏省,南京市,
20251407,ELEME,76W564643A,20005291495,京东便利店(南通店),江苏省,南通市,
20251407,ELEME,76W564645A,20005358174,京东便利店(南京中心店),江苏省,南京市,
20251407,ELEME,76W564646A,20002173219,京东便利店(南坪店),重庆市,重庆市,
20251407,ELEME,76W564647A,20005559401,京东便利店(南浔店),浙江省,湖州市,
20251407,ELEME,76W564648A,20003654255,京东便利店(南商店),浙江省,宁波市,
20251407,ELEME,76W564649A,20000149372,京东便利店(宁波店),浙江省,宁波市,
20251407,ELEME,76W564650A,20003350481,京东便利店(南阳中心店),河南省,南阳市,
20251407,ELEME,76W564651A,20002640034,京东便利店(宁波海曙店),浙江省,宁波市,
20251407,ELEME,76W564652A,20000451205,京东便利店(南阳旗舰店),河南省,南阳市,
20251407,ELEME,76W564653A,20001435295,京东便利店(鸟巢店),北京市,北京市,
20251407,ELEME,76W564654A,20002145199,京东便利店(宁波鄞州店),浙江省,宁波市,
20251407,ELEME,76W564655A,20002399171,京东便利店(宁波臻品店),浙江省,宁波市,
20251407,ELEME,76W564656A,1103918378,京东便利店(宁波中心店),浙江省,宁波市,
20251407,ELEME,76W564657A,20005767393,京东便利店(平湖店),浙江省,嘉兴市,
20251407,ELEME,76W564658A,20004932131,京东便利店(宁海店),浙江省,宁波市,
20251407,ELEME,76W564659A,20008143224,京东便利店(潘家园店),北京市,北京市,
20251407,ELEME,76W564660A,20001173250,京东便利店(平潭中心店),福建省,福州市,
20251407,ELEME,76W564661A,20001705296,京东便利店(普宁旗舰店),广东省,揭阳市,
20251407,ELEME,76W564662A,1113929152,京东便利店(普宁中心店),广东省,揭阳市,
20251407,ELEME,76W564663A,20002363021,京东便利店(平潭精品店),福建省,福州市,
20251407,ELEME,76W564664A,20000029193,京东便利店(盘门店),江苏省,苏州市,
20251407,ELEME,76W564665A,20003585140,京东便利店(普陀中心店),上海市,上海市,
20251407,ELEME,76W564666A,20005552395,京东便利店(濮阳店),河南省,濮阳市,
20251407,ELEME,76W564667A,20001512189,京东便利店(盘锦中心店),辽宁省,盘锦市,
20251407,ELEME,76W564668A,20003208377,京东便利店(七宝店),上海市,上海市,
20251407,ELEME,76W564669A,20002103147,京东便利店(琴湖店),江苏省,苏州市,
20251407,ELEME,76W564670A,20004203183,京东便利店(钱江新城店),浙江省,杭州市,
20251407,ELEME,76W564671A,20004195477,京东便利店(浦秀路店),上海市,上海市,
20251407,ELEME,76W564673A,20004040036,京东便利店(齐鲁软件园店),山东省,济南市,
20251407,ELEME,76W564675A,20004483211,京东便利店(钱塘店),浙江省,杭州市,
20251407,ELEME,76W564676A,20005352488,京东便利店(蓬江店),广东省,江门市,
20251407,ELEME,76W564677A,20003978181,京东便利店(七里堡店),山东省,济南市,
20251407,ELEME,76W564680A,20001729264,京东便利店(如皋店),江苏省,南通市,
20251407,ELEME,76W564682A,20006062344,京东便利店(仁和店),四川省,攀枝花市,
20251407,ELEME,76W564683A,20002602085,京东便利店(软件园店),福建省,厦门市,
20251407,ELEME,76W564684A,20003959305,京东便利店(如东店),江苏省,南通市,
20251407,ELEME,76W564687A,20008567265,京东便利店(任城店),山东省,济宁市,
20251407,ELEME,76W564688A,20003397144,京东便利店(三元里店),广东省,广州市,
20251407,ELEME,76W564689A,20002179072,京东便利店(邵阳店),湖南省,邵阳市,
20251407,ELEME,76W564690A,20004492018,京东便利店(汕尾中心店),广东省,汕尾市,
20251407,ELEME,76W564692A,20004453195,京东便利店(上海中心店),上海市,上海市,
20251407,ELEME,76W564695A,20001981086,京东便利店(上虞中心店),浙江省,绍兴市,
20251407,ELEME,76W564696A,1113292086,京东便利店(山东中路店),上海市,上海市,
20251407,ELEME,76W564697A,20003585448,京东便利店(顺德中心店),广东省,佛山市,
20251407,ELEME,76W564698A,20006083448,京东便利店(绍兴总店),浙江省,绍兴市,
20251407,ELEME,76W564702A,20005444051,京东便利店(神都古城店),河南省,洛阳市,
20251407,ELEME,76W564703A,1109105267,京东便利店(神木市店),陕西省,榆林市,
20251407,ELEME,76W564704A,20003115321,京东便利店(上饶旗舰店),江西省,上饶市,
20251407,ELEME,76W564706A,20004216397,京东便利店(石家庄裕华店),河北省,石家庄市,
20251407,ELEME,76W564707A,20004754483,京东便利店(世纪金源购物中心店),安徽省,合肥市,
20251407,ELEME,76W564708A,1112449306,京东便利店(嵊州店),浙江省,绍兴市,
20251407,ELEME,76W564710A,20006176173,京东便利店(佘山店),上海市,上海市,
20251407,ELEME,76W564712A,20004705178,京东便利店(曙光路店),吉林省,长春市,
20251407,ELEME,76W564713A,20008166055,京东便利店(十里堡店),北京市,北京市,
20251407,ELEME,76W564714A,20007800003,京东便利店(石家庄桥西店),河北省,石家庄市,
20251407,ELEME,76W564715A,20006298262,京东便利店(狮山公园店),广西壮族自治区,南宁市,
20251407,ELEME,76W564716A,20002432356,京东便利店(寿光店),山东省,潍坊市,
20251407,ELEME,76W564717A,20002143393,京东便利店(石狮世茂店),福建省,泉州市,
20251407,ELEME,76W564718A,20003541358,京东便利店(市南中心店),山东省,青岛市,
20251407,ELEME,76W564720A,20001587417,京东便利店(万悦店),浙江省,绍兴市,
20251407,ELEME,76W564721A,20002140464,京东便利店(泰州店),江苏省,泰州市,
20251407,ELEME,76W564722A,20002155393,京东便利店(万达店),山东省,泰安市,
20251407,ELEME,76W564724A,20001634024,京东便利店(桐庐中心店),浙江省,杭州市,
20251407,ELEME,76W564725A,20002085390,京东便利店(天河店),广东省,广州市,
20251407,ELEME,76W564727A,20001562246,京东便利店(泰州路店),山东省,青岛市,
20251407,ELEME,76W564728A,1111039191,京东便利店(谈固东街店),河北省,石家庄市,
20251407,ELEME,76W564729A,20002364327,京东便利店(桐乡店),浙江省,嘉兴市,
20251407,ELEME,76W564730A,20003479110,京东便利店(旺角店),辽宁省,大连市,
20251407,ELEME,76W564731A,20005652360,京东便利店(文创园店),河北省,秦皇岛市,
20251407,ELEME,76W564732A,20003800469,京东便利店(通达路店),江苏省,扬州市,
20251407,ELEME,76W564736A,20001169281,京东便利店(上饶店),江西省,上饶市,
20251407,ELEME,76W564737A,1109572476,京东便利店(坦洲中心店),广东省,中山市,
20251407,ELEME,76W564739A,20005562346,京东便利店(宿迁店),江苏省,宿迁市,
20251407,ELEME,76W564740A,1110481108,京东便利店(塘厦中心店),广东省,东莞市,
20251407,ELEME,76W564741A,20004307142,京东便利店(万象城店),山西省,太原市,
20251407,ELEME,76W564742A,20003821368,京东便利店(市心路店),浙江省,杭州市,
20251407,ELEME,76W564744A,20001693069,京东便利店(吾悦广场店),江苏省,苏州市,
20251407,ELEME,76W564745A,20002781440,京东便利店(万达店),江西省,上饶市,
20251407,ELEME,76W564746A,20001708492,京东便利店(友好广场店),辽宁省,大连市,
20251407,ELEME,76W564747A,20004148016,京东便利店(桃源店),广西壮族自治区,南宁市,
20251407,ELEME,76W564748A,20002143431,京东便利店(泰兴店),江苏省,泰州市,
20251407,ELEME,76W564749A,20001998060,京东便利店(温州中心店),浙江省,温州市,
20251407,ELEME,76W564750A,20005988172,京东便利店(天府五街店),四川省,成都市,
20251407,ELEME,76W564751A,20005888076,京东便利店(天津河东店),天津市,天津市,
20251407,ELEME,76W564752A,1109166106,京东便利店(束河店),云南省,丽江市,
20251407,ELEME,76W564753A,20002722431,京东便利店(万象城店),福建省,厦门市,
20251407,ELEME,76W564755A,20002459207,京东便利店(泰山路店),河南省,郑州市,
20251407,ELEME,76W564756A,20005011390,京东便利店(王家湾店),湖北省,武汉市,
20251407,ELEME,76W564757A,20000808177,京东便利店(温州总店),浙江省,温州市,
20251407,ELEME,76W564758A,20003221461,京东便利店(万达店),福建省,宁德市,
20251407,ELEME,76W564762A,20003268173,京东便利店(王府井中心店),北京市,北京市,
20251407,ELEME,76W564765A,20001321220,京东便利店(万泉城店),广西壮族自治区,北海市,
20251407,ELEME,76W564768A,20004920329,京东便利店(唐冶店),山东省,济南市,
20251407,ELEME,76W564770A,1103579488,京东便利店(潍坊中心店),山东省,潍坊市,
20251407,ELEME,76W564771A,20003814179,京东便利店(桐心园店),辽宁省,锦州市,
20251407,ELEME,76W564772A,20003388288,京东便利店(四季广场店),浙江省,杭州市,
20251407,ELEME,76W564773A,20005790200,京东便利店(通州中心店),北京市,北京市,
20251407,ELEME,76W564775A,20005182101,京东便利店(太仓万达店),江苏省,苏州市,
20251407,ELEME,76W564776A,20003167018,京东便利店(泰达店),天津市,天津市,
20251407,ELEME,76W564777A,20002669072,京东便利店(太仓中心店),江苏省,苏州市,
20251407,ELEME,76W564778A,1112947017,京东便利店(同安店),福建省,厦门市,
20251407,ELEME,76W564779A,20008524038,京东便利店(芜湖中心店),安徽省,芜湖市,
20251407,ELEME,76W564780A,20003605220,京东便利店(吴中店),江苏省,苏州市,
20251407,ELEME,76W564781A,20000947012,京东便利店(武清店),天津市,天津市,
20251407,ELEME,76W564782A,20007513117,京东便利店(西三旗中心店),北京市,北京市,
20251407,ELEME,76W564783A,20000677032,京东便利店(锡山店),江苏省,无锡市,
20251407,ELEME,76W564784A,20004954370,京东便利店(香港路店),山东省,青岛市,
20251407,ELEME,76W564785A,20003090429,京东便利店(西站店),江西省,南昌市,
20251407,ELEME,76W564786A,20001212071,京分达(五一路店),福建省,福州市,
20251407,ELEME,76W564787A,20007970317,京东便利店(无锡中心店),江苏省,无锡市,
20251407,ELEME,76W564790A,20001480409,京东便利店(西安和平店),陕西省,西安市,
20251407,ELEME,76W564791A,20008690461,京东便利店(西城中心店),北京市,北京市,
20251407,ELEME,76W564792A,20001934293,京东便利店(西站店),浙江省,杭州市,
20251407,ELEME,76W564793A,20002363301,京东便利店(吴江中心店),江苏省,苏州市,
20251407,ELEME,76W564794A,20005272104,京东便利店(西安1店),陕西省,西安市,
20251407,ELEME,76W564795A,20004896269,京东便利店(五常店),黑龙江省,哈尔滨市,
20251407,ELEME,76W564796A,20002460008,京东便利店(伍家岗店),湖北省,宜昌市,
20251407,ELEME,76W564800A,20003580343,京东便利店(仙林店),江苏省,南京市,
20251407,ELEME,76W564801A,1111479056,京东便利店(翔安店),福建省,厦门市,
20251407,ELEME,76W564803A,20003600471,京东便利店(向阳路店),上海市,上海市,
20251407,ELEME,76W564805A,20004906344,京东便利店(象山店),浙江省,宁波市,
20251407,ELEME,76W564807A,1111683171,京东便利店(小榄中心店),广东省,中山市,
20251407,ELEME,76W564808A,1111440469,京东便利店(新安店),江苏省,无锡市,
20251407,ELEME,76W564812A,20004441255,京东便利店(小寨店),陕西省,西安市,
20251407,ELEME,76W564813A,20005365131,京东便利店(新之城店),江苏省,无锡市,
20251407,ELEME,76W564814A,1104868210,京东便利店(孝南店),湖北省,孝感市,
20251407,ELEME,76W564815A,20005778385,京东便利店(咸阳店),陕西省,咸阳市,
20251407,ELEME,76W564816A,20006125374,京东便利店(萧山店),浙江省,杭州市,
20251407,ELEME,76W564817A,20000202317,京东便利店(新乡中心店),河南省,新乡市,
20251407,ELEME,76W564818A,20005295139,京东便利店(新浦路店),福建省,漳州市,
20251407,ELEME,76W564820A,20002644403,京东便利店(新昌店),浙江省,绍兴市,
20251407,ELEME,76W564821A,1112415367,京东便利店(新乡店),河南省,新乡市,
20251407,ELEME,76W564822A,20004470056,京东便利店(新城店),陕西省,西安市,
20251407,ELEME,76W564823A,1113690060,京东便利店(信阳店),河南省,信阳市,
20251407,ELEME,76W564824A,20005205404,京东便利店(新郑店),河南省,郑州市,
20251407,ELEME,76W564825A,20001829023,京东便利店(学院路店),黑龙江省,哈尔滨市,
20251407,ELEME,76W564826A,1112717482,京东便利店(薛家岛店),山东省,青岛市,
20251407,ELEME,76W564827A,20002370136,京东便利店(延吉总店),吉林省,延边朝鲜族自治州,
20251407,ELEME,76W564830A,20001924433,京东便利店(烟台店),山东省,烟台市,
20251407,ELEME,76W564832A,1112613278,京东便利店(盐城中心店),江苏省,盐城市,
20251407,ELEME,76W564833A,20002495429,京东便利店(扬名店),江苏省,无锡市,
20251407,ELEME,76W564835A,20007760437,京东便利店(扬州店),江苏省,扬州市,
20251407,ELEME,76W564836A,20005705083,京东便利店(阳朔店),广西壮族自治区,桂林市,
20251407,ELEME,76W564837A,20002029229,京东便利店(杨浦店),上海市,上海市,
20251407,ELEME,76W564839A,20000580263,京东便利店(杨浦中心店),上海市,上海市,
20251407,ELEME,76W564840A,20003304270,京东便利店(依山郡店),吉林省,吉林市,
20251407,ELEME,76W564842A,20004671214,京东便利店(义蓬店),浙江省,杭州市,
20251407,ELEME,76W564844A,20003121040,京东便利店(尹山湖店),江苏省,苏州市,
20251407,ELEME,76W564846A,20002421380,京东便利店(鹰潭旗舰店),江西省,鹰潭市,
20251407,ELEME,76W564847A,20004846152,京东便利店(宜春总店),江西省,宜春市,
20251407,ELEME,76W564848A,20002414250,京东便利店(宜兴店),江苏省,无锡市,
20251407,ELEME,76W564849A,1111806309,京东便利店(义乌中心店),浙江省,金华市,
20251407,ELEME,76W564850A,20004233049,京东便利店(亦庄店),北京市,北京市,
20251407,ELEME,76W564851A,1114120361,京东便利店(友谊路店),湖北省,武汉市,
20251407,ELEME,76W564853A,20001488470,京东便利店(宇济商贸城店),湖北省,孝感市,
20251407,ELEME,76W564854A,20002096336,京东便利店(余姚店),浙江省,宁波市,
20251407,ELEME,76W564857A,20002487458,京东便利店(雨花台店),江苏省,南京市,
20251407,ELEME,76W564859A,20008159223,京东便利店(园区斜塘店),江苏省,苏州市,
20251407,ELEME,76W564860A,20002154277,京东便利店(运河桥店),河北省,石家庄市,
20251407,ELEME,76W564861A,20003355025,京东便利店(园区店),江苏省,苏州市,
20251407,ELEME,76W564862A,20005186322,京东便利店(运城店),山西省,运城市,
20251407,ELEME,76W564863A,20004057072,京东便利店(枣庄店),山东省,枣庄市,
20251407,ELEME,76W564866A,20001452447,京东便利店(湛江中心店),广东省,湛江市,
20251407,ELEME,76W564867A,20005266198,京东便利店(长安店),陕西省,西安市,
20251407,ELEME,76W564868A,20005833159,京东便利店(增城店),广东省,广州市,
20251407,ELEME,76W564869A,20005736367,京东便利店(袁州区店),江西省,宜春市,
20251407,ELEME,76W564872A,20001607482,京东便利店(漳浦店),福建省,漳州市,
20251407,ELEME,76W564873A,20000966292,京东便利店(长安中心店),广东省,东莞市,
20251407,ELEME,76W564874A,20001623191,京东便利店(长春中心店),吉林省,长春市,
20251407,ELEME,76W564875A,20002652437,京东便利店(长沙中心店),湖南省,长沙市,
20251407,ELEME,76W564876A,20003617296,京东便利店(长寿店),重庆市,重庆市,
20251407,ELEME,76W564877A,20004989272,京东便利店(肇庆端州店),广东省,肇庆市,
20251407,ELEME,76W564878A,20001042419,京东便利店(长兴店),浙江省,湖州市,
20251407,ELEME,76W564879A,20002496158,京东便利店(镇江店),江苏省,镇江市,
20251407,ELEME,76W564880A,20007697148,京东便利店(真如店),上海市,上海市,
20251407,ELEME,76W564881A,20003228373,京东便利店(中山西路店),上海市,上海市,
20251407,ELEME,76W564882A,20004150125,京东便利店(肇庆四会店),广东省,肇庆市,
20251407,ELEME,76W564883A,20001645294,京东便利店(郑州东店),河南省,郑州市,
20251407,ELEME,76W564884A,1111687223,京东便利店(中山店),广东省,中山市,
20251407,ELEME,76W564885A,20000604202,京东便利店(镇雄店),云南省,昭通市,
20251407,ELEME,76W564886A,20003305223,京东便利店(中北镇店),天津市,天津市,
20251407,ELEME,76W564887A,20000257489,京东便利店(郑州西区店),河南省,郑州市,
20251407,ELEME,76W564888A,20002445201,京东便利店(中原店),河南省,郑州市,
20251407,ELEME,76W564889A,20002516106,京东便利店(钟楼店),江苏省,常州市,
20251407,ELEME,76W564890A,1111417090,京东便利店(中山中心店),广东省,中山市,
20251407,ELEME,76W564891A,20001354325,京东便利店(周口店),河南省,周口市,
20251407,ELEME,76W564892A,20000922337,京东便利店(周浦店),上海市,上海市,
20251407,ELEME,76W564893A,1113053112,京东便利店(仲恺中心店),广东省,惠州市,
20251407,ELEME,76W564894A,20005761363,京东便利店(珠海平沙店),广东省,珠海市,
20251407,ELEME,76W564895A,1111305470,京东便利店(珠海中心店),广东省,珠海市,
20251407,ELEME,76W564897A,20000648467,京东便利店(珠江路店),江苏省,苏州市,
20251407,ELEME,76W564898A,1113457112,京东便利店(转塘店),浙江省,杭州市,
20251407,ELEME,76W564899A,20005825112,京东便利店(珠海斗门店),广东省,珠海市,
20251407,ELEME,76W564900A,20008398452,京东便利店(淄博中心店),山东省,淄博市,
20251407,ELEME,76W564901A,20001325051,京东便利店(诸暨优选店),浙江省,绍兴市,
20251407,ELEME,76W564903A,1112315149,京东便利店九州路店,浙江省,杭州市,
20251407,ELEME,76W564905A,20003333390,京东便利店(紫辰路店),河南省,郑州市,
20251407,ELEME,76W564907A,20000428224,京东超市(江北店),广东省,惠州市,
20251407,ELEME,76W564910A,1099039192,京东便利店(盛景华庭北苑店),江苏省,南京市,
20251407,ELEME,76W564916A,20007894280,京东便利店(庄河店),辽宁省,大连市,
20251407,ELEME,76W564946A,20001452431,世纪华联(大学城店),江西省,南昌市,
20251407,ELEME,76W564948A,20002244470,世纪华联(青云谱店),江西省,南昌市,
20251407,ELEME,76W564957A,20003147383,世纪华联超市(八一广场店),江西省,南昌市,
20251407,ELEME,76W564963A,20002950165,沃缤纷超市(沌口店),湖北省,武汉市,
20251407,ELEME,76W564964A,1113025196,世纪华联超市(奉贤店),上海市,上海市,
20251407,ELEME,76W564965A,20002935300,沃缤纷超市(光谷店),湖北省,武汉市,
20251407,ELEME,76W564967A,20002828270,优买兔精品生活超市(硚口店),湖北省,武汉市,
20251407,ELEME,76W564971A,20002942271,沃缤纷超市(光谷二店),湖北省,武汉市,
20251407,ELEME,76W564972A,20004891153,世纪精品超市(虹桥店),上海市,上海市,
20251407,ELEME,76W564974A,20001909344,世纪华联超市(淮北店),安徽省,淮北市,
20251407,ELEME,76W564975A,20003453017,世纪华联超市(黄岩店),浙江省,台州市,
20251407,ELEME,76W564976A,20003004277,世纪华联超市(鸿雁店),福建省,福州市,
20251407,ELEME,76W564980A,20002932339,沃缤纷(武珞路店),湖北省,武汉市,
20251407,ELEME,76W564981A,20004550129,义百精品超市(江东吾悦店),浙江省,金华市,
20251407,ELEME,76W564982A,20002838218,优买兔精品生活超市(江岸店),湖北省,武汉市,
20251407,ELEME,76W564985A,20007367394,佑哒超市(江夏店),湖北省,武汉市,
20251407,ELEME,76W564986A,20006066128,世纪精品超市(金山万达店),上海市,上海市,
20251407,ELEME,76W564987A,20003108150,佑哒超市(荆门店),湖北省,荆门市,
20251407,ELEME,76W564989A,20003113103,佑哒超市(荆州店),湖北省,荆州市,
20251407,ELEME,76W564990A,20002941273,沃缤纷超市(泾河店),湖北省,武汉市,
20251407,ELEME,76W564991A,1114303001,世纪华联超市(乐清店),浙江省,温州市,
20251407,ELEME,76W564993A,20002840249,优买兔精品生活超市(后湖店),湖北省,武汉市,
20251407,ELEME,76W564996A,1105142313,世纪华联超市(景洪中心店),云南省,西双版纳傣族自治州,
20251407,ELEME,76W564998A,20007528395,佑哒超市(梨园店),湖北省,武汉市,
20251407,ELEME,76W565000A,20002793034,世纪华联超市(平和店),福建省,漳州市,
20251407,ELEME,76W565002A,20000399450,世纪华联品乐超市(木渎店),江苏省,苏州市,
20251407,ELEME,76W565005A,1108583064,世纪华联超市(普洱中心店),云南省,普洱市,
20251407,ELEME,76W565008A,20002051291,世纪精品超市(浦东中心店),上海市,上海市,
20251407,ELEME,76W565010A,20003185373,世纪华联超市(亲贤店),山西省,太原市,
20251407,ELEME,76W565011A,20000581085,世纪优品超市(上海中心店),上海市,上海市,
20251407,ELEME,76W565013A,1113072409,世纪华联超市(深圳中心店),广东省,深圳市,
20251407,ELEME,76W565018A,20003203113,厦一单超市(义乌商城店),陕西省,渭南市,
20251407,ELEME,76W565019A,20002771263,迪购超市(吾悦广场店),福建省,泉州市,
20251407,ELEME,76W565021A,20000207419,世纪华联超市(粤秀路店),上海市,上海市,
20251407,ELEME,76W565022A,20002830271,优买兔精品生活超市(徐东店),湖北省,武汉市,
20251407,ELEME,76W565024A,20008693294,世纪华联超市(中山路店),江西省,南昌市,
20251407,ELEME,76W565030A,1109802340,世纪精品超市(五角场店),上海市,上海市,
20251407,ELEME,76W565031A,20003048428,世纪精选超市(八佰伴店),上海市,上海市,
20251407,ELEME,76W565032A,1109950010,世纪华联超市(象山中心店),浙江省,宁波市,
20251407,ELEME,76W565033A,20000408214,厦一单超市(仙游店),福建省,莆田市,
20251407,ELEME,76W565036A,20002234103,世纪华联品乐(华新街店),上海市,上海市,
20251407,ELEME,76W565043A,1106427254,世纪精品超市,上海市,上海市,
20251407,ELEME,76W565044A,1113116248,世纪生活超市(佘山店),上海市,上海市,
20251407,ELEME,76W565045A,20001546184,世纪华联品乐超市(康桥店),上海市,上海市,
20251407,ELEME,76W565046A,20005072171,世纪华联生活超市(温州中心店),浙江省,温州市,
20251407,ELEME,76W565050A,20001149083,世纪华联优品超市(合肥优选店),安徽省,合肥市,
20251407,ELEME,76W565053A,20005319424,世纪优选超市(青浦中心店),上海市,上海市,
20251407,ELEME,76W565054A,20001531064,世纪优品超市(唐镇店),上海市,上海市,
20251407,ELEME,76W565062A,264577040,礼阁仕(海岸城店),江苏省,无锡市,
20251407,ELEME,76W565075A,284546408,永丰超市(步行街店),安徽省,安庆市,
20251407,ELEME,76W565080A,288198053,老实人超市(蒲城店),陕西省,渭南市,
20251407,ELEME,76W565094A,404135287,放鑫五金百货超市,江苏省,无锡市,
20251407,ELEME,76W565102A,672016277,乐佰超市,辽宁省,铁岭市,
20251407,ELEME,76W565111A,1036773459,零时仟寻便利店超市(胜芳店),河北省,廊坊市,
20251407,ELEME,76W565117A,1064370047,美家乐食品超市,吉林省,通化市,
20251407,ELEME,76W565129A,1074335089,京盛发超市(瀛海店),北京市,北京市,
20251407,ELEME,76W565221A,1099427054,盛惠嘉选精品超市(金海路店),上海市,上海市,
20251407,ELEME,76W565227A,1100407007,小马购●生活超市(岳池店),四川省,广安市,
20251407,ELEME,76W565247A,1101854157,1+1便利店,黑龙江省,哈尔滨市,
20251407,ELEME,76W565298A,1102725273,快时多超市(蒙自店),云南省,红河哈尼族彝族自治州,
20251407,ELEME,76W565300A,1102777404,千家顺·鲸选超市(泼水广场店),云南省,西双版纳傣族自治州,
20251407,ELEME,76W565306A,1103295334,树懒精品优选超市(崇川店),江苏省,南通市,
20251407,ELEME,76W565320A,1104581148,沃缤纷超市(天门店),湖北省,天门市,
20251407,ELEME,76W565329A,1105024333,小优臻选超市(钱塘区店),浙江省,杭州市,
20251407,ELEME,76W565331A,1105075073,优沃森超市,湖北省,仙桃市,
20251407,ELEME,76W565332A,1105081392,共橙24小时超市(安阳文峰区店),河南省,安阳市,
20251407,ELEME,76W565344A,1105413167,辽叶e家百润超市,辽宁省,本溪市,
20251407,ELEME,76W565350A,1105633146,伴跃超市(咸安店),湖北省,咸宁市,
20251407,ELEME,76W565362A,1105970339,雅斯超市(云梦雅斯广场店),湖北省,孝感市,
20251407,ELEME,76W565369A,1106130010,伴跃超市(天门店),湖北省,天门市,
20251407,ELEME,76W565370A,1106138087,悦活里(金隅南七里店),安徽省,合肥市,
20251407,ELEME,76W565373A,1106208308,乐小二速达超市(承德店),河北省,承德市,
20251407,ELEME,76W565376A,1106349495,橙市达人精品超市(温岭店),浙江省,台州市,
20251407,ELEME,76W565400A,1107319120,艾易特仓储超市(南关岭店),辽宁省,大连市,
20251407,ELEME,76W565403A,1107335105,艾易特仓储超市(福佳商场店),辽宁省,大连市,
20251407,ELEME,76W565405A,1107345355,朝阳佳惠超市(北票寰宇店),辽宁省,朝阳市,
20251407,ELEME,76W565406A,1107417394,艾易特仓储超市(普兰店),辽宁省,大连市,
20251407,ELEME,76W565428A,1107899285,乐购汪超市(虹桥中心店),上海市,上海市,
20251407,ELEME,76W565452A,1108148403,共橙24小时超市(周口沈丘店),河南省,周口市,
20251407,ELEME,76W565453A,1108158265,艾易特仓储超市(瓦房店店),辽宁省,大连市,
20251407,ELEME,76W565456A,1108203204,爱乐达超市(中心广场店),河南省,濮阳市,
20251407,ELEME,76W565462A,1108286162,共橙24小时超市(蔚蓝群岛店),山东省,青岛市,
20251407,ELEME,76W565468A,1108399034,快捷购精品超市(潮州中心店),广东省,潮州市,
20251407,ELEME,76W565469A,1108410331,喔欧·时尚环球购(电商园店),安徽省,合肥市,
20251407,ELEME,76W565473A,1108469298,共橙24小时超市(衡百国际店),河北省,衡水市,
20251407,ELEME,76W565483A,1108513326,兴勤超市(万福店),广东省,惠州市,
20251407,ELEME,76W565484A,1108529358,厦一单超市(都市之门店),陕西省,西安市,
20251407,ELEME,76W565488A,1108561460,海选精品超市(通州店),北京市,北京市,
20251407,ELEME,76W565503A,1108694135,快时多超市(建水店),云南省,红河哈尼族彝族自治州,
20251407,ELEME,76W565516A,1108780193,爱乐达超市(四化路南店),安徽省,阜阳市,
20251407,ELEME,76W565523A,1108860262,安德利(和县乌江店),安徽省,马鞍山市,
20251407,ELEME,76W565530A,1108893107,万惠佳超市(红光店),四川省,成都市,
20251407,ELEME,76W565540A,1108958095,佰好云超精品超市(七宝国际店),上海市,上海市,
20251407,ELEME,76W565548A,1109029343,昔多购超市(醴陵店),湖南省,株洲市,
20251407,ELEME,76W565561A,1109150295,物便利生活超市(弘善家园店),北京市,北京市,
20251407,ELEME,76W565569A,1109203260,盒马鲜生代买(常州万象城),江苏省,常州市,
20251407,ELEME,76W565579A,1109246365,铃铛购超市(宜宾店),四川省,宜宾市,
20251407,ELEME,76W565604A,1109365444,小懒生活超市(静安寺店),上海市,上海市,
20251407,ELEME,76W565606A,1109371158,共橙24小时超市(聊城莘县店),山东省,聊城市,
20251407,ELEME,76W565607A,1109373337,拾客精品超市(肥西店),安徽省,合肥市,
20251407,ELEME,76W565614A,1109413448,臻选精品生活超市(江夏店),湖北省,武汉市,
20251407,ELEME,76W565629A,1109482471,亿佳超市(合肥店),安徽省,合肥市,
20251407,ELEME,76W565636A,1109559079,小饿生活全能超市(绥化店),黑龙江省,绥化市,
20251407,ELEME,76W565645A,1109650490,惠小团超市(合肥店),安徽省,合肥市,
20251407,ELEME,76W565661A,1109834056,闪电购精品超市(金枋店),福建省,厦门市,
20251407,ELEME,76W565668A,1109864416,乐尔乐优选(马王堆店),湖南省,长沙市,
20251407,ELEME,76W565670A,1109894301,源元果蔬超市(腾龙湾店),吉林省,通化市,
20251407,ELEME,76W565674A,1109944311,顶丰臻选超市(宁波中心店),浙江省,宁波市,
20251407,ELEME,76W565685A,1110052173,米图便利店(王城大道店),河南省,洛阳市,
20251407,ELEME,76W565688A,1110063370,便客达快送超市(曲江店),陕西省,西安市,
20251407,ELEME,76W565716A,1110229020,喜惠享24h精品超市(萧山店),浙江省,杭州市,
20251407,ELEME,76W565738A,1110449132,沃缤纷超市(硚口店),湖北省,武汉市,
20251407,ELEME,76W565752A,1110514155,老地方超市(萍乡润达国际店),江西省,萍乡市,
20251407,ELEME,76W565753A,1110515154,优购严选·超市(海丰店),广东省,汕尾市,
20251407,ELEME,76W565760A,1110575372,fudi+精选超市京西大悦城店,北京市,北京市,
20251407,ELEME,76W565762A,1110587255,宅小熊超市(屯溪店),安徽省,黄山市,
20251407,ELEME,76W565766A,1110594328,fudi+精选超市(五道口店),北京市,北京市,
20251407,ELEME,76W565774A,1110667425,快客达·环球超市·(南通海门店),江苏省,南通市,
20251407,ELEME,76W565775A,1110676201,闪电购精品超市(兴贤店),福建省,泉州市,
20251407,ELEME,76W565776A,1110697469,共橙24小时超市(盖州店),辽宁省,营口市,
20251407,ELEME,76W565777A,1110724154,美佳购超市(东方广场店),吉林省,辽源市,
20251407,ELEME,76W565780A,1110756108,惠唛优品便利超市(河西店),湖南省,湘潭市,
20251407,ELEME,76W565786A,1110801051,千家顺·鲸选超市(泉州南安店),福建省,泉州市,
20251407,ELEME,76W565788A,1110819374,仙速购精品超市(仙居店),浙江省,台州市,
20251407,ELEME,76W565789A,1110826326,共橙24小时超市(惠民店),山东省,滨州市,
20251407,ELEME,76W565790A,1110829421,零购超市(三明店),福建省,三明市,
20251407,ELEME,76W565800A,1110959020,京选便利超市(昆明中心店),云南省,昆明市,
20251407,ELEME,76W565804A,1111028160,共橙24小时超市(泰安宁阳店),山东省,泰安市,
20251407,ELEME,76W565807A,1111042244,零购超市(德辉广场店),福建省,泉州市,
20251407,ELEME,76W565808A,1111065151,共橙24小时超市(沈北店),辽宁省,沈阳市,
20251407,ELEME,76W565815A,1111117129,快捷购精品超市(龙华店),广东省,深圳市,
20251407,ELEME,76W565826A,1111188018,小橙生活超市(天河湾店),辽宁省,丹东市,
20251407,ELEME,76W565828A,1111192057,千家顺·鲸选超市(临安店),浙江省,杭州市,
20251407,ELEME,76W565830A,1111218329,千家顺·鲸选超市(蒙自店),云南省,红河哈尼族彝族自治州,
20251407,ELEME,76W565836A,1111258219,东方优选生活超市(张家界店),湖南省,张家界市,
20251407,ELEME,76W565842A,1111296404,安喜购精品超市(萧山店),浙江省,杭州市,
20251407,ELEME,76W565858A,1111391165,世纪精品超市(新吴店),江苏省,无锡市,
20251407,ELEME,76W565860A,1111393139,旺联超市(象山店),广西壮族自治区,桂林市,
20251407,ELEME,76W565861A,1111395431,千家顺·鲸选超市(安溪店),福建省,泉州市,
20251407,ELEME,76W565863A,1111409175,麦格便利(郎溪店),安徽省,宣城市,
20251407,ELEME,76W565870A,1111434445,喜惠享24h精品超市(政务区店),安徽省,合肥市,
20251407,ELEME,76W565871A,1111438156,壹加全能超市(济南市中店),山东省,济南市,
20251407,ELEME,76W565879A,1111495314,千家顺·鲸选超市(池州店),安徽省,池州市,
20251407,ELEME,76W565885A,1111525435,麦客联华超市(淮安店),江苏省,淮安市,
20251407,ELEME,76W565886A,1111531393,乐购汪超市便利(新北万达店),江苏省,常州市,
20251407,ELEME,76W565888A,1111537020,邻里物语精品超市(陆家店),江苏省,苏州市,
20251407,ELEME,76W565889A,1111541390,共橙24小时超市(新华路店),山东省,聊城市,
20251407,ELEME,76W565895A,1111566375,麦客联华超市(宁国店),安徽省,宣城市,
20251407,ELEME,76W565906A,1111645348,新惠百货超市(罗阳店),广东省,惠州市,
20251407,ELEME,76W565909A,1111664325,新惠百货超市(岳麓店),湖南省,长沙市,
20251407,ELEME,76W565913A,1111685014,共橙24小时超市(菏泽鄄城店),山东省,菏泽市,
20251407,ELEME,76W565915A,1111689473,考拉优选超市(高密店),山东省,潍坊市,
20251407,ELEME,76W565922A,1111724448,怡可达旗舰·超市(镇江丹阳店),江苏省,镇江市,
20251407,ELEME,76W565927A,1111776054,零购超市(红谷滩店),江西省,南昌市,
20251407,ELEME,76W565932A,1111793066,优来多精品超市(鸿宇村店),浙江省,宁波市,
20251407,ELEME,76W565933A,1111794372,拾客精品超市(亳州市店),安徽省,亳州市,
20251407,ELEME,76W565938A,1111822432,拾客精品超市(赣州店),江西省,赣州市,
20251407,ELEME,76W565941A,1111829343,乐时便利店(太平金澄广场店),江苏省,苏州市,
20251407,ELEME,76W565942A,1111840164,小饿生活全能超市,黑龙江省,佳木斯市,
20251407,ELEME,76W565945A,1111849238,共橙24小时超市(太康店),河南省,周口市,
20251407,ELEME,76W565949A,1111918001,优享购超市(友谊路店),天津市,天津市,
20251407,ELEME,76W565957A,1111938115,购物象超市(夏碧路店),重庆市,重庆市,
20251407,ELEME,76W565958A,1111943262,快客达环球超市(集美店),福建省,厦门市,
20251407,ELEME,76W565963A,1111968125,1号便利店(连山店),辽宁省,葫芦岛市,
20251407,ELEME,76W565965A,1111976007,厉臣便利店(芜湖繁昌店),安徽省,芜湖市,
20251407,ELEME,76W565967A,1111983206,共橙24小时超市(安阳师范店),河南省,安阳市,
20251407,ELEME,76W565970A,1111993185,共橙24小时超市(焦作铜马店),河南省,焦作市,
20251407,ELEME,76W565974A,1112015129,惠立送超市(苏州店),江苏省,苏州市,
20251407,ELEME,76W565981A,1112061456,赣舟·精品超市,浙江省,杭州市,
20251407,ELEME,76W565983A,1112088081,麦格连锁超市(双桥店),河北省,承德市,
20251407,ELEME,76W565984A,1112093180,快客达环球超市(大坪店),重庆市,重庆市,
20251407,ELEME,76W565987A,1112107381,共橙24小时超市(宁波阳光城店),浙江省,宁波市,
20251407,ELEME,76W565991A,1112144368,小美超市(白云店),广东省,广州市,
20251407,ELEME,76W565994A,1112156408,熊猫便利超市(大连店),辽宁省,大连市,
20251407,ELEME,76W565998A,1112174395,快客达超市(丽水莲都店),浙江省,丽水市,
20251407,ELEME,76W566000A,1112190040,闪电购精品超市(云霄店),福建省,漳州市,
20251407,ELEME,76W566001A,1112197364,速达精品超市(大东店),辽宁省,沈阳市,
20251407,ELEME,76W566002A,1112198257,世纪悠选超市(昆明店),云南省,昆明市,
20251407,ELEME,76W566013A,1112230006,乐佳超市,浙江省,宁波市,
20251407,ELEME,76W566014A,1112234335,拾惠客超市(常州学院店),江苏省,常州市,
20251407,ELEME,76W566017A,1112252336,拾惠客超市(老城区店),河南省,洛阳市,
20251407,ELEME,76W566022A,1112263292,昔多购超市(天台店),浙江省,台州市,
20251407,ELEME,76W566024A,1112265417,半时达闪送超市(夫子庙店),江苏省,南京市,
20251407,ELEME,76W566030A,1112300470,江晨精品超市(左岭新城店),湖北省,武汉市,
20251407,ELEME,76W566035A,1112326448,句鲸百货Mart(阳东店),广东省,阳江市,
20251407,ELEME,76W566036A,1112328481,拾惠客超市(商河星都汇店),山东省,济南市,
20251407,ELEME,76W566039A,1112344451,拾惠客超市(日照岚山店),山东省,日照市,
20251407,ELEME,76W566040A,1112352150,共橙24小时超市(溧阳万达店),江苏省,常州市,
20251407,ELEME,76W566041A,1112356026,榕旺便利超市(福州中心店),福建省,福州市,
20251407,ELEME,76W566054A,1112394435,快赣特价超市(长宁店),上海市,上海市,
20251407,ELEME,76W566055A,1112398090,千家顺·鲸选超市(浦江店),浙江省,金华市,
20251407,ELEME,76W566059A,1112414144,零购超市(阳江店),广东省,阳江市,
20251407,ELEME,76W566064A,1112452080,拾惠客超市(凌源店),辽宁省,朝阳市,
20251407,ELEME,76W566065A,1112454054,共橙24小时超市(仪征店),江苏省,扬州市,
20251407,ELEME,76W566066A,1112454064,优享购超市(华苑店),天津市,天津市,
20251407,ELEME,76W566068A,1112456071,拾惠客超市(菏泽东明店),山东省,菏泽市,
20251407,ELEME,76W566069A,1112464468,拾惠客超市(铁岭开原店),辽宁省,铁岭市,
20251407,ELEME,76W566072A,1112469089,惠邻百佳超市(旧宫店),北京市,北京市,
20251407,ELEME,76W566078A,1112487080,鲸GO生活超市(增城店),广东省,广州市,
20251407,ELEME,76W566085A,1112498229,易惠达超市(花桥店),江苏省,苏州市,
20251407,ELEME,76W566098A,1112561359,快客达超市(乔司翁梅店),浙江省,杭州市,
20251407,ELEME,76W566106A,1112614134,沃玛希精品超市(鹿城店),浙江省,温州市,
20251407,ELEME,76W566107A,1112618210,莱森食品超市,黑龙江省,齐齐哈尔市,
20251407,ELEME,76W566111A,1112635263,千家顺·鲸选超市(桐庐店),浙江省,杭州市,
20251407,ELEME,76W566120A,1112675397,莱恩生活超市(春熙路店),四川省,成都市,
20251407,ELEME,76W566125A,1112684255,厉臣便利店(胶州李哥庄店),山东省,青岛市,
20251407,ELEME,76W566134A,1112721206,拾惠客超市(营口鲅鱼圈店),辽宁省,营口市,
20251407,ELEME,76W566136A,1112747245,吉客莱生活超市(太仓店),江苏省,苏州市,
20251407,ELEME,76W566141A,1112762271,永鲜优选,浙江省,宁波市,
20251407,ELEME,76W566147A,1112771397,快时多超市(国贸中心店),浙江省,嘉兴市,
20251407,ELEME,76W566155A,1112818008,明日轩便利店(空中花园店),河北省,石家庄市,
20251407,ELEME,76W566156A,1112818052,优优熊24H超市(汕头店),广东省,汕头市,
20251407,ELEME,76W566157A,1112854017,新惠百货超市(潮南店),广东省,汕头市,
20251407,ELEME,76W566167A,1112927123,隋你购连锁超市(定福庄店),北京市,北京市,
20251407,ELEME,76W566169A,1112929219,畅淘集市精品超市(江宁店),江苏省,南京市,
20251407,ELEME,76W566170A,1112939485,焕熊真选超市(万象城店),江西省,南昌市,
20251407,ELEME,76W566171A,1112945476,焕熊真选超市(万达店),江西省,南昌市,
20251407,ELEME,76W566180A,1112978298,拾惠客超市(商丘虞城店),河南省,商丘市,
20251407,ELEME,76W566181A,1112982296,乐尔乐特价批发超市荷晏市场店,湖南省,长沙市,
20251407,ELEME,76W566185A,1113004172,线上鲜生活便利店,黑龙江省,大庆市,
20251407,ELEME,76W566188A,1113024060,快赣特价超市(打浦桥店),上海市,上海市,
20251407,ELEME,76W566191A,1113032024,卓之优品(万霖店),安徽省,阜阳市,
20251407,ELEME,76W566194A,1113038074,千家顺·鲸选超市(桐乡店),浙江省,嘉兴市,
20251407,ELEME,76W566201A,1113067094,伴跃超市(国广店),湖北省,武汉市,
20251407,ELEME,76W566206A,1113081099,刻达鸭超市(松江店),上海市,上海市,
20251407,ELEME,76W566207A,1113082065,海豚购(拱墅万达店),浙江省,杭州市,
20251407,ELEME,76W566219A,1113108389,术木优选超市(青山湖店),江西省,南昌市,
20251407,ELEME,76W566228A,1113129261,沃玛希精品超市(龙港中心店),浙江省,温州市,
20251407,ELEME,76W566232A,1113165401,安喜购精品超市(乐清总店),浙江省,温州市,
20251407,ELEME,76W566233A,1113172191,术木优选超市(西湖店),江西省,南昌市,
20251407,ELEME,76W566243A,1113228306,拾惠客超市(夏津四季城店),山东省,德州市,
20251407,ELEME,76W566245A,1113247378,真给力生活超市,黑龙江省,佳木斯市,
20251407,ELEME,76W566248A,1113259064,快捷购精品超市(丽江中心店),云南省,丽江市,
20251407,ELEME,76W566250A,1113281454,迪购超市(石狮世贸店),福建省,泉州市,
20251407,ELEME,76W566252A,1113310290,木村百货(大源店),四川省,成都市,
20251407,ELEME,76W566255A,1113329157,悠米极速超市(西山店),云南省,昆明市,
20251407,ELEME,76W566259A,1113341139,乐购汪超市(松江区店),上海市,上海市,
20251407,ELEME,76W566278A,1113403111,拾惠客超市(南阳镇平店),河南省,南阳市,
20251407,ELEME,76W566279A,1113406281,大众超市,浙江省,舟山市,
20251407,ELEME,76W566280A,1113417291,万家便利店24小时营业(灌云店),江苏省,连云港市,
20251407,ELEME,76W566282A,1113421185,拾惠客24h超市(海门海亮店),江苏省,南通市,
20251407,ELEME,76W566285A,1113442383,拾惠客超市(济宁鱼台店),山东省,济宁市,
20251407,ELEME,76W566288A,1113458355,711便利店(淄博新世界商业街店),山东省,淄博市,
20251407,ELEME,76W566290A,1113462385,拾惠客超市(共橙青岛包头店),山东省,青岛市,
20251407,ELEME,76W566291A,1113464069,芙蓉兴盛(勤劳街店),浙江省,湖州市,
20251407,ELEME,76W566298A,1113490135,一百分便利店(眉山店),四川省,眉山市,
20251407,ELEME,76W566307A,1113528375,拾惠客超市(锦州凌海店),辽宁省,锦州市,
20251407,ELEME,76W566313A,1113553099,拾惠客超市(铁岭新区店),辽宁省,铁岭市,
20251407,ELEME,76W566314A,1113554046,闪电购精品超市(晋江店),福建省,泉州市,
20251407,ELEME,76W566318A,1113584100,超宜选精品超市(常德中心店),湖南省,常德市,
20251407,ELEME,76W566320A,1113603115,拾惠客超市(温州世贸店),浙江省,温州市,
20251407,ELEME,76W566322A,1113606123,拾惠客超市(池州青阳店),安徽省,池州市,
20251407,ELEME,76W566334A,1113691044,乐购汪超市(西湖区店),浙江省,杭州市,
20251407,ELEME,76W566337A,1113697006,欧兔超市(城东店),福建省,宁德市,
20251407,ELEME,76W566339A,1113716061,邻里物语精品超市(晨晖路店),浙江省,杭州市,
20251407,ELEME,76W566342A,1113759022,乐购优品超市(虹桥店),浙江省,温州市,
20251407,ELEME,76W566345A,1113772322,贝壳甄选超市(平度店),山东省,青岛市,
20251407,ELEME,76W566351A,1113787017,迪购超市(连江店),福建省,福州市,
20251407,ELEME,76W566355A,1113807111,优购特价超市,江西省,南昌市,
20251407,ELEME,76W566361A,1113828414,拾惠客24h超市(武汉蔡甸店),湖北省,武汉市,
20251407,ELEME,76W566363A,1113832249,超宜选精品超市(宜春中心店),江西省,宜春市,
20251407,ELEME,76W566367A,1113841189,拾惠客24H超市(临邑店),山东省,德州市,
20251407,ELEME,76W566368A,1113844185,拾惠客24H超市(德州陵城店),山东省,德州市,
20251407,ELEME,76W566369A,1113845354,拾惠客24h超市(马鞍山当涂店),安徽省,马鞍山市,
20251407,ELEME,76W566370A,1113846131,速囤(金融城店),四川省,成都市,
20251407,ELEME,76W566371A,1113855364,老地方超市(宜春润达国际店),江西省,宜春市,
20251407,ELEME,76W566374A,1113866058,优速超市(东塔路店),浙江省,金华市,
20251407,ELEME,76W566379A,1113888334,拾惠客24h超市(宁波镇海店),浙江省,宁波市,
20251407,ELEME,76W566387A,1113916117,婕妮王超市(北辰荟店),北京市,北京市,
20251407,ELEME,76W566388A,1113919304,拾惠客24h超市(固始店),河南省,信阳市,
20251407,ELEME,76W566397A,1113940172,鲸GO生活超市(光明店),广东省,深圳市,
20251407,ELEME,76W566401A,1113951120,拾惠客24H超市(大连庄河店),辽宁省,大连市,
20251407,ELEME,76W566408A,1113962068,海选精品超市(朝阳店),北京市,北京市,
20251407,ELEME,76W566427A,1114037251,711便利店(淄博淄川通济街店),山东省,淄博市,
20251407,ELEME,76W566428A,1114038067,熊本便利店(双营路店),北京市,北京市,
20251407,ELEME,76W566432A,1114045453,惠多多·便利超市(钟楼店),江苏省,常州市,
20251407,ELEME,76W566434A,1114059333,锦鲤便利店(星沙店),湖南省,长沙市,
20251407,ELEME,76W566441A,1114098322,厦一单超市(五路口店),陕西省,西安市,
20251407,ELEME,76W566445A,1114113400,闪购便利超市(经开店),安徽省,合肥市,
20251407,ELEME,76W566450A,1114129259,拾惠客24H超市(威海荣成石岛店),山东省,威海市,
20251407,ELEME,76W566451A,1114134262,佳多美超市(嘉州水郡店),北京市,北京市,
20251407,ELEME,76W566452A,1114137179,来福隆购物广场(金井店),福建省,泉州市,
20251407,ELEME,76W566454A,1114141011,拾惠客24h超市(杭州建德店),浙江省,杭州市,
20251407,ELEME,76W566459A,1114150018,拾惠客24h超市(温州龙港店),浙江省,温州市,
20251407,ELEME,76W566460A,1114154150,鲸喜生活超市(蜀山区店),安徽省,合肥市,
20251407,ELEME,76W566461A,1114155347,麒麟惠生活超市(双流店),四川省,成都市,
20251407,ELEME,76W566462A,1114157283,新峰超市(金城店),河南省,开封市,
20251407,ELEME,76W566463A,1114161029,熊本便利店(广安门店),北京市,北京市,
20251407,ELEME,76W566467A,1114182269,榛好物超市(萧山店),浙江省,杭州市,
20251407,ELEME,76W566473A,1114203068,乐尔乐优选(龙塘店),湖南省,长沙市,
20251407,ELEME,76W566474A,1114203355,闪购便利超市(包河店),安徽省,合肥市,
20251407,ELEME,76W566478A,1114216410,考拉优选(湛江赤坎店),广东省,湛江市,
20251407,ELEME,76W566490A,1114299066,闪电购精品超市(仙游店),福建省,莆田市,
20251407,ELEME,76W566492A,1114364073,拾惠客24H超市(沈阳于洪店),辽宁省,沈阳市,
20251407,ELEME,76W566498A,1114411012,世纪优品超市(浦东新区店),上海市,上海市,
20251407,ELEME,76W566500A,1114423004,东方优选生活超市(文山店),云南省,文山壮族苗族自治州,
20251407,ELEME,76W566510A,20000037195,新惠百货超市(嘉禾店),广东省,广州市,
20251407,ELEME,76W566511A,20000038032,新峰超市(通许店),河南省,开封市,
20251407,ELEME,76W566517A,20000047344,海豚购(德阳旌阳店),四川省,德阳市,
20251407,ELEME,76W566519A,20000049485,拾惠客24H超市(德州庆云店),山东省,德州市,
20251407,ELEME,76W566520A,20000052092,海豚购(余姚店),浙江省,宁波市,
20251407,ELEME,76W566521A,20000052297,速买到超市(盱眙店),江苏省,淮安市,
20251407,ELEME,76W566522A,20000053104,全佳临优选超市(茂南店),广东省,茂名市,
20251407,ELEME,76W566527A,20000063421,闪宅便利(锦州店),辽宁省,锦州市,
20251407,ELEME,76W566528A,20000067368,昔多购云上超市(新化店),湖南省,娄底市,
20251407,ELEME,76W566534A,20000083189,世麦便利店,河南省,开封市,
20251407,ELEME,76W566540A,20000091086,快客达超市(人民公园店),江苏省,常州市,
20251407,ELEME,76W566546A,20000107347,世纪精品超市(航头中心店),上海市,上海市,
20251407,ELEME,76W566552A,20000110264,迪购超市(诏安店),福建省,漳州市,
20251407,ELEME,76W566557A,20000125372,超宜选精品超市(邵东店),湖南省,邵阳市,
20251407,ELEME,76W566564A,20000132140,万惠佳超市(中信大道店),四川省,成都市,
20251407,ELEME,76W566567A,20000142332,海后便利超市(胜利店)(超省钱),辽宁省,葫芦岛市,
20251407,ELEME,76W566568A,20000144159,世纪精品超市(真如店),上海市,上海市,
20251407,ELEME,76W566570A,20000147499,熊本便利店(首经贸店),北京市,北京市,
20251407,ELEME,76W566572A,20000148464,拾惠客24h超市(南阳邓州店),河南省,南阳市,
20251407,ELEME,76W566576A,20000156290,世纪精品超市(惠南中心店),上海市,上海市,
20251407,ELEME,76W566581A,20000162488,快客达·环球超市(柳市店),浙江省,温州市,
20251407,ELEME,76W566582A,20000164446,熊本便利店(知春路店),北京市,北京市,
20251407,ELEME,76W566584A,20000166390,NOW即享快送超市(黄埔东区店),广东省,广州市,
20251407,ELEME,76W566587A,20000169468,快客达·环球超市(龙港店),浙江省,温州市,
20251407,ELEME,76W566588A,20000172021,拾惠客24h超市(泰州姜堰店),江苏省,泰州市,
20251407,ELEME,76W566590A,20000174146,给力送超市(龙光城店),广东省,惠州市,
20251407,ELEME,76W566592A,20000175071,快客达·环球超市(新北店),江苏省,常州市,
20251407,ELEME,76W566596A,20000180424,速囤(江油店),四川省,绵阳市,
20251407,ELEME,76W566597A,20000186098,隋你购连锁超市(沙河店),北京市,北京市,
20251407,ELEME,76W566599A,20000186326,千家顺·鲸选超市(横店店),浙江省,金华市,
20251407,ELEME,76W566600A,20000188066,快客达·环球超市(鳌江店),浙江省,温州市,
20251407,ELEME,76W566604A,20000191046,快客达超市(锦江店),浙江省,温州市,
20251407,ELEME,76W566606A,20000192414,亿潼隆超市(万丰路店),北京市,北京市,
20251407,ELEME,76W566607A,20000195068,易佳云端超市(南昌店),江西省,南昌市,
20251407,ELEME,76W566608A,20000195279,环好超市(亿发店),福建省,莆田市,
20251407,ELEME,76W566618A,20000213076,拾惠客超市阳光水岸店,河北省,承德市,
20251407,ELEME,76W566620A,20000215354,昔多购云上超市(丽水店),浙江省,丽水市,
20251407,ELEME,76W566621A,20000216399,焕熊真选超市(海曙中心店),浙江省,宁波市,
20251407,ELEME,76W566623A,20000224074,厉臣便利店(黄岛泊里店),山东省,青岛市,
20251407,ELEME,76W566624A,20000224234,惠邻百货超市(盛泽店),江苏省,苏州市,
20251407,ELEME,76W566630A,20000235025,厉臣便利店(即墨鳌山卫店),山东省,青岛市,
20251407,ELEME,76W566631A,20000235233,谊家便利店(东方巴黎店),山东省,烟台市,
20251407,ELEME,76W566643A,20000253229,迪购超市(角美店),福建省,漳州市,
20251407,ELEME,76W566644A,20000253349,鲸GO生活超市(莞城店),广东省,东莞市,
20251407,ELEME,76W566650A,20000258238,711便利店(淄博水晶街店),山东省,淄博市,
20251407,ELEME,76W566653A,20000259172,乐宜购精品超市,安徽省,亳州市,
20251407,ELEME,76W566658A,20000270175,壹惠达-24小时超市(观城店),浙江省,宁波市,
20251407,ELEME,76W566659A,20000272110,拾惠客24H超市(丹东元宝店),辽宁省,丹东市,
20251407,ELEME,76W566660A,20000275098,购物象超市(大源店),四川省,成都市,
20251407,ELEME,76W566662A,20000279404,NOW即享快送超市(龙华店),广东省,深圳市,
20251407,ELEME,76W566666A,20000281189,聚哆购超市(大学城店),重庆市,重庆市,
20251407,ELEME,76W566672A,20000295369,购物象超市(江津新城店),重庆市,重庆市,
20251407,ELEME,76W566674A,20000298009,迪购超市(东山店),福建省,漳州市,
20251407,ELEME,76W566678A,20000312097,有壹家生活超市(松原店),吉林省,松原市,
20251407,ELEME,76W566680A,20000328401,惠丰行生活超市,广东省,茂名市,
20251407,ELEME,76W566681A,20000329146,7-ELEVEn(永州万达广场店),湖南省,永州市,
20251407,ELEME,76W566682A,20000329279,闪电购精品超市(惠安科山店),福建省,泉州市,
20251407,ELEME,76W566685A,20000334303,快客达·环球超市(佛山店),广东省,佛山市,
20251407,ELEME,76W566689A,20000338049,海豚购(昆明正义店),云南省,昆明市,
20251407,ELEME,76W566705A,20000359369,考拉优选(昭通店),云南省,昭通市,
20251407,ELEME,76W566708A,20000361140,共橙24H超市(蒙阴店),山东省,临沂市,
20251407,ELEME,76W566712A,20000363398,拾惠客24H超市(盘锦兴隆店),辽宁省,盘锦市,
20251407,ELEME,76W566713A,20000364269,多多购超市(王府井店),湖南省,长沙市,
20251407,ELEME,76W566715A,20000370411,拾惠客24h超市(新沂店),江苏省,徐州市,
20251407,ELEME,76W566717A,20000371351,快捷购精品超市(大连中心店),辽宁省,大连市,
20251407,ELEME,76W566720A,20000374354,拾惠客24h超市(嘉兴海盐店),浙江省,嘉兴市,
20251407,ELEME,76W566723A,20000376400,拾惠客24h超市(徐州贾汪店),江苏省,徐州市,
20251407,ELEME,76W566724A,20000376401,拾惠客24h超市(开封通许店),河南省,开封市,
20251407,ELEME,76W566725A,20000377332,快捷购精品超市(螺蛳湾店),云南省,昆明市,
20251407,ELEME,76W566728A,20000379367,海豚购(乐山二店),四川省,乐山市,
20251407,ELEME,76W566733A,20000381377,超宜选精品超市(永州店),湖南省,永州市,
20251407,ELEME,76W566734A,20000383370,乐购汪超市(武林壹号店),浙江省,杭州市,
20251407,ELEME,76W566742A,20000395290,惠邻百佳超市(北工大店),北京市,北京市,
20251407,ELEME,76W566757A,20000411360,闪宅便利(吾悦店),辽宁省,沈阳市,
20251407,ELEME,76W566758A,20000412281,猴猴优选超市,浙江省,湖州市,
20251407,ELEME,76W566761A,20000414145,拾惠客24h超市(诸暨宝龙店),浙江省,绍兴市,
20251407,ELEME,76W566767A,20000417496,熊本便利店(石景山店),北京市,北京市,
20251407,ELEME,76W566773A,20000423260,惠宁生活超市(东善桥店),江苏省,南京市,
20251407,ELEME,76W566786A,20000431048,万淘超市(丽水店),浙江省,丽水市,
20251407,ELEME,76W566789A,20000434322,快客达·环球超市(沈家门店),浙江省,舟山市,
20251407,ELEME,76W566793A,20000437162,拾惠客24h超市(许昌天明店),河南省,许昌市,
20251407,ELEME,76W566807A,20000445083,拾惠客24h超市(余姚店),浙江省,宁波市,
20251407,ELEME,76W566808A,20000445204,迪购超市(中骏广场店),福建省,泉州市,
20251407,ELEME,76W566810A,20000446265,新四兴超市(沈北店),辽宁省,沈阳市,
20251407,ELEME,76W566821A,20000453490,近距梨超市(兰溪店),浙江省,金华市,
20251407,ELEME,76W566829A,20000463087,闪宅便利(丹东店),辽宁省,丹东市,
20251407,ELEME,76W566831A,20000464171,万物到家速达超市(铁西店),辽宁省,鞍山市,
20251407,ELEME,76W566833A,20000465421,拾惠客24h超市(台州椒江店),浙江省,台州市,
20251407,ELEME,76W566834A,20000467232,仓鼠宜佳超市(祖庙店),广东省,佛山市,
20251407,ELEME,76W566837A,20000475044,润都超市(郫都中心店),四川省,成都市,
20251407,ELEME,76W566840A,20000478438,闪宅便利·大富源超市,山东省,青岛市,
20251407,ELEME,76W566843A,20000482393,千家顺·鲸选超市(舟山东港店),浙江省,舟山市,
20251407,ELEME,76W566848A,20000485280,昔多购超市(新开铺店),湖南省,长沙市,
20251407,ELEME,76W566859A,20000504176,千家顺·鲸选超市(南平建阳店),福建省,南平市,
20251407,ELEME,76W566867A,20000516338,拾惠客24H超市(沈阳迎宾店),辽宁省,沈阳市,
20251407,ELEME,76W566870A,20000520105,荧顶优选超市(北海店),广西壮族自治区,北海市,
20251407,ELEME,76W566875A,20000525007,益家顺便利店(阜南店),安徽省,阜阳市,
20251407,ELEME,76W566877A,20000526035,乐购汪超市(鄞州店),浙江省,宁波市,
20251407,ELEME,76W566878A,20000527005,乐小二·连锁超市,浙江省,金华市,
20251407,ELEME,76W566881A,20000527366,拾惠客24h超市(渭南富平店),陕西省,渭南市,
20251407,ELEME,76W566882A,20000527472,快赣特价超市(虹口店),上海市,上海市,
20251407,ELEME,76W566887A,20000532217,惠邻百佳超市(新石北路店),河北省,石家庄市,
20251407,ELEME,76W566889A,20000537151,拾惠客24H超市(承德隆化店),河北省,承德市,
20251407,ELEME,76W566891A,20000537171,惠邻百佳超市(万象城店),河北省,石家庄市,
20251407,ELEME,76W566894A,20000539177,惠邻百佳超市(海光寺店),天津市,天津市,
20251407,ELEME,76W566896A,20000539265,拾惠客24h超市(渭南大荔店),陕西省,渭南市,
20251407,ELEME,76W566900A,20000544236,拾惠客24h超市(渭南韩城店),陕西省,渭南市,
20251407,ELEME,76W566901A,20000546478,乐优选精品超市(高新店),安徽省,合肥市,
20251407,ELEME,76W566903A,20000548175,惠邻百佳超市(三元桥店),北京市,北京市,
20251407,ELEME,76W566908A,20000553348,厉臣便利店(济宁爱琴海店),山东省,济宁市,
20251407,ELEME,76W566915A,20000558243,马上到便利店(开福店),湖南省,长沙市,
20251407,ELEME,76W566920A,20000563078,拾惠客24h超市(西安鄠邑店),陕西省,西安市,
20251407,ELEME,76W566923A,20000566088,京华百货超市(潮南店),广东省,汕头市,
20251407,ELEME,76W566926A,20000570069,优优熊24H超市(肇庆店),广东省,肇庆市,
20251407,ELEME,76W566929A,20000572069,拾惠客24h超市(渭南信达广场店),陕西省,渭南市,
20251407,ELEME,76W566931A,20000573098,熊猫购超市(陆家镇店),江苏省,苏州市,
20251407,ELEME,76W566932A,20000574162,天猫小店,浙江省,杭州市,
20251407,ELEME,76W566934A,20000575246,厉臣便利店(天津小站店),天津市,天津市,
20251407,ELEME,76W566952A,20000583132,惠邻百货超市(唯亭店),江苏省,苏州市,
20251407,ELEME,76W566955A,20000584015,熊里熊气超市(黄岛店),山东省,青岛市,
20251407,ELEME,76W566959A,20000587398,沃家惠生活超市(阜阳店),安徽省,阜阳市,
20251407,ELEME,76W566963A,20000602426,鲸GO生活超市(白石龙店),广东省,深圳市,
20251407,ELEME,76W566970A,20000635259,悠米极速超市(西安店),陕西省,西安市,
20251407,ELEME,76W566972A,20000642101,鲸GO生活超市(百鸽笼店),广东省,深圳市,
20251407,ELEME,76W566977A,20000658134,家家福超市(丈亭店),浙江省,宁波市,
20251407,ELEME,76W566993A,20000685321,千家顺·鲸选超市(东阳店),浙江省,金华市,
20251407,ELEME,76W566994A,20000686395,叮当便利店(肇源店),黑龙江省,大庆市,
20251407,ELEME,76W566996A,20000690237,千家顺·鲸选超市(海宁店),浙江省,嘉兴市,
20251407,ELEME,76W567003A,20000710106,拾惠客24H超市(临沂沂河店),山东省,临沂市,
20251407,ELEME,76W567005A,20000713034,GTEPARK集超市(南沙店),广东省,广州市,
20251407,ELEME,76W567011A,20000727053,闪电24h便利店,山东省,枣庄市,
20251407,ELEME,76W567014A,20000731307,超宜选精品超市(九江店),江西省,九江市,
20251407,ELEME,76W567015A,20000736214,易惠达超市(黄渡店),上海市,上海市,
20251407,ELEME,76W567016A,20000739030,树懒先生超市(龙口店),山东省,烟台市,
20251407,ELEME,76W567020A,20000742094,爱乐达精品超市(嘉禄路店),福建省,泉州市,
20251407,ELEME,76W567031A,20000757294,优选精品生活超市(合肥店),安徽省,合肥市,
20251407,ELEME,76W567036A,20000763116,世纪优选超市(京华城店),江苏省,扬州市,
20251407,ELEME,76W567037A,20000763471,快捷购精品超市(烟台中心店),山东省,烟台市,
20251407,ELEME,76W567039A,20000766422,速购精品超市(红旗店),河南省,新乡市,
20251407,ELEME,76W567042A,20000773010,世纪优选超市(东区店),江苏省,扬州市,
20251407,ELEME,76W567043A,20000775360,厉选百货超市(义乌店),浙江省,金华市,
20251407,ELEME,76W567047A,20000783450,乐购汪超市(苏州独墅湖店),江苏省,苏州市,
20251407,ELEME,76W567055A,20000799487,千家顺·鲸选超市(缙云店),浙江省,丽水市,
20251407,ELEME,76W567056A,20000802150,拾惠客24h超市(咸阳兴平店),陕西省,咸阳市,
20251407,ELEME,76W567059A,20000804157,拾惠客24h超市(安阳汤阴店),河南省,安阳市,
20251407,ELEME,76W567068A,20000814179,盒马鲜生代买(诸暨万风广场),浙江省,绍兴市,
20251407,ELEME,76W567070A,20000815406,鲸鱼嗨购超市(奉贤中心店),上海市,上海市,
20251407,ELEME,76W567074A,20000821112,盒马鲜生代买(镜湖天街),浙江省,绍兴市,
20251407,ELEME,76W567080A,20000827013,考拉优选(阳逻店),湖北省,武汉市,
20251407,ELEME,76W567084A,20000835235,万客华联超市(合肥店),安徽省,合肥市,
20251407,ELEME,76W567086A,20000837088,考拉优选(利川店),湖北省,恩施土家族苗族自治州,
20251407,ELEME,76W567088A,20000846286,拾惠客24H超市(沈阳沈河店),辽宁省,沈阳市,
20251407,ELEME,76W567089A,20000846295,拾惠客24H超市(辽中店),辽宁省,沈阳市,
20251407,ELEME,76W567090A,20000851182,阿偶小超(青山湖店),江西省,南昌市,
20251407,ELEME,76W567095A,20000870383,昔多购超市(湘乡店),湖南省,湘潭市,
20251407,ELEME,76W567097A,20000874244,福瑞达精品超市(龙湾店),浙江省,温州市,
20251407,ELEME,76W567104A,20000885205,四季超市(廉江店),广东省,湛江市,
20251407,ELEME,76W567106A,20000890068,旺猫到嘉超市(海曙区店),浙江省,宁波市,
20251407,ELEME,76W567107A,20000892283,闪宅便利(正阳店),辽宁省,沈阳市,
20251407,ELEME,76W567113A,20000906499,环球壹号超市(凯旋路店),上海市,上海市,
20251407,ELEME,76W567120A,20000918331,臻选精品生活超市(光谷店),湖北省,武汉市,
20251407,ELEME,76W567125A,20000929429,团哆点便利超市(盖山店),福建省,福州市,
20251407,ELEME,76W567126A,20000931383,德宝生活超市(怀庆里店),天津市,天津市,
20251407,ELEME,76W567129A,20000932322,好大家食品超市,黑龙江省,齐齐哈尔市,
20251407,ELEME,76W567142A,20000945421,世纪优选超市(丹阳店),江苏省,镇江市,
20251407,ELEME,76W567145A,20000950067,优加生活超市(清河西路店),安徽省,阜阳市,
20251407,ELEME,76W567150A,20000954350,团哆点便利超市(莆田店),福建省,莆田市,
20251407,ELEME,76W567151A,20000960196,小马购●生活超市(肥东店),安徽省,合肥市,
20251407,ELEME,76W567157A,20000971294,拾惠客24H超市(中北镇店),天津市,天津市,
20251407,ELEME,76W567158A,20000972077,世纪优选超市,浙江省,温州市,
20251407,ELEME,76W567159A,20000975425,拾惠客24h超市(扬州清华园店),江苏省,扬州市,
20251407,ELEME,76W567160A,20000975478,半时达闪送超市(河西万达店),江苏省,南京市,
20251407,ELEME,76W567165A,20000979493,优选便利(会展中心店),黑龙江省,哈尔滨市,
20251407,ELEME,76W567170A,20000985268,团哆点便利超市(平潭店),福建省,福州市,
20251407,ELEME,76W567176A,20000993104,拾惠客24h超市(绍兴嵊州店),浙江省,绍兴市,
20251407,ELEME,76W567179A,20000995177,荟禾超市(涵江店),福建省,莆田市,
20251407,ELEME,76W567180A,20000996077,术木优选超市(岳麓中心店),湖南省,长沙市,
20251407,ELEME,76W567184A,20001000174,闪电购精品超市(芗城店),福建省,漳州市,
20251407,ELEME,76W567185A,20001000179,闪电购精品超市(西贤店),福建省,泉州市,
20251407,ELEME,76W567186A,20001002130,闪电购精品超市(平潭店),福建省,福州市,
20251407,ELEME,76W567193A,20001017459,麻雀便利超市(上街店),福建省,福州市,
20251407,ELEME,76W567198A,20001023022,世纪华联(建设路店),江西省,南昌市,
20251407,ELEME,76W567204A,20001032126,宅可送超市(科技城店),江苏省,苏州市,
20251407,ELEME,76W567205A,20001032359,超宜选精品超市(新余店),江西省,新余市,
20251407,ELEME,76W567212A,20001041299,快捷购精品超市(呈贡店),云南省,昆明市,
20251407,ELEME,76W567217A,20001042476,辉邻百货超市(永旺店),江苏省,苏州市,
20251407,ELEME,76W567220A,20001046356,麦客联华超市(乐山店),四川省,乐山市,
20251407,ELEME,76W567223A,20001053336,海豚购(遂宁店),四川省,遂宁市,
20251407,ELEME,76W567232A,20001057445,迪购超市(莆田店),福建省,莆田市,
20251407,ELEME,76W567239A,20001064035,拾惠客24h超市(慈溪周巷店),浙江省,宁波市,
20251407,ELEME,76W567245A,20001068463,术木优选超市(昌东店),江西省,南昌市,
20251407,ELEME,76W567254A,20001107072,明日轩便利店(塔谈店),河北省,石家庄市,
20251407,ELEME,76W567256A,20001109357,厉臣便利店(兰陵万达店),山东省,临沂市,
20251407,ELEME,76W567263A,20001120412,闪购便利超市(新站店),安徽省,合肥市,
20251407,ELEME,76W567266A,20001128155,速囤超市(安岳店),四川省,资阳市,
20251407,ELEME,76W567272A,20001134401,新惠百货超市(平山店),广东省,惠州市,
20251407,ELEME,76W567273A,20001134490,壹购汇超市(横琴店),广东省,珠海市,
20251407,ELEME,76W567279A,20001141171,麦客联华超市(良渚店),浙江省,杭州市,
20251407,ELEME,76W567281A,20001144205,天猫小店(精品超市开发区店),湖北省,武汉市,
20251407,ELEME,76W567284A,20001149344,团哆点便利超市(福清店),福建省,福州市,
20251407,ELEME,76W567285A,20001149426,拾惠客24h超市(南京江北店),江苏省,南京市,
20251407,ELEME,76W567289A,20001160200,鲸GO生活超市(横岗店),广东省,深圳市,
20251407,ELEME,76W567293A,20001165073,拾惠客24h超市(颍上前进路店),安徽省,阜阳市,
20251407,ELEME,76W567299A,20001175006,团哆点便利超市(后埔店),福建省,福州市,
20251407,ELEME,76W567300A,20001176246,惠莱斯超市(绿地之窗店),江苏省,南京市,
20251407,ELEME,76W567302A,20001177339,百万超市(平潭店),福建省,福州市,
20251407,ELEME,76W567306A,20001195325,千家顺·鲸选超市(台州临海店),浙江省,台州市,
20251407,ELEME,76W567307A,20001195373,鲸到·24H超市(宝龙店),广东省,珠海市,
20251407,ELEME,76W567308A,20001196014,厦一单超市(纬一街店),陕西省,西安市,
20251407,ELEME,76W567311A,20001202082,乐易购生活超市(襄阳店),湖北省,襄阳市,
20251407,ELEME,76W567314A,20001213447,麦客联华超市(梁平店),重庆市,重庆市,
20251407,ELEME,76W567317A,20001216354,麦客联华超市(秀山店),重庆市,重庆市,
20251407,ELEME,76W567320A,20001223245,厉臣便利店(镇江句容宝华店),江苏省,镇江市,
20251407,ELEME,76W567324A,20001225226,拾惠客24h超市(宣城泾县店),安徽省,宣城市,
20251407,ELEME,76W567326A,20001229291,昔多购超市(隆回店),湖南省,邵阳市,
20251407,ELEME,76W567328A,20001235014,拾惠客24h超市(阜南春光店),安徽省,阜阳市,
20251407,ELEME,76W567329A,20001235015,拾惠客24h超市(台州黄岩店),浙江省,台州市,
20251407,ELEME,76W567331A,20001236120,仓鼠便利店(建华店),黑龙江省,齐齐哈尔市,
20251407,ELEME,76W567332A,20001238159,昔多购云上超市(益阳市资阳店),湖南省,益阳市,
20251407,ELEME,76W567336A,20001248283,拾惠客24h超市(咸阳杨凌店),陕西省,咸阳市,
20251407,ELEME,76W567337A,20001252101,优享购超市(卫国道店),天津市,天津市,
20251407,ELEME,76W567339A,20001257170,拾惠客24h超市(咸阳泾阳店),陕西省,咸阳市,
20251407,ELEME,76W567341A,20001261315,零购超市(海沧天虹店),福建省,厦门市,
20251407,ELEME,76W567342A,20001262002,袋鼠便利·生活超市(静海店),天津市,天津市,
20251407,ELEME,76W567343A,20001263193,拾惠客24H超市(龙口西城店),山东省,烟台市,
20251407,ELEME,76W567354A,20001273432,拾惠客24h超市(咸阳彬州店),陕西省,咸阳市,
20251407,ELEME,76W567355A,20001274037,拾惠客24H超市(聊城高唐店),山东省,聊城市,
20251407,ELEME,76W567360A,20001280488,臻选精品生活超市(汉口店),湖北省,武汉市,
20251407,ELEME,76W567363A,20001283433,在鹿上精品超市(常州店),江苏省,常州市,
20251407,ELEME,76W567366A,20001288337,昔多购超市(慈利店),湖南省,张家界市,
20251407,ELEME,76W567378A,20001296318,拾惠客24h超市(渭南华阴店),陕西省,渭南市,
20251407,ELEME,76W567385A,20001303265,惠邻百佳超市(人民公园店),天津市,天津市,
20251407,ELEME,76W567390A,20001305160,千家顺·鲸选超市(嘉善店),浙江省,嘉兴市,
20251407,ELEME,76W567392A,20001306472,迪购超市(建阳店),福建省,南平市,
20251407,ELEME,76W567397A,20001313180,惠邻百佳超市(万博中心店),河北省,保定市,
20251407,ELEME,76W567402A,20001317139,零购超市(漳州明发广场店),福建省,漳州市,
20251407,ELEME,76W567403A,20001317263,拾惠客24h超市(拱墅万达店),浙江省,杭州市,
20251407,ELEME,76W567404A,20001318312,拾惠客24h超市(芜湖奇瑞城北店),安徽省,芜湖市,
20251407,ELEME,76W567408A,20001323173,世纪优品超市(九亭店),上海市,上海市,
20251407,ELEME,76W567409A,20001323231,拾惠客24h超市(淮安御景店),江苏省,淮安市,
20251407,ELEME,76W567411A,20001330150,拾惠客24h超市(宁波奉化店),浙江省,宁波市,
20251407,ELEME,76W567416A,20001339228,拾惠客24h超市(马鞍山含山店),安徽省,马鞍山市,
20251407,ELEME,76W567418A,20001340006,拾惠客超市(南昌东湖店),江西省,南昌市,
20251407,ELEME,76W567420A,20001346071,共橙24小时超市(桐乡店),浙江省,嘉兴市,
20251407,ELEME,76W567422A,20001348457,谷得乐购(双港店),天津市,天津市,
20251407,ELEME,76W567423A,20001352316,世纪精品超市(静安中心店),上海市,上海市,
20251407,ELEME,76W567427A,20001353364,厉臣便利店(城阳高新店),山东省,青岛市,
20251407,ELEME,76W567430A,20001355298,美一天超市(东海门第店),福建省,泉州市,
20251407,ELEME,76W567431A,20001355341,拾惠客24H超市(兖州二店),山东省,济宁市,
20251407,ELEME,76W567432A,20001355415,快易家便利超市(晋安店),福建省,福州市,
20251407,ELEME,76W567435A,20001358398,拾惠客24h超市(全椒港口路店),安徽省,滁州市,
20251407,ELEME,76W567436A,20001359056,全球闪电超市(静安店),上海市,上海市,
20251407,ELEME,76W567438A,20001359455,拾惠客24h超市(东阳店),浙江省,金华市,
20251407,ELEME,76W567440A,20001360236,美一天省钱超市(鼎盛店),福建省,泉州市,
20251407,ELEME,76W567445A,20001364438,物u购24小时超市(瑞安中心店),浙江省,温州市,
20251407,ELEME,76W567447A,20001367214,拾惠客24h超市(滁州明光店),安徽省,滁州市,
20251407,ELEME,76W567450A,20001370342,苏小仓云端超市(睢宁店),江苏省,徐州市,
20251407,ELEME,76W567451A,20001373444,拾惠客24h超市(共橙黄冈英山店),湖北省,黄冈市,
20251407,ELEME,76W567461A,20001387152,海选精品超市(昌平店),北京市,北京市,
20251407,ELEME,76W567463A,20001387222,易惠达超市(金山万达店),上海市,上海市,
20251407,ELEME,76W567470A,20001400092,德宝生活超市(东渠路店),北京市,北京市,
20251407,ELEME,76W567474A,20001406179,快客达·环球超市(北仑中心店),浙江省,宁波市,
20251407,ELEME,76W567475A,20001407231,快客达环球超市(南通店),江苏省,南通市,
20251407,ELEME,76W567476A,20001409487,一百分便利店(水街店),四川省,眉山市,
20251407,ELEME,76W567479A,20001412040,德宝生活超市(人民南路店),四川省,成都市,
20251407,ELEME,76W567482A,20001422114,快客达·环球超市(诸暨郭家店),浙江省,绍兴市,
20251407,ELEME,76W567484A,20001428067,迪购超市(曹溪店),福建省,龙岩市,
20251407,ELEME,76W567485A,20001428223,好多购超市(嘉善店),浙江省,嘉兴市,
20251407,ELEME,76W567495A,20001436070,闪电购精品超市(水头店),福建省,泉州市,
20251407,ELEME,76W567496A,20001436171,盒马鲜生代买(义乌万象天地),浙江省,金华市,
20251407,ELEME,76W567504A,20001439159,盒马鲜生代买(桐乡万象汇),浙江省,嘉兴市,
20251407,ELEME,76W567508A,20001440192,福佳乐超市,黑龙江省,哈尔滨市,
20251407,ELEME,76W567510A,20001441177,盒马鲜生代买(德清银泰城),浙江省,湖州市,
20251407,ELEME,76W567511A,20001441347,洋叔叔超市(新迎店),云南省,昆明市,
20251407,ELEME,76W567517A,20001445059,新惠百货生活超市(营口店),辽宁省,营口市,
20251407,ELEME,76W567519A,20001446147,邻里物语精品超市(普陀区店),上海市,上海市,
20251407,ELEME,76W567521A,20001447167,富驰便利店(白沙洲店),湖北省,武汉市,
20251407,ELEME,76W567530A,20001449484,新惠百货超市(黄埠店),广东省,惠州市,
20251407,ELEME,76W567543A,20001457021,闪电购精品超市(罗源店),福建省,福州市,
20251407,ELEME,76W567550A,20001460109,惠美悠选超市(成华店),四川省,成都市,
20251407,ELEME,76W567553A,20001461032,好多购超市(东阳店),浙江省,金华市,
20251407,ELEME,76W567567A,20001478262,盒马鲜生(常州万象城店),江苏省,常州市,
20251407,ELEME,76W567570A,20001481103,拾惠客24H超市(沧州泊头店),河北省,沧州市,
20251407,ELEME,76W567574A,20001482257,小马GO精品超市(珠海中心店),广东省,珠海市,
20251407,ELEME,76W567577A,20001488101,拾惠客超市(河北辛集店),河北省,石家庄市,
20251407,ELEME,76W567581A,20001491275,快时多超市(诸暨店),浙江省,绍兴市,
20251407,ELEME,76W567585A,20001499128,快赣特价超市(虹桥店),上海市,上海市,
20251407,ELEME,76W567587A,20001499468,拾惠客24H超市(菏泽华府店),山东省,菏泽市,
20251407,ELEME,76W567590A,20001504276,麦客联华超市(玉环店),浙江省,台州市,
20251407,ELEME,76W567600A,20001509256,佳品易购(石景山店),北京市,北京市,
20251407,ELEME,76W567605A,20001515380,苏小仓云端超市(亭湖店),江苏省,盐城市,
20251407,ELEME,76W567612A,20001519358,拾惠客24H超市(聊城大学店),山东省,聊城市,
20251407,ELEME,76W567613A,20001519428,拾惠客24h超市(杭州良渚店),浙江省,杭州市,
20251407,ELEME,76W567614A,20001520446,美佳购超市(盖州店),辽宁省,营口市,
20251407,ELEME,76W567620A,20001525243,全佳临?优品速达超市(萍乡店),江西省,萍乡市,
20251407,ELEME,76W567622A,20001526474,昔多购云上超市(益阳万达店),湖南省,益阳市,
20251407,ELEME,76W567623A,20001527344,三只小猪快送超市,广东省,广州市,
20251407,ELEME,76W567624A,20001527480,昔多购超市(浏阳二店),湖南省,长沙市,
20251407,ELEME,76W567625A,20001529402,拾惠客24h超市(阜阳界首店),安徽省,阜阳市,
20251407,ELEME,76W567633A,20001534066,乐购汪超市(西湖中心店),浙江省,杭州市,
20251407,ELEME,76W567636A,20001535267,爱乐达精品超市(沙河冲南店),广东省,茂名市,
20251407,ELEME,76W567637A,20001535447,海豚购(福安店),福建省,宁德市,
20251407,ELEME,76W567638A,20001538426,速买到超市(桥林店),江苏省,南京市,
20251407,ELEME,76W567644A,20001542206,快客达·环球超市(观沙岭店),湖南省,长沙市,
20251407,ELEME,76W567646A,20001542268,赣惠选生活超市(秦淮店),江苏省,南京市,
20251407,ELEME,76W567647A,20001543085,厉选百货超市(福田店),浙江省,金华市,
20251407,ELEME,76W567650A,20001543338,NOW即享快送超市(天旺店),河南省,郑州市,
20251407,ELEME,76W567651A,20001544082,沃缤纷超市(生物城店),湖北省,武汉市,
20251407,ELEME,76W567652A,20001545135,711便利店(淄博临淄金三角店),山东省,淄博市,
20251407,ELEME,76W567653A,20001545176,惠邻百佳超市(安定门店),北京市,北京市,
20251407,ELEME,76W567654A,20001546005,快客达·环球超市(温岭店),浙江省,台州市,
20251407,ELEME,76W567660A,20001550264,易惠达超市(世茂广场店),江苏省,苏州市,
20251407,ELEME,76W567662A,20001552364,吉友超市(东山店),福建省,漳州市,
20251407,ELEME,76W567666A,20001555247,速购熊超市(世博广场店),河北省,唐山市,
20251407,ELEME,76W567668A,20001558183,繁花优选(苏州中心店),江苏省,苏州市,
20251407,ELEME,76W567669A,20001559098,711便利店(淄博财富广场店),山东省,淄博市,
20251407,ELEME,76W567683A,20001581109,盛惠嘉选精品超市(宝杨路店),上海市,上海市,
20251407,ELEME,76W567688A,20001602435,优选快送超市,云南省,红河哈尼族彝族自治州,
20251407,ELEME,76W567695A,20001625404,拾惠客24H超市(沈阳沈辽店),辽宁省,沈阳市,
20251407,ELEME,76W567696A,20001627406,拾惠客超市(浑南店),辽宁省,沈阳市,
20251407,ELEME,76W567698A,20001629386,拾惠客超市(威海哈工大店),山东省,威海市,
20251407,ELEME,76W567699A,20001630408,拾惠客24H超市(河北双滦店),河北省,承德市,
20251407,ELEME,76W567710A,20001659424,珍惠达超市(南开区店),天津市,天津市,
20251407,ELEME,76W567712A,20001665470,优享购超市(财经大学店),天津市,天津市,
20251407,ELEME,76W567713A,20001672283,榛好物超市(临平店),浙江省,杭州市,
20251407,ELEME,76W567714A,20001673386,好多购便利店(安吉中心店),浙江省,湖州市,
20251407,ELEME,76W567717A,20001678155,共橙24小时超市(溧阳中关村店),江苏省,常州市,
20251407,ELEME,76W567720A,20001683255,昔多购超市(邵阳二店),湖南省,邵阳市,
20251407,ELEME,76W567721A,20001684087,优享购超市(未来城店),天津市,天津市,
20251407,ELEME,76W567724A,20001692061,拾惠客24h超市(洛阳偃师店),河南省,洛阳市,
20251407,ELEME,76W567726A,20001696236,711便利店(宝鸡人民商场店),陕西省,宝鸡市,
20251407,ELEME,76W567727A,20001699178,考拉易购生活超市(南山店),广东省,深圳市,
20251407,ELEME,76W567728A,20001700229,惠邻百佳超市(门头沟店),北京市,北京市,
20251407,ELEME,76W567731A,20001705108,好多购便利店(安庆店),安徽省,安庆市,
20251407,ELEME,76W567740A,20001718032,便客达快送超市(碑林店),陕西省,西安市,
20251407,ELEME,76W567743A,20001724070,拾惠客24H超市(滦平店),河北省,承德市,
20251407,ELEME,76W567745A,20001725414,麦客联华超市(双流店),四川省,成都市,
20251407,ELEME,76W567747A,20001726234,三友便利店(新民西路店),江苏省,无锡市,
20251407,ELEME,76W567751A,20001733109,快客达超市(常州武进店),江苏省,常州市,
20251407,ELEME,76W567753A,20001738027,超宜选精品超市(上饶店),江西省,上饶市,
20251407,ELEME,76W567756A,20001741198,拾惠客超市(保定安国店),河北省,保定市,
20251407,ELEME,76W567764A,20001768182,千家顺·鲸选超市(菏泽店),山东省,菏泽市,
20251407,ELEME,76W567767A,20001771499,拾惠客24h超市(义乌佛堂店),浙江省,金华市,
20251407,ELEME,76W567768A,20001775183,快客达·环球超市(德清店),浙江省,湖州市,
20251407,ELEME,76W567772A,20001780040,拾惠客超市(曲阜孔庙店),山东省,济宁市,
20251407,ELEME,76W567774A,20001788096,拾惠客24h超市(宣城郎溪店),安徽省,宣城市,
20251407,ELEME,76W567775A,20001792055,闪电购精品超市(万福店),福建省,泉州市,
20251407,ELEME,76W567776A,20001794071,零购超市(软件三期店),福建省,厦门市,
20251407,ELEME,76W567777A,20001795077,树懒先生超市(上海壹号店),上海市,上海市,
20251407,ELEME,76W567779A,20001796203,东方优选生活超市(楚雄店),云南省,楚雄彝族自治州,
20251407,ELEME,76W567780A,20001801062,拾惠客24h超市(宁波江北店),浙江省,宁波市,
20251407,ELEME,76W567782A,20001819459,世纪家佳福超市生鲜便利,北京市,北京市,
20251407,ELEME,76W567783A,20001820263,快客达·环球超市(桐乡店),浙江省,嘉兴市,
20251407,ELEME,76W567784A,20001833338,快客达·环球超市(椒江店),浙江省,台州市,
20251407,ELEME,76W567786A,20001842213,明日轩便利店(万达店),河北省,石家庄市,
20251407,ELEME,76W567788A,20001848158,今喜·生活超市,浙江省,温州市,
20251407,ELEME,76W567792A,20001856263,厉选百货超市(桐庐店),浙江省,杭州市,
20251407,ELEME,76W567795A,20001861110,橙兴优购超市(香洲店),广东省,珠海市,
20251407,ELEME,76W567799A,20001887352,比优特浙加都超市(丹东万达店),辽宁省,丹东市,
20251407,ELEME,76W567803A,20001892355,快客达超市(安吉店),浙江省,湖州市,
20251407,ELEME,76W567805A,20001894484,千家顺·鲸选超市(诸暨店),浙江省,绍兴市,
20251407,ELEME,76W567806A,20001901083,万象良品仓储超市,广东省,深圳市,
20251407,ELEME,76W567808A,20001903481,迪购超市(延平店),福建省,南平市,
20251407,ELEME,76W567812A,20001909240,千家顺·鲸选超市(兰溪店),浙江省,金华市,
20251407,ELEME,76W567815A,20001912258,惠邻百佳超市(广陵店),江苏省,扬州市,
20251407,ELEME,76W567821A,20001917094,NOW即享快送超市(石岩店),广东省,深圳市,
20251407,ELEME,76W567822A,20001919084,奥利购超市(青羊店),四川省,成都市,
20251407,ELEME,76W567823A,20001921128,易达便利店(康营家园店),北京市,北京市,
20251407,ELEME,76W567824A,20001921366,乐毓福超市,吉林省,白城市,
20251407,ELEME,76W567827A,20001926422,易惠达超市(朱泾店),上海市,上海市,
20251407,ELEME,76W567835A,20001939146,优享购超市(张贵庄店),天津市,天津市,
20251407,ELEME,76W567837A,20001943327,KiSsYou便利店(富力城店),黑龙江省,哈尔滨市,
20251407,ELEME,76W567850A,20001960439,德宝生活超市(滨海东江路店),天津市,天津市,
20251407,ELEME,76W567852A,20001962358,优购精品超市(石狮店),福建省,泉州市,
20251407,ELEME,76W567853A,20001963031,沃玛希精品超市(龙湾店),浙江省,温州市,
20251407,ELEME,76W567866A,20001989241,拾惠客24h超市(杭州空港店),浙江省,杭州市,
20251407,ELEME,76W567880A,20002016005,拾惠客24h超市(台州天台店),浙江省,台州市,
20251407,ELEME,76W567888A,20002027364,共橙24小时超市(高青店),山东省,淄博市,
20251407,ELEME,76W567889A,20002028184,迪购超市(城东店),福建省,泉州市,
20251407,ELEME,76W567892A,20002030468,世纪精品超市(松江中心店),上海市,上海市,
20251407,ELEME,76W567893A,20002032472,小宅生活超市(合肥店),安徽省,合肥市,
20251407,ELEME,76W567898A,20002035352,乐尔乐(五一店),湖南省,长沙市,
20251407,ELEME,76W567901A,20002038019,千家顺·鲸选超市(壶镇店),浙江省,丽水市,
20251407,ELEME,76W567904A,20002042193,拾惠客24h超市(汉中汉台店),陕西省,汉中市,
20251407,ELEME,76W567908A,20002046227,海棠便利店(哈尔滨店),黑龙江省,哈尔滨市,
20251407,ELEME,76W567909A,20002047288,拾惠客24h超市(来安汊河店),安徽省,滁州市,
20251407,ELEME,76W567911A,20002048191,拾惠客24h超市(西安临潼店),陕西省,西安市,
20251407,ELEME,76W567916A,20002055459,拾惠客24H超市(新民店),辽宁省,沈阳市,
20251407,ELEME,76W567919A,20002057312,拾惠客24h超市(容城店),河北省,保定市,
20251407,ELEME,76W567920A,20002062319,环球中心超市(万达店),浙江省,杭州市,
20251407,ELEME,76W567922A,20002068013,麦嘉生活超市(宁波店),浙江省,宁波市,
20251407,ELEME,76W567923A,20002068327,迪购超市(狮标店),福建省,泉州市,
20251407,ELEME,76W567926A,20002074219,好多购(恒大雅苑店),湖南省,长沙市,
20251407,ELEME,76W567928A,20002075099,拾惠客24H超市(望花店),辽宁省,抚顺市,
20251407,ELEME,76W567930A,20002082446,亿多美超市(昌平店),北京市,北京市,
20251407,ELEME,76W567931A,20002084128,拾惠客24H超市(廊坊开发区店),河北省,廊坊市,
20251407,ELEME,76W567932A,20002088225,麦客联华超市(即墨店),山东省,青岛市,
20251407,ELEME,76W567933A,20002093130,快捷购精品超市(宽城店),吉林省,长春市,
20251407,ELEME,76W567934A,20002097007,畅淘集市精品超市(鼓楼店),江苏省,南京市,
20251407,ELEME,76W567938A,20002102280,谷得乐购(咸水沽店),天津市,天津市,
20251407,ELEME,76W567942A,20002108260,沃缤纷超市(南昌店),江西省,南昌市,
20251407,ELEME,76W567944A,20002111380,好惠来超市(江都区店),江苏省,扬州市,
20251407,ELEME,76W567948A,20002117255,闪宅便利(沈阳店),辽宁省,沈阳市,
20251407,ELEME,76W567955A,20002128163,沃玛希精品超市(高新店),浙江省,宁波市,
20251407,ELEME,76W567959A,20002133355,拾惠客24h超市(咸阳汇通店),陕西省,咸阳市,
20251407,ELEME,76W567960A,20002134065,海豚购(南充店),四川省,南充市,
20251407,ELEME,76W567962A,20002140150,海豚购(临汾店),山西省,临汾市,
20251407,ELEME,76W567969A,20002146198,惠邻百佳超市(长沙路店),山东省,青岛市,
20251407,ELEME,76W567970A,20002148143,优一佳便利店,江苏省,无锡市,
20251407,ELEME,76W567973A,20002154461,快客达.环球超市(绵阳店),四川省,绵阳市,
20251407,ELEME,76W567974A,20002155361,同城闪送超市,广东省,佛山市,
20251407,ELEME,76W567975A,20002155488,千家顺·鲸选超市(怀化店),湖南省,怀化市,
20251407,ELEME,76W567980A,20002163348,NOW即享快送超市(布吉店),广东省,深圳市,
20251407,ELEME,76W567981A,20002165298,零购超市(海沧新阳店),福建省,厦门市,
20251407,ELEME,76W567982A,20002167376,鲸鱼嗨购超市(浦东总店),上海市,上海市,
20251407,ELEME,76W567987A,20002172138,零购超市(集美店),福建省,厦门市,
20251407,ELEME,76W567989A,20002172352,惠优选超市(德思勤店),湖南省,长沙市,
20251407,ELEME,76W567992A,20002174343,隋你购连锁超市(青塔店),北京市,北京市,
20251407,ELEME,76W567993A,20002175053,沃缤纷超市(庙山店),湖北省,武汉市,
20251407,ELEME,76W567995A,20002177253,快客达.环球超市(福清店),福建省,福州市,
20251407,ELEME,76W567998A,20002180235,哆点快送超市(柯桥店),浙江省,绍兴市,
20251407,ELEME,76W568002A,20002183349,百诚惠24小时超市(仪征店),江苏省,扬州市,
20251407,ELEME,76W568003A,20002186420,榛好物超市(上城店),浙江省,杭州市,
20251407,ELEME,76W568008A,20002189446,拾惠客24H超市(蓟县店),天津市,天津市,
20251407,ELEME,76W568013A,20002197038,千家顺·鲸选超市(丽江店),云南省,丽江市,
20251407,ELEME,76W568016A,20002198114,昔多购超市(伍家岭店),湖南省,长沙市,
20251407,ELEME,76W568018A,20002199061,句鲸百货Mart(禅城店),广东省,佛山市,
20251407,ELEME,76W568019A,20002200309,超宜选精品超市(仙游店),福建省,莆田市,
20251407,ELEME,76W568021A,20002202142,拾惠客超市(黄梅店),湖北省,黄冈市,
20251407,ELEME,76W568022A,20002202143,拾惠客24H超市(荣御府店),河北省,石家庄市,
20251407,ELEME,76W568025A,20002207285,昔多购云上超市(河西店),湖南省,永州市,
20251407,ELEME,76W568026A,20002208355,江小囤精品超市(铜陵店),安徽省,铜陵市,
20251407,ELEME,76W568027A,20002210096,超宜选精品超市(江阴店),江苏省,无锡市,
20251407,ELEME,76W568033A,20002215411,麦格·精品超市(菏泽店),山东省,菏泽市,
20251407,ELEME,76W568034A,20002216178,树懒先生超市(伍家岗店),湖北省,宜昌市,
20251407,ELEME,76W568036A,20002216265,快客达.环球超市(庐山中路店),浙江省,宁波市,
20251407,ELEME,76W568038A,20002218016,榛好物超市(下沙店),浙江省,杭州市,
20251407,ELEME,76W568041A,20002220101,拾惠客24H超市(石岛广场店),山东省,威海市,
20251407,ELEME,76W568044A,20002221364,昼·夜便利店24H,河南省,郑州市,
20251407,ELEME,76W568047A,20002222335,易尔惠超市(合肥北城店),安徽省,合肥市,
20251407,ELEME,76W568049A,20002224151,快捷购精品超市(慈溪店),浙江省,宁波市,
20251407,ELEME,76W568052A,20002226454,零购超市(翔安中心店),福建省,厦门市,
20251407,ELEME,76W568061A,20002234126,沃玛希精品超市(温州中心店),浙江省,温州市,
20251407,ELEME,76W568066A,20002237336,超宜选精品超市(景德镇店),江西省,景德镇市,
20251407,ELEME,76W568068A,20002238284,拾惠客24h超市(黄石怡康花园店),湖北省,黄石市,
20251407,ELEME,76W568071A,20002240201,农姆客超市(景德镇店),江西省,景德镇市,
20251407,ELEME,76W568072A,20002241108,灌云优选精品超市(伊山北路店),江苏省,连云港市,
20251407,ELEME,76W568073A,20002242172,百佳临超市(沙河店),江西省,九江市,
20251407,ELEME,76W568074A,20002245148,典购哆超市(龙鼎万达店),浙江省,嘉兴市,
20251407,ELEME,76W568086A,20002264031,厦一单超市(中央天成店),福建省,厦门市,
20251407,ELEME,76W568091A,20002276009,公里购精品超市(勾庄店),浙江省,杭州市,
20251407,ELEME,76W568097A,20002281034,飞鼠仓储日用百货超市(锦州港店),辽宁省,锦州市,
20251407,ELEME,76W568100A,20002283154,罗森便利店(1002朝阳龙山街分店),辽宁省,朝阳市,
20251407,ELEME,76W568106A,20002287192,放心品购超市(龙鼎万达店),浙江省,嘉兴市,
20251407,ELEME,76W568117A,20002301381,乐易购生活超市(同和店),广东省,广州市,
20251407,ELEME,76W568120A,20002306190,惠唛优品(袍江店),浙江省,绍兴市,
20251407,ELEME,76W568122A,20002316085,抢鲜隆快送超市(云水店),浙江省,杭州市,
20251407,ELEME,76W568123A,20002316276,易买仓购,天津市,天津市,
20251407,ELEME,76W568125A,20002317259,惠邻百佳超市(裕华路店),河北省,保定市,
20251407,ELEME,76W568126A,20002317349,快客达.环球超市(万汇城店),江苏省,南京市,
20251407,ELEME,76W568129A,20002322026,惠好便利店,广东省,广州市,
20251407,ELEME,76W568131A,20002323064,拾惠客超市(盐城滨海店),江苏省,盐城市,
20251407,ELEME,76W568135A,20002332324,邻里物语精品超市(吾悦店),江苏省,南京市,
20251407,ELEME,76W568137A,20002335146,快客达.环球超市(平江店),江苏省,苏州市,
20251407,ELEME,76W568138A,20002336385,臻选精品生活超市(南湖店),湖北省,武汉市,
20251407,ELEME,76W568140A,20002337477,NOW即享快送超市(晋阳街店),山西省,太原市,
20251407,ELEME,76W568142A,20002340045,快客达超市(扬州大学店),江苏省,扬州市,
20251407,ELEME,76W568149A,20002343298,苏宁小店(义乌店),浙江省,金华市,
20251407,ELEME,76W568152A,20002347100,711(连云港苍梧店),江苏省,连云港市,
20251407,ELEME,76W568155A,20002351443,美士多便利店(咸嘉湖店),湖南省,长沙市,
20251407,ELEME,76W568158A,20002354172,浙里购超市(温州店),浙江省,温州市,
20251407,ELEME,76W568159A,20002354398,世纪精品超市(智慧湾店),上海市,上海市,
20251407,ELEME,76W568170A,20002361106,苏宁小店(榆林榆阳店),陕西省,榆林市,
20251407,ELEME,76W568172A,20002365001,邻里物语精品超市(江宁区店),江苏省,南京市,
20251407,ELEME,76W568178A,20002367282,世纪生活超市(张江店),上海市,上海市,
20251407,ELEME,76W568179A,20002367327,松鼠乐购超市(恩施店),湖北省,恩施土家族苗族自治州,
20251407,ELEME,76W568188A,20002371270,喜惠享24H精品超市(杭州总店),浙江省,杭州市,
20251407,ELEME,76W568190A,20002372442,万客华联超市(西安店),陕西省,西安市,
20251407,ELEME,76W568193A,20002375025,万熹食品超市,黑龙江省,齐齐哈尔市,
20251407,ELEME,76W568199A,20002380243,速买到超市(于都店),江西省,赣州市,
20251407,ELEME,76W568202A,20002381306,JustFresh捷德鲜超市(静安中心店),上海市,上海市,
20251407,ELEME,76W568209A,20002387012,沃缤纷(恩施火车站店),湖北省,恩施土家族苗族自治州,
20251407,ELEME,76W568213A,20002389131,有购优品生活超市(宝山店),上海市,上海市,
20251407,ELEME,76W568220A,20002391112,世纪优选超市(丁山店),江苏省,无锡市,
20251407,ELEME,76W568224A,20002393349,厦一单超市(咸宁路店),陕西省,西安市,
20251407,ELEME,76W568237A,20002397331,零购超市(灌口店),福建省,厦门市,
20251407,ELEME,76W568246A,20002403234,快捷购精品超市(沈阳店),辽宁省,沈阳市,
20251407,ELEME,76W568248A,20002404253,厦一单超市(曲江大道店),陕西省,西安市,
20251407,ELEME,76W568251A,20002406216,厦一单超市(大明宫万达店),陕西省,西安市,
20251407,ELEME,76W568252A,20002406225,拾惠客24H超市(葫芦岛店),辽宁省,葫芦岛市,
20251407,ELEME,76W568261A,20002410318,树懒先生超市(大学城店),重庆市,重庆市,
20251407,ELEME,76W568267A,20002414040,拾惠客24H超市(铁岭银州店),辽宁省,铁岭市,
20251407,ELEME,76W568271A,20002417004,迪购超市(晋江保利城店),福建省,泉州市,
20251407,ELEME,76W568286A,20002431004,快客达.环球超市(福州仓山店),福建省,福州市,
20251407,ELEME,76W568290A,20002432456,逸万佳便利超市(新街口店),江苏省,南京市,
20251407,ELEME,76W568294A,20002436320,零购超市(城市广场店),浙江省,宁波市,
20251407,ELEME,76W568295A,20002438072,树懒先生超市(启东店),江苏省,南通市,
20251407,ELEME,76W568296A,20002438268,闪电购精品超市(漳浦店),福建省,漳州市,
20251407,ELEME,76W568301A,20002441148,快时多超市(现代天地店),江西省,上饶市,
20251407,ELEME,76W568305A,20002444081,德宝生活超市(怀柔店),北京市,北京市,
20251407,ELEME,76W568307A,20002448360,千里优品超市(长安店),河北省,石家庄市,
20251407,ELEME,76W568318A,20002465427,NOW即享快送超市(光明店),广东省,深圳市,
20251407,ELEME,76W568324A,20002475019,拾惠客24H超市(枣庄峄城店),山东省,枣庄市,
20251407,ELEME,76W568330A,20002482420,乐购超市(千岛湖宜邻中心店),安徽省,芜湖市,
20251407,ELEME,76W568332A,20002483331,拾惠客24H超市(宜洁路店),天津市,天津市,
20251407,ELEME,76W568334A,20002484391,迪购超市(丰泽广场店),福建省,泉州市,
20251407,ELEME,76W568335A,20002485477,乐尔乐(株洲文化路店),湖南省,株洲市,
20251407,ELEME,76W568344A,20002496264,迪购超市(浦西万达店),福建省,泉州市,
20251407,ELEME,76W568345A,20002496461,拾惠客24h超市(省体育馆店),陕西省,西安市,
20251407,ELEME,76W568348A,20002498307,GO便利店(21世纪店),河南省,郑州市,
20251407,ELEME,76W568349A,20002499122,拾惠客24H超市(红椿街店),河北省,唐山市,
20251407,ELEME,76W568353A,20002503342,拾惠客24h超市(淮安金湖金达广场店),江苏省,淮安市,
20251407,ELEME,76W568354A,20002504196,乐尔乐优选(长江师范学院店),重庆市,重庆市,
20251407,ELEME,76W568355A,20002505470,佳品易购(雅宝路店),北京市,北京市,
20251407,ELEME,76W568368A,20002521253,鲸鱼嗨购超市(杨浦店),上海市,上海市,
20251407,ELEME,76W568372A,20002528060,麦客联华超市(鄞州店),浙江省,宁波市,
20251407,ELEME,76W568374A,20002534044,熊本便利店(东直门店),北京市,北京市,
20251407,ELEME,76W568378A,20002544105,龙华购物,广东省,汕头市,
20251407,ELEME,76W568380A,20002549457,拾惠客24H超市(沈阳会展店),辽宁省,沈阳市,
20251407,ELEME,76W568384A,20002563217,拾惠客24H超市(大连瓦房店),辽宁省,大连市,
20251407,ELEME,76W568386A,20002564257,拾惠客超市(沈北大学城店),辽宁省,沈阳市,
20251407,ELEME,76W568398A,20002579055,拾惠客24H超市(鞍山立山店),辽宁省,鞍山市,
20251407,ELEME,76W568403A,20002586062,零购超市(锡山东亭店),江苏省,无锡市,
20251407,ELEME,76W568410A,20002598485,江晨精品超市(光谷东店),湖北省,武汉市,
20251407,ELEME,76W568417A,20002612396,鲸GO生活超市(固戍店),广东省,深圳市,
20251407,ELEME,76W568426A,20002630058,零购超市(同安店),福建省,厦门市,
20251407,ELEME,76W568428A,20002633089,喜惠享24H精品超市(柯桥店),浙江省,绍兴市,
20251407,ELEME,76W568436A,20002647392,厦一单超市(万象城店),陕西省,西安市,
20251407,ELEME,76W568438A,20002651251,惠邻百佳超市(密云店),北京市,北京市,
20251407,ELEME,76W568449A,20002664216,易购超市(徐泾北城店),上海市,上海市,
20251407,ELEME,76W568458A,20002672170,麦格便利店(平潭店),福建省,福州市,
20251407,ELEME,76W568460A,20002675087,拾惠客24H超市(沈阳北大营店),辽宁省,沈阳市,
20251407,ELEME,76W568464A,20002678314,快客达.环球超市(开福店),湖南省,长沙市,
20251407,ELEME,76W568466A,20002682227,快客达环球超市(诸暨城东店),浙江省,绍兴市,
20251407,ELEME,76W568472A,20002692029,好柿多超市,黑龙江省,齐齐哈尔市,
20251407,ELEME,76W568480A,20002702262,永丰超市(枞阳中心店),安徽省,铜陵市,
20251407,ELEME,76W568484A,20002706289,永丰超市(星河一品店),安徽省,安庆市,
20251407,ELEME,76W568487A,20002708021,惠选百货超市(峡山店),广东省,汕头市,
20251407,ELEME,76W568490A,20002713050,麦客联华(长沙店),湖南省,长沙市,
20251407,ELEME,76W568492A,20002716016,便客达精品超市(28号店),陕西省,西安市,
20251407,ELEME,76W568493A,20002716062,永丰超市(港城店),安徽省,铜陵市,
20251407,ELEME,76W568495A,20002716433,焕熊真选超市(洪都店),江西省,南昌市,
20251407,ELEME,76W568496A,20002717061,乐小二优选超市(桐乡店),浙江省,嘉兴市,
20251407,ELEME,76W568499A,20002718075,永丰超市(新城吾悦店),安徽省,安庆市,
20251407,ELEME,76W568500A,20002718223,千家顺·鲸选超市(景德镇店),江西省,景德镇市,
20251407,ELEME,76W568504A,20002723009,易购优选超市,湖北省,武汉市,
20251407,ELEME,76W568506A,20002723143,零购超市(集美中心店),福建省,厦门市,
20251407,ELEME,76W568508A,20002726033,乐淘淘便利店(饶平店),广东省,潮州市,
20251407,ELEME,76W568510A,20002727401,焕熊真选超市(新建中心店),江西省,南昌市,
20251407,ELEME,76W568513A,20002730310,焕熊真选超市(昌东店),江西省,南昌市,
20251407,ELEME,76W568514A,20002731233,优优熊24H超市(闽侯店),福建省,福州市,
20251407,ELEME,76W568517A,20002739284,拾惠客24H超市(沧州青县店),河北省,沧州市,
20251407,ELEME,76W568520A,20002742295,鲸鱼嗨购超市(杨行店),上海市,上海市,
20251407,ELEME,76W568524A,20002746449,德宝生活超市(房山店),北京市,北京市,
20251407,ELEME,76W568525A,20002747083,拾惠客24h超市(苏州吴中店),江苏省,苏州市,
20251407,ELEME,76W568526A,20002750348,超宜选精品超市(昌江区店),江西省,景德镇市,
20251407,ELEME,76W568535A,20002757008,711(连云港在海一方店),江苏省,连云港市,
20251407,ELEME,76W568540A,20002761157,惠邻百佳超市(石榴庄店),北京市,北京市,
20251407,ELEME,76W568549A,20002767118,喜惠享24h精品超市(方圆荟店),安徽省,合肥市,
20251407,ELEME,76W568550A,20002767247,惠邻百佳超市(天洋广场店),河北省,廊坊市,
20251407,ELEME,76W568556A,20002784499,麦客联华超市(大兴店),北京市,北京市,
20251407,ELEME,76W568559A,20002786487,快客达.环球超市(独墅湖店),江苏省,苏州市,
20251407,ELEME,76W568565A,20002797116,惠立送精品超市(科技城店),江苏省,苏州市,
20251407,ELEME,76W568566A,20002798364,快赣特价超市(浦建路店),上海市,上海市,
20251407,ELEME,76W568568A,20002802319,快时多超市(桐乡店),浙江省,嘉兴市,
20251407,ELEME,76W568571A,20002804168,好快生活超市(吴中店),江苏省,苏州市,
20251407,ELEME,76W568574A,20002806218,小杨便利店,江西省,景德镇市,
20251407,ELEME,76W568575A,20002806371,德宝生活超市(涿州店),河北省,保定市,
20251407,ELEME,76W568581A,20002815202,优沃森超市(丁山店),江苏省,无锡市,
20251407,ELEME,76W568582A,20002819152,优沃森超市(宜兴店),江苏省,无锡市,
20251407,ELEME,76W568584A,20002820004,柴小囤·精品超市(曹县店),山东省,菏泽市,
20251407,ELEME,76W568592A,20002823186,世纪生活超市(江镇店),上海市,上海市,
20251407,ELEME,76W568595A,20002825321,优买兔精品生活超市(泛海店),湖北省,武汉市,
20251407,ELEME,76W568598A,20002826413,木言人超市,浙江省,杭州市,
20251407,ELEME,76W568602A,20002830129,拾惠客24h超市(西安三桥店),陕西省,西安市,
20251407,ELEME,76W568603A,20002830372,嘉怡超市,上海市,上海市,
20251407,ELEME,76W568605A,20002832136,厉选百货超市(滨江店),浙江省,杭州市,
20251407,ELEME,76W568607A,20002833156,快客达.环球超市(丽水元湖店),浙江省,丽水市,
20251407,ELEME,76W568612A,20002835278,超悠森活超市(坚基店),广东省,河源市,
20251407,ELEME,76W568622A,20002844114,快买快乐·生活超市(新桥优选店),上海市,上海市,
20251407,ELEME,76W568624A,20002844133,超悠森活超市(河源中心店),广东省,河源市,
20251407,ELEME,76W568625A,20002844295,优沃森超市(新湖广场店),江苏省,苏州市,
20251407,ELEME,76W568628A,20002846348,好惠来超市(万象城店),江苏省,泰州市,
20251407,ELEME,76W568633A,20002856402,优享购超市(张家窝店),天津市,天津市,
20251407,ELEME,76W568634A,20002858457,比德福超市BIDFOODMART,上海市,上海市,
20251407,ELEME,76W568639A,20002864052,好惠来百货超市(医药城店),江苏省,泰州市,
20251407,ELEME,76W568642A,20002872139,爱乐达精品超市(登封店),河南省,郑州市,
20251407,ELEME,76W568643A,20002873311,惠立送精品超市(江南大学店),江苏省,无锡市,
20251407,ELEME,76W568646A,20002875364,万德福便利超市(常州店),江苏省,常州市,
20251407,ELEME,76W568649A,20002877195,老实人超市(富平店),陕西省,渭南市,
20251407,ELEME,76W568652A,20002880218,新天地超市(梅河口维港城店),吉林省,通化市,
20251407,ELEME,76W568658A,20002888486,快客达.环球超市(邗江万达店),江苏省,扬州市,
20251407,ELEME,76W568660A,20002891400,易惠达超市(安亭店),江苏省,苏州市,
20251407,ELEME,76W568661A,20002892066,厦一单超市(体育中心店),福建省,三明市,
20251407,ELEME,76W568664A,20002893139,易佳购精品超市(台州店),浙江省,台州市,
20251407,ELEME,76W568671A,20002899072,微笑客24小时生活超市(花都店),广东省,广州市,
20251407,ELEME,76W568679A,20002907108,榛好物超市(万融城店),浙江省,杭州市,
20251407,ELEME,76W568680A,20002907144,昔多购超市(南宁001店),广西壮族自治区,南宁市,
20251407,ELEME,76W568685A,20002912189,惠邻百佳超市(回龙观店),北京市,北京市,
20251407,ELEME,76W568696A,20002922400,拾惠客24H超市(晋中介休店),山西省,晋中市,
20251407,ELEME,76W568698A,20002924434,沃缤纷超市(软件园店),湖北省,武汉市,
20251407,ELEME,76W568700A,20002928294,拾惠客24H超市(朝阳建平店),辽宁省,朝阳市,
20251407,ELEME,76W568701A,20002928321,拾惠客24H超市(中商世界里店),吉林省,长春市,
20251407,ELEME,76W568702A,20002928431,快客达.环球超市(绍兴越城店),浙江省,绍兴市,
20251407,ELEME,76W568704A,20002932414,全好佳超市(海昌路店),四川省,成都市,
20251407,ELEME,76W568706A,20002933234,拾惠客24H超市(峰峰矿区店),河北省,邯郸市,
20251407,ELEME,76W568707A,20002934295,快时多超市(上饶店),江西省,上饶市,
20251407,ELEME,76W568708A,20002934305,沃缤纷超市(佰港城店),湖北省,武汉市,
20251407,ELEME,76W568710A,20002935308,沃缤纷超市(武昌店),湖北省,武汉市,
20251407,ELEME,76W568713A,20002939212,橙点生活超市,浙江省,宁波市,
20251407,ELEME,76W568714A,20002940282,沃缤纷超市(新建店),江西省,南昌市,
20251407,ELEME,76W568716A,20002941217,拾惠客24H超市(雄县店),河北省,保定市,
20251407,ELEME,76W568717A,20002941270,树懒先生超市(蒸湘店),湖南省,衡阳市,
20251407,ELEME,76W568718A,20002941274,沃缤纷超市(红门路店),湖北省,荆州市,
20251407,ELEME,76W568723A,20002943123,速购精品超市(九龙坡店),重庆市,重庆市,
20251407,ELEME,76W568724A,20002943232,沃缤纷超市(杨家湾店),湖北省,武汉市,
20251407,ELEME,76W568728A,20002944495,惠邻百佳超市(西北角店),天津市,天津市,
20251407,ELEME,76W568735A,20002949425,便利喵(百伦广场店),四川省,德阳市,
20251407,ELEME,76W568737A,20002950105,拾惠客24H超市(长春北湖店),吉林省,长春市,
20251407,ELEME,76W568738A,20002950166,沃缤纷超市(沙市店),湖北省,荆州市,
20251407,ELEME,76W568743A,20002955468,惠宜佳生活超市(萧县店),安徽省,宿州市,
20251407,ELEME,76W568744A,20002956350,快客达.环球超市(上海静安店),上海市,上海市,
20251407,ELEME,76W568745A,20002958035,天天惠超市,江苏省,南京市,
20251407,ELEME,76W568746A,20002958105,沃缤纷超市(荆门店),湖北省,荆门市,
20251407,ELEME,76W568747A,20002958258,吉速达·海囤购超市,浙江省,舟山市,
20251407,ELEME,76W568748A,20002958326,世纪精品超市(高东店),上海市,上海市,
20251407,ELEME,76W568749A,20002959024,拾惠客24H超市(保定满城店),河北省,保定市,
20251407,ELEME,76W568756A,20002964467,昔多购阳光100店,湖南省,长沙市,
20251407,ELEME,76W568757A,20002965467,昔多购云上超市大祥店,湖南省,邵阳市,
20251407,ELEME,76W568763A,20002972215,拾惠客24h超市(句容碧桂园店),江苏省,镇江市,
20251407,ELEME,76W568770A,20002976029,鲸鱼嗨购超市(菊园新区店),上海市,上海市,
20251407,ELEME,76W568785A,20002986105,拾惠客24h超市(衢州常山店),浙江省,衢州市,
20251407,ELEME,76W568786A,20002986296,乐尔乐优选(北辰店),湖南省,长沙市,
20251407,ELEME,76W568790A,20002990152,焕熊真选超市(五一广场店),湖南省,长沙市,
20251407,ELEME,76W568795A,20002994112,乐小二优选超市(枣阳店),湖北省,襄阳市,
20251407,ELEME,76W568798A,20002996483,万佳宁便利超市(五象店),广西壮族自治区,南宁市,
20251407,ELEME,76W568809A,20003008341,臻仓心选(团泊店),天津市,天津市,
20251407,ELEME,76W568815A,20003015178,万佳宁便利超市(瀚天店),广西壮族自治区,南宁市,
20251407,ELEME,76W568820A,20003026462,迪购超市(霞福店),福建省,泉州市,
20251407,ELEME,76W568821A,20003026470,宝之购便利超市,广东省,深圳市,
20251407,ELEME,76W568823A,20003027286,条纹兔·精选超市(湖塘店),江苏省,常州市,
20251407,ELEME,76W568824A,20003029351,惠购超市1店,河南省,郑州市,
20251407,ELEME,76W568825A,20003030024,万佳宁便利超市(万秀店),广西壮族自治区,南宁市,
20251407,ELEME,76W568827A,20003032200,臻选精品生活超市(光谷东店),湖北省,武汉市,
20251407,ELEME,76W568830A,20003035351,爱喜猫超市(浦江店),浙江省,金华市,
20251407,ELEME,76W568850A,20003052421,星马快送超市(富阳店),浙江省,杭州市,
20251407,ELEME,76W568851A,20003053217,惠邻百佳超市(后沙峪店),北京市,北京市,
20251407,ELEME,76W568853A,20003056319,焕熊真选超市(柯桥中心店),浙江省,绍兴市,
20251407,ELEME,76W568856A,20003058246,焕熊真选超市(高桥店),湖南省,长沙市,
20251407,ELEME,76W568861A,20003060360,棋茂鑫超市(宁波中心店),浙江省,宁波市,
20251407,ELEME,76W568869A,20003064184,焕熊真选超市(九江店),江西省,九江市,
20251407,ELEME,76W568878A,20003074471,宅小熊超市(九江店),江西省,九江市,
20251407,ELEME,76W568879A,20003076187,棋茂鑫·超市(乐清店),浙江省,温州市,
20251407,ELEME,76W568881A,20003079319,优乐购超市(和平店),广东省,汕头市,
20251407,ELEME,76W568884A,20003083030,金桥超市(镇江吾悦店),江苏省,镇江市,
20251407,ELEME,76W568885A,20003083158,拾惠客24h超市(上海松江店),上海市,上海市,
20251407,ELEME,76W568887A,20003083431,壹加全能超市(颍泉店),安徽省,阜阳市,
20251407,ELEME,76W568891A,20003085182,迪购超市(安海店),福建省,泉州市,
20251407,ELEME,76W568900A,20003091423,伴跃超市(东原启城店),湖北省,武汉市,
20251407,ELEME,76W568909A,20003101240,佑哒超市(园博园店),湖北省,武汉市,
20251407,ELEME,76W568913A,20003102314,伴跃超市(东风大道店),湖北省,武汉市,
20251407,ELEME,76W568915A,20003103404,骏兔快送超市(萧山店),浙江省,杭州市,
20251407,ELEME,76W568916A,20003103432,好多购便利店(黄山店),安徽省,黄山市,
20251407,ELEME,76W568917A,20003104212,盒马鲜生(义乌天地店),浙江省,金华市,
20251407,ELEME,76W568918A,20003105140,惠民生活超市(天长店),安徽省,滁州市,
20251407,ELEME,76W568924A,20003111118,拾惠客24h超市(上林天地店),陕西省,咸阳市,
20251407,ELEME,76W568925A,20003111395,熊本便利店(上地店),北京市,北京市,
20251407,ELEME,76W568927A,20003113186,伴跃超市(纸纺店),湖北省,武汉市,
20251407,ELEME,76W568930A,20003114157,惠邻百佳超市(大成路店),北京市,北京市,
20251407,ELEME,76W568933A,20003117446,小惠便利超市(黄州店),湖北省,黄冈市,
20251407,ELEME,76W568934A,20003118007,e购超市,辽宁省,沈阳市,
20251407,ELEME,76W568935A,20003118313,麦客联华超市(普洱店),云南省,普洱市,
20251407,ELEME,76W568936A,20003118327,麦客联华超市(龙港店),浙江省,温州市,
20251407,ELEME,76W568943A,20003127259,畅淘集市精品超市(桥北店),江苏省,南京市,
20251407,ELEME,76W568944A,20003128110,厦一单超市(高新旺座店),陕西省,西安市,
20251407,ELEME,76W568950A,20003130350,拾惠客24H超市(本溪明山店),辽宁省,本溪市,
20251407,ELEME,76W568954A,20003132407,宅小熊超市(滨海店),江苏省,盐城市,
20251407,ELEME,76W568957A,20003135123,优佳选超市(新丰店),河南省,焦作市,
20251407,ELEME,76W568959A,20003135496,云惠旺精品超市(南县店),湖南省,益阳市,
20251407,ELEME,76W568960A,20003136186,半时达闪送超市(江宁百家湖店),江苏省,南京市,
20251407,ELEME,76W568962A,20003138266,拾惠客24h超市(安康汉滨店),陕西省,安康市,
20251407,ELEME,76W568963A,20003139192,幸福超市,河南省,郑州市,
20251407,ELEME,76W568968A,20003143375,菲凡仓储折扣超市,黑龙江省,佳木斯市,
20251407,ELEME,76W568969A,20003145397,臻选精品生活超市(徐东店),湖北省,武汉市,
20251407,ELEME,76W568971A,20003148174,拾惠客24H超市(大连泉水店),辽宁省,大连市,
20251407,ELEME,76W568979A,20003152494,今来福生活超市(桔城中路店),广东省,茂名市,
20251407,ELEME,76W568988A,20003157441,快客达.环球超市(八一南街店),浙江省,金华市,
20251407,ELEME,76W568990A,20003157499,星悦购超市(鸳鸯店),重庆市,重庆市,
20251407,ELEME,76W568991A,20003158469,德宝生活超市(大兴店),北京市,北京市,
20251407,ELEME,76W568994A,20003159466,星悦购超市(双山路店),重庆市,重庆市,
20251407,ELEME,76W568999A,20003165331,拾惠客24H超市(沈阳长青城店),辽宁省,沈阳市,
20251407,ELEME,76W569001A,20003166197,熊本便利店(燕郊店),河北省,廊坊市,
20251407,ELEME,76W569003A,20003168075,乐小二·慕选超市(苏州店),江苏省,苏州市,
20251407,ELEME,76W569004A,20003168149,多乐购生活超市(汉阳店),湖北省,武汉市,
20251407,ELEME,76W569008A,20003170240,近距梨超市(海宁店),浙江省,嘉兴市,
20251407,ELEME,76W569010A,20003173239,拾惠客24H超市(长春双阳店),吉林省,长春市,
20251407,ELEME,76W569019A,20003176296,星悦购超市(奥体中心店),重庆市,重庆市,
20251407,ELEME,76W569025A,20003187012,速买到超市(武夷山店),福建省,南平市,
20251407,ELEME,76W569027A,20003190270,世纪生活超市(张江高科店),上海市,上海市,
20251407,ELEME,76W569030A,20003191236,千家顺·鲸选超市(泗门店),浙江省,宁波市,
20251407,ELEME,76W569033A,20003192078,星悦购超市(鲁能星城店),重庆市,重庆市,
20251407,ELEME,76W569037A,20003195298,星悦购超市(中交万达店),重庆市,重庆市,
20251407,ELEME,76W569044A,20003198073,拾惠客24H超市(沈阳吉力湖店),辽宁省,沈阳市,
20251407,ELEME,76W569045A,20003200202,星悦购超市(水木广场店),重庆市,重庆市,
20251407,ELEME,76W569053A,20003208132,星悦购超市(星怡店),重庆市,重庆市,
20251407,ELEME,76W569055A,20003213018,NOW即享快送超市(大浪店),广东省,深圳市,
20251407,ELEME,76W569057A,20003213438,乐购汪(徐汇中心店),上海市,上海市,
20251407,ELEME,76W569058A,20003214053,星悦购超市(盘溪店),重庆市,重庆市,
20251407,ELEME,76W569077A,20003228421,隋你购连锁超市(北京南站店),北京市,北京市,
20251407,ELEME,76W569079A,20003229359,拾惠客24H超市(阳光新城店),吉林省,辽源市,
20251407,ELEME,76W569080A,20003230065,NOW即享快送超市(白沙洲店),湖北省,武汉市,
20251407,ELEME,76W569082A,20003233436,小时便利,四川省,成都市,
20251407,ELEME,76W569084A,20003234418,拾惠客24h超市(西安龙湖店),陕西省,西安市,
20251407,ELEME,76W569085A,20003235034,比优特浙加都超市(通化万达店),吉林省,通化市,
20251407,ELEME,76W569091A,20003239350,e购超市(回龙观店),北京市,北京市,
20251407,ELEME,76W569109A,20003249452,吉友?袋鼠生活超市(龙山区店),吉林省,辽源市,
20251407,ELEME,76W569110A,20003250215,沃缤纷超市(青山店),湖北省,武汉市,
20251407,ELEME,76W569116A,20003252426,宅捷送精品超市(萧山店),浙江省,杭州市,
20251407,ELEME,76W569135A,20003266121,惠邻百佳超市(国贸店),河南省,郑州市,
20251407,ELEME,76W569137A,20003268453,拾惠客24H超市(烟台只楚店),山东省,烟台市,
20251407,ELEME,76W569139A,20003269406,拾惠客24H超市(吉林桦甸店),吉林省,吉林市,
20251407,ELEME,76W569143A,20003271326,拾惠客24h超市(苏州盛泽店),江苏省,苏州市,
20251407,ELEME,76W569144A,20003271381,厉臣便利店(兴隆九城店),河北省,承德市,
20251407,ELEME,76W569160A,20003280308,鲸喜淘·生活超市(海沧店),福建省,厦门市,
20251407,ELEME,76W569164A,20003286278,速囤(左岭店),湖北省,武汉市,
20251407,ELEME,76W569165A,20003287201,乐购汪(顾村中心店),上海市,上海市,
20251407,ELEME,76W569167A,20003288219,拾惠客24H超市(大连中山店),辽宁省,大连市,
20251407,ELEME,76W569168A,20003288276,盛京购超市(浑南店),辽宁省,沈阳市,
20251407,ELEME,76W569171A,20003289177,厦一单超市(沙县店),福建省,三明市,
20251407,ELEME,76W569174A,20003295065,鲸喜淘·生活超市(思明店),福建省,厦门市,
20251407,ELEME,76W569175A,20003295084,鲸喜淘·生活超市(同安店),福建省,厦门市,
20251407,ELEME,76W569176A,20003296120,家运超市(包河店),安徽省,合肥市,
20251407,ELEME,76W569180A,20003304010,厉臣便利店(威海草庙子店),山东省,威海市,
20251407,ELEME,76W569184A,20003306042,家运超市(合肥中心店),安徽省,合肥市,
20251407,ELEME,76W569186A,20003306279,周一百货(上城区店),浙江省,杭州市,
20251407,ELEME,76W569188A,20003311218,拾惠客24h超市(淮安博览城店),江苏省,淮安市,
20251407,ELEME,76W569190A,20003314030,永利生活超市(中街店),辽宁省,沈阳市,
20251407,ELEME,76W569191A,20003317367,惠邻百佳超市(石牌岭店),湖北省,武汉市,
20251407,ELEME,76W569193A,20003319264,金瀛广联鲜e家超市(通州店),北京市,北京市,
20251407,ELEME,76W569195A,20003322310,惠邻百佳超市(北辰店),天津市,天津市,
20251407,ELEME,76W569198A,20003326467,易佰连锁超市(盛京店),辽宁省,沈阳市,
20251407,ELEME,76W569201A,20003327186,易佳超市(长沙店),湖南省,长沙市,
20251407,ELEME,76W569205A,20003334101,全佳临?优品速达超市(慈溪店),浙江省,宁波市,
20251407,ELEME,76W569206A,20003334278,优尔惠超市(公园尚店),湖南省,长沙市,
20251407,ELEME,76W569208A,20003338242,全佳临·优送超市(诸暨店),浙江省,绍兴市,
20251407,ELEME,76W569215A,20003345104,家运超市(昆明店),云南省,昆明市,
20251407,ELEME,76W569219A,20003351131,世纪精品超市(奉贤店),上海市,上海市,
20251407,ELEME,76W569228A,20003356200,惠邻百佳超市(裕华万达店),河北省,石家庄市,
20251407,ELEME,76W569229A,20003356235,亿吉旺精品超市,浙江省,台州市,
20251407,ELEME,76W569250A,20003371301,惠邻百佳超市(复兴路店),河北省,保定市,
20251407,ELEME,76W569251A,20003371323,麦客联华超市(五一店),湖南省,长沙市,
20251407,ELEME,76W569254A,20003374156,嘉佳加精品超市,安徽省,合肥市,
20251407,ELEME,76W569261A,20003379099,小仓生活(奥体中路店),山东省,济南市,
20251407,ELEME,76W569262A,20003379103,小仓生活(章丘店),山东省,济南市,
20251407,ELEME,76W569269A,20003384266,厉臣便利店(武汉阳逻街店),湖北省,武汉市,
20251407,ELEME,76W569277A,20003390021,优乐购超市(海淀区店),北京市,北京市,
20251407,ELEME,76W569287A,20003393347,惠宜选24h超市(天长2店),安徽省,滁州市,
20251407,ELEME,76W569290A,20003395100,优选24小时便利店,广东省,广州市,
20251407,ELEME,76W569291A,20003395426,星马快送超市(湖州店),浙江省,湖州市,
20251407,ELEME,76W569295A,20003399308,好易购百货超市,广东省,广州市,
20251407,ELEME,76W569297A,20003402034,厉臣便利店(武汉黄陂前川店),湖北省,武汉市,
20251407,ELEME,76W569301A,20003407210,万家兴达超市(铜梁店),重庆市,重庆市,
20251407,ELEME,76W569304A,20003410425,快时多超市(徐州店),江苏省,徐州市,
20251407,ELEME,76W569305A,20003412377,拾惠客24H超市(丹东振兴店),辽宁省,丹东市,
20251407,ELEME,76W569314A,20003417491,厉臣便利店(渑池店店),河南省,三门峡市,
20251407,ELEME,76W569315A,20003418305,拾惠客24H超市(石家庄新乐店),河北省,石家庄市,
20251407,ELEME,76W569316A,20003418444,沃缤纷超市(藏龙岛店),湖北省,武汉市,
20251407,ELEME,76W569323A,20003422386,考拉优选(文山店),云南省,文山壮族苗族自治州,
20251407,ELEME,76W569324A,20003423070,壹号仓生鲜水果便利百货超市(曲江店),陕西省,西安市,
20251407,ELEME,76W569328A,20003428312,厉臣便利店(宜阳天通城店),河南省,洛阳市,
20251407,ELEME,76W569329A,20003429161,711(邮电西路店),浙江省,嘉兴市,
20251407,ELEME,76W569338A,20003435100,拾惠客24H超市(沈阳长白店),辽宁省,沈阳市,
20251407,ELEME,76W569339A,20003435131,拾惠客24H超市(日照大学店),山东省,日照市,
20251407,ELEME,76W569342A,20003439016,惠邻百佳超市(滨海新区店),天津市,天津市,
20251407,ELEME,76W569345A,20003442137,考拉优选(海宁店),浙江省,嘉兴市,
20251407,ELEME,76W569346A,20003442167,共橙24h超市(温州万象城店),浙江省,温州市,
20251407,ELEME,76W569348A,20003443088,折扣牛超市(新芒果春天苑店),河南省,郑州市,
20251407,ELEME,76W569353A,20003449035,折扣牛超市(绿都城店),河南省,郑州市,
20251407,ELEME,76W569355A,20003449050,海豚购(襄阳店),湖北省,襄阳市,
20251407,ELEME,76W569357A,20003455010,沃缤纷超市(襄阳店),湖北省,襄阳市,
20251407,ELEME,76W569358A,20003456324,闪电购精品超市(福清店),福建省,福州市,
20251407,ELEME,76W569364A,20003462311,鲸GO生活超市(爱联店),广东省,深圳市,
20251407,ELEME,76W569365A,20003464238,仓鼠宜佳超市(澄海店),广东省,汕头市,
20251407,ELEME,76W569366A,20003467244,江小囤精品超市(南通店),江苏省,南通市,
20251407,ELEME,76W569367A,20003468253,越惠淘超市(伦教店),广东省,佛山市,
20251407,ELEME,76W569368A,20003469232,越惠淘超市(嘉禾店),广东省,广州市,
20251407,ELEME,76W569369A,20003469354,万客华联超市(世纪城店),云南省,昆明市,
20251407,ELEME,76W569370A,20003469435,拾惠客24H超市(承德双桥店),河北省,承德市,
20251407,ELEME,76W569371A,20003469461,小仓生活(远洋中心店),天津市,天津市,
20251407,ELEME,76W569374A,20003471275,邻里物语精品超市(木渎店),江苏省,苏州市,
20251407,ELEME,76W569381A,20003474313,惠邻百佳超市(靖江路店),天津市,天津市,
20251407,ELEME,76W569383A,20003475465,沃缤纷超市(黄家湖店),湖北省,武汉市,
20251407,ELEME,76W569385A,20003477441,厉臣便利店(平湖乍浦镇店),浙江省,嘉兴市,
20251407,ELEME,76W569386A,20003478395,快客达.环球超市(恒业广场店),江苏省,苏州市,
20251407,ELEME,76W569393A,20003482103,越惠淘超市(岭南店),广东省,佛山市,
20251407,ELEME,76W569395A,20003483100,鲸喜生活超市,浙江省,金华市,
20251407,ELEME,76W569398A,20003487045,星马快送超市(金泰城店),浙江省,嘉兴市,
20251407,ELEME,76W569401A,20003487210,拾惠客24H超市(保定清苑店),河北省,保定市,
20251407,ELEME,76W569403A,20003488036,越惠淘超市(勒流店),广东省,佛山市,
20251407,ELEME,76W569408A,20003489403,壹加全能超市(颍州店),安徽省,阜阳市,
20251407,ELEME,76W569409A,20003491086,越惠淘超市(东平店),广东省,佛山市,
20251407,ELEME,76W569412A,20003492145,零售兔超市(长乐店),福建省,福州市,
20251407,ELEME,76W569424A,20003503058,惠优选超市(信州店),江西省,上饶市,
20251407,ELEME,76W569429A,20003509279,布丁仔便利店24h(胶州店),山东省,青岛市,
20251407,ELEME,76W569431A,20003511331,四季GO超市,广东省,揭阳市,
20251407,ELEME,76W569432A,20003512036,快客达嘟便利(天宁吾悦店),江苏省,常州市,
20251407,ELEME,76W569433A,20003513100,春外百货超市(千岛湖店),浙江省,杭州市,
20251407,ELEME,76W569434A,20003515080,越惠淘超市(塘厦店),广东省,东莞市,
20251407,ELEME,76W569438A,20003525282,千家顺·鲸选超市(三门店),浙江省,台州市,
20251407,ELEME,76W569440A,20003530498,快客达.环球超市(闲林店),浙江省,杭州市,
20251407,ELEME,76W569449A,20003549373,快客达.环球超市(虎丘公园店),江苏省,苏州市,
20251407,ELEME,76W569450A,20003553381,购物象(向阳路店),重庆市,重庆市,
20251407,ELEME,76W569452A,20003563464,越惠淘超市(河源店),广东省,河源市,
20251407,ELEME,76W569455A,20003567140,树懒先生超市(蒙自店),云南省,红河哈尼族彝族自治州,
20251407,ELEME,76W569462A,20003580047,美士多便利店(华创国际店),湖南省,长沙市,
20251407,ELEME,76W569463A,20003582278,美时便利店,黑龙江省,牡丹江市,
20251407,ELEME,76W569466A,20003585121,越惠淘超市(新城店),广东省,清远市,
20251407,ELEME,76W569471A,20003590028,海豚购(萧山中心店),浙江省,杭州市,
20251407,ELEME,76W569474A,20003592490,迪购超市(漳州港店),福建省,漳州市,
20251407,ELEME,76W569478A,20003596036,快客达.环球超市(海宁许村店),浙江省,嘉兴市,
20251407,ELEME,76W569479A,20003597358,惠邻百佳超市(市北万达店),山东省,青岛市,
20251407,ELEME,76W569480A,20003598010,越惠淘超市(罗定店),广东省,云浮市,
20251407,ELEME,76W569491A,20003625404,百盛百货超市,广东省,深圳市,
20251407,ELEME,76W569492A,20003627203,今喜便利超市,广东省,深圳市,
20251407,ELEME,76W569493A,20003628088,世纪优品超市(惠南优选店),上海市,上海市,
20251407,ELEME,76W569494A,20003628285,京品便利店,福建省,福州市,
20251407,ELEME,76W569496A,20003631078,近距梨超市(瑞安店),浙江省,温州市,
20251407,ELEME,76W569499A,20003633155,拾惠客24h超市(驻马店遂平店),河南省,驻马店市,
20251407,ELEME,76W569506A,20003646022,臻品乐购超市(广德店),安徽省,宣城市,
20251407,ELEME,76W569507A,20003651005,宅小熊超市(桂城店),广东省,佛山市,
20251407,ELEME,76W569516A,20003659409,快客达.环球超市(通州店),江苏省,南通市,
20251407,ELEME,76W569520A,20003662169,惠立送精品超市(新吴优选店),江苏省,无锡市,
20251407,ELEME,76W569528A,20003665151,迪购超市(溪滨公园店),福建省,泉州市,
20251407,ELEME,76W569530A,20003669145,厦一单超市(桥梓口店),陕西省,西安市,
20251407,ELEME,76W569533A,20003670313,零购超市(马巷店),福建省,厦门市,
20251407,ELEME,76W569538A,20003675276,拾惠客24H超市(青岛瑞昌店),山东省,青岛市,
20251407,ELEME,76W569541A,20003676077,世纪精品超市(复兴东路店),上海市,上海市,
20251407,ELEME,76W569542A,20003676082,零购超市(泰禾广场店),福建省,泉州市,
20251407,ELEME,76W569546A,20003679493,九万里百货超市(武珞路店),湖北省,武汉市,
20251407,ELEME,76W569549A,20003683211,拾惠客24h超市(渭南万达店),陕西省,渭南市,
20251407,ELEME,76W569552A,20003686136,厉臣便利店(莱阳万达店),山东省,烟台市,
20251407,ELEME,76W569558A,20003691445,拾客精品超市(定远店),安徽省,滁州市,
20251407,ELEME,76W569561A,20003698127,千家顺·鲸选超市(金义店),浙江省,金华市,
20251407,ELEME,76W569562A,20003698425,爱家超市(千岛湖店),浙江省,杭州市,
20251407,ELEME,76W569563A,20003699476,乐购汪生活超市(梅陇中心店),上海市,上海市,
20251407,ELEME,76W569565A,20003701104,宝风铃百货超市(光谷店),湖北省,武汉市,
20251407,ELEME,76W569574A,20003710069,快客达.环球超市(泰兴店),江苏省,泰州市,
20251407,ELEME,76W569575A,20003711234,小白熊超市,四川省,乐山市,
20251407,ELEME,76W569577A,20003714149,鲸GO生活超市(茜坑店),广东省,深圳市,
20251407,ELEME,76W569582A,20003727009,松果便利(瓯海店),浙江省,温州市,
20251407,ELEME,76W569583A,20003727385,臻选精品生活超市(汉阳店),湖北省,武汉市,
20251407,ELEME,76W569584A,20003728490,迪购超市(普宁中心店),广东省,揭阳市,
20251407,ELEME,76W569585A,20003731072,乐购汪(莘庄中心店),上海市,上海市,
20251407,ELEME,76W569587A,20003732071,宅小熊超市(东莞东城店),广东省,东莞市,
20251407,ELEME,76W569589A,20003735197,顺京优鲜超市(马驹桥店),北京市,北京市,
20251407,ELEME,76W569592A,20003740166,臻选精品生活超市(江汉店),湖北省,武汉市,
20251407,ELEME,76W569599A,20003745414,永利生活超市(辽阳店),辽宁省,辽阳市,
20251407,ELEME,76W569605A,20003749119,昔多购超市(花都店),广东省,广州市,
20251407,ELEME,76W569609A,20003751412,惠邻百佳超市(固安店),河北省,廊坊市,
20251407,ELEME,76W569611A,20003754038,集超市(虎门店),广东省,东莞市,
20251407,ELEME,76W569615A,20003759322,麻雀窝百货超市(深惠店),广东省,深圳市,
20251407,ELEME,76W569624A,20003770421,优沃森超市(和谐店),山东省,济南市,
20251407,ELEME,76W569625A,20003771383,拾惠客24H超市(通化柳河店),吉林省,通化市,
20251407,ELEME,76W569628A,20003775352,拾惠客24h超市(铜川新区店),陕西省,铜川市,
20251407,ELEME,76W569631A,20003776471,拾惠客24H超市(大连金州店),辽宁省,大连市,
20251407,ELEME,76W569633A,20003777415,小仓生活(滨海福州道店),天津市,天津市,
20251407,ELEME,76W569634A,20003781375,快客精品超市(马巷店),福建省,厦门市,
20251407,ELEME,76W569635A,20003782134,胜辉超市(泗泾中心店),上海市,上海市,
20251407,ELEME,76W569637A,20003783186,厉臣便利店(中央公园店),河南省,濮阳市,
20251407,ELEME,76W569646A,20003791039,考拉优选(惠安店),福建省,泉州市,
20251407,ELEME,76W569650A,20003796280,小仓生活(怒江道店),天津市,天津市,
20251407,ELEME,76W569654A,20003802128,拾惠客24H超市(葫芦岛连山店),辽宁省,葫芦岛市,
20251407,ELEME,76W569657A,20003807056,乐购汪(静安中心店),上海市,上海市,
20251407,ELEME,76W569666A,20003817310,速囤(中和店),四川省,成都市,
20251407,ELEME,76W569668A,20003818059,拾惠客24H超市(青岛沧口店),山东省,青岛市,
20251407,ELEME,76W569689A,20003844224,九万里百货超市(恩施店),湖北省,恩施土家族苗族自治州,
20251407,ELEME,76W569690A,20003844306,拾惠客24h超市(杭州青山湖店),浙江省,杭州市,
20251407,ELEME,76W569692A,20003846042,永利生活超市(沈河店),辽宁省,沈阳市,
20251407,ELEME,76W569699A,20003855016,小饿生活全能超市(海城店),辽宁省,鞍山市,
20251407,ELEME,76W569701A,20003855306,越惠淘超市(顺德店),广东省,佛山市,
20251407,ELEME,76W569702A,20003861216,迪购超市(古雷店),福建省,漳州市,
20251407,ELEME,76W569703A,20003865117,九万里百货超市(软件园店),湖北省,武汉市,
20251407,ELEME,76W569704A,20003866147,拾惠客24h超市(嘉鱼江樱花园店),湖北省,咸宁市,
20251407,ELEME,76W569716A,20003979390,快易购闪送超市(静海店),天津市,天津市,
20251407,ELEME,76W569719A,20003982158,懒猫精品生活超市,云南省,昆明市,
20251407,ELEME,76W569721A,20003985384,千家顺·鲸选超市(娄底店),湖南省,娄底市,
20251407,ELEME,76W569725A,20003998253,千家顺·鲸选超市(平湖店),浙江省,嘉兴市,
20251407,ELEME,76W569737A,20004039013,厦一单超市(盛龙广场店),陕西省,西安市,
20251407,ELEME,76W569738A,20004039102,熊本便利店(旧宫店),北京市,北京市,
20251407,ELEME,76W569744A,20004045216,爱家便利店,山西省,太原市,
20251407,ELEME,76W569747A,20004049001,DXF星东天地超市(怀柔区店),北京市,北京市,
20251407,ELEME,76W569748A,20004049076,宅小熊超市(阳江中心店),广东省,阳江市,
20251407,ELEME,76W569756A,20004055290,近距梨超市(南岸店),重庆市,重庆市,
20251407,ELEME,76W569758A,20004057256,维客佳便利店,河南省,焦作市,
20251407,ELEME,76W569761A,20004063052,迪购超市(福鼎店),福建省,宁德市,
20251407,ELEME,76W569762A,20004063204,拉齐超市(柳青店),浙江省,金华市,
20251407,ELEME,76W569770A,20004069111,麦客联华超市(腾冲店),云南省,保山市,
20251407,ELEME,76W569772A,20004070108,熊本便利店(万柳店),北京市,北京市,
20251407,ELEME,76W569773A,20004072030,迪购超市(莆田万达店),福建省,莆田市,
20251407,ELEME,76W569774A,20004073091,拾惠客超市(阎良店),陕西省,西安市,
20251407,ELEME,76W569776A,20004074248,东方优选生活超市(西昌店),四川省,凉山彝族自治州,
20251407,ELEME,76W569777A,20004074415,千家顺·鲸选超市(宁海店),浙江省,宁波市,
20251407,ELEME,76W569779A,20004076327,快送超市(深圳店),广东省,深圳市,
20251407,ELEME,76W569780A,20004076491,KDA精品超市,浙江省,金华市,
20251407,ELEME,76W569785A,20004085433,乐小二·优选超市(武夷山店),福建省,南平市,
20251407,ELEME,76W569786A,20004088070,永利生活超市(辽大店),辽宁省,沈阳市,
20251407,ELEME,76W569787A,20004090234,苏宁小店超市(鹰潭店),江西省,鹰潭市,
20251407,ELEME,76W569789A,20004091232,海豚购(阜阳店),安徽省,阜阳市,
20251407,ELEME,76W569790A,20004091256,乐购汪(北桥中心店),上海市,上海市,
20251407,ELEME,76W569794A,20004092102,麦格·精品超市(许昌店),河南省,许昌市,
20251407,ELEME,76W569798A,20004093490,友佳美闪送便利仓,云南省,普洱市,
20251407,ELEME,76W569799A,20004094231,越惠淘超市(四会店),广东省,肇庆市,
20251407,ELEME,76W569800A,20004094491,乐购汪(颛桥中心店),上海市,上海市,
20251407,ELEME,76W569802A,20004095447,乐购汪(西郊中心店),上海市,上海市,
20251407,ELEME,76W569805A,20004098482,乐购汪(龙柏中心店),上海市,上海市,
20251407,ELEME,76W569806A,20004099490,万客华联超市(郑州店),河南省,郑州市,
20251407,ELEME,76W569807A,20004100048,KKV(湖州吴兴万达广场店),浙江省,湖州市,
20251407,ELEME,76W569808A,20004104228,苏宁小店(保山店),云南省,保山市,
20251407,ELEME,76W569813A,20004107488,麦格·精品超市(信阳店),河南省,信阳市,
20251407,ELEME,76W569814A,20004108001,西贝平价超市,浙江省,金华市,
20251407,ELEME,76W569815A,20004108012,迪购超市(东海店),福建省,泉州市,
20251407,ELEME,76W569816A,20004108122,拾惠客24H超市(合肥新中心店),安徽省,合肥市,
20251407,ELEME,76W569819A,20004109141,考拉优选(濮阳店),河南省,濮阳市,
20251407,ELEME,76W569821A,20004110099,河马快送超市(光谷店),湖北省,武汉市,
20251407,ELEME,76W569824A,20004111210,乐购汪(九亭中心店),上海市,上海市,
20251407,ELEME,76W569826A,20004112404,厉臣便利店(沈抚店),辽宁省,抚顺市,
20251407,ELEME,76W569830A,20004115094,共橙24h超市(杭州余杭富力中心店),浙江省,杭州市,
20251407,ELEME,76W569831A,20004116091,共橙24h一站式超市(盐城射阳吾悦店),江苏省,盐城市,
20251407,ELEME,76W569832A,20004116185,越惠淘超市(潮阳店),广东省,汕头市,
20251407,ELEME,76W569833A,20004116434,厉臣便利店(青岛黄埠店),山东省,青岛市,
20251407,ELEME,76W569837A,20004119414,共橙24H超市(丹东凤城店),辽宁省,丹东市,
20251407,ELEME,76W569840A,20004120406,共橙24H超市(日照大连花园店),山东省,日照市,
20251407,ELEME,76W569841A,20004121140,千家顺·鲸选超市(景宁店),浙江省,丽水市,
20251407,ELEME,76W569848A,20004136001,厉臣便利店(辽化奥林店),辽宁省,辽阳市,
20251407,ELEME,76W569849A,20004137013,乐购汪(虹口中心店),上海市,上海市,
20251407,ELEME,76W569852A,20004147334,快乐购便利超市(仓山店),福建省,福州市,
20251407,ELEME,76W569854A,20004148251,树懒先生(东郊记忆店),四川省,成都市,
20251407,ELEME,76W569856A,20004152307,团哆点便利超市(泉州店),福建省,泉州市,
20251407,ELEME,76W569858A,20004156391,乐尔乐优选(澳海澜庭店),湖南省,长沙市,
20251407,ELEME,76W569861A,20004159269,零购超市(沪太路店),上海市,上海市,
20251407,ELEME,76W569862A,20004159315,远方折扣超市,辽宁省,沈阳市,
20251407,ELEME,76W569864A,20004159359,德宝生活超市(荣华中路店),北京市,北京市,
20251407,ELEME,76W569867A,20004162317,团哆点便利超市(高仑店),福建省,福州市,
20251407,ELEME,76W569871A,20004164070,厉臣便利店(赤壁陆水湖店),湖北省,咸宁市,
20251407,ELEME,76W569873A,20004164276,迪购超市(德化店),福建省,泉州市,
20251407,ELEME,76W569877A,20004172129,宅小熊超市(常州店),江苏省,常州市,
20251407,ELEME,76W569879A,20004173491,零购超市(西营里店),福建省,福州市,
20251407,ELEME,76W569882A,20004181398,拾惠客24h超市(西安白庙公寓店),陕西省,西安市,
20251407,ELEME,76W569883A,20004185313,拾惠客24h超市(林州店),河南省,安阳市,
20251407,ELEME,76W569886A,20004188162,燃乐购连锁超市(东方金典店),河南省,开封市,
20251407,ELEME,76W569889A,20004192323,马伊喜特价超市(滁州店),安徽省,滁州市,
20251407,ELEME,76W569892A,20004199140,超宜选精品超市(集美中心店),福建省,厦门市,
20251407,ELEME,76W569894A,20004199495,沃缤纷超市(纸坊店),湖北省,武汉市,
20251407,ELEME,76W569896A,20004200243,万惠佳超市(永宁店),四川省,成都市,
20251407,ELEME,76W569898A,20004200422,惠邻百佳超市(红旗南路店),天津市,天津市,
20251407,ELEME,76W569903A,20004212026,宅小熊超市(集美店),福建省,厦门市,
20251407,ELEME,76W569905A,20004212473,刻达鸭生活超市,上海市,上海市,
20251407,ELEME,76W569906A,20004214210,共橙24h超市(常州外国语学校店),江苏省,常州市,
20251407,ELEME,76W569907A,20004214381,快捷购精品超市(文荣店),云南省,丽江市,
20251407,ELEME,76W569910A,20004216020,惠邻百佳超市(燕顺路店),河北省,廊坊市,
20251407,ELEME,76W569921A,20004228255,乐小二·精品超市(长峰店),山东省,威海市,
20251407,ELEME,76W569927A,20004233217,昔多购超市(后湖店),湖南省,长沙市,
20251407,ELEME,76W569928A,20004233260,昔多购云上超市(涉外经济学院店),湖南省,长沙市,
20251407,ELEME,76W569938A,20004243385,购物象超市(接龙桥店),重庆市,重庆市,
20251407,ELEME,76W569941A,20004250256,宅小熊超市(大庆店),黑龙江省,大庆市,
20251407,ELEME,76W569942A,20004250412,近距梨超市(大庆总店),黑龙江省,大庆市,
20251407,ELEME,76W569950A,20004266475,优上佳超市(嘉定店),上海市,上海市,
20251407,ELEME,76W569953A,20004268447,千家顺·鲸选超市(吉首店),湖南省,湘西土家族苗族自治州,
20251407,ELEME,76W569955A,20004272196,超宜选精品超市(芦淞店),湖南省,株洲市,
20251407,ELEME,76W569956A,20004272339,世纪精品超市(大华店),上海市,上海市,
20251407,ELEME,76W569957A,20004275342,厉臣便利店(咸宁通山店),湖北省,咸宁市,
20251407,ELEME,76W569961A,20004281154,宅小熊超市(鹰潭店),江西省,鹰潭市,
20251407,ELEME,76W569964A,20004283028,零售兔超市(龙岩中心店),福建省,龙岩市,
20251407,ELEME,76W569970A,20004286343,厉臣便利店(青岛科创园店),山东省,青岛市,
20251407,ELEME,76W569977A,20004291231,千家顺·鲸选超市(安海店),福建省,泉州市,
20251407,ELEME,76W569982A,20004293061,快客达.环球超市(北山公园店),浙江省,台州市,
20251407,ELEME,76W569986A,20004296139,天猫小店(大滩超市大滩路店),浙江省,绍兴市,
20251407,ELEME,76W569987A,20004296345,厉臣便利店(青岛李沧百通馨苑店),山东省,青岛市,
20251407,ELEME,76W569989A,20004297328,厉臣便利店(尚湖苑店),天津市,天津市,
20251407,ELEME,76W569990A,20004298111,满仓甄选24H超市(池州店),安徽省,池州市,
20251407,ELEME,76W569993A,20004300110,团哆点便利超市(南屿店),福建省,福州市,
20251407,ELEME,76W569997A,20004301260,厉臣便利店(黄冈红安店),湖北省,黄冈市,
20251407,ELEME,76W569998A,20004303034,快客达超市(南宁总店),广西壮族自治区,南宁市,
20251407,ELEME,76W570000A,20004304227,海豚购(芜湖店),安徽省,芜湖市,
20251407,ELEME,76W570013A,20004311445,快客达.环球超市(崇川店),江苏省,南通市,
20251407,ELEME,76W570014A,20004313154,乐爱达甄选生活超市(宁波店),浙江省,宁波市,
20251407,ELEME,76W570020A,20004322300,小饿生活超市(曲阜店),山东省,济宁市,
20251407,ELEME,76W570026A,20004329486,拾惠客超市24小时(咸阳高新店),陕西省,咸阳市,
20251407,ELEME,76W570029A,20004331302,永利生活超市(沈北店),辽宁省,沈阳市,
20251407,ELEME,76W570037A,20004342413,云惠旺超市(鹤城店),湖南省,怀化市,
20251407,ELEME,76W570043A,20004345028,小仓生活(胜利北街店),河北省,石家庄市,
20251407,ELEME,76W570045A,20004345487,海豚购(青白江店),四川省,成都市,
20251407,ELEME,76W570047A,20004348042,小仓生活(和平东路店),河北省,石家庄市,
20251407,ELEME,76W570048A,20004348137,极购超市(常州店),江苏省,常州市,
20251407,ELEME,76W570049A,20004348211,吉友精品超市(无锡店),江苏省,无锡市,
20251407,ELEME,76W570053A,20004354189,德宝生活超市(马驹桥店),北京市,北京市,
20251407,ELEME,76W570064A,20004366162,微笑客便利超市(番禺店),广东省,广州市,
20251407,ELEME,76W570065A,20004366318,拾惠客24h超市(阿房宫店),陕西省,西安市,
20251407,ELEME,76W570071A,20004374171,富多多超市,江苏省,苏州市,
20251407,ELEME,76W570076A,20004376265,厉臣便利店(黄冈团风店),湖北省,黄冈市,
20251407,ELEME,76W570077A,20004376421,拾惠客24H超市(大连湾里东店),辽宁省,大连市,
20251407,ELEME,76W570078A,20004377255,厉臣便利(南京吉庆路店),江苏省,南京市,
20251407,ELEME,76W570084A,20004381086,惠宜购超市(龙湖湾店),安徽省,芜湖市,
20251407,ELEME,76W570093A,20004391190,宅可送生活超市(保山店),云南省,保山市,
20251407,ELEME,76W570099A,20004397077,易甄选超市(武侯店),四川省,成都市,
20251407,ELEME,76W570101A,20004397465,星速购超市,广东省,深圳市,
20251407,ELEME,76W570104A,20004398273,乐购汪(日月光中心店),上海市,上海市,
20251407,ELEME,76W570105A,20004398276,速购仓储超市(宣城店),安徽省,宣城市,
20251407,ELEME,76W570106A,20004399063,优享购超市(中山门店),天津市,天津市,
20251407,ELEME,76W570107A,20004401031,拾惠客24H超市(沧州献县店),河北省,沧州市,
20251407,ELEME,76W570110A,20004403225,术木优选超市(万家丽店),湖南省,长沙市,
20251407,ELEME,76W570127A,20004419101,术木优选超市(新建店),江西省,南昌市,
20251407,ELEME,76W570128A,20004420024,衣品穿搭便利店(长宁店),上海市,上海市,
20251407,ELEME,76W570133A,20004424490,日佳百货超市,广东省,深圳市,
20251407,ELEME,76W570134A,20004425073,句鲸百货Mart(梅县店),广东省,梅州市,
20251407,ELEME,76W570135A,20004426306,常小象生活超市(运河店),江苏省,常州市,
20251407,ELEME,76W570138A,20004428047,仓鼠便利超市(宜春店),江西省,宜春市,
20251407,ELEME,76W570140A,20004429482,乐小二·骆驼百货超市(宁波店),浙江省,宁波市,
20251407,ELEME,76W570146A,20004434263,春外百货超市(诸暨店),浙江省,绍兴市,
20251407,ELEME,76W570156A,20004437349,拾惠客24H超市(长春宽城店),吉林省,长春市,
20251407,ELEME,76W570160A,20004439476,小飞象超市(布吉分店),广东省,深圳市,
20251407,ELEME,76W570163A,20004440492,团哆点便利超市(仓山店),福建省,福州市,
20251407,ELEME,76W570165A,20004441121,海豚购(观音桥店),重庆市,重庆市,
20251407,ELEME,76W570168A,20004444306,快客达.环球超市(杭州湾店),浙江省,宁波市,
20251407,ELEME,76W570172A,20004445463,快客达超市(绿地468店),四川省,成都市,
20251407,ELEME,76W570177A,20004450446,惠美优选超市(相城店),江苏省,苏州市,
20251407,ELEME,76W570178A,20004450497,厉臣便利店(黄石阳新店),湖北省,黄石市,
20251407,ELEME,76W570182A,20004453060,拾惠客24H超市(长春净月店),吉林省,长春市,
20251407,ELEME,76W570186A,20004456103,佳品易购(望京店),北京市,北京市,
20251407,ELEME,76W570195A,20004461212,喜物哆精品超市(常州总店),江苏省,常州市,
20251407,ELEME,76W570196A,20004462456,宅小熊超市(横店店),浙江省,金华市,
20251407,ELEME,76W570198A,20004463366,团哆点便利超市(金山店),福建省,福州市,
20251407,ELEME,76W570201A,20004464349,团哆点便利超市(晋安店),福建省,福州市,
20251407,ELEME,76W570202A,20004464411,团哆点便利超市(广达店),福建省,福州市,
20251407,ELEME,76W570203A,20004464412,云惠旺超市(贺州店),广西壮族自治区,贺州市,
20251407,ELEME,76W570205A,20004465424,厉臣便利店(蚌埠淮上风情街店),安徽省,蚌埠市,
20251407,ELEME,76W570206A,20004465433,世纪精品超市(奉贤店),上海市,上海市,
20251407,ELEME,76W570209A,20004467205,蓝鲨仓买超市,黑龙江省,佳木斯市,
20251407,ELEME,76W570216A,20004473303,NOW即享快送超市(管城店),河南省,郑州市,
20251407,ELEME,76W570217A,20004478055,团哆点便利超市(东街店),福建省,福州市,
20251407,ELEME,76W570221A,20004479395,宅可送生活超市,浙江省,嘉兴市,
20251407,ELEME,76W570225A,20004481089,小仓生活(静海店),天津市,天津市,
20251407,ELEME,76W570229A,20004483157,惠邻百佳超市(白云路店),北京市,北京市,
20251407,ELEME,76W570233A,20004486038,满仓甄选24H超市(泗县店),安徽省,宿州市,
20251407,ELEME,76W570234A,20004487343,宁惠超24小时超市(福豪店),江苏省,常州市,
20251407,ELEME,76W570238A,20004488438,金桔生活便利超市(雨花店),湖南省,长沙市,
20251407,ELEME,76W570243A,20004491148,团哆点便利超市(澜山店),福建省,福州市,
20251407,ELEME,76W570245A,20004492159,团哆点便利超市(航城店),福建省,福州市,
20251407,ELEME,76W570246A,20004492197,斑点先生超市(中山西路店),上海市,上海市,
20251407,ELEME,76W570248A,20004493002,拾惠客24h超市(宝鸡高新海河湾店),陕西省,宝鸡市,
20251407,ELEME,76W570249A,20004493410,折扣牛超市(绿都澜湾店),河南省,郑州市,
20251407,ELEME,76W570254A,20004496422,严选购,山东省,青岛市,
20251407,ELEME,76W570257A,20004497227,鲸GO生活超市(朱村店),广东省,广州市,
20251407,ELEME,76W570258A,20004498445,折扣牛超市(姚夏路店),河南省,郑州市,
20251407,ELEME,76W570264A,20004501261,仓鼠便利超市(陈店店),广东省,汕头市,
20251407,ELEME,76W570267A,20004503146,购立达精品超市,江西省,南昌市,
20251407,ELEME,76W570278A,20004512313,沃缤纷超市(钟楼店),陕西省,西安市,
20251407,ELEME,76W570281A,20004514319,超宜选精品超市(增城中心店),广东省,广州市,
20251407,ELEME,76W570288A,20004527092,小仓生活(大学城店),天津市,天津市,
20251407,ELEME,76W570293A,20004528174,便利喵(大弯中学店),四川省,成都市,
20251407,ELEME,76W570300A,20004540147,厉臣便利店(上马店),山东省,青岛市,
20251407,ELEME,76W570301A,20004540149,近距梨精选超市(霞浦店),福建省,宁德市,
20251407,ELEME,76W570302A,20004541078,厉臣便利店(南京禄口信陵路店),江苏省,南京市,
20251407,ELEME,76W570305A,20004546173,惠邻百佳超市(长虹公园店),天津市,天津市,
20251407,ELEME,76W570306A,20004552063,厉臣便利店(济阳融创店),山东省,济南市,
20251407,ELEME,76W570307A,20004554024,厉臣便利店(兴悟中心花园店),湖北省,孝感市,
20251407,ELEME,76W570321A,20004587012,喜惠享24h精品超市(未央区店),陕西省,西安市,
20251407,ELEME,76W570333A,20004605419,厉臣便利店(宁陵碧桂园店),河南省,商丘市,
20251407,ELEME,76W570335A,20004610395,仓鼠便利超市(新天地店),广东省,佛山市,
20251407,ELEME,76W570336A,20004613347,宅小熊超市(普洱店),云南省,普洱市,
20251407,ELEME,76W570342A,20004623229,快捷购精品超市(椒江店),浙江省,台州市,
20251407,ELEME,76W570343A,20004623359,兔喜生活超市(中央大街店),黑龙江省,哈尔滨市,
20251407,ELEME,76W570344A,20004624077,零购超市(顾众湾店),上海市,上海市,
20251407,ELEME,76W570350A,20004638445,24小时便利店,黑龙江省,哈尔滨市,
20251407,ELEME,76W570351A,20004640393,乐购汪(南翔中心店),上海市,上海市,
20251407,ELEME,76W570356A,20004645404,乐购汪(金桥中心店),上海市,上海市,
20251407,ELEME,76W570360A,20004648469,闪电购精品超市(德化店),福建省,泉州市,
20251407,ELEME,76W570362A,20004650201,星亦选精品超市(陈店店),广东省,汕头市,
20251407,ELEME,76W570363A,20004651236,吉友惠超市(诸城店),山东省,潍坊市,
20251407,ELEME,76W570365A,20004654182,裕客隆百货超市(绥化店),黑龙江省,绥化市,
20251407,ELEME,76W570367A,20004654416,闪电购精品超市(宝龙店),福建省,泉州市,
20251407,ELEME,76W570368A,20004655380,乐购汪(钱江中心店),浙江省,杭州市,
20251407,ELEME,76W570371A,20004658307,速买到超市(三姑店),福建省,南平市,
20251407,ELEME,76W570374A,20004663056,漳新便利超市(金峰店),福建省,漳州市,
20251407,ELEME,76W570375A,20004663355,大雄生活超市(武钢店),湖北省,武汉市,
20251407,ELEME,76W570381A,20004674018,小饿生活全能超市(盘锦店),辽宁省,盘锦市,
20251407,ELEME,76W570382A,20004675072,小象壹仓超市(中山路店),重庆市,重庆市,
20251407,ELEME,76W570387A,20004676431,幸润优选(巨丰全国家会展中心店),上海市,上海市,
20251407,ELEME,76W570388A,20004677169,速买到超市(长乐店),福建省,福州市,
20251407,ELEME,76W570400A,20004690001,美物便利店(力天大厦店),浙江省,温州市,
20251407,ELEME,76W570412A,20004704059,世华豪超市(周浦店),上海市,上海市,
20251407,ELEME,76W570413A,20004705136,共橙24H超市(市北区店),山东省,青岛市,
20251407,ELEME,76W570420A,20004711106,臻惠点精品超市(滨湖店),安徽省,合肥市,
20251407,ELEME,76W570422A,20004715015,邻里物语精品超市(嘉兴店),浙江省,嘉兴市,
20251407,ELEME,76W570435A,20004734290,宅捷送精品超市,浙江省,杭州市,
20251407,ELEME,76W570439A,20004737286,超宜选精品超市(昌江广场店),江西省,景德镇市,
20251407,ELEME,76W570445A,20004758217,四季优选生活超市(深圳总店),广东省,深圳市,
20251407,ELEME,76W570451A,20004766126,厉臣(沈北山水绿阁店),辽宁省,沈阳市,
20251407,ELEME,76W570453A,20004766426,快客达环球超市(中央公园店),江苏省,南通市,
20251407,ELEME,76W570454A,20004767345,考拉优选(沛县店),江苏省,徐州市,
20251407,ELEME,76W570457A,20004772368,网易严选·快送超市(九堡店),浙江省,杭州市,
20251407,ELEME,76W570463A,20004787401,惠邻百佳超市(中原店),河南省,郑州市,
20251407,ELEME,76W570464A,20004788164,团哆点便利超市(闽侯店),福建省,福州市,
20251407,ELEME,76W570466A,20004793465,厉臣便利店(蓝田店),陕西省,西安市,
20251407,ELEME,76W570469A,20004798348,乐桃便利(龙府北郡店),陕西省,西安市,
20251407,ELEME,76W570471A,20004800103,厉臣便利店(廊坊大厂店),河北省,廊坊市,
20251407,ELEME,76W570473A,20004806094,拾惠客24h超市(乌镇店),浙江省,嘉兴市,
20251407,ELEME,76W570475A,20004811092,全佳临·景乐超市(平湖店),浙江省,嘉兴市,
20251407,ELEME,76W570476A,20004812060,哆逛逛精品超市(青山店),浙江省,杭州市,
20251407,ELEME,76W570480A,20004824009,厉臣便利店(宝鸡眉县店),陕西省,宝鸡市,
20251407,ELEME,76W570485A,20004843125,舫舟优选超市(楚雄店),云南省,楚雄彝族自治州,
20251407,ELEME,76W570487A,20004843460,悠米极速超市(世纪城店),云南省,昆明市,
20251407,ELEME,76W570488A,20004844068,零售兔超市(玉溪店),云南省,玉溪市,
20251407,ELEME,76W570491A,20004847296,麦客联华超市(雨城店),四川省,雅安市,
20251407,ELEME,76W570492A,20004849067,零售兔超市(东风家园店),江苏省,无锡市,
20251407,ELEME,76W570497A,20004854328,乐易购生活超市(坂田店),广东省,深圳市,
20251407,ELEME,76W570498A,20004854382,大象超市(花园桥店),北京市,北京市,
20251407,ELEME,76W570501A,20004858070,迪购超市(长泰店),福建省,漳州市,
20251407,ELEME,76W570502A,20004858158,惠邻百佳超市(长江路店),河南省,郑州市,
20251407,ELEME,76W570504A,20004859039,中商罗森(涡阳青牛广场店),安徽省,亳州市,
20251407,ELEME,76W570511A,20004870050,零售兔超市(人民广场店),广东省,潮州市,
20251407,ELEME,76W570519A,20004890077,富业购物(昆明店),云南省,昆明市,
20251407,ELEME,76W570521A,20004891005,快送达超市,广东省,广州市,
20251407,ELEME,76W570522A,20004891373,立刻有精品超市,福建省,漳州市,
20251407,ELEME,76W570523A,20004894367,超宜选精品超市(荆州店),湖北省,荆州市,
20251407,ELEME,76W570524A,20004895355,佳品易购(延吉路店),山东省,青岛市,
20251407,ELEME,76W570526A,20004899090,夏日便利店(黄埔公馆店),黑龙江省,哈尔滨市,
20251407,ELEME,76W570533A,20004912317,快客达环球超市(金华万达店),浙江省,金华市,
20251407,ELEME,76W570539A,20004924300,零购超市(同安中心店),福建省,厦门市,
20251407,ELEME,76W570540A,20004929067,乐购超市(镇江店),江苏省,镇江市,
20251407,ELEME,76W570541A,20004929284,快客达环球超市(瓜沥店),浙江省,杭州市,
20251407,ELEME,76W570544A,20004935315,厉臣便利店(浑南中路店),辽宁省,沈阳市,
20251407,ELEME,76W570545A,20004936246,好快送超市,浙江省,金华市,
20251407,ELEME,76W570548A,20004941331,昔多购超市(黎托店),湖南省,长沙市,
20251407,ELEME,76W570565A,20004951286,越惠淘超市(清远店),广东省,清远市,
20251407,ELEME,76W570572A,20004958300,松鼠乐购超市(奉节店),重庆市,重庆市,
20251407,ELEME,76W570579A,20004968220,厉臣便利店(梨树朝阳大路店),吉林省,四平市,
20251407,ELEME,76W570581A,20004972123,优物到生活超市,江苏省,南京市,
20251407,ELEME,76W570591A,20004993206,鲸GO生活超市(坪山店),广东省,深圳市,
20251407,ELEME,76W570595A,20004997405,惠客通优便利超市(拱墅店),浙江省,杭州市,
20251407,ELEME,76W570598A,20005001282,江小囤精品超市(青岛店),山东省,青岛市,
20251407,ELEME,76W570599A,20005003249,惠邻百佳超市(上地店),北京市,北京市,
20251407,ELEME,76W570603A,20005004403,齐乐优选(润和城店),黑龙江省,哈尔滨市,
20251407,ELEME,76W570605A,20005007010,即刻购超市(照母山店),重庆市,重庆市,
20251407,ELEME,76W570606A,20005009213,拾惠客超市(大同云冈店),山西省,大同市,
20251407,ELEME,76W570609A,20005013221,好又多超市(上海站店),上海市,上海市,
20251407,ELEME,76W570610A,20005015212,拾惠客24h超市(濮阳县店),河南省,濮阳市,
20251407,ELEME,76W570612A,20005016192,厉臣便利店(法库湖畔新城店),辽宁省,沈阳市,
20251407,ELEME,76W570613A,20005017271,优购超市(高邮店),江苏省,扬州市,
20251407,ELEME,76W570614A,20005019028,便利豚(义乌店),浙江省,金华市,
20251407,ELEME,76W570616A,20005022179,喵小芒超市(高坪店),四川省,南充市,
20251407,ELEME,76W570617A,20005024145,沃缤纷超市(樊城店),湖北省,襄阳市,
20251407,ELEME,76W570618A,20005024164,优佳购便利超市(长安店),河北省,石家庄市,
20251407,ELEME,76W570623A,20005028452,云惠旺精品超市(金湾店),广东省,珠海市,
20251407,ELEME,76W570624A,20005029161,厉臣便利店(河津店),山西省,运城市,
20251407,ELEME,76W570625A,20005030469,天一优选超市(铁西店),辽宁省,沈阳市,
20251407,ELEME,76W570627A,20005032082,世纪甄选便利店,江苏省,南京市,
20251407,ELEME,76W570628A,20005032302,咪吖超市,辽宁省,大连市,
20251407,ELEME,76W570629A,20005034047,德宝生活超市(紫竹院店),北京市,北京市,
20251407,ELEME,76W570631A,20005036500,网易严选·快送超市(万象城店),江西省,赣州市,
20251407,ELEME,76W570632A,20005037066,近距梨超市(桐乡店),浙江省,嘉兴市,
20251407,ELEME,76W570636A,20005048319,新天地超市(梅河口城市花园店),吉林省,通化市,
20251407,ELEME,76W570638A,20005051262,厉臣便利店(山大科技园店),山东省,济南市,
20251407,ELEME,76W570639A,20005052066,快客达环球超市(城厢店),浙江省,杭州市,
20251407,ELEME,76W570642A,20005052469,全佳购生活超市(市北店),山东省,青岛市,
20251407,ELEME,76W570644A,20005057348,二十四小时超市,云南省,大理白族自治州,
20251407,ELEME,76W570645A,20005057359,惠小仓·啥都卖超市(黄州店),湖北省,黄冈市,
20251407,ELEME,76W570646A,20005057389,麦客联华超市(长沙中心店),湖南省,长沙市,
20251407,ELEME,76W570648A,20005059033,快客达环球超市(金楠龙湖天街店),四川省,成都市,
20251407,ELEME,76W570650A,20005059327,超好超市(禄口店),江苏省,南京市,
20251407,ELEME,76W570657A,20005065417,百世好邻超市(龙湖熙上店),江苏省,苏州市,
20251407,ELEME,76W570659A,20005066385,云惠旺超市(开福店),湖南省,长沙市,
20251407,ELEME,76W570661A,20005067372,仓鼠便利超市(惠来店),广东省,揭阳市,
20251407,ELEME,76W570675A,20005086187,惠邻百佳超市(塘沽店),天津市,天津市,
20251407,ELEME,76W570677A,20005091042,迪购超市(明超店),福建省,泉州市,
20251407,ELEME,76W570682A,20005094399,世纪生活超市,上海市,上海市,
20251407,ELEME,76W570693A,20005105158,每絮穿搭便利店(西湖广场店),浙江省,杭州市,
20251407,ELEME,76W570700A,20005114085,厉选百货超市(横店中心店),浙江省,金华市,
20251407,ELEME,76W570710A,20005122259,厉臣便利店(平顶山新城区店),河南省,平顶山市,
20251407,ELEME,76W570714A,20005129220,便客达快送超市(浐灞店),陕西省,西安市,
20251407,ELEME,76W570721A,20005133475,惠立送精品超市(创客中心店),上海市,上海市,
20251407,ELEME,76W570724A,20005136477,乐又达超市(北园店),山东省,临沂市,
20251407,ELEME,76W570726A,20005142290,拾惠客24H超市(盘锦店),辽宁省,盘锦市,
20251407,ELEME,76W570729A,20005144098,新天地超市(梅河口江南明珠店),吉林省,通化市,
20251407,ELEME,76W570732A,20005147266,网易严选·快送超市(尹山湖店),江苏省,苏州市,
20251407,ELEME,76W570736A,20005151267,乐购汪(丰庄中心店),上海市,上海市,
20251407,ELEME,76W570739A,20005153123,惠立送精品超市(金桥店),上海市,上海市,
20251407,ELEME,76W570742A,20005155067,乐嘉超市,四川省,成都市,
20251407,ELEME,76W570744A,20005157292,鲸GO生活超市(新塘店),广东省,广州市,
20251407,ELEME,76W570745A,20005157465,好惠来超市(玄武店),江苏省,南京市,
20251407,ELEME,76W570746A,20005160192,贝壳甄选超市(高密店),山东省,潍坊市,
20251407,ELEME,76W570747A,20005160308,兔喜生活+便利店(东盛大街店),吉林省,长春市,
20251407,ELEME,76W570750A,20005163068,拾惠客24H超市(廊坊胜芳店),河北省,廊坊市,
20251407,ELEME,76W570752A,20005164426,惠邻百佳超市(世贸中心店),山西省,太原市,
20251407,ELEME,76W570754A,20005167043,拾惠客24H便利店(承德围场店),河北省,承德市,
20251407,ELEME,76W570759A,20005173006,厉臣便利店(荆门沙洋店),湖北省,荆门市,
20251407,ELEME,76W570761A,20005173363,厉臣便利店(熊岳幸福家园店),辽宁省,营口市,
20251407,ELEME,76W570767A,20005183110,厉臣便利店(黄岛舟山店),山东省,青岛市,
20251407,ELEME,76W570768A,20005183310,零售兔超市(潮安店),广东省,潮州市,
20251407,ELEME,76W570771A,20005188027,伴跃超市(四新店),湖北省,武汉市,
20251407,ELEME,76W570773A,20005189482,拾惠客24H超市(东营河口店),山东省,东营市,
20251407,ELEME,76W570776A,20005190119,佑哒超市(光谷店),湖北省,武汉市,
20251407,ELEME,76W570777A,20005191263,一棵松精品超市(龙岗店),广东省,深圳市,
20251407,ELEME,76W570779A,20005196327,乂优选快送超市(科韵南路店),广东省,广州市,
20251407,ELEME,76W570780A,20005198145,厉臣便利店(黑山南广场店),辽宁省,锦州市,
20251407,ELEME,76W570781A,20005198150,团优达精品超市(古城店),云南省,丽江市,
20251407,ELEME,76W570782A,20005201221,拾惠客24h超市(温州沙城店),浙江省,温州市,
20251407,ELEME,76W570783A,20005203352,优优熊24H超市(公明店),广东省,深圳市,
20251407,ELEME,76W570785A,20005206314,优鲸选·云端超市(菏泽店),山东省,菏泽市,
20251407,ELEME,76W570787A,20005207094,佑哒超市(关山店),湖北省,武汉市,
20251407,ELEME,76W570788A,20005207226,拾惠客24h超市(嘉兴平湖店),浙江省,嘉兴市,
20251407,ELEME,76W570791A,20005211041,吉友超市(景德镇店),江西省,景德镇市,
20251407,ELEME,76W570792A,20005212231,零售兔超市(泉港店),福建省,泉州市,
20251407,ELEME,76W570802A,20005224135,伴跃超市(烽火店),湖北省,武汉市,
20251407,ELEME,76W570803A,20005225250,壹点便利超市,浙江省,杭州市,
20251407,ELEME,76W570804A,20005226129,一棵松精品超市(坑梓店),广东省,深圳市,
20251407,ELEME,76W570807A,20005227314,比优特超市(兴城店),辽宁省,葫芦岛市,
20251407,ELEME,76W570813A,20005232027,优沃森超市(苏州站店),江苏省,苏州市,
20251407,ELEME,76W570816A,20005232363,木村百货(淄博新世纪店),山东省,淄博市,
20251407,ELEME,76W570819A,20005234343,沃玛希超市(红联店),浙江省,宁波市,
20251407,ELEME,76W570820A,20005234359,松果便利(龙湾店),浙江省,温州市,
20251407,ELEME,76W570821A,20005234428,迪购超市(泽祥广场店),福建省,泉州市,
20251407,ELEME,76W570823A,20005238040,零售兔超市(龙池店),福建省,漳州市,
20251407,ELEME,76W570824A,20005238141,世纪生活超市(金汇店),上海市,上海市,
20251407,ELEME,76W570825A,20005238205,拾惠客24H超市(龙港莲花店),辽宁省,葫芦岛市,
20251407,ELEME,76W570832A,20005241150,盒马鲜生(中山石岐万象汇店),广东省,中山市,
20251407,ELEME,76W570834A,20005243445,速囤(犀浦店),四川省,成都市,
20251407,ELEME,76W570836A,20005244440,易惠达超市(千灯店),江苏省,苏州市,
20251407,ELEME,76W570838A,20005247009,一棵松精品超市(布吉店),广东省,深圳市,
20251407,ELEME,76W570843A,20005253211,榛好物超市(滨江店),浙江省,杭州市,
20251407,ELEME,76W570848A,20005256054,甄品臻送超市(中山店),上海市,上海市,
20251407,ELEME,76W570852A,20005259333,宅小熊超市(大理古城店),云南省,大理白族自治州,
20251407,ELEME,76W570854A,20005259400,优佳精品超市(瑶海店),安徽省,合肥市,
20251407,ELEME,76W570858A,20005265132,千家顺·鲸选超市(益阳店),湖南省,益阳市,
20251407,ELEME,76W570859A,20005266420,快客达环球超市(中南世纪城店),江苏省,南京市,
20251407,ELEME,76W570866A,20005269101,零售兔超市(同安官浔店),福建省,厦门市,
20251407,ELEME,76W570877A,20005278094,迪购超市(SM广场店),福建省,泉州市,
20251407,ELEME,76W570878A,20005279010,沃缤纷超市(荆北店),湖北省,荆州市,
20251407,ELEME,76W570888A,20005284044,新惠百货超市(鄂州店),湖北省,鄂州市,
20251407,ELEME,76W570890A,20005285341,盛吉惠·欢乐购超市(景洪店),云南省,西双版纳傣族自治州,
20251407,ELEME,76W570905A,20005301299,好利惠超市(镇江店),江苏省,镇江市,
20251407,ELEME,76W570907A,20005302451,惠邻百佳超市(音乐学院店),天津市,天津市,
20251407,ELEME,76W570910A,20005306284,即刻优品(景德镇店),江西省,景德镇市,
20251407,ELEME,76W570911A,20005306287,沃玛希超市(湖州店),浙江省,湖州市,
20251407,ELEME,76W570916A,20005309112,KKV(厦门大悦城店),福建省,厦门市,
20251407,ELEME,76W570921A,20005311419,快客达环球超市(义乌佛堂店),浙江省,金华市,
20251407,ELEME,76W570923A,20005313216,拾惠客24H超市(山西平遥店),山西省,晋中市,
20251407,ELEME,76W570927A,20005315275,团哆点便利超市(西园店),福建省,福州市,
20251407,ELEME,76W570932A,20005318211,拾惠客24H超市(海城兴海大街店),辽宁省,鞍山市,
20251407,ELEME,76W570936A,20005319385,快客达环球超市(廿三里店),浙江省,金华市,
20251407,ELEME,76W570944A,20005328185,畅淘集市精品超市(小市店),江苏省,南京市,
20251407,ELEME,76W570946A,20005330202,金桔生活便利超市(天心店),湖南省,长沙市,
20251407,ELEME,76W570949A,20005331133,零售兔超市(普宁店),广东省,揭阳市,
20251407,ELEME,76W570956A,20005340425,速达精品超市(沈阳店),辽宁省,沈阳市,
20251407,ELEME,76W570958A,20005341114,沃缤纷超市(沈家营店),湖北省,黄石市,
20251407,ELEME,76W570960A,20005343066,优佳精品超市(南谯店),安徽省,滁州市,
20251407,ELEME,76W570966A,20005344202,快客达环球超市(大学城文鼎店),江苏省,南京市,
20251407,ELEME,76W570969A,20005345180,厉臣便利店(西安泾渭上城店),陕西省,西安市,
20251407,ELEME,76W570979A,20005353125,厉臣便利店(黄冈蕲春店),湖北省,黄冈市,
20251407,ELEME,76W570980A,20005353139,厉臣便利店(黄冈浠水店),湖北省,黄冈市,
20251407,ELEME,76W570983A,20005355257,零售兔超市(汕头中心店),广东省,汕头市,
20251407,ELEME,76W570985A,20005356021,便利熊超市(万象汇店),山东省,临沂市,
20251407,ELEME,76W570988A,20005358048,拾客精品超市(湾沚店),安徽省,芜湖市,
20251407,ELEME,76W570989A,20005358139,小熊购超市(东莞店),广东省,东莞市,
20251407,ELEME,76W570990A,20005358155,小鹿惠购超市(东阳店),浙江省,金华市,
20251407,ELEME,76W570991A,20005358178,全好佳超市(西山店),云南省,昆明市,
20251407,ELEME,76W570995A,20005359362,闪宅便利(张士店),辽宁省,沈阳市,
20251407,ELEME,76W570996A,20005360258,千选精品超市,江苏省,苏州市,
20251407,ELEME,76W571001A,20005366182,快客达环球超市(盐城店),江苏省,盐城市,
20251407,ELEME,76W571003A,20005367202,宅小熊超市(佳木斯店),黑龙江省,佳木斯市,
20251407,ELEME,76W571005A,20005368188,盒里象生活超市(沙井店),广东省,深圳市,
20251407,ELEME,76W571010A,20005375469,拾惠客24h超市(福州青口店),福建省,福州市,
20251407,ELEME,76W571011A,20005376027,新天地超市(梅河口丰华园店),吉林省,通化市,
20251407,ELEME,76W571012A,20005376417,鲸鱼嗨购超市(重固店),上海市,上海市,
20251407,ELEME,76W571013A,20005378493,小鹿惠购超市(淳安店),浙江省,杭州市,
20251407,ELEME,76W571016A,20005383033,宅小熊超市(晋城店),山西省,晋城市,
20251407,ELEME,76W571026A,20005387306,拾惠客24h超市(福州金峰店),福建省,福州市,
20251407,ELEME,76W571032A,20005391487,惠邻百佳超市(城东路店),河南省,郑州市,
20251407,ELEME,76W571034A,20005394412,麦格·精品超市(驻马中心店),河南省,驻马店市,
20251407,ELEME,76W571037A,20005397156,乐购汪(真大路店),上海市,上海市,
20251407,ELEME,76W571039A,20005398322,麦客联华超市(玉溪店),云南省,玉溪市,
20251407,ELEME,76W571042A,20005400380,小鹿惠购超市(周口店),河南省,周口市,
20251407,ELEME,76W571043A,20005401110,好多购便利店(象山店),浙江省,宁波市,
20251407,ELEME,76W571044A,20005401243,拾惠客24h超市(范县店),河南省,濮阳市,
20251407,ELEME,76W571046A,20005403123,万惠佳超市(动物园店),四川省,成都市,
20251407,ELEME,76W571048A,20005404185,NOW即享快送超市(黄泥磅店),重庆市,重庆市,
20251407,ELEME,76W571057A,20005408122,农姆客超市(万江店),广东省,东莞市,
20251407,ELEME,76W571058A,20005408190,爱家环球超市(玉山店),江西省,上饶市,
20251407,ELEME,76W571061A,20005410035,近距梨精选超市(宁德店),福建省,宁德市,
20251407,ELEME,76W571067A,20005414006,嗖达超市(奎文店),山东省,潍坊市,
20251407,ELEME,76W571070A,20005414388,易购超市(马坡店),北京市,北京市,
20251407,ELEME,76W571071A,20005415251,超宜选精品超市(上饶中心店),江西省,上饶市,
20251407,ELEME,76W571072A,20005417255,零售兔超市(鼓锣店),福建省,厦门市,
20251407,ELEME,76W571074A,20005418244,拾惠客24H超市(原平店),山西省,忻州市,
20251407,ELEME,76W571076A,20005419235,1号便利店(龙港店),辽宁省,葫芦岛市,
20251407,ELEME,76W571080A,20005422138,爱家快送超市(靖江店),江苏省,泰州市,
20251407,ELEME,76W571081A,20005422377,倡优超市(孝感店),湖北省,孝感市,
20251407,ELEME,76W571089A,20005427434,拾惠客24h超市(宝鸡高新开发区店),陕西省,宝鸡市,
20251407,ELEME,76W571091A,20005428339,永利生活超市(于洪店),辽宁省,沈阳市,
20251407,ELEME,76W571095A,20005431209,多啦便利(雁塔店),陕西省,西安市,
20251407,ELEME,76W571097A,20005433155,小鹿惠购超市(文昌万达店),河南省,周口市,
20251407,ELEME,76W571099A,20005433481,舫舟优选生活超市(漳平店),福建省,龙岩市,
20251407,ELEME,76W571104A,20005436209,农姆客超市(长安店),广东省,东莞市,
20251407,ELEME,76W571106A,20005437167,千家顺·鲸选超市(信宜中兴店),广东省,茂名市,
20251407,ELEME,76W571111A,20005441009,九万里百货超市(文化广场店),湖北省,恩施土家族苗族自治州,
20251407,ELEME,76W571113A,20005442056,优优熊24H超市(麻城店),湖北省,黄冈市,
20251407,ELEME,76W571116A,20005445398,好多购便利店(横店店),浙江省,金华市,
20251407,ELEME,76W571117A,20005445459,惠多多超市(邗江区店),江苏省,扬州市,
20251407,ELEME,76W571122A,20005455234,乐爱达精品生活超市(长汀店),福建省,龙岩市,
20251407,ELEME,76W571126A,20005462115,厉臣便利店(荆门京山店),湖北省,荆门市,
20251407,ELEME,76W571128A,20005464461,嗨购虎·精品超市(富阳店),浙江省,杭州市,
20251407,ELEME,76W571130A,20005468231,NOW即享快送超市(洪山店),湖北省,武汉市,
20251407,ELEME,76W571132A,20005470480,淘淘购生活超市,广东省,深圳市,
20251407,ELEME,76W571133A,20005472259,乐爱达便利店(日照店),山东省,日照市,
20251407,ELEME,76W571135A,20005473192,舫舟优选生活超市(荣昌店),重庆市,重庆市,
20251407,ELEME,76W571136A,20005474392,海豚购(龙头寺店),重庆市,重庆市,
20251407,ELEME,76W571139A,20005477323,小鹿惠购超市(德清店),浙江省,湖州市,
20251407,ELEME,76W571140A,20005478183,1+家(牡丹江西安店),黑龙江省,牡丹江市,
20251407,ELEME,76W571142A,20005478315,惠邻百佳超市(华能店),山东省,济南市,
20251407,ELEME,76W571143A,20005478439,拾惠客24H超市(菏泽曹县青荷店),山东省,菏泽市,
20251407,ELEME,76W571148A,20005480439,拾惠客24H超市(于洪区西江街店),辽宁省,沈阳市,
20251407,ELEME,76W571150A,20005482388,厉臣便利店(焦作金山花园店),河南省,焦作市,
20251407,ELEME,76W571152A,20005485266,海豚购(解放碑店),重庆市,重庆市,
20251407,ELEME,76W571153A,20005485326,世纪精品超市(嘉兴店),浙江省,嘉兴市,
20251407,ELEME,76W571154A,20005486266,快时多生活超市(保山中心店),云南省,保山市,
20251407,ELEME,76W571155A,20005488200,小都柿百货仓(开封店),河南省,开封市,
20251407,ELEME,76W571156A,20005488264,海豚购(安庆七街店),安徽省,安庆市,
20251407,ELEME,76W571161A,20005492161,吉友惠·云超市(龙田店),广东省,汕头市,
20251407,ELEME,76W571164A,20005493460,小仓生活(高碑店店),河北省,保定市,
20251407,ELEME,76W571165A,20005495262,迪购超市(南安店),福建省,泉州市,
20251407,ELEME,76W571168A,20005497287,厉臣便利店(诸城爱琴海店),河北省,廊坊市,
20251407,ELEME,76W571169A,20005499024,万家兴达超市(宜宾江北店),四川省,宜宾市,
20251407,ELEME,76W571171A,20005500036,盒马鲜生(绍兴镜湖天街店),浙江省,绍兴市,
20251407,ELEME,76W571175A,20005503013,快买快乐生活超市(宝山店),上海市,上海市,
20251407,ELEME,76W571177A,20005504198,快客达环球超市(义乌吾悦广场店),浙江省,金华市,
20251407,ELEME,76W571178A,20005505176,鲸鱼嗨购超市(航头店),上海市,上海市,
20251407,ELEME,76W571184A,20005509378,多多甄选便利超市(海珠店),广东省,广州市,
20251407,ELEME,76W571186A,20005516059,闪购豹超市(春柳店),辽宁省,大连市,
20251407,ELEME,76W571192A,20005524364,惠邻百佳超市(徐东店),湖北省,武汉市,
20251407,ELEME,76W571195A,20005525018,农姆客超市(颍上一中店),安徽省,阜阳市,
20251407,ELEME,76W571199A,20005535054,拾惠客24H超市(延安吾悦广场店),陕西省,延安市,
20251407,ELEME,76W571200A,20005535222,德宝生活超市(马坡店),北京市,北京市,
20251407,ELEME,76W571202A,20005536317,小仓生活(邯郸店),河北省,邯郸市,
20251407,ELEME,76W571205A,20005538342,乐购汪(惠南中心店),上海市,上海市,
20251407,ELEME,76W571211A,20005543318,乐购汪(柯桥中心店),浙江省,绍兴市,
20251407,ELEME,76W571216A,20005560342,惠邻百佳超市(城阳店),山东省,青岛市,
20251407,ELEME,76W571220A,20005567348,沃玛希超市(东港店),浙江省,舟山市,
20251407,ELEME,76W571223A,20005586098,象上优选超市(快递发全国),上海市,上海市,
20251407,ELEME,76W571224A,20005586164,优鲸选·云端超市(无锡店),江苏省,无锡市,
20251407,ELEME,76W571226A,20005587455,厉臣便利店(廊坊大城店),河北省,廊坊市,
20251407,ELEME,76W571227A,20005589149,零购超市(南平邵武店),福建省,南平市,
20251407,ELEME,76W571228A,20005591293,零售兔超市(世贸店),浙江省,绍兴市,
20251407,ELEME,76W571229A,20005592370,优选精品超市,浙江省,杭州市,
20251407,ELEME,76W571230A,20005592468,吉友连锁超市,天津市,天津市,
20251407,ELEME,76W571233A,20005620021,焕熊真选超市(岳麓王府井店),湖南省,长沙市,
20251407,ELEME,76W571238A,20005626337,厉臣便利店(枣庄山亭贵诚店),山东省,枣庄市,
20251407,ELEME,76W571239A,20005626392,快时多(杭州店),浙江省,杭州市,
20251407,ELEME,76W571241A,20005627362,快时多超市(余杭店),浙江省,杭州市,
20251407,ELEME,76W571245A,20005632089,开心购特价超市(秦淮店),江苏省,南京市,
20251407,ELEME,76W571246A,20005632095,厉臣便利店(淮南山南新区店),安徽省,淮南市,
20251407,ELEME,76W571248A,20005637067,拾惠客24h超市(绍兴柯桥店),浙江省,绍兴市,
20251407,ELEME,76W571249A,20005637146,吉友超市(湄洲店),福建省,莆田市,
20251407,ELEME,76W571251A,20005637482,NOW即享超市(姑嫂树店),湖北省,武汉市,
20251407,ELEME,76W571252A,20005638044,优沃森超市(建湖店),江苏省,盐城市,
20251407,ELEME,76W571253A,20005638284,千家顺·鲸选超市(城东店),福建省,泉州市,
20251407,ELEME,76W571257A,20005640278,拾惠客24H超市(莆田秀屿店),福建省,莆田市,
20251407,ELEME,76W571258A,20005640343,厉臣便利店(望都店),河北省,保定市,
20251407,ELEME,76W571262A,20005642069,小饿生活全能超市(龙江店),黑龙江省,齐齐哈尔市,
20251407,ELEME,76W571263A,20005642143,吉友超市(池州店),安徽省,池州市,
20251407,ELEME,76W571273A,20005652363,昔多购超市(龙华店),广东省,深圳市,
20251407,ELEME,76W571274A,20005653204,厉臣便利店(沟帮子三高中店),辽宁省,锦州市,
20251407,ELEME,76W571275A,20005653418,惠立送精品超市(唯亭店),江苏省,苏州市,
20251407,ELEME,76W571277A,20005658077,厉臣便利店(全椒十字港口店),安徽省,滁州市,
20251407,ELEME,76W571278A,20005658207,拾惠客24H超市(吕梁孝义店),山西省,吕梁市,
20251407,ELEME,76W571290A,20005668058,惠邻百佳超市(南京新街口店),江苏省,南京市,
20251407,ELEME,76W571294A,20005672321,速达精品超市,辽宁省,沈阳市,
20251407,ELEME,76W571296A,20005672499,NOW即享快送超市(青山店),湖北省,武汉市,
20251407,ELEME,76W571298A,20005674352,沃缤纷超市(竹叶山店),湖北省,武汉市,
20251407,ELEME,76W571300A,20005675296,惠邻百佳超市(太阳城店),河北省,秦皇岛市,
20251407,ELEME,76W571304A,20005677056,拾惠客24h超市(淮南寿县店),安徽省,淮南市,
20251407,ELEME,76W571307A,20005678051,拾惠客24h超市(丽水龙泉店),浙江省,丽水市,
20251407,ELEME,76W571308A,20005682273,世纪精选超市(徐泾店),上海市,上海市,
20251407,ELEME,76W571311A,20005683102,兔喜生活便利店(珠海路店),吉林省,长春市,
20251407,ELEME,76W571312A,20005683206,拾惠客24H超市(蓬莱2店),山东省,烟台市,
20251407,ELEME,76W571313A,20005683292,香雅生活超市,河南省,郑州市,
20251407,ELEME,76W571316A,20005684283,厉臣便利店(龙湖天街店),山东省,青岛市,
20251407,ELEME,76W571322A,20005689056,厉臣便利店(淮南泉山店),安徽省,淮南市,
20251407,ELEME,76W571324A,20005691103,吉友超市(南谯店),安徽省,滁州市,
20251407,ELEME,76W571330A,20005694124,吉友·珠珠超市(安吉店),浙江省,湖州市,
20251407,ELEME,76W571332A,20005696297,拾惠客24H超市(半壁店),北京市,北京市,
20251407,ELEME,76W571336A,20005697434,超宜选精品超市(虎丘店),江苏省,苏州市,
20251407,ELEME,76W571338A,20005699191,兔喜生活便利店(绿园店),吉林省,长春市,
20251407,ELEME,76W571345A,20005705302,快客达环球超市(北苑店),浙江省,金华市,
20251407,ELEME,76W571353A,20005708075,NOW即享快送超市(卓悦店),湖北省,宜昌市,
20251407,ELEME,76W571354A,20005711024,惠邻百佳超市(新华西道店),河北省,唐山市,
20251407,ELEME,76W571355A,20005715088,乐购汪(普陀真如店),上海市,上海市,
20251407,ELEME,76W571356A,20005716325,柴购超市(泰禾广场店),福建省,泉州市,
20251407,ELEME,76W571362A,20005724457,惠邻百佳超市(亚运村店),北京市,北京市,
20251407,ELEME,76W571364A,20005729180,优优熊24H超市(松岗店),广东省,深圳市,
20251407,ELEME,76W571368A,20005731182,零购超市(汕头龙湖店),广东省,汕头市,
20251407,ELEME,76W571369A,20005738239,凤梨超市(蔚县店),河北省,张家口市,
20251407,ELEME,76W571375A,20005741295,优优熊24H超市(宝安店),广东省,深圳市,
20251407,ELEME,76W571376A,20005747447,NOW即享超市(武丰佳园店),湖北省,武汉市,
20251407,ELEME,76W571394A,20005786172,BC进口超市(望京万科店),北京市,北京市,
20251407,ELEME,76W571397A,20005791136,世纪生活超市(丰庄店),上海市,上海市,
20251407,ELEME,76W571406A,20005805156,惠邻百佳超市(怀柔店),北京市,北京市,
20251407,ELEME,76W571411A,20005809459,小熊购超市(石碣店),广东省,东莞市,
20251407,ELEME,76W571413A,20005814091,NOW即享超市(青年城店),湖北省,武汉市,
20251407,ELEME,76W571428A,20005831431,小熊购超市(南城店),广东省,东莞市,
20251407,ELEME,76W571431A,20005834178,乐购汪(中山北路店),上海市,上海市,
20251407,ELEME,76W571433A,20005834341,团团生活超市(文登店),山东省,威海市,
20251407,ELEME,76W571434A,20005835457,厉臣便利店(六安御景湾店),安徽省,六安市,
20251407,ELEME,76W571436A,20005837089,刻达鸭超市(北蔡店),上海市,上海市,
20251407,ELEME,76W571437A,20005838292,轻弦超市,浙江省,温州市,
20251407,ELEME,76W571439A,20005839206,快捷购精品超市(济宁高新店),山东省,济宁市,
20251407,ELEME,76W571446A,20005849407,拾惠客24h超市(花桥店),江苏省,苏州市,
20251407,ELEME,76W571447A,20005849419,厉臣便利店(海盐锦绣中心店),浙江省,嘉兴市,
20251407,ELEME,76W571455A,20005853442,厉臣便利店(新林芳庭店),江苏省,南京市,
20251407,ELEME,76W571466A,20005867284,宅小熊超市(合肥店),安徽省,合肥市,
20251407,ELEME,76W571469A,20005870217,甄品臻送超市(松江总店),上海市,上海市,
20251407,ELEME,76W571471A,20005873174,乐又达超市(红星店),山东省,临沂市,
20251407,ELEME,76W571474A,20005874087,昔多购超市(绵阳店),四川省,绵阳市,
20251407,ELEME,76W571478A,20005877063,昔多购特价超市(丰城店),江西省,宜春市,
20251407,ELEME,76W571481A,20005877186,超宜选精品超市(乐清店),浙江省,温州市,
20251407,ELEME,76W571494A,20005887487,悠米极速超市(人民路店),云南省,昆明市,
20251407,ELEME,76W571496A,20005889107,超宜选精品超市(丽水店),浙江省,丽水市,
20251407,ELEME,76W571505A,20005896243,优必达超市(贺州店),广西壮族自治区,贺州市,
20251407,ELEME,76W571506A,20005896302,一刻快送超市(拱墅店),浙江省,杭州市,
20251407,ELEME,76W571513A,20005906353,优必达超市(邵阳店),湖南省,邵阳市,
20251407,ELEME,76W571519A,20005909387,团团生活超市(临沭店),山东省,临沂市,
20251407,ELEME,76W571525A,20005915044,考拉优选(三明店),福建省,三明市,
20251407,ELEME,76W571535A,20005924371,团团生活超市(沂水店),山东省,临沂市,
20251407,ELEME,76W571540A,20005926373,团团生活超市(乳山店),山东省,威海市,
20251407,ELEME,76W571543A,20005931185,百世快捷超市超市(上城丁桥店),浙江省,杭州市,
20251407,ELEME,76W571546A,20005931497,厦一单超市(财富中心店),陕西省,西安市,
20251407,ELEME,76W571547A,20005932281,蓝色闪电仓,辽宁省,沈阳市,
20251407,ELEME,76W571549A,20005934388,优沃森超市(木渎店),江苏省,苏州市,
20251407,ELEME,76W571552A,20005936215,零售兔超市(福鼎店),福建省,宁德市,
20251407,ELEME,76W571553A,20005938191,零购超市(真大路店),上海市,上海市,
20251407,ELEME,76W571564A,20005946408,拾惠客24h超市(榆林神木店),陕西省,榆林市,
20251407,ELEME,76W571566A,20005948266,近距梨超市(启东店),江苏省,南通市,
20251407,ELEME,76W571567A,20005948366,厉臣便利店(青岛王台店),山东省,青岛市,
20251407,ELEME,76W571578A,20005964260,树懒先生超市(大丰店),四川省,成都市,
20251407,ELEME,76W571580A,20005966261,零购超市(星沙店),湖南省,长沙市,
20251407,ELEME,76W571582A,20005967365,快捷购精品超市(杭州湾店),浙江省,宁波市,
20251407,ELEME,76W571586A,20005973085,悠米极速超市(群贤广场店),陕西省,西安市,
20251407,ELEME,76W571588A,20005975191,厉臣便利店(孝感安陆店),湖北省,孝感市,
20251407,ELEME,76W571594A,20005978066,汤姆猫咪·生活超市(海丰店),广东省,汕尾市,
20251407,ELEME,76W571609A,20006000144,厉臣便利店(云梦孝商城市广场店),湖北省,孝感市,
20251407,ELEME,76W571610A,20006002145,厉臣便利店(潜江潜阳店),湖北省,潜江市,
20251407,ELEME,76W571611A,20006002225,易惠达超市(赵巷店),上海市,上海市,
20251407,ELEME,76W571612A,20006004027,拾惠客24H超市(哈尔滨平房店),黑龙江省,哈尔滨市,
20251407,ELEME,76W571615A,20006006028,拾惠客24H超市(辽源东丰店),吉林省,辽源市,
20251407,ELEME,76W571618A,20006011030,拾惠客24H超市(白山浑江店),吉林省,白山市,
20251407,ELEME,76W571619A,20006011159,麦客联华超市(龙凤区店),黑龙江省,大庆市,
20251407,ELEME,76W571623A,20006024120,友宜嘉便利店(莫城店),江苏省,苏州市,
20251407,ELEME,76W571629A,20006030142,全好佳超市(红牌楼店),四川省,成都市,
20251407,ELEME,76W571631A,20006032056,世纪优品超市,云南省,保山市,
20251407,ELEME,76W571633A,20006034131,快时多超市(横店店),浙江省,金华市,
20251407,ELEME,76W571639A,20006042277,零售兔超市(中骏广场店),福建省,泉州市,
20251407,ELEME,76W571640A,20006046264,小马购●生活超市(盱眙店),江苏省,淮安市,
20251407,ELEME,76W571646A,20006050058,世纪优选超市(淞南店),上海市,上海市,
20251407,ELEME,76W571650A,20006058331,NOW即享超市(新天地店),湖北省,荆州市,
20251407,ELEME,76W571652A,20006059199,零售兔超市(狮标店),福建省,泉州市,
20251407,ELEME,76W571655A,20006061399,百世好邻超市(昆山店),江苏省,苏州市,
20251407,ELEME,76W571657A,20006065330,NOW即享超市(陶家岭店),湖北省,武汉市,
20251407,ELEME,76W571658A,20006066120,超宜选精品超市(温州店),浙江省,温州市,
20251407,ELEME,76W571661A,20006067171,零购超市(国贸店),山西省,太原市,
20251407,ELEME,76W571667A,20006075233,悠米极速超市(同德广场店),云南省,昆明市,
20251407,ELEME,76W571669A,20006078232,美佳购超市(民丰店),江苏省,无锡市,
20251407,ELEME,76W571675A,20006087254,惠极限百货超市(普宁店),广东省,揭阳市,
20251407,ELEME,76W571681A,20006090286,NOW即享超市(硚口店),湖北省,武汉市,
20251407,ELEME,76W571687A,20006096238,万惠莱超市,山西省,太原市,
20251407,ELEME,76W571688A,20006111370,厉臣便利店(蚌山二中店),安徽省,蚌埠市,
20251407,ELEME,76W571694A,20006121280,昔多购超市(江夏店),湖北省,武汉市,
20251407,ELEME,76W571703A,20006132050,好多购便利店(南浔店),浙江省,湖州市,
20251407,ELEME,76W571708A,20006137248,厉臣便利店(南京汤山店),江苏省,南京市,
20251407,ELEME,76W571715A,20006147219,拾惠客24h超市(安庆吾悦店),安徽省,安庆市,
20251407,ELEME,76W571721A,20006157310,惠邻百佳超市(四平路店),上海市,上海市,
20251407,ELEME,76W571722A,20006159152,好乐购超市(栖霞店),江苏省,南京市,
20251407,ELEME,76W571729A,20006172006,焕熊真选超市(德思勤店),湖南省,长沙市,
20251407,ELEME,76W571732A,20006173162,购物象超市(北碚店),重庆市,重庆市,
20251407,ELEME,76W571736A,20006185346,全好佳超市(古楼店),云南省,大理白族自治州,
20251407,ELEME,76W571740A,20006194079,麦格·优选超市(淮安店),江苏省,淮安市,
20251407,ELEME,76W571743A,20006197086,NOW即享超市(江夏店),湖北省,武汉市,
20251407,ELEME,76W571744A,20006198024,NOW即享快送超市(东站店),湖北省,宜昌市,
20251407,ELEME,76W571747A,20006238011,鲸鱼嗨购超市(罗泾店),上海市,上海市,
20251407,ELEME,76W571749A,20006270288,每絮穿搭便利店(三里屯店),北京市,北京市,
20251407,ELEME,76W571751A,20006278238,厉臣便利店(青岛胶南红树林店),山东省,青岛市,
20251407,ELEME,76W571754A,20006286219,沃缤纷超市(五堰店),湖北省,十堰市,
20251407,ELEME,76W571757A,20006294229,七客优品超市(水阁店),浙江省,丽水市,
20251407,ELEME,76W571758A,20006296192,惠优达精品超市(周浦店),上海市,上海市,
20251407,ELEME,76W571759A,20006297187,拾惠客24h超市(滨州阳信店),山东省,滨州市,
20251407,ELEME,76W571769A,20006311325,海豚购(崇州店),四川省,成都市,
20251407,ELEME,76W571770A,20006313154,苏小仓云端超市(阜宁店),江苏省,盐城市,
20251407,ELEME,76W571772A,20006320080,舫舟优选生活超市(于都店),江西省,赣州市,
20251407,ELEME,76W571777A,20006341115,开心购精品超市(建邺店),江苏省,南京市,
20251407,ELEME,76W571779A,20006348124,千家顺·鲸选超市(天台店),浙江省,台州市,
20251407,ELEME,76W571783A,20006372492,拾惠客24H超市(五常店),黑龙江省,哈尔滨市,
20251407,ELEME,76W571791A,20006389437,拾惠客24H超市(沈阳虎石台店),辽宁省,沈阳市,
20251407,ELEME,76W571792A,20006390438,厉臣24小时便利店(运城空港店),山西省,运城市,
20251407,ELEME,76W571794A,20006395388,秒到达便利超市,江苏省,苏州市,
20251407,ELEME,76W571797A,20006403362,拾惠客24H超市(长春九台店),吉林省,长春市,
20251407,ELEME,76W571807A,20006425012,惠邻百佳超市(广阳万达店),河北省,廊坊市,
20251407,ELEME,76W571812A,20006447450,麦客联华超市(舟山店),浙江省,舟山市,
20251407,ELEME,76W571815A,20006459114,NOW即享超市(茅箭店),湖北省,十堰市,
20251407,ELEME,76W571818A,20006476107,伴跃超市(保利心语店),湖北省,武汉市,
20251407,ELEME,76W571820A,20006507037,网易严选·快送超市(紫金港店),浙江省,杭州市,
20251407,ELEME,76W571824A,20006680326,趣百仓·24h生活超市,江苏省,连云港市,
20251407,ELEME,76W571833A,20006697178,便利考拉(池州店),安徽省,池州市,
20251407,ELEME,76W571842A,20006718096,斯瑞购超市(白城店),吉林省,白城市,
20251407,ELEME,76W571845A,20006722017,快客达环球超市(嘉兴万达店),浙江省,嘉兴市,
20251407,ELEME,76W571847A,20006726187,佳客来生活超市(紫楠花园店),河南省,郑州市,
20251407,ELEME,76W571852A,20006738285,麦格超市(大学城店),河北省,承德市,
20251407,ELEME,76W571853A,20006751002,海豚乐购(津南店),天津市,天津市,
20251407,ELEME,76W571854A,20006763480,惠立送超市(芦潮港店),上海市,上海市,
20251407,ELEME,76W571855A,20006772291,NOW即享超市(前屿店),福建省,福州市,
20251407,ELEME,76W571859A,20006793160,快客达环球超市(无锡梅村店),江苏省,无锡市,
20251407,ELEME,76W571860A,20006795317,鲸选乐购超市(海宁店),浙江省,嘉兴市,
20251407,ELEME,76W571870A,20006954458,迪购超市(晋江一中店),福建省,泉州市,
20251407,ELEME,76W571873A,20006962328,优乐百货超市(瑞金店),江西省,赣州市,
20251407,ELEME,76W571878A,20006986245,宅捷送超市(新天地店),浙江省,杭州市,
20251407,ELEME,76W571883A,20007001218,哆啦爱购生活超市,浙江省,温州市,
20251407,ELEME,76W571884A,20007010069,盛吉惠优选超市(建湖店),江苏省,盐城市,
20251407,ELEME,76W571885A,20007010117,千家顺·鲸选超市(阳江店),广东省,阳江市,
20251407,ELEME,76W571888A,20007038096,惠邻百佳超市(商都路店),河南省,郑州市,
20251407,ELEME,76W571893A,20007084262,瓯乐鲜选超市(威龙店),浙江省,温州市,
20251407,ELEME,76W571897A,20007094290,厉臣便利店(丹阳界牌镇店),江苏省,镇江市,
20251407,ELEME,76W571898A,20007106203,拾惠客24h超市(无锡前洲中心路店),江苏省,无锡市,
20251407,ELEME,76W571907A,20007129325,小兔购超市,浙江省,杭州市,
20251407,ELEME,76W571909A,20007133306,优兔购甄选超市(诸城店),山东省,潍坊市,
20251407,ELEME,76W571911A,20007138189,苏小仓云端超市(滕州店),山东省,枣庄市,
20251407,ELEME,76W571913A,20007147362,美希乐选(天珑广场店),安徽省,合肥市,
20251407,ELEME,76W571916A,20007150156,苏小仓云端超市(滨江店),江苏省,南京市,
20251407,ELEME,76W571917A,20007150320,好物仓储超市(瑶湖店),江西省,南昌市,
20251407,ELEME,76W571922A,20007160447,拾惠客24H超市(抚顺顺城店),辽宁省,抚顺市,
20251407,ELEME,76W571924A,20007164041,麦格·精品超市(周口店),河南省,周口市,
20251407,ELEME,76W571931A,20007173066,拾惠客24H超市(锦州凌河店),辽宁省,锦州市,
20251407,ELEME,76W571936A,20007177293,天猫小店(即刻超市科园路店),四川省,成都市,
20251407,ELEME,76W571937A,20007180208,快易购闪送超市(大邱庄店),天津市,天津市,
20251407,ELEME,76W571945A,20007191187,宅小熊超市(嘉兴店),浙江省,嘉兴市,
20251407,ELEME,76W571948A,20007196159,好多购便利店(利时广场店),浙江省,宁波市,
20251407,ELEME,76W571951A,20007198216,永利生活超市(浑南店),辽宁省,沈阳市,
20251407,ELEME,76W571958A,20007225258,有客邻里生活超市(宁波北仑店),浙江省,宁波市,
20251407,ELEME,76W571963A,20007234365,拾惠客24H超市(四平双辽店),吉林省,四平市,
20251407,ELEME,76W571965A,20007235448,伴跃超市(古田店),湖北省,武汉市,
20251407,ELEME,76W571971A,20007241096,全佳临·优品速达超市(平阳店),浙江省,温州市,
20251407,ELEME,76W571976A,20007247103,有客邻里生活超市(相城店),江苏省,苏州市,
20251407,ELEME,76W571978A,20007247126,多多甄选便利超市(白云店),广东省,广州市,
20251407,ELEME,76W571980A,20007252024,NOW即享超市(石牌岭店),湖北省,武汉市,
20251407,ELEME,76W571981A,20007255048,含星便利店,黑龙江省,哈尔滨市,
20251407,ELEME,76W571987A,20007256389,惠邻百佳超市(建通街店),河北省,石家庄市,
20251407,ELEME,76W571988A,20007259314,厉臣便利店(罗田凤山店),湖北省,黄冈市,
20251407,ELEME,76W571989A,20007261176,拾惠客24H超市(晋中太谷店),山西省,晋中市,
20251407,ELEME,76W571990A,20007263142,好多购便利店(奉化店),浙江省,宁波市,
20251407,ELEME,76W571991A,20007265196,厉臣便利店(松滋玉岭南路店),湖北省,荆州市,
20251407,ELEME,76W571992A,20007268075,爱家快送超市(赣州南康店),江西省,赣州市,
20251407,ELEME,76W571993A,20007268101,拾惠客24H超市(双城店),黑龙江省,哈尔滨市,
20251407,ELEME,76W571997A,20007277041,厉臣便利店(咸宁永安店),湖北省,咸宁市,
20251407,ELEME,76W571999A,20007280026,厉臣便利店(荆州公安店),湖北省,荆州市,
20251407,ELEME,76W572007A,20007321319,惠不二超市(华远好天地店),北京市,北京市,
20251407,ELEME,76W572012A,20007343113,佳品易购(门头沟店),北京市,北京市,
20251407,ELEME,76W572013A,20007345218,沃缤纷超市(黄石港店),湖北省,黄石市,
20251407,ELEME,76W572021A,20007358136,拾客精品超市(当涂店),安徽省,马鞍山市,
20251407,ELEME,76W572024A,20007359221,优乐购生活超市,江苏省,南京市,
20251407,ELEME,76W572032A,20007366052,蜗崽送便利店(寮步店),广东省,东莞市,
20251407,ELEME,76W572041A,20007369454,鲸GO生活超市(中新店),广东省,广州市,
20251407,ELEME,76W572044A,20007373071,拾惠客24H超市(温州泰顺店),浙江省,温州市,
20251407,ELEME,76W572047A,20007374451,鲸GO生活超市(揭东店),广东省,揭阳市,
20251407,ELEME,76W572055A,20007381315,惠邻百佳超市(李沧店),山东省,青岛市,
20251407,ELEME,76W572059A,20007384117,惠邻百佳超市(大明湖店),山东省,济南市,
20251407,ELEME,76W572061A,20007387049,佳佳超市,北京市,北京市,
20251407,ELEME,76W572062A,20007387081,优沃森超市(瘦西湖店),江苏省,扬州市,
20251407,ELEME,76W572063A,20007387134,鲸选云仓·便利超市(宿州店),安徽省,宿州市,
20251407,ELEME,76W572069A,20007390082,飞鸽到家生活超市(宝安店),广东省,深圳市,
20251407,ELEME,76W572077A,20007392331,囤小满精品超市(镇江总店),江苏省,镇江市,
20251407,ELEME,76W572079A,20007394064,厉臣便利店(西塘店),浙江省,嘉兴市,
20251407,ELEME,76W572085A,20007397078,厉臣便利店(铜陵枞阳店),安徽省,铜陵市,
20251407,ELEME,76W572086A,20007400054,快购精品超市(西外店),四川省,达州市,
20251407,ELEME,76W572089A,20007401427,世纪优选超市(御桥店),上海市,上海市,
20251407,ELEME,76W572093A,20007404043,隋你购连锁超市(郑州店),河南省,郑州市,
20251407,ELEME,76W572097A,20007405444,宅可送生活超市(宁国中心店),安徽省,宣城市,
20251407,ELEME,76W572105A,20007428057,全好佳超市(苏州中心店),江苏省,苏州市,
20251407,ELEME,76W572106A,20007428234,拾惠客24H超市(昆山千灯古镇店),江苏省,苏州市,
20251407,ELEME,76W572107A,20007428357,AEON永旺超市(杭州良渚店),浙江省,杭州市,
20251407,ELEME,76W572112A,20007437035,宅小熊超市(娄底店),湖南省,娄底市,
20251407,ELEME,76W572115A,20007442001,拾惠客24H超市(无锡东站店),江苏省,无锡市,
20251407,ELEME,76W572119A,20007455082,NOW即享超市(汉口店),湖北省,武汉市,
20251407,ELEME,76W572121A,20007472409,共橙24H超市(莱山保利Mall店),山东省,烟台市,
20251407,ELEME,76W572126A,20007479061,万惠莱生活超市(延庆店),北京市,北京市,
20251407,ELEME,76W572134A,20007485396,有客邻里生活超市(昆明店),云南省,昆明市,
20251407,ELEME,76W572136A,20007485490,宅小熊超市(景洪店),云南省,西双版纳傣族自治州,
20251407,ELEME,76W572137A,20007486381,世纪优品超市(北桥店),上海市,上海市,
20251407,ELEME,76W572139A,20007488488,美士多便利超市(星沙店),湖南省,长沙市,
20251407,ELEME,76W572142A,20007494185,批发熊精品超市(观沙岭店),湖南省,长沙市,
20251407,ELEME,76W572151A,20007501425,悠百佳超市,安徽省,安庆市,
20251407,ELEME,76W572156A,20007505427,乐爱达甄选生活超市(芝罘店),山东省,烟台市,
20251407,ELEME,76W572157A,20007509327,小仓生活(宝坻店),天津市,天津市,
20251407,ELEME,76W572159A,20007510303,唐久便利(5130新建路小学店),山西省,忻州市,
20251407,ELEME,76W572161A,20007510377,世纪优品超市(嘉定新城店),上海市,上海市,
20251407,ELEME,76W572170A,20007525110,惠立送精品超市,上海市,上海市,
20251407,ELEME,76W572178A,20007529082,NOW即享快送超市(高新店),河南省,郑州市,
20251407,ELEME,76W572179A,20007529100,天天购生活超市(海宁店),浙江省,嘉兴市,
20251407,ELEME,76W572180A,20007529114,爱家超市(佛平广场店),广东省,佛山市,
20251407,ELEME,76W572184A,20007532448,椰子便利店,安徽省,阜阳市,
20251407,ELEME,76W572186A,20007534462,拾惠客24H超市(渭南蒲城中央公馆店),陕西省,渭南市,
20251407,ELEME,76W572190A,20007537161,快时多超市(仙居店),浙江省,台州市,
20251407,ELEME,76W572192A,20007538349,惠宜选超市(芜湖湾沚店),安徽省,芜湖市,
20251407,ELEME,76W572195A,20007540099,NOW即享超市(大花岭店),湖北省,武汉市,
20251407,ELEME,76W572198A,20007543205,盛吉惠炫酷超市(江北曼斗店),云南省,西双版纳傣族自治州,
20251407,ELEME,76W572200A,20007544013,海豚购(萧山建设路店),浙江省,杭州市,
20251407,ELEME,76W572202A,20007548015,零购超市(汕头万象城店),广东省,汕头市,
20251407,ELEME,76W572210A,20007553042,星马快送超市(普宁店),广东省,揭阳市,
20251407,ELEME,76W572213A,20007554399,拾惠客24H超市(三门峡万达广场店),河南省,三门峡市,
20251407,ELEME,76W572215A,20007558041,海豚购(汉中店),陕西省,汉中市,
20251407,ELEME,76W572219A,20007559317,佳和星选超市(盐田店),广东省,深圳市,
20251407,ELEME,76W572229A,20007571073,新惠百货(新塘市场店),广东省,广州市,
20251407,ELEME,76W572236A,20007577463,优必达超市(宁乡店),湖南省,长沙市,
20251407,ELEME,76W572238A,20007582029,放心品购(秋江花苑店),浙江省,嘉兴市,
20251407,ELEME,76W572245A,20007588420,吉友超市(晋安店),福建省,福州市,
20251407,ELEME,76W572249A,20007606053,拾客精品超市(九江店),江西省,九江市,
20251407,ELEME,76W572252A,20007613090,麦客联华超市(福山店),山东省,烟台市,
20251407,ELEME,76W572255A,20007621123,焕熊真选超市(观沙岭店),湖南省,长沙市,
20251407,ELEME,76W572256A,20007624052,优必达超市(娄底店),湖南省,娄底市,
20251407,ELEME,76W572257A,20007624382,超宜选精品超市(龙岩店),福建省,龙岩市,
20251407,ELEME,76W572258A,20007624385,快客达环球超市(大丰店),四川省,成都市,
20251407,ELEME,76W572266A,20007637447,天猫小店(即刻超市益州路店),四川省,成都市,
20251407,ELEME,76W572269A,20007644454,快时多超市(慈溪店),浙江省,宁波市,
20251407,ELEME,76W572271A,20007651439,千家顺·鲸选超市(漳浦店),福建省,漳州市,
20251407,ELEME,76W572274A,20007656029,快客达环球超市(万和中心店),四川省,成都市,
20251407,ELEME,76W572285A,20007689428,惠小仓·啥都卖超市(鄂州店),湖北省,鄂州市,
20251407,ELEME,76W572287A,20007692232,麦客联华超市(开州店),重庆市,重庆市,
20251407,ELEME,76W572288A,20007693238,臻选精品生活超市(盘龙店),云南省,昆明市,
20251407,ELEME,76W572290A,20007701201,全佳临便利超市(东涌店),广东省,广州市,
20251407,ELEME,76W572293A,20007705185,唯客生活超市(萧山店),浙江省,杭州市,
20251407,ELEME,76W572294A,20007705458,吉友超市(安吉店),浙江省,湖州市,
20251407,ELEME,76W572301A,20007731324,拾惠客24h超市(白城文化西路店),吉林省,白城市,
20251407,ELEME,76W572302A,20007732226,盛吉惠优选超市(叠石桥店),江苏省,南通市,
20251407,ELEME,76W572304A,20007734458,小懒猪超市,湖北省,武汉市,
20251407,ELEME,76W572307A,20007740273,麦客联华超市(隆禧店),浙江省,嘉兴市,
20251407,ELEME,76W572309A,20007740424,拾惠客24H超市(林甸鹤乡路店),黑龙江省,大庆市,
20251407,ELEME,76W572313A,20007747407,金桔生活超市(梅溪湖店),湖南省,长沙市,
20251407,ELEME,76W572316A,20007752267,共橙24小时超市(大安大赉南街店),吉林省,白城市,
20251407,ELEME,76W572319A,20007757242,拾惠客24H超市(常熟碧溪镇店),江苏省,苏州市,
20251407,ELEME,76W572326A,20007770361,开心购生活超市(浦口店),江苏省,南京市,
20251407,ELEME,76W572327A,20007772055,全佳临便利店,湖北省,武汉市,
20251407,ELEME,76W572331A,20007779310,拾惠客24H超市(如皋长江镇店),江苏省,南通市,
20251407,ELEME,76W572335A,20007792132,超宜选精品超市(耒阳店),湖南省,衡阳市,
20251407,ELEME,76W572336A,20007793052,开心购生活超市(宁谷路店),江苏省,南京市,
20251407,ELEME,76W572337A,20007800453,迪购超市(美峰创谷店),福建省,厦门市,
20251407,ELEME,76W572338A,20007803186,快客达环球超市(新转塘店),浙江省,杭州市,
20251407,ELEME,76W572346A,20007817403,NOW即享快送超市(万达店),河南省,郑州市,
20251407,ELEME,76W572350A,20007823164,热唛仓便利超市,湖南省,长沙市,
20251407,ELEME,76W572351A,20007829253,佳品易购(广安门店),北京市,北京市,
20251407,ELEME,76W572359A,20007841207,美希乐选超市(苏州高新店),江苏省,苏州市,
20251407,ELEME,76W572361A,20007848190,海后便利超市(观海国际店),辽宁省,葫芦岛市,
20251407,ELEME,76W572363A,20007852491,嘉急达超市(鹿城店),浙江省,温州市,
20251407,ELEME,76W572377A,20007880151,小熊购生活超市(永泰店),广东省,广州市,
20251407,ELEME,76W572378A,20007880298,惠邻百佳超市(建国北路店),浙江省,杭州市,
20251407,ELEME,76W572383A,20007891123,快客达环球超市(润州店),江苏省,镇江市,
20251407,ELEME,76W572384A,20007892192,NOW即享快送超市(省医店),河南省,郑州市,
20251407,ELEME,76W572385A,20007893124,新世纪超市(秦淮店),江苏省,南京市,
20251407,ELEME,76W572395A,20007922147,NOW即享快送超市(吾悦店),湖北省,宜昌市,
20251407,ELEME,76W572398A,20007959364,厉臣便利店(丽水遂昌水阁店),浙江省,丽水市,
20251407,ELEME,76W572402A,20007967460,团团生活超市(曲阜店),山东省,济宁市,
20251407,ELEME,76W572406A,20007981218,燃鲸购精品超市,河南省,平顶山市,
20251407,ELEME,76W572408A,20007984371,珍惠达超市(滨海新区店),天津市,天津市,
20251407,ELEME,76W572409A,20007985273,繁花优选超市(观前街店),江苏省,苏州市,
20251407,ELEME,76W572410A,20007988241,厉臣便利店(宁波慈城镇店),浙江省,宁波市,
20251407,ELEME,76W572412A,20007996387,欢乐送超市(文昌街店),黑龙江省,哈尔滨市,
20251407,ELEME,76W572416A,20008009132,711便利店(淄博临淄方正2009南区店),山东省,淄博市,
20251407,ELEME,76W572417A,20008014461,麦格·精品超市(六安店),安徽省,六安市,
20251407,ELEME,76W572418A,20008021026,团团生活超市(潍坊店),山东省,潍坊市,
20251407,ELEME,76W572422A,20008028226,惠美优选超市(闵行店),上海市,上海市,
20251407,ELEME,76W572423A,20008033242,厦一单超市(上街店),福建省,福州市,
20251407,ELEME,76W572424A,20008034461,拾惠客24H超市(泰兴黄桥镇店),江苏省,泰州市,
20251407,ELEME,76W572426A,20008036406,佳品易购(定海园店),北京市,北京市,
20251407,ELEME,76W572427A,20008059179,快时多(阜阳市店),安徽省,阜阳市,
20251407,ELEME,76W572430A,20008062139,惠买到家(状元里店),江苏省,盐城市,
20251407,ELEME,76W572433A,20008069195,盛吉惠优选超市(金坛店),江苏省,常州市,
20251407,ELEME,76W572436A,20008078022,拾惠客24H超市(桐乡崇福镇店),浙江省,嘉兴市,
20251407,ELEME,76W572439A,20008081232,幸福家园24H超市(世纪商贸城店),河北省,沧州市,
20251407,ELEME,76W572443A,20008099320,厉臣便利店(蚌埠山香路店),安徽省,蚌埠市,
20251407,ELEME,76W572448A,20008109466,爱家超市(诸暨大唐店),浙江省,绍兴市,
20251407,ELEME,76W572452A,20008113358,家乐选超市(大学城店),黑龙江省,哈尔滨市,
20251407,ELEME,76W572453A,20008118422,拾惠客24H超市(沈阳兴华南街店),辽宁省,沈阳市,
20251407,ELEME,76W572461A,20008138184,拾惠客24H超市(洮南光明北街店),吉林省,白城市,
20251407,ELEME,76W572462A,20008138212,吉友超市(晋江店),福建省,泉州市,
20251407,ELEME,76W572464A,20008150435,惠邻百佳超市(西安路店),辽宁省,大连市,
20251407,ELEME,76W572467A,20008155264,好惠来超市(泰东店),江苏省,泰州市,
20251407,ELEME,76W572469A,20008160173,拾惠客24H超市(亳州仙翁路店),安徽省,亳州市,
20251407,ELEME,76W572471A,20008182381,猫猫快送超市(长安店),广东省,东莞市,
20251407,ELEME,76W572475A,20008187379,拾惠客24h超市(金安区三十铺镇长江东路店),安徽省,六安市,
20251407,ELEME,76W572479A,20008198395,拾惠客24H超市(沙县长富南路店),福建省,三明市,
20251407,ELEME,76W572482A,20008208105,小鹿惠购超市(贸易广场店),江西省,宜春市,
20251407,ELEME,76W572483A,20008210277,厉臣便利店(宁波石浦店),浙江省,宁波市,
20251407,ELEME,76W572487A,20008226247,优品生活超市,广东省,深圳市,
20251407,ELEME,76W572488A,20008238043,拾惠客24H超市(屏南长汾东路店),福建省,宁德市,
20251407,ELEME,76W572489A,20008238222,拾惠客24h超市(胶州广州北路店),山东省,青岛市,
20251407,ELEME,76W572490A,20008240196,迪购超市(漳州港二店),福建省,漳州市,
20251407,ELEME,76W572491A,20008244168,迪购超市(深圳桥头店),广东省,深圳市,
20251407,ELEME,76W572492A,20008244229,盒马鲜生(滁州吾悦广场店),安徽省,滁州市,
20251407,ELEME,76W572493A,20008246116,NOW即享超市(潜江店),湖北省,潜江市,
20251407,ELEME,76W572495A,20008264035,鲸GO生活超市(花都店),广东省,广州市,
20251407,ELEME,76W572496A,20008305406,盒马鲜生(徐州云龙万达店),江苏省,徐州市,
20251407,ELEME,76W572497A,20008316435,网易严选·快送超市(奥体店),浙江省,杭州市,
20251407,ELEME,76W572499A,20008399491,厉臣便利店(柘荣县仙屿路店),福建省,宁德市,
20251407,ELEME,76W572501A,20008409261,米你购生活超市(长兴店),浙江省,湖州市,
20251407,ELEME,76W572503A,20008412451,嘉急达超市(嘉兴南湖店),浙江省,嘉兴市,
20251407,ELEME,76W572504A,20008425294,优沃森超市(奥体中心店),山东省,济南市,
20251407,ELEME,76W572505A,20008425310,快客达环球超市(安庆店),安徽省,安庆市,
20251407,ELEME,76W572506A,20008428226,厉臣便利店(福清龙田店),福建省,福州市,
20251407,ELEME,76W572509A,20008434192,沃家惠生活超市(雨花台店),江苏省,南京市,
20251407,ELEME,76W572511A,20008445013,快客达环球超市(六合店),江苏省,南京市,
20251407,ELEME,76W572512A,20008446301,惠邻百佳超市(韩乐坊店),山东省,威海市,
20251407,ELEME,76W572514A,20008466092,厉臣便利店(宜春市上高店),江西省,宜春市,
20251407,ELEME,76W572515A,20008468097,麦客联华超市(莱山店),山东省,烟台市,
20251407,ELEME,76W572516A,20008473009,厉臣便利店(城阳火炬路店),山东省,青岛市,
20251407,ELEME,76W572517A,20008477132,711便利店(景洪曼城店),云南省,西双版纳傣族自治州,
20251407,ELEME,76W572518A,20008481340,树懒先生超市(世纪城店),浙江省,宁波市,
20251407,ELEME,76W572519A,20008497353,超宜选精品超市(浮梁店),江西省,景德镇市,
20251407,ELEME,76W572520A,20008500355,迪购超市(澄海中心店),广东省,汕头市,
20251407,ELEME,76W572522A,20008516092,厉臣便利店(淮南潘集区店),安徽省,淮南市,
20251407,ELEME,76W572524A,20008548481,天猫小店(即刻超市金泽路店),四川省,成都市,
20251407,ELEME,76W572525A,20008551465,厉臣便利店(宿州双新路店),安徽省,宿州市,
20251407,ELEME,76W572526A,20008557428,厉臣便利店(尤溪解放路店),福建省,三明市,
20251407,ELEME,76W572527A,20008563381,天猫小店(吉象便利岷山路店),四川省,德阳市,
20251407,ELEME,76W572530A,20008579236,天猫小店(即刻超市东门店),四川省,成都市,
20251407,ELEME,76W572531A,20008579237,天猫小店(即刻超市府河路店),四川省,成都市,
20251407,ELEME,76W572532A,20008579438,拾惠客24H超市(大连虹锦路店),辽宁省,大连市,
20251407,ELEME,76W572534A,20008580234,天猫小店(五块石店),四川省,成都市,
20251407,ELEME,76W572535A,20008585385,拾惠客24H超市(绥化中直北路店),黑龙江省,绥化市,
20251407,ELEME,76W572537A,20008589115,天猫小店(龙跃丽都路店),四川省,绵阳市,
20251407,ELEME,76W572539A,20008591130,天猫小店(吉象便利安昌路店),四川省,绵阳市,
20251407,ELEME,76W572540A,20008595031,天猫小店(金科路店),四川省,成都市,
20251407,ELEME,76W572542A,20008597336,新天地超市(绥化华府店),黑龙江省,绥化市,
20251407,ELEME,76W572544A,20008598477,海豚购(西兴店),浙江省,杭州市,
20251407,ELEME,76W572545A,20008612081,厉臣便利店(衢州开化店),浙江省,衢州市,
20251407,ELEME,76W572547A,20008618210,壹购汇超市(湾仔店),广东省,珠海市,
20251407,ELEME,76W572551A,20008628136,厦一单超市(星火路店),陕西省,西安市,
20251407,ELEME,76W572552A,20008630083,快时多超市(南浔店),浙江省,湖州市,
20251407,ELEME,76W572554A,20008637087,零小庆乐尔乐超市(宣城店),安徽省,宣城市,
20251407,ELEME,76W572555A,20008639347,美士多便利超市(东方红店),湖南省,长沙市,
20251407,ELEME,76W572556A,20008648110,拾惠客24H超市(烟台机场路店),山东省,烟台市,
20251407,ELEME,76W572557A,20008671006,拾惠客24H超市(哈尔滨解放大街店),黑龙江省,哈尔滨市,
20251407,ELEME,76W572558A,20008671242,拾惠客24H超市(九江共青城店),江西省,九江市,
20251407,ELEME,76W572560A,20008685349,厉臣便利店(闽侯县南通镇店),福建省,福州市,
20251407,ELEME,76W572561A,20008691124,拾惠客24H超市(咸宁大道店),湖北省,咸宁市,
20251407,ELEME,76W572564A,20008711038,沃玛希超市(海曙中心店),浙江省,宁波市,
20251407,ELEME,76W572567A,20008714005,拾惠客24H超市(随州迎宾大道店),湖北省,随州市,
20251407,ELEME,76W572568A,20008717099,省心购鲸选超市(建阳店),福建省,南平市,
20251407,ELEME,76W572570A,20008724083,拾惠客24H超市(福州闽侯店),福建省,福州市,
20251407,ELEME,76W572575A,20008794048,三兄弟生活超市(观沙岭店),湖南省,长沙市,
20251407,ELEME,76W572577A,20008903188,厉臣便利店(蚌埠朝阳路店),安徽省,蚌埠市,
20251407,ELEME,76W573382A,1103573034,悦购生活超市(天虹店),福建省,厦门市,
20251407,ELEME,76W573439A,1107725076,惠美悠选超市(前滩店),上海市,上海市,
20251407,ELEME,76W573564A,1111028027,沃缤纷超市(江岸店),湖北省,武汉市,
20251407,ELEME,76W573587A,1111539484,华乐超市(川沙店),上海市,上海市,
20251407,ELEME,76W573596A,1111720356,麦客联华超市(丰台店),北京市,北京市,
20251407,ELEME,76W573623A,1112472377,惠通优品超市(万象汇店),山东省,青岛市,
20251407,ELEME,76W573625A,1112746297,超前生鲜超市(柳城店),福建省,泉州市,
20251407,ELEME,76W573646A,1113052247,快客达环球超市(张家港店),江苏省,苏州市,
20251407,ELEME,76W573654A,1113135180,小仓精品超市(南坪店),重庆市,重庆市,
20251407,ELEME,76W573735A,20000332457,乐易购生活超市(汉口店),湖北省,武汉市,
20251407,ELEME,76W573739A,20000355268,快客达环球超市(油坊桥店),江苏省,南京市,
20251407,ELEME,76W573751A,20000439373,好邻居超市(厦门中山路店),福建省,厦门市,
20251407,ELEME,76W573879A,20001280414,喜惠享24h精品超市(阜阳店),安徽省,阜阳市,
20251407,ELEME,76W574031A,20002178028,爱乐达一站式超市(东台店),江苏省,盐城市,
20251407,ELEME,76W574112A,20002687229,快客达.环球超市(龙湾万达e城e家店),浙江省,温州市,
20251407,ELEME,76W574134A,20002794426,沃缤纷超市(东山店),湖北省,宜昌市,
20251407,ELEME,76W574136A,20002800219,沃缤纷超市(吾悦店),湖北省,宜昌市,
20251407,ELEME,76W574156A,20002894290,昔多购超市(凯里店),贵州省,黔东南苗族侗族自治州,
20251407,ELEME,76W574166A,20002933326,沃缤纷超市(杨园南路店),湖北省,武汉市,
20251407,ELEME,76W574172A,20002962009,沃缤纷超市(后湖店),湖北省,武汉市,
20251407,ELEME,76W574191A,20003068297,棋茂鑫·便利超市(首南店),浙江省,宁波市,
20251407,ELEME,76W574192A,20003069280,棋茂鑫·精品超市(上城店),浙江省,杭州市,
20251407,ELEME,76W574221A,20003267319,隋你购连锁超市(博物馆店),河北省,石家庄市,
20251407,ELEME,76W574246A,20003409242,星马快送超市(航天大厦店),浙江省,杭州市,
20251407,ELEME,76W574248A,20003413061,京东便利店(布吉总店),广东省,深圳市,
20251407,ELEME,76W574256A,20003468250,越惠淘超市(大沥店),广东省,佛山市,
20251407,ELEME,76W574284A,20003645039,京东便利店(舒也时代广场店),上海市,上海市,
20251407,ELEME,76W574312A,20003834429,越惠淘超市(潮安店),广东省,潮州市,
20251407,ELEME,76W574345A,20004118273,京东便利店(陈埭店),福建省,泉州市,
20251407,ELEME,76W574352A,20004171433,厦一单超市(贵阳店),贵州省,贵阳市,
20251407,ELEME,76W574374A,20004245168,喜惠享24h精品超市(云岩区店),贵州省,贵阳市,
20251407,ELEME,76W574377A,20004258420,易惠达超市(七宝店),上海市,上海市,
20251407,ELEME,76W574410A,20004376441,京东便利店(东大街店),河南省,郑州市,
20251407,ELEME,76W574468A,20004701417,术木文创(国宾府店),贵州省,贵阳市,
20251407,ELEME,76W574488A,20004914484,京分达便利店(吴川店),广东省,湛江市,
20251407,ELEME,76W574492A,20004963321,仓鼠宜佳超市(盘州店),贵州省,六盘水市,
20251407,ELEME,76W574536A,20005233252,京东便利店(延吉中心店),吉林省,延边朝鲜族自治州,
20251407,ELEME,76W574602A,20005368177,京东便利店(应天门店),河南省,洛阳市,
20251407,ELEME,76W574606A,20005387192,乐购汪超市(奉贤中心店),上海市,上海市,
20251407,ELEME,76W574633A,20005477478,树懒先生超市(渝北店),重庆市,重庆市,
20251407,ELEME,76W574635A,20005478295,宅小熊超市(番禺店),广东省,广州市,
20251407,ELEME,76W574641A,20005490023,京东便利店(庐阳店),安徽省,合肥市,
20251407,ELEME,76W574646A,20005518049,小饿生活全能超市(邢台店),河北省,邢台市,
20251407,ELEME,76W574656A,20005582246,优鲸选·云端超市(新沂店),江苏省,徐州市,
20251407,ELEME,76W574661A,20005622045,永利生活超市(南大街店),辽宁省,沈阳市,
20251407,ELEME,76W574663A,20005631208,京东便利店(余姚新城市店),浙江省,宁波市,
20251407,ELEME,76W574664A,20005631210,京东便利店(光谷大道店),湖北省,武汉市,
20251407,ELEME,76W574666A,20005641041,熊猫小仓超市(青山湖店),江西省,南昌市,
20251407,ELEME,76W574671A,20005668228,京东便利店(莲湖店),陕西省,西安市,
20251407,ELEME,76W574678A,20005705429,开仓了百货超市,山东省,青岛市,
20251407,ELEME,76W574689A,20005771339,快时多超市(观山湖店),贵州省,贵阳市,
20251407,ELEME,76W574707A,20005838449,京东便利店(临泉店),安徽省,阜阳市,
20251407,ELEME,76W574708A,20005842496,沃玛希便利店(双东方店),浙江省,宁波市,
20251407,ELEME,76W574712A,20005868281,京东便利店(空港店),天津市,天津市,
20251407,ELEME,76W574731A,20005958060,JustFresh捷德鲜超市(浦东中心店),上海市,上海市,
20251407,ELEME,76W574738A,20006010064,沃玛希超市(永康万达店),浙江省,金华市,
20251407,ELEME,76W574742A,20006051251,快时多超市(宁海店),浙江省,宁波市,
20251407,ELEME,76W574746A,20006075476,京东便利店(南京博物院店),江苏省,南京市,
20251407,ELEME,76W574748A,20006079330,京东便利店(河西中心店),天津市,天津市,
20251407,ELEME,76W574754A,20006092358,榛好物超市(江岸店),湖北省,武汉市,
20251407,ELEME,76W574759A,20006133284,熊猫购(蒙城店),安徽省,亳州市,
20251407,ELEME,76W574774A,20006329235,京东便利店(五里店),重庆市,重庆市,
20251407,ELEME,76W574780A,20006419060,京东便利店(中南店),江苏省,盐城市,
20251407,ELEME,76W574789A,20006464444,京东便利店(新都店),四川省,成都市,
20251407,ELEME,76W574791A,20006469237,时代优选超市(文涵店),上海市,上海市,
20251407,ELEME,76W574808A,20007170386,京东便利店(石芽岭店),广东省,深圳市,
20251407,ELEME,76W574839A,20007348158,世纪华联品乐超市(金桥店),上海市,上海市,
20251407,ELEME,76W574843A,20007366103,惠邻百佳超市(小寨店),陕西省,西安市,
20251407,ELEME,76W574848A,20007372075,京东便利店(漳华路店),福建省,漳州市,
20251407,ELEME,76W574856A,20007385006,乐购汪超市(高新区店),江苏省,苏州市,
20251407,ELEME,76W574863A,20007390180,闪电猫生活超市(莘庄店),上海市,上海市,
20251407,ELEME,76W574865A,20007392314,海豚购(滁州店),安徽省,滁州市,
20251407,ELEME,76W574867A,20007404472,青屿便利超市(钱隆首府店),广西壮族自治区,南宁市,
20251407,ELEME,76W574875A,20007483159,世纪生活超市(唐镇精品店),上海市,上海市,
20251407,ELEME,76W574882A,20007504022,京东便利店(荔湾店),广东省,广州市,
20251407,ELEME,76W574889A,20007512023,快捷购精品超市(市北店),山东省,青岛市,
20251407,ELEME,76W574891A,20007516452,京东便利店(龙城店),广东省,深圳市,
20251407,ELEME,76W574901A,20007532465,拾爱月供应链,黑龙江省,哈尔滨市,
20251407,ELEME,76W574907A,20007541075,超宜选精品超市(衢州店),浙江省,衢州市,
20251407,ELEME,76W574909A,20007547261,万惠莱生活超市(玉泉路店),北京市,北京市,
20251407,ELEME,76W574910A,20007548019,家运超市(天心店),湖南省,长沙市,
20251407,ELEME,76W574912A,20007553015,家运超市(岳麓店),湖南省,长沙市,
20251407,ELEME,76W574914A,20007555024,家运超市(雨花店),湖南省,长沙市,
20251407,ELEME,76W574917A,20007559005,超宜选精品超市(莆田一店),福建省,莆田市,
20251407,ELEME,76W574918A,20007561023,超宜选精品超市(金华店),浙江省,金华市,
20251407,ELEME,76W574927A,20007574420,即时购生活超市(太平桥店),黑龙江省,哈尔滨市,
20251407,ELEME,76W574931A,20007586125,考拉易购生活超市(罗湖店),广东省,深圳市,
20251407,ELEME,76W574932A,20007591021,惠美佳超市(镇江新区店),江苏省,镇江市,
20251407,ELEME,76W574954A,20007651338,斑马生活特价超市(阿里店),浙江省,杭州市,
20251407,ELEME,76W574961A,20007697144,小吉优选超市,安徽省,阜阳市,
20251407,ELEME,76W574963A,20007704344,超然速达便利店,黑龙江省,绥化市,
20251407,ELEME,76W574977A,20007769426,京东便利店(万象城店),江苏省,泰州市,
20251407,ELEME,76W574983A,20007778448,斑马生活超市(林和东店),广东省,广州市,
20251407,ELEME,76W574989A,20007796279,有客邻里生活超市(武进店),江苏省,常州市,
20251407,ELEME,76W574996A,20007824062,京东便利店(璧山店),重庆市,重庆市,
20251407,ELEME,76W575004A,20007853181,京东便利店(黑龙江绥化店),黑龙江省,绥化市,
20251407,ELEME,76W575005A,20007868340,天天到家超市(胶州店),山东省,青岛市,
20251407,ELEME,76W575009A,20007881328,优上佳超市(徐汇店),上海市,上海市,
20251407,ELEME,76W575012A,20007891465,京东便利店(财富广场店),福建省,宁德市,
20251407,ELEME,76W575014A,20007895076,嘉急达超市(龙湾店),浙江省,温州市,
20251407,ELEME,76W575026A,20007946473,京东便利店(方塔街店),江苏省,苏州市,
20251407,ELEME,76W575027A,20007951277,NOW即享超市(保广店),河北省,保定市,
20251407,ELEME,76W575042A,20008032189,宅小熊超市(南京店),江苏省,南京市,
20251407,ELEME,76W575051A,20008067321,宅小熊超市(信阳店),河南省,信阳市,
20251407,ELEME,76W575053A,20008073165,永利生活超市(锦州店),辽宁省,锦州市,
20251407,ELEME,76W575056A,20008080050,优佳精品超市(新站店),安徽省,合肥市,
20251407,ELEME,76W575062A,20008086062,近距梨超市(宜兴店),江苏省,无锡市,
20251407,ELEME,76W575065A,20008095367,华欣超市(春熙路店),四川省,成都市,
20251407,ELEME,76W575067A,20008102315,京东便利店(凯旋路店),浙江省,杭州市,
20251407,ELEME,76W575080A,20008144042,1+精品超市(慈云寺店),北京市,北京市,
20251407,ELEME,76W575081A,20008145035,1+精品超市(东城店),北京市,北京市,
20251407,ELEME,76W575084A,20008147457,拾客精品超市(溧水店),江苏省,南京市,
20251407,ELEME,76W575093A,20008158429,公里购·精品超市(哈西店),黑龙江省,哈尔滨市,
20251407,ELEME,76W575100A,20008168499,沃缤纷超市(樊西店),湖北省,襄阳市,
20251407,ELEME,76W575101A,20008172198,拾客精品超市(南艳湖店),安徽省,合肥市,
20251407,ELEME,76W575104A,20008181396,京东便利店(四新店),湖北省,武汉市,
20251407,ELEME,76W575107A,20008183246,NOW即享超市(东西湖店),湖北省,武汉市,
20251407,ELEME,76W575108A,20008184145,京东便利店(靖江新城店),江苏省,泰州市,
20251407,ELEME,76W575116A,20008193234,小飞象超市(宝石店),广东省,深圳市,
20251407,ELEME,76W575123A,20008216088,沃缤纷超市(万象城店),江西省,赣州市,
20251407,ELEME,76W575128A,20008223103,世纪生活超市(松江店),上海市,上海市,
20251407,ELEME,76W575144A,20008300443,京东便利店(巢湖店),安徽省,合肥市,
20251407,ELEME,76W575146A,20008319448,京东便利店(大学城店),天津市,天津市,
20251407,ELEME,76W575148A,20008331245,惠邻百佳超市(红旗街店),吉林省,长春市,
20251407,ELEME,76W575149A,20008341065,拾客精品超市(高新店),安徽省,合肥市,
20251407,ELEME,76W575150A,20008343021,拾客精品超市(新站店),安徽省,合肥市,
20251407,ELEME,76W575156A,20008396461,京东便利店(浦口店),江苏省,南京市,
20251407,ELEME,76W575157A,20008409381,快客达超市(天府新区店),四川省,成都市,
20251407,ELEME,76W575163A,20008430208,闪电购精品超市(福州仓山店),福建省,福州市,
20251407,ELEME,76W575164A,20008433437,京东便利店(转塘中心店),浙江省,杭州市,
20251407,ELEME,76W575166A,20008437426,口袋便利店,黑龙江省,哈尔滨市,
20251407,ELEME,76W575167A,20008443118,术木优选超市(白云店),贵州省,贵阳市,
20251407,ELEME,76W575174A,20008463027,京东便利店(青洋花苑店),江苏省,常州市,
20251407,ELEME,76W575176A,20008467063,京东便利店(福安店),福建省,宁德市,
20251407,ELEME,76W575187A,20008520211,NOW即享超市(北大街店),山西省,太原市,
20251407,ELEME,76W575191A,20008551457,舫舟优选超市(集美中心店),福建省,厦门市,
20251407,ELEME,76W575195A,20008567334,近距梨超市(渝北店),重庆市,重庆市,
20251407,ELEME,76W575198A,20008586295,惠宜选超市(苍南店),浙江省,温州市,
20251407,ELEME,76W575201A,20008594261,京东便利店(泰安中心店),山东省,泰安市,
20251407,ELEME,76W575207A,20008602235,鲸鱼嗨购超市(汇源路店),上海市,上海市,
20251407,ELEME,76W575208A,20008603151,微笑客便利店(莞樟路店),广东省,东莞市,
20251407,ELEME,76W575214A,20008610237,星马快送超市(奉化店),浙江省,宁波市,
20251407,ELEME,76W575217A,20008613484,优沃森超市(胜浦店),江苏省,苏州市,
20251407,ELEME,76W575220A,20008620077,世纪华联品乐超市(徐家汇店),上海市,上海市,
20251407,ELEME,76W575224A,20008625450,京东便利店(湖州中心店),浙江省,湖州市,
20251407,ELEME,76W575227A,20008632201,龙腾超市,北京市,北京市,
20251407,ELEME,76W575229A,20008635376,京东便利店(湘浙店),湖南省,长沙市,
20251407,ELEME,76W575235A,20008642047,京东便利店(周口中心店),河南省,周口市,
20251407,ELEME,76W575239A,20008661455,宅小熊超市(苍南店),浙江省,温州市,
20251407,ELEME,76W575244A,20008677040,京东便利店(奥莱店),湖南省,长沙市,
20251407,ELEME,76W575264A,20008694496,万象臻选(金银潭店),湖北省,武汉市,
20251407,ELEME,76W575267A,20008696011,美士多便利超市(月亮岛店),湖南省,长沙市,
20251407,ELEME,76W575269A,20008697412,厉臣便利店(闽清解放大街店),福建省,福州市,
20251407,ELEME,76W575270A,20008699009,美士多便利超市(咸宁店),湖北省,咸宁市,
20251407,ELEME,76W575271A,20008699190,乐小二·连锁超市(扬州店),江苏省,扬州市,
20251407,ELEME,76W575275A,20008706335,永利生活超市(中山店),辽宁省,大连市,
20251407,ELEME,76W575280A,20008711447,宅小熊超市(清远店),广东省,清远市,
20251407,ELEME,76W575281A,20008714017,宅小熊超市(大明湖店),山东省,济南市,
20251407,ELEME,76W575286A,20008715409,全够优品(宜兴阜店),天津市,天津市,
20251407,ELEME,76W575287A,20008715415,榛好物超市(良渚店),浙江省,杭州市,
20251407,ELEME,76W575290A,20008717143,超级购生活超市(合肥店),安徽省,合肥市,
20251407,ELEME,76W575293A,20008721064,嘉急达超市(雨花店),湖南省,长沙市,
20251407,ELEME,76W575296A,20008723006,宅小熊超市(瑞安店),浙江省,温州市,
20251407,ELEME,76W575297A,20008724222,全够优品(宁园店),天津市,天津市,
20251407,ELEME,76W575299A,20008725499,星云便利店,辽宁省,葫芦岛市,
20251407,ELEME,76W575300A,20008726047,永利生活超市(营口店),辽宁省,营口市,
20251407,ELEME,76W575301A,20008726422,兴勤超市(鑫月广场店),广东省,惠州市,
20251407,ELEME,76W575303A,20008729059,永利生活超市(大东店),辽宁省,沈阳市,
20251407,ELEME,76W575306A,20008730162,全够优品(天拖店),天津市,天津市,
20251407,ELEME,76W575311A,20008749205,快乐购便利超市(晋安店),福建省,福州市,
20251407,ELEME,76W575313A,20008750221,京东便利店(徐州中心店),江苏省,徐州市,
20251407,ELEME,76W575314A,20008750238,京东便利店(新街口店),北京市,北京市,
20251407,ELEME,76W575320A,20008755179,快易家便利超市(仓山店),福建省,福州市,
20251407,ELEME,76W575321A,20008755307,京东便利店(融创店),山东省,济南市,
20251407,ELEME,76W575323A,20008758288,猫猫快送超市(睢阳中心店),河南省,商丘市,
20251407,ELEME,76W575324A,20008761373,惠邻百佳超市(大悦城店),浙江省,杭州市,
20251407,ELEME,76W575326A,20008767155,众吉生活超市,吉林省,通化市,
20251407,ELEME,76W575328A,20008770307,多米快送超市(三墩店),浙江省,杭州市,
20251407,ELEME,76W575330A,20008772006,京东便利店(徐州店),江苏省,徐州市,
20251407,ELEME,76W575343A,20008795018,惠尔便利(沈河店),辽宁省,沈阳市,
20251407,ELEME,76W575345A,20008796235,快时多超市(东阳店),浙江省,金华市,
20251407,ELEME,76W575346A,20008808339,刻达鸭超市,上海市,上海市,
20251407,ELEME,76W575347A,20008809406,沃缤纷超市(宜昌店),湖北省,宜昌市,
20251407,ELEME,76W575351A,20008820500,京东便利店(文登店),山东省,威海市,
20251407,ELEME,76W575354A,20008852195,麦客联华超市(哈尔滨店),黑龙江省,哈尔滨市,
20251407,ELEME,76W575356A,20008855229,仓鼠宜佳超市(佛山中心店),广东省,佛山市,
20251407,ELEME,76W575357A,20008855434,拾惠客24H超市(临海杜桥镇店),浙江省,台州市,
20251407,ELEME,76W575359A,20008858371,猫猫快送超市(南岸中心店),重庆市,重庆市,
20251407,ELEME,76W575360A,20008860450,超宜选精品超市(赣州店),江西省,赣州市,
20251407,ELEME,76W575361A,20008861098,京东便利店(开发区店),江苏省,南通市,
20251407,ELEME,76W575365A,20008882292,拾惠客24h超市(湖州港南路店),浙江省,湖州市,
20251407,ELEME,76W575367A,20008884281,京东便利店(无锡梁溪店),江苏省,无锡市,
20251407,ELEME,76W575368A,20008885057,苏小仓云端超市(响水店),江苏省,盐城市,
20251407,ELEME,76W575370A,20008897428,倍惠购超市(葫芦商贸城店),云南省,玉溪市,
20251407,ELEME,76W575371A,20008908125,京东便利店(南安梅亭店),福建省,泉州市,
20251407,ELEME,76W575374A,20008909084,新惠百货超市(北滘店),广东省,佛山市,
20251407,ELEME,76W575381A,20008937166,欢临精品超市(滁州世贸店),安徽省,滁州市,
20251407,ELEME,76W575382A,20008938096,小飞象超市(横琴店),广东省,珠海市,
20251407,ELEME,76W575384A,20008940039,长丰百货批发零售超市,上海市,上海市,
20251407,ELEME,76W575387A,20008940432,快赣特价超市(江桥店),上海市,上海市,
20251407,ELEME,76W575391A,20008954097,袋鼠便利超市(海丰店),广东省,汕尾市,
20251407,ELEME,76W575397A,20008978211,沃玛希精品超市(塘下店),浙江省,温州市,
20251407,ELEME,76W575400A,20009088383,京东便利店(湛江店),广东省,湛江市,
20251407,ELEME,76W575401A,20009090460,快买快乐·生活超市(曹路店),上海市,上海市,
20251407,ELEME,76W575405A,20009093322,秒购生活超市(思明店),福建省,厦门市,
20251407,ELEME,76W575406A,20009096397,京东便利店(阎良店),陕西省,西安市,
20251407,ELEME,76W575407A,20009124289,快赣特价超市(川沙店),上海市,上海市,
20251407,ELEME,76W575408A,20009202302,全够优品(广开店),天津市,天津市,
20251407,ELEME,76W575410A,20009203325,快赣特价超市(麒麟店),江苏省,南京市,
20251407,ELEME,76W575411A,20009207153,网易严选·快送超市(保山店),云南省,保山市,
20251407,ELEME,76W575412A,20009210187,拾惠客24H超市(延安中心街店),陕西省,延安市,
20251407,ELEME,76W575415A,20009215126,超宜选精品超市(翔安店),福建省,厦门市,
20251407,ELEME,76W575417A,20009219227,快赣特价超市(瑶海店),安徽省,合肥市,
20251407,ELEME,76W575418A,20009220399,京东便利店(佳木斯店),黑龙江省,佳木斯市,
20251407,ELEME,76W575419A,20009221329,宅捷送精品超市(萧山银泰店),浙江省,杭州市,
20251407,ELEME,76W575420A,20009225214,恭选精品超市(大都会店),安徽省,合肥市,
20251407,ELEME,76W575421A,20009227102,榛好物超市(富阳店),浙江省,杭州市,
20251407,ELEME,76W575423A,20009229069,迪购超市(黄石店),福建省,莆田市,
20251407,ELEME,76W575425A,20009237125,快赣特价超市(田林店),上海市,上海市,
20251407,ELEME,76W575427A,20009240354,天一超市(湖里店),福建省,厦门市,
20251407,ELEME,76W575429A,20009250025,快赣特价超市(莘庄店),上海市,上海市,
20251407,ELEME,76W575430A,20009251070,京东便利店(萧山总店),浙江省,杭州市,
20251407,ELEME,76W575431A,20009270026,超宜选精品超市(铜陵店),安徽省,铜陵市,
20251407,ELEME,76W575434A,20009276199,乐又达·快送超市(温江店),四川省,成都市,
20251407,ELEME,76W575436A,20009288475,乐熊严选(市府恒隆店),辽宁省,沈阳市,
20251407,ELEME,76W575437A,20009291308,快时多超市(廿三里店),浙江省,金华市,
20251407,ELEME,76W575438A,20009291351,焕熊真选超市(黄兴广场店),湖南省,长沙市,
20251407,ELEME,76W575439A,20009295136,惠立送超市(相城店),江苏省,苏州市,
20251407,ELEME,76W575440A,20009296244,友邻便利店通园大厦店,江苏省,苏州市,
20251407,ELEME,76W575443A,20009310164,万客华联超市(岳阳店),湖南省,岳阳市,
20251407,ELEME,76W575445A,20009314382,世纪优品百货超市(梁溪店),江苏省,无锡市,
20251407,ELEME,76W575449A,20009326466,HAKY超市(青秀店),广西壮族自治区,南宁市,
20251407,ELEME,76W575451A,20009335392,惠邻百佳超市(硚口店),湖北省,武汉市,
20251407,ELEME,76W575455A,20009347283,京东便利店(淮北店),安徽省,淮北市,
20251407,ELEME,76W575456A,20009355498,京选超市(9号仓店),山东省,青岛市,
20251407,ELEME,76W575457A,20009356369,京东便利店(城市中心店),安徽省,阜阳市,
20251407,ELEME,76W575459A,20009400004,鲸鱼嗨购超市(华新店),上海市,上海市,
20251407,ELEME,76W575461A,20009460316,放心品购超市(老佛爷店),浙江省,嘉兴市,
20251407,ELEME,76W575462A,20009461117,迪购超市(台江榕都店),福建省,福州市,
20251407,ELEME,76W575463A,20009464083,拾客精品超市(温州景山店),浙江省,温州市,
20251407,ELEME,76W575465A,20009471128,超宜选精品超市(浏阳店),湖南省,长沙市,
20251407,ELEME,76W575466A,20009473281,京东便利店(南京江北店),江苏省,南京市,
20251407,ELEME,76W575473A,20009490072,满佳喜超市(金坛店),江苏省,常州市,
20251407,ELEME,76W575475A,20009490163,大于臻选超市(濮院店),浙江省,嘉兴市,
20251407,ELEME,76W575476A,20009491397,京东便利店(随州店),湖北省,随州市,
20251407,ELEME,76W575479A,20009494365,京东便利店(六安店),安徽省,六安市,
20251407,ELEME,76W575484A,20009504020,左右邻居24h超市(李沧店),山东省,青岛市,
20251407,ELEME,76W575485A,20009504240,迪购超市(罗源店),福建省,福州市,
20251407,ELEME,76W575488A,20009508456,惠美悠选超市(奉贤店),上海市,上海市,
20251407,ELEME,76W575491A,20009510067,拾客精品超市(青云谱店),江西省,南昌市,
20251407,ELEME,76W575493A,20009512010,拾客精品超市(滨湖店),安徽省,合肥市,
20251407,ELEME,76W575494A,20009532210,拾惠客24H超市(佳木斯红旗街店),黑龙江省,佳木斯市,
20251407,ELEME,76W575495A,20009617077,宅小熊超市(新能源店),福建省,宁德市,
20251407,ELEME,76W575497A,20009633424,惠邻生活超市(石湖店),江苏省,苏州市,
20251407,ELEME,76W575505A,20009642146,拾惠客24H超市(黄冈明珠大道店),湖北省,黄冈市,
20251407,ELEME,76W575506A,20009644197,拾客精品超市(天门山路店),安徽省,芜湖市,
20251407,ELEME,76W575514A,20009658029,畅淘集市精品超市(奥体店),江苏省,南京市,
20251407,ELEME,76W575516A,20009660018,沃缤纷超市(漳河店),湖北省,荆门市,
20251407,ELEME,76W575524A,20009697172,哈士购超市(会展店),黑龙江省,哈尔滨市,
20251407,ELEME,76W575526A,20009708196,艾易购超市(土城店),天津市,天津市,
20251407,ELEME,76W575527A,20009726298,世纪优品超市(古城店),云南省,大理白族自治州,
20251407,ELEME,76W575528A,20009726371,世纪优品超市(盛泽店),江苏省,苏州市,
20251407,ELEME,76W575532A,20009738030,拾惠客24H超市(贵溪雄石路店),江西省,鹰潭市,
20251407,ELEME,76W575533A,20009738055,京东便利店(京商商贸城店),安徽省,合肥市,
20251407,ELEME,76W575538A,20009742233,京东便利店(建邺店),江苏省,南京市,
20251407,ELEME,76W575542A,20009759003,艾易购超市(天津大学店),天津市,天津市,
20251407,ELEME,76W575544A,20009761045,比优特超市(长春上海路店),吉林省,长春市,
20251407,ELEME,76W575546A,20009765430,海豚东东便利店(万达茂店),江苏省,南京市,
20251407,ELEME,76W575550A,20009775050,京东便利店(娄底店),湖南省,娄底市,
20251407,ELEME,76W575555A,20009797437,迪购超市(浦口店),江苏省,南京市,
20251407,ELEME,76W575556A,20009800495,农姆客超市(海沧店),福建省,厦门市,
20251407,ELEME,76W575561A,20009813307,优沃森超市(尹山湖店),江苏省,苏州市,
20251407,ELEME,76W575562A,20009814479,宅鲜乐超市(北辰店),陕西省,西安市,
20251407,ELEME,76W575565A,20009825304,京东便利店(鄞州臻品店),浙江省,宁波市,
20251407,ELEME,76W575567A,20009837489,彤小姐超市(丽水店),浙江省,丽水市,
20251407,ELEME,76W575569A,20009866253,乐乐精品超市(大成路店),北京市,北京市,
20251407,ELEME,76W575571A,20009869119,永利生活超市(四平店),吉林省,四平市,
20251407,ELEME,76W575572A,20009869200,辛选惠(蠡鸣路店),江苏省,无锡市,
20251407,ELEME,76W575574A,20009873053,世纪华联品乐,上海市,上海市,
20251407,ELEME,76W575575A,20009873160,惠邻百佳超市(未来石店),河北省,保定市,
20251407,ELEME,76W575576A,20009873236,百乐佳购物超市,湖南省,长沙市,
20251407,ELEME,76W575577A,20009876247,永利生活超市(西安路店),辽宁省,大连市,
20251407,ELEME,76W575579A,20009884222,惠邻百佳超市(长安公园店),河北省,石家庄市,
20251407,ELEME,76W575580A,20009884495,沃玛希超市(金华店),浙江省,金华市,
20251407,ELEME,76W575586A,20009894121,易购超市(门头沟店),北京市,北京市,
20251407,ELEME,76W575589A,20009896205,沃玛希超市(杭州湾店),浙江省,宁波市,
20251407,ELEME,76W575590A,20009899111,乐小二·易买严选超市(临安店),浙江省,杭州市,
20251407,ELEME,76W575596A,20009910058,榛好物超市(九堡店),浙江省,杭州市,
20251407,ELEME,76W575601A,20009919474,沃玛希超市(温岭店),浙江省,台州市,
20251407,ELEME,76W575602A,20009926447,拾惠客24H超市(常州遥观镇店),江苏省,常州市,
20251407,ELEME,76W575603A,20009927489,沃玛希超店(临城店),浙江省,舟山市,
20251407,ELEME,76W575604A,20009940379,缘福达·超享购精品超市(韶关店),广东省,韶关市,
20251407,ELEME,76W575607A,20009945477,京选便利超市(三月街店),云南省,大理白族自治州,
20251407,ELEME,76W575609A,20010016334,沃玛希超店(姜山店),浙江省,宁波市,
20251407,ELEME,76W575613A,20010025243,京东便利店(三元店),福建省,三明市,
20251407,ELEME,76W575614A,20010029027,超宜选精品超市(大理店),云南省,大理白族自治州,
20251407,ELEME,76W575616A,20010031457,沃玛希超市(路桥店),浙江省,台州市,
20251407,ELEME,76W575620A,20010034229,沃玛希超店(衢州店),浙江省,衢州市,
20251407,ELEME,76W575621A,20010034357,盒马鲜生(东莞海德汇一城店),广东省,东莞市,
20251407,ELEME,76W575625A,20010041412,树懒先生超市(菏泽店),山东省,菏泽市,
20251407,ELEME,76W575627A,20010048235,迪购超市(中山街店),福建省,厦门市,
20251407,ELEME,76W575632A,20010060052,拾惠客24H超市(象富广场店),江苏省,淮安市,
20251407,ELEME,76W575635A,20010064136,嘟有便利店,江苏省,无锡市,
20251407,ELEME,76W575647A,20010183145,宜万佳超市(宁波江北店),浙江省,宁波市,
20251407,ELEME,76W575652A,20010204101,恭选精品超市(神山店),安徽省,芜湖市,
20251407,ELEME,76W575656A,20010287383,昔多购超市(福州店),福建省,福州市,
20251407,ELEME,76W575657A,20010289393,尚诚购超市(江油店),四川省,绵阳市,
20251407,ELEME,76W575664A,20010307491,惠美悠选超市(海洲店),江苏省,连云港市,
20251407,ELEME,76W575667A,20010317210,京东便利店(人民广场店),广东省,梅州市,
20251407,ELEME,76W575670A,20010321361,永利生活超市(惠友店),辽宁省,沈阳市,
20251407,ELEME,76W575671A,20010322344,京东便利店(定海中心店),浙江省,舟山市,
20251407,ELEME,76W575675A,20010326341,优沃森超市(唯亭店),江苏省,苏州市,
20251407,ELEME,76W575683A,20010370327,京东便利店(牡丹江店),黑龙江省,牡丹江市,
20251407,ELEME,76W575687A,20010372234,宅小熊超市(栖霞店),江苏省,南京市,
20251407,ELEME,76W575690A,20010376028,优沃森超市(黄埭店),江苏省,苏州市,
20251407,ELEME,76W575691A,20010378168,比优特超市(七台河店),黑龙江省,七台河市,
20251407,ELEME,76W575693A,20010379385,枫优精品超市(坪地店),广东省,深圳市,
20251407,ELEME,76W575694A,20010408158,世纪精品超市(美兰湖店),上海市,上海市,
20251407,ELEME,76W575697A,20010424281,畅淘集市精品超市(金箔路店),江苏省,南京市,
20251407,ELEME,76W575698A,20010430376,京东便利店(舟山普陀店),浙江省,舟山市,
20251407,ELEME,76W575699A,20010431306,沃玛希超市(鄞州中心店),浙江省,宁波市,
20251407,ELEME,76W575700A,20010435445,惠邻百佳超市(北七家店),北京市,北京市,
20251407,ELEME,76W575704A,20010439469,雅斯超市(应城全州盛世城店),湖北省,孝感市,
20251407,ELEME,76W575708A,20010443084,京东便利店(鸡西店),黑龙江省,鸡西市,
20251407,ELEME,76W575712A,20010447370,公里购·精品超市(德清店),浙江省,湖州市,
20251407,ELEME,76W575713A,20010448210,猫猫快送超市(东城中心店),广东省,东莞市,
20251407,ELEME,76W575716A,20010458046,惠美悠选超市(南通店),江苏省,南通市,
20251407,ELEME,76W575718A,20010462307,沃玛希超市(联丰店),浙江省,宁波市,
20251407,ELEME,76W575720A,20010464472,欢乐购生活超市(普陀店),上海市,上海市,
20251407,ELEME,76W575721A,20010468341,京东便利店(金普新区店),辽宁省,大连市,
20251407,ELEME,76W575722A,20010472023,世纪华联超市(南京西路店),江西省,南昌市,
20251407,ELEME,76W575724A,20010473443,特零生活超市(江北店),广东省,惠州市,
20251407,ELEME,76W575726A,20010477169,京东便利店(仙游店),福建省,莆田市,
20251407,ELEME,76W575728A,20010478385,沃玛希超市(百丈店),浙江省,宁波市,
20251407,ELEME,76W575730A,20010541058,惠小团超市(温州总店),浙江省,温州市,
20251407,ELEME,76W575731A,20010541064,京东便利店(宿州店),安徽省,宿州市,
20251407,ELEME,76W575732A,20010541346,惠邻百佳超市(空港店),天津市,天津市,
20251407,ELEME,76W575734A,20010544007,全佳临百货超市(榆树店),吉林省,长春市,
20251407,ELEME,76W575736A,20010544346,微购生活超市,山西省,太原市,
20251407,ELEME,76W575737A,20010548463,汇购兔超市(芝罘区店),山东省,烟台市,
20251407,ELEME,76W575739A,20010550087,沃玛希超市(东部店),浙江省,宁波市,
20251407,ELEME,76W575741A,20010552378,京东便利店(盐步店),广东省,佛山市,
20251407,ELEME,76W575743A,20010558132,小棕熊便利店,江苏省,无锡市,
20251407,ELEME,76W575744A,20010558278,特零生活超市(大亚湾店),广东省,惠州市,
20251407,ELEME,76W575745A,20010558301,速卖熊超市(同德店),云南省,昆明市,
20251407,ELEME,76W575746A,20010559067,优鲸选·云端超市(云龙万达店),江苏省,徐州市,
20251407,ELEME,76W575749A,20010560054,惠邻百佳超市(房山良乡店),北京市,北京市,
20251407,ELEME,76W575751A,20010561434,臻选精品生活超市(青山店),湖北省,武汉市,
20251407,ELEME,76W575752A,20010562209,沃玛希精品超市(江北店),浙江省,宁波市,
20251407,ELEME,76W575756A,20010566204,特零生活超市(麦地店),广东省,惠州市,
20251407,ELEME,76W575759A,20010568177,沃玛希超市(海曙店),浙江省,宁波市,
20251407,ELEME,76W575764A,20010574182,惠美悠选超市(奉贤中心店),上海市,上海市,
20251407,ELEME,76W575766A,20010574433,买哆哆折扣超市(邦宁店),江苏省,南京市,
20251407,ELEME,76W575769A,20010575414,舫舟优选生活超市(榕城店),广东省,揭阳市,
20251407,ELEME,76W575770A,20010576364,沃玛希超市(慈溪店),浙江省,宁波市,
20251407,ELEME,76W575773A,20010578182,京东便利店(北湖店),广西壮族自治区,南宁市,
20251407,ELEME,76W575777A,20010579091,松鼠乐购超市(解放碑店),重庆市,重庆市,
20251407,ELEME,76W575779A,20010583204,惠邻百佳超市(黄村店),北京市,北京市,
20251407,ELEME,76W575780A,20010584230,惠邻百佳超市(西红门店),北京市,北京市,
20251407,ELEME,76W575784A,20010595116,沃玛希超市(镇海新城店),浙江省,宁波市,
20251407,ELEME,76W575785A,20010595396,宅小熊超市(丽江店),云南省,丽江市,
20251407,ELEME,76W575788A,20010603105,昔多购超市(鹰潭店),江西省,鹰潭市,
20251407,ELEME,76W575792A,20010605451,品聚24小时超市,上海市,上海市,
20251407,ELEME,76W575794A,20010607348,惠元超市(豆各庄店),北京市,北京市,
20251407,ELEME,76W575796A,20010607493,京东便利店(东港店),辽宁省,丹东市,
20251407,ELEME,76W575797A,20010608196,京东便利店(吴中石湖店),江苏省,苏州市,
20251407,ELEME,76W575801A,20010614298,京东便利店(绿地468店),四川省,成都市,
20251407,ELEME,76W575806A,20010623040,万佳惠超市(广丰店),江西省,上饶市,
20251407,ELEME,76W575808A,20010630051,智慧臻选超市,河南省,信阳市,
20251407,ELEME,76W575810A,20010630468,迪购超市(闽侯店),福建省,福州市,
20251407,ELEME,76W575812A,20010645022,海豚东东生活超市(曹路店),上海市,上海市,
20251407,ELEME,76W575816A,20010668404,易购超市(宣武门店),北京市,北京市,
20251407,ELEME,76W575818A,20010668489,拾惠客24h超市(福鼎天湖路店),福建省,宁德市,
20251407,ELEME,76W575819A,20010669233,拾惠客24h超市(南京爱陵路店),江苏省,南京市,
20251407,ELEME,76W575823A,20010671443,迪购超市(淮安店),江苏省,淮安市,
20251407,ELEME,76W575828A,20010709375,厉臣便利店(响水黄海路店),江苏省,盐城市,
20251407,ELEME,76W575830A,20010741356,猴哥百货·快送超市(拱墅店),浙江省,杭州市,
20251407,ELEME,76W575833A,20010743098,乐爱达甄选超市(荣成市店),山东省,威海市,
20251407,ELEME,76W575834A,20010743454,拾惠客24h超市(南京珠泉西路店),江苏省,南京市,
20251407,ELEME,76W575837A,20010745348,乐小鼠便利(北七家店),北京市,北京市,
20251407,ELEME,76W575838A,20010747205,迪购超市(东山铜陵店),福建省,漳州市,
20251407,ELEME,76W575839A,20010747476,惠邻百佳超市(紫庐店),安徽省,合肥市,
20251407,ELEME,76W575841A,20010748172,京东便利店(桐柏路店),河南省,郑州市,
20251407,ELEME,76W575843A,20010749161,惠邻百佳超市(崂山店),山东省,青岛市,
20251407,ELEME,76W575846A,20010750475,飞愉即送超市(产业园店),安徽省,合肥市,
20251407,ELEME,76W575847A,20010751135,世纪优品超市(川沙店),上海市,上海市,
20251407,ELEME,76W575851A,20010754201,惠宜选超市(花港幸福城店),江苏省,南京市,
20251407,ELEME,76W575852A,20010755119,宝利·精选超市(万国公馆店),辽宁省,大连市,
20251407,ELEME,76W575854A,20010756067,京东便利店(朝阳店),辽宁省,朝阳市,
20251407,ELEME,76W575857A,20010759366,百联多超市(马家堡店),北京市,北京市,
20251407,ELEME,76W575860A,20010763274,拾惠客24h超市(阜阳太和大道店),安徽省,阜阳市,
20251407,ELEME,76W575862A,20010763306,永相逢(城北店),福建省,泉州市,
20251407,ELEME,76W575864A,20010764123,世纪优品超市(恒大御景店),江苏省,无锡市,
20251407,ELEME,76W575865A,20010764277,百联多超市(安贞桥店),北京市,北京市,
20251407,ELEME,76W575866A,20010766352,拾惠客24h超市(宁化中环南路店),福建省,三明市,
20251407,ELEME,76W575870A,20010771367,吉友超市(园区店),江苏省,苏州市,
20251407,ELEME,76W575877A,20010783090,易购超市(顺义店),北京市,北京市,
20251407,ELEME,76W575878A,20010784224,圆淘生活超市(江宁店),江苏省,南京市,
20251407,ELEME,76W575879A,20010787494,树懒先生超市(常德店),湖南省,常德市,
20251407,ELEME,76W575882A,20010795357,树懒先生超市(亳州谯城店),安徽省,亳州市,
20251407,ELEME,76W575884A,20010797404,树懒先生超市(南外店),四川省,达州市,
20251407,ELEME,76W575885A,20010805216,树懒先生超市(龙泉驿店),四川省,成都市,
20251407,ELEME,76W575887A,20010813001,小马超市(经南三路店),河南省,郑州市,
20251407,ELEME,76W575888A,20010814175,惠多多超市,辽宁省,大连市,
20251407,ELEME,76W575889A,20010814330,乐小二生活超市(如皋中心店),江苏省,南通市,
20251407,ELEME,76W575891A,20010817436,越惠淘超市(厚街店),广东省,东莞市,
20251407,ELEME,76W575892A,20010821023,快客达环球超市(衡阳店),湖南省,衡阳市,
20251407,ELEME,76W575893A,20010826415,超宜选精品超市(湘潭店),湖南省,湘潭市,
20251407,ELEME,76W575894A,20010830044,惠邻百佳超市(三牌楼店),江苏省,南京市,
20251407,ELEME,76W575895A,20010831052,闪电购精品超市(福鼎店),福建省,宁德市,
20251407,ELEME,76W575897A,20010831216,京东便利店(镇海店),浙江省,宁波市,
20251407,ELEME,76W575899A,20010833070,树懒先生超市(铜梁店),重庆市,重庆市,
20251407,ELEME,76W575901A,20010835006,树懒先生超市(青白江店),四川省,成都市,
20251407,ELEME,76W575903A,20010839164,佑哒超市(藏龙岛店),湖北省,武汉市,
20251407,ELEME,76W575905A,20010840228,拾惠客24h超市(南平人民西路店),福建省,南平市,
20251407,ELEME,76W575907A,20010848147,金色四季超市,福建省,泉州市,
20251407,ELEME,76W575915A,20010860463,沃玛希超市(定海店),浙江省,舟山市,
20251407,ELEME,76W575916A,20010862186,臻惠选便利店(盐城店),江苏省,盐城市,
20251407,ELEME,76W575919A,20010868093,麦格·精品超市(南阳店),河南省,南阳市,
20251407,ELEME,76W575920A,20010872173,小二到家·生活超市(胶州店),山东省,青岛市,
20251407,ELEME,76W575924A,20010882258,京东便利店(永川店),重庆市,重庆市,
20251407,ELEME,76W575928A,20010885283,沃玛希超市(衢州吾悦店),浙江省,衢州市,
20251407,ELEME,76W575930A,20010888146,佑哒超市(汉阳总店),湖北省,武汉市,
20251407,ELEME,76W575931A,20010888210,拾惠客24h超市(丽水绿谷大道店),浙江省,丽水市,
20251407,ELEME,76W575935A,20010893121,拾惠客24H超市(常州金坛鑫盛大道店),江苏省,常州市,
20251407,ELEME,76W575938A,20010896195,百联多超市(天津店),天津市,天津市,
20251407,ELEME,76W575940A,20010904130,快时多超市(临平店),浙江省,杭州市,
20251407,ELEME,76W575941A,20010906080,拾惠客24h超市(北京尚水园店),北京市,北京市,
20251407,ELEME,76W575943A,20010917044,京东便利店(观音桥店),重庆市,重庆市,
20251407,ELEME,76W575944A,20010920408,潘记什么都有(十八家店),浙江省,温州市,
20251407,ELEME,76W575945A,20010925363,树懒先生超市(昭通店),云南省,昭通市,
20251407,ELEME,76W575946A,20010937020,公里购·精品超市(嵊州店),浙江省,绍兴市,
20251407,ELEME,76W575947A,20010937103,沃玛希超市(长兴店),浙江省,湖州市,
20251407,ELEME,76W575948A,20010953223,树懒先生超市(内江店),四川省,内江市,
20251407,ELEME,76W575950A,20010961486,拾惠客24H超市(台州仙居店),浙江省,台州市,
20251407,ELEME,76W575952A,20010971469,惠宜选超市(常州钟楼区店),江苏省,常州市,
20251407,ELEME,76W575956A,20010977386,团团生活超市(泰山中路店),山东省,枣庄市,
20251407,ELEME,76W575958A,20010977428,惠宜选超市(柳树塘店),安徽省,合肥市,
20251407,ELEME,76W575959A,20010977429,拾惠客24H超市(秦皇岛珠江道店),河北省,秦皇岛市,
20251407,ELEME,76W575960A,20010981192,易可购超市(苏坡店),四川省,成都市,
20251407,ELEME,76W575962A,20010982320,猫猫快送超市(龙岗中心店),广东省,深圳市,
20251407,ELEME,76W575964A,20010983421,团团生活超市(东辛庄店),山东省,青岛市,
20251407,ELEME,76W575965A,20010985287,大田园超市(蔡桥店),浙江省,温州市,
20251407,ELEME,76W575971A,20010989285,团团生活超市(长江西路店),山东省,青岛市,
20251407,ELEME,76W575972A,20010990232,拾惠客24H超市(谯城店),安徽省,亳州市,
20251407,ELEME,76W575975A,20010994432,京东便利店(人民大学店),北京市,北京市,
20251407,ELEME,76W575976A,20010996382,京东便利店,江苏省,苏州市,
20251407,ELEME,76W575980A,20011001201,拾惠客24H超市(杭州余杭闲林店),浙江省,杭州市,
20251407,ELEME,76W575984A,20011003167,拾惠客24h超市(西安南三环店),陕西省,西安市,
20251407,ELEME,76W575990A,20011005312,团团生活超市(天山店),河北省,石家庄市,
20251407,ELEME,76W575993A,20011010084,满惠多特价超市(高新店),安徽省,合肥市,
20251407,ELEME,76W575997A,20011012155,拾惠客24h超市(长春博硕路店),吉林省,长春市,
20251407,ELEME,76W576000A,20011014423,惠邻百佳超市(胜利北街店),河北省,石家庄市,
20251407,ELEME,76W576004A,20011017048,世纪精品超市(梅村店),江苏省,无锡市,
20251407,ELEME,76W576007A,20011019102,拾惠客24H超市(金华东阳横店店),浙江省,金华市,
20251407,ELEME,76W576010A,20011022363,惠邻百佳超市(会展中心店),山东省,济南市,
20251407,ELEME,76W576015A,20011026220,超士自由超市(宝山店),上海市,上海市,
20251407,ELEME,76W576016A,20011028035,小飞象超市(盐田店),广东省,深圳市,
20251407,ELEME,76W576019A,20011032224,京东便利店(群力店),黑龙江省,哈尔滨市,
20251407,ELEME,76W576020A,20011032437,超宜选精品超市(福清店),福建省,福州市,
20251407,ELEME,76W576021A,20011032438,拾惠客24h超市(盐城市阜宁店),江苏省,盐城市,
20251407,ELEME,76W576024A,20011035028,迪购超市(仓山店),福建省,福州市,
20251407,ELEME,76W576027A,20011040330,术木优选超市(金沙湾店),江西省,南昌市,
20251407,ELEME,76W576028A,20011041030,满佳喜便利店(温州店),浙江省,温州市,
20251407,ELEME,76W576030A,20011043195,快客达环球超市(芜湖店),安徽省,芜湖市,
20251407,ELEME,76W576031A,20011045454,惠宜选超市(中山门大街店),江苏省,南京市,
20251407,ELEME,76W576033A,20011060111,拾惠客24h超市(上海文翔路店),上海市,上海市,
20251407,ELEME,76W576035A,20011066153,拾惠客24h超市(济南济阳店),山东省,济南市,
20251407,ELEME,76W576036A,20011069012,拾惠客24h超市(文登米山东路店),山东省,威海市,
20251407,ELEME,76W576038A,20011072043,惠邻百佳超市(王舍人店),山东省,济南市,
20251407,ELEME,76W576039A,20011072295,快客达环球超市(仙游店),福建省,莆田市,
20251407,ELEME,76W576040A,20011074172,惠邻百佳超市(观象山店),山东省,青岛市,
20251407,ELEME,76W576044A,20011076184,拾惠客24h超市(德化县后城路店),福建省,泉州市,
20251407,ELEME,76W576045A,20011076245,易而购生活超市,江苏省,无锡市,
20251407,ELEME,76W576051A,20011110040,拾惠客24h超市(汕尾大道店),广东省,汕尾市,
20251407,ELEME,76W576052A,20011111016,超宜选精品超市(蚌埠店),安徽省,蚌埠市,
20251407,ELEME,76W576054A,20011123006,1+精品超市(通州店),北京市,北京市,
20251407,ELEME,76W576056A,20011128492,麦客联华超市(北仑店),浙江省,宁波市,
20251407,ELEME,76W576058A,20011137100,京东便利店(华强北店),广东省,深圳市,
20251407,ELEME,76W576060A,20011139225,鲸鱼嗨购超市(新场店),上海市,上海市,
20251407,ELEME,76W576066A,20011148452,满惠多特价超市(合肥中心店),安徽省,合肥市,
20251407,ELEME,76W576069A,20011153473,猫猫快送超市(大朗中心店),广东省,东莞市,
20251407,ELEME,76W576075A,20011160330,拾惠客24h超市(西安南长安街店),陕西省,西安市,
20251407,ELEME,76W576076A,20011161205,美士多便利超市(芙蓉广场店),湖南省,长沙市,
20251407,ELEME,76W576077A,20011162249,麦客联华超市(西昌总店),四川省,凉山彝族自治州,
20251407,ELEME,76W576085A,20011168359,沃玛希超市(城西店),浙江省,宁波市,
20251407,ELEME,76W576086A,20011168459,猫猫快送超市(石龙中心店),广东省,东莞市,
20251407,ELEME,76W576087A,20011171283,惠邻百佳超市(财经大学店),天津市,天津市,
20251407,ELEME,76W576088A,20011172216,优购达超市(白云店),广东省,广州市,
20251407,ELEME,76W576091A,20011175241,1+精品超市(大兴店),北京市,北京市,
20251407,ELEME,76W576092A,20011177075,E站速购超市(黄埔店),广东省,广州市,
20251407,ELEME,76W576097A,20011182197,拾惠客24h超市(英德英州大道店),广东省,清远市,
20251407,ELEME,76W576098A,20011183158,盒马鲜生(渭南临渭万达广场店),陕西省,渭南市,
20251407,ELEME,76W576101A,20011185181,拾惠客24h超市(廊坊润泽道店),河北省,廊坊市,
20251407,ELEME,76W576102A,20011185186,拾惠客24h超市(常熟东南大道店),江苏省,苏州市,
20251407,ELEME,76W576105A,20011188345,乐易购生活超市(洪山店),湖北省,武汉市,
20251407,ELEME,76W576106A,20011189317,优品汇快送超市(沙坪坝店),重庆市,重庆市,
20251407,ELEME,76W576110A,20011191078,拾惠客24h超市(昆山市周市镇店),江苏省,苏州市,
20251407,ELEME,76W576111A,20011192075,拾惠客24h超市(云霄县宝城路店),福建省,漳州市,
20251407,ELEME,76W576119A,20011203088,厦一单超市(世纪广场店),福建省,漳州市,
20251407,ELEME,76W576121A,20011205405,臻选精品生活超市(高新店),云南省,昆明市,
20251407,ELEME,76W576123A,20011207150,优品汇快送超市(八桥店),重庆市,重庆市,
20251407,ELEME,76W576124A,20011207211,惠邻百佳超市(高新区店),河南省,郑州市,
20251407,ELEME,76W576126A,20011208161,优品汇快送超市(蔡家店),重庆市,重庆市,
20251407,ELEME,76W576133A,20011215218,悠米极速超市(保利店),云南省,昆明市,
20251407,ELEME,76W576134A,20011217013,百联多超市(鸟巢店),北京市,北京市,
20251407,ELEME,76W576135A,20011218215,华宁24小时生鲜百货超市(福安店),福建省,宁德市,
20251407,ELEME,76W576139A,20011222218,宜超宜市(滨州店),山东省,滨州市,
20251407,ELEME,76W576144A,20011229171,宜超宜市(平度店),山东省,青岛市,
20251407,ELEME,76W576149A,20011233297,隋你购连锁超市(国美店),北京市,北京市,
20251407,ELEME,76W576152A,20011243057,世纪精品超市(长宁店),上海市,上海市,
20251407,ELEME,76W576153A,20011245009,吉友超市(石臼店),山东省,日照市,
20251407,ELEME,76W576154A,20011245233,千家顺鲸选超市(开远店),云南省,红河哈尼族彝族自治州,
20251407,ELEME,76W576157A,20011250018,华宁24小时生鲜百货超市(连江店),福建省,福州市,
20251407,ELEME,76W576159A,20011257112,惠宜选24h超市(沙河新村店),安徽省,铜陵市,
20251407,ELEME,76W576160A,20011264401,海豚购(奥体店),浙江省,杭州市,
20251407,ELEME,76W576165A,20011278279,E站速购超市(新塘店),广东省,广州市,
20251407,ELEME,76W576167A,20011279480,放心品购超市(九里亭店),上海市,上海市,
20251407,ELEME,76W576176A,20011302333,超悠森活超市(博罗店),广东省,惠州市,
20251407,ELEME,76W576179A,20011304297,棋茂鑫·精品超市(城西店),浙江省,金华市,
20251407,ELEME,76W576180A,20011307318,京东便利店(珲春店),吉林省,延边朝鲜族自治州,
20251407,ELEME,76W576181A,20011307487,筱店生活精品超市(蚌埠店),安徽省,蚌埠市,
20251407,ELEME,76W576187A,20011326203,京东便利店(郑州1店),河南省,郑州市,
20251407,ELEME,76W576188A,20011329373,京东便利店(龙华中心店),广东省,深圳市,
20251407,ELEME,76W576190A,20011329475,惠美悠选超市(昆山店),江苏省,苏州市,
20251407,ELEME,76W576191A,20011330027,沃家惠生活超市(常州店),江苏省,常州市,
20251407,ELEME,76W576199A,20011342200,妙多客超市(昆阳百悦店),浙江省,温州市,
20251407,ELEME,76W576204A,20011355139,海豚东东便利店(松江店),上海市,上海市,
20251407,ELEME,76W576208A,20011358046,筱店生活(蚌埠二店),安徽省,蚌埠市,
20251407,ELEME,76W576209A,20011363232,吉友超市(锦盛豪庭店),江苏省,盐城市,
20251407,ELEME,76W576211A,20011369459,筱店生活精品超市(日照店),山东省,日照市,
20251407,ELEME,76W576212A,20011376010,筱店生活精品超市(科技城店),江苏省,苏州市,
20251407,ELEME,76W576221A,20011402478,益家百货超市(峡山店),广东省,汕头市,
20251407,ELEME,76W576224A,20011406388,惠宜选24H超市(汇龙台湾装饰街店),江苏省,南通市,
20251407,ELEME,76W576244A,20011436100,团哆点便利超市(福飞店),福建省,福州市,
20251407,ELEME,76W576258A,20011452478,仓鼠便利超市(平舆店),河南省,驻马店市,
20251407,ELEME,76W576288A,20011483184,蚂蚁嘉吉超市(高新店),安徽省,合肥市,
20251407,ELEME,76W576316A,20011524097,芙宜邻超市(江北店),浙江省,宁波市,
20251407,ELEME,76W576356A,20011616373,拾客精品超市(庐江店),安徽省,合肥市,
20251407,ELEME,76W576455A,20011733114,佰汇优选超市(万家丽店),湖南省,长沙市,
20251407,ELEME,76W576463A,20011741194,亿家易选生活超市,黑龙江省,哈尔滨市,
20251407,ELEME,76W576494A,20011780127,近距梨超市(黄岛店),山东省,青岛市,
20251407,ELEME,76W576499A,20011784212,有货便利店(群力店),黑龙江省,哈尔滨市,
20251407,ELEME,76W576533A,20011808102,全好佳超市(江北新区店),江苏省,南京市,
20251407,ELEME,76W576579A,20011864134,惠宜选超市(龙子湖店),安徽省,蚌埠市,
20251407,ELEME,76W576580A,20011864146,公里购·精品超市(之江店),浙江省,杭州市,
20251407,ELEME,76W576762A,20012454031,京东便利店(新北典雅店),江苏省,常州市,
20251407,ELEME,76W576767A,20012458110,京东便利店(苏州中心店),江苏省,苏州市,
20251407,ELEME,76W576773A,20012472456,榛好物超市(东湖店),浙江省,杭州市,
20251407,ELEME,76W576834A,20012624001,优享购超市(海泰店),天津市,天津市,
20251407,ELEME,76W576874A,20012757069,多米便利店,辽宁省,锦州市,
20251407,ELEME,76W576876A,20012759090,昔多购特价超市(九曲花街店),湖南省,长沙市,
20251407,ELEME,76W576877A,20012761211,松鼠百货超市(四方坪店),湖南省,长沙市,
20251407,ELEME,76W576894A,20012873060,猫猫快送超市(凤岗店),广东省,东莞市,
20251407,ELEME,76W576898A,20012882048,优莱客特价超市(友谊路店),湖南省,长沙市,
20251407,ELEME,76W576905A,20012888188,惠邻百佳超市(宜兴埠店),天津市,天津市,
20251407,ELEME,76W576930A,20012941368,惠邻百佳超市(中山店),辽宁省,大连市,
20251407,ELEME,76W576950A,20013031452,快客达超市(婺城店),浙江省,金华市,
20251407,ELEME,76W577006A,20013499447,满佳喜超市(海沧店),福建省,厦门市,
20251407,ELEME,76W577031A,20013748345,满佳喜超市(吴中店),江苏省,苏州市,
20251407,MEITUAN,76W000022C,845594399851534,美宜佳(五象路桂00963号店),广西壮族自治区,南宁市,cvs
20251407,MEITUAN,76W000072C,847561494872498,罗森便利店（3100中金启城分店）,辽宁省,沈阳市,cvs
20251407,MEITUAN,76W000273C,856460667085673,邻几（马鞍山印象汇店）,安徽省,马鞍山市,cvs
20251407,MEITUAN,76W000288C,857594538452666,可多（宝丰一路店）,湖北省,武汉市,mmkt
20251407,MEITUAN,76W000698C,878274805958668,有家便利店（昙华林店）,湖北省,武汉市,cvs
20251407,MEITUAN,76W001245C,903327350199193,享买乐超市(航空路店）,湖北省,恩施土家族苗族自治州,smkt
20251407,MEITUAN,76W001482C,916658928696078,美宜佳（九集小镇赣00976店）,江西省,景德镇市,cvs
20251407,MEITUAN,76W001540C,919124239924554,华润万家(周庄全功路店),江苏省,苏州市,mmkt
20251407,MEITUAN,76W001884C,935745763346267,罗森（8920前溪巷店）,江苏省,苏州市,cvs
20251407,MEITUAN,76W001951C,938563261903380,胜佳超市(西湾东分店),广东省,广州市,mmkt
20251407,MEITUAN,76W001980C,939499564793999,融惠微利超市（河松店）,黑龙江省,哈尔滨市,cvs
20251407,MEITUAN,76W002207C,949876205759412,悦来悦喜（建正D座店）,河南省,郑州市,cvs
20251407,MEITUAN,76W002237C,951040141944519,便利蜂(数码大厦A座店),北京市,北京市,cvs
20251407,MEITUAN,76W002283C,952715179141562,红旗连锁（德阳三店）,四川省,德阳市,mmkt
20251407,MEITUAN,76W002294C,953428143719196,罗森（泰兴店）,重庆市,重庆市,cvs
20251407,MEITUAN,76W002380C,957761765749720,华润万家（西安雁塔路店）,陕西省,西安市,hmkt
20251407,MEITUAN,76W002386C,958105363102594,金虎便利（3322介休御珑湾店）,山西省,晋中市,cvs
20251407,MEITUAN,76W002453C,960682343497433,壹度便利（碧桂园时代印象店）,安徽省,亳州市,cvs
20251407,MEITUAN,76W002659C,970565063255365,好邻居（玉桥店）,湖北省,荆州市,cvs
20251407,MEITUAN,76W002705C,973111978845394,罗森（康德国际店）,重庆市,重庆市,cvs
20251407,MEITUAN,76W003208C,998194587841873,可好（富环路0050店）,山东省,青岛市,cvs
20251407,MEITUAN,76W003220C,998817358116605,四方街超市（宾川店）,云南省,大理白族自治州,mmkt
20251407,MEITUAN,76W003364C,1005234039226869,便利蜂(望京SOHO2号塔B座店),北京市,北京市,cvs
20251407,MEITUAN,76W003487C,1011689375132719,中商罗森（新天地国际中心店）,安徽省,合肥市,cvs
20251407,MEITUAN,76W003502C,1012428109447283,便利蜂（房山绿地启航社店）,北京市,北京市,cvs
20251407,MEITUAN,76W003686C,1021623634481603,红旗连锁（龙潭寺店）,四川省,成都市,mmkt
20251407,MEITUAN,76W003711C,1022903534723748,怡家乐（御景湾店）,江苏省,苏州市,cvs
20251407,MEITUAN,76W003740C,1024041701050056,中百罗森（天顺园店）,湖北省,武汉市,cvs
20251407,MEITUAN,76W003878C,1030415432506381,邻几（六安浙东商贸城店）,安徽省,六安市,cvs
20251407,MEITUAN,76W003894C,1031051087662530,天天便利(衡水紫金花园店),河北省,衡水市,cvs
20251407,MEITUAN,76W003904C,1031600843521603,中百罗森(天紫广场店),湖北省,武汉市,cvs
20251407,MEITUAN,76W003908C,1031918671076297,新天地超市(海棠店),辽宁省,沈阳市,cvs
20251407,MEITUAN,76W003930C,1032833499123077,友客（大崂路一店）,山东省,青岛市,cvs
20251407,MEITUAN,76W003957C,1034418342005949,便利蜂（天通苑北苑一区甲6号店）,北京市,北京市,cvs
20251407,MEITUAN,76W004095C,1042024729134821,中百超市（中芯国际店）,湖北省,武汉市,mmkt
20251407,MEITUAN,76W004131C,1043704061344332,便利蜂（罗廊巷2号店）,江苏省,南京市,cvs
20251407,MEITUAN,76W004157C,1045009731393368,罗森（西郊路店）,重庆市,重庆市,cvs
20251407,MEITUAN,76W004161C,1045263134438030,联盛超市（学院店）,江西省,九江市,smkt
20251407,MEITUAN,76W004195C,1046895222040504,左邻右舍便利店,浙江省,杭州市,mmkt
20251407,MEITUAN,76W004380C,1056112221837677,中百超市（白玉山二店）,湖北省,武汉市,mmkt
20251407,MEITUAN,76W004381C,1056163761438927,友客(李沧区金水路军体中心店),山东省,青岛市,cvs
20251407,MEITUAN,76W004475C,1060110836403968,昆仑好客uSmile（大峪店）,辽宁省,本溪市,cvs
20251407,MEITUAN,76W004705C,1071702953110789,福满家便利店（长安小区）,河北省,承德市,cvs
20251407,MEITUAN,76W004730C,1072720860394534,每日隆便利店(益华店),吉林省,延边朝鲜族自治州,cvs
20251407,MEITUAN,76W004802C,1075972150611894,便利蜂（学府工业园思智道1号店）,天津市,天津市,cvs
20251407,MEITUAN,76W004812C,1076388762452513,每日隆便利店(清水湾店),吉林省,延边朝鲜族自治州,cvs
20251407,MEITUAN,76W004863C,1079326520098125,新佳宜超市（新世界创邸店1637店）,湖南省,长沙市,cvs
20251407,MEITUAN,76W004903C,1081126111363937,美宜佳（火车站南广场赣00126店）,江西省,吉安市,cvs
20251407,MEITUAN,76W004991C,1085558517642755,优客家,重庆市,重庆市,cvs
20251407,MEITUAN,76W005060C,1089333793883524,美宜佳（思湖路桂00496号店）,广西壮族自治区,梧州市,cvs
20251407,MEITUAN,76W005101C,1091481277523128,美宜佳（教育局赣00447店）,江西省,赣州市,cvs
20251407,MEITUAN,76W005123C,1092194242094799,新天地超市(支农大街店),吉林省,长春市,cvs
20251407,MEITUAN,76W005141C,1093040350664126,便利蜂（时间国际A座店）,北京市,北京市,cvs
20251407,MEITUAN,76W005254C,1097803469358919,可好（岙兰路0205店）,山东省,青岛市,cvs
20251407,MEITUAN,76W005259C,1098164246655418,中百仓储超市（恩施咸丰店）,湖北省,恩施土家族苗族自治州,smkt
20251407,MEITUAN,76W005306C,1100470644051470,之佳便利(湖畔之梦分店),云南省,昆明市,cvs
20251407,MEITUAN,76W005376C,1103481416131166,友客（平度福州路店）,山东省,青岛市,cvs
20251407,MEITUAN,76W005393C,1104271690130912,罗森（合川中学店）,重庆市,重庆市,cvs
20251407,MEITUAN,76W005436C,1106006856903951,汇盟源超市(时代广场店),江苏省,南京市,mmkt
20251407,MEITUAN,76W005527C,1110585292039790,优同（依山半岛店）,山东省,青岛市,cvs
20251407,MEITUAN,76W005535C,1110821515294322,旺中旺生活超市（鸿峰店）,江西省,南昌市,mmkt
20251407,MEITUAN,76W005632C,1115820857214856,中商罗森（中国声谷店）,安徽省,合肥市,cvs
20251407,MEITUAN,76W005702C,1119557478773000,有家便利店（生物园西路店）,湖北省,武汉市,cvs
20251407,MEITUAN,76W005761C,1122048559763607,美好超市（盐城金融城店）,江苏省,盐城市,cvs
20251407,MEITUAN,76W005860C,1013931346335140,乐豆家便利店（国贸店）,江西省,南昌市,cvs
20251407,MEITUAN,76W005882C,1037149939564718,711便利店（南横街店）,北京市,北京市,cvs
20251407,MEITUAN,76W005936C,897606452053025,711（熙街公寓店）,重庆市,重庆市,cvs
20251407,MEITUAN,76W005949C,849159221026768,美宜佳（果喜大厦赣00981店）,江西省,鹰潭市,cvs
20251407,MEITUAN,76W005991C,911934462991197,金虎便利（1031并西店）,山西省,太原市,cvs
20251407,MEITUAN,76W005992C,856718363422191,有家便利店（楚天府店）,湖北省,武汉市,cvs
20251407,MEITUAN,76W006089C,1124878941571631,千子言生活超市(浩庭花园店）,云南省,楚雄彝族自治州,mmkt
20251407,MEITUAN,76W006093C,889351524949071,可多便利（华瑞大厦店）,湖北省,武汉市,cvs
20251407,MEITUAN,76W006095C,1117581792056284,邻几（佳源广场二店）,安徽省,合肥市,cvs
20251407,MEITUAN,76W006101C,857573061961342,百家顺·生活超市（龙飞山城店）,河南省,信阳市,mmkt
20251407,MEITUAN,76W006105C,866601083149044,优同（东山四路1023店）,山东省,青岛市,cvs
20251407,MEITUAN,76W006199C,1006397973707466,美好超市（苏州大观园店）,江苏省,苏州市,cvs
20251407,MEITUAN,76W006283C,1021924280494191,旺中旺生活超市（鸿发店）,江西省,南昌市,smkt
20251407,MEITUAN,76W006896C,1025038131737924,万家福（龙源府邸店）,四川省,宜宾市,cvs
20251407,MEITUAN,76W006917C,1113888120183750,邻几（桐城南路店）,安徽省,合肥市,cvs
20251407,MEITUAN,76W006927C,880877554501968,每一天便利店（陈仓园店）,陕西省,宝鸡市,cvs
20251407,MEITUAN,76W006959C,1032537144661888,罗森（和煦路店）,重庆市,重庆市,cvs
20251407,MEITUAN,76W007065C,871694914417781,华润万家（河东区和进里店）,天津市,天津市,mmkt
20251407,MEITUAN,76W007128C,981568767755864,罗森（尖顶坡店）,重庆市,重庆市,cvs
20251407,MEITUAN,76W007143C,1045434931478334,711便利店(百利达广场3097店),广东省,佛山市,cvs
20251407,MEITUAN,76W007152C,1015765297349549,711便利店(君临海域7093店),广东省,深圳市,cvs
20251407,MEITUAN,76W007165C,1107273870565393,Today（范湖地铁站店）,湖北省,武汉市,cvs
20251407,MEITUAN,76W007187C,1084506248914138,便利蜂（北苑路天居园8号楼店）,北京市,北京市,cvs
20251407,MEITUAN,76W007222C,942080838426752,有家便利店（滨江明珠店）,江西省,南昌市,cvs
20251407,MEITUAN,76W007313C,881564749295894,享买乐（花园店）,湖北省,恩施土家族苗族自治州,mmkt
20251407,MEITUAN,76W007431C,1033348893489955,7-ELEVEn（运达店）,湖南省,长沙市,cvs
20251407,MEITUAN,76W007487C,1003739388996612,711便利店(尚岛国际1116店),广东省,广州市,cvs
20251407,MEITUAN,76W007583C,1101179311974265,711便利店（北沙滩店）,北京市,北京市,cvs
20251407,MEITUAN,76W007623C,1041139964182050,美好超市（漫绿苑店）,江苏省,扬州市,cvs
20251407,MEITUAN,76W007649C,1028405386120522,融惠微利便利店（东风店）,黑龙江省,哈尔滨市,cvs
20251407,MEITUAN,76W007687C,938120878608316,万嘉便利（宏航新城店）,福建省,福州市,cvs
20251407,MEITUAN,76W007726C,1020051674748431,中百罗森（东湖国贸店）,湖北省,武汉市,cvs
20251407,MEITUAN,76W007922C,1038326760582721,Today（青城华府店）,湖北省,武汉市,cvs
20251407,MEITUAN,76W008105C,1114489415624029,联华超市（曹杨四村店）,上海市,上海市,mmkt
20251407,MEITUAN,76W008135C,886379420734565,华辰超市（中兴春天店）,黑龙江省,绥化市,smkt
20251407,MEITUAN,76W008151C,1074073786529052,乐豆家便利店（上饶书香公寓店）,江西省,上饶市,cvs
20251407,MEITUAN,76W008154C,1040628876226969,华辰超市（丰泽锦园店),黑龙江省,绥化市,smkt
20251407,MEITUAN,76W008165C,1023934338339053,中百罗森（岳麓山东门店）,湖南省,长沙市,cvs
20251407,MEITUAN,76W008167C,846071152711672,便利蜂(住邦2000店),北京市,北京市,cvs
20251407,MEITUAN,76W008174C,956932848496188,壹度便利（皇家华韵店）,河南省,开封市,mmkt
20251407,MEITUAN,76W008226C,954849789382666,罗森（江津一中店）,重庆市,重庆市,cvs
20251407,MEITUAN,76W008238C,966493445711581,金虎便利(1039千峰北路2号店),山西省,太原市,cvs
20251407,MEITUAN,76W008264C,853819273720722,联华超市（卫清店）,上海市,上海市,mmkt
20251407,MEITUAN,76W008266C,924308276965390,可好（高鸿大厦3206店）,山东省,济宁市,cvs
20251407,MEITUAN,76W008322C,898014487136182,罗森(8816莱蒙都会店),江苏省,常州市,cvs
20251407,MEITUAN,76W008373C,1036256599501555,每一天便利店(祥瑞店),陕西省,汉中市,cvs
20251407,MEITUAN,76W008418C,846268721192165,Today(长江紫都紫薇店),湖北省,武汉市,cvs
20251407,MEITUAN,76W008460C,1096510695714822,邻几（铜陵环球港二店）,安徽省,铜陵市,cvs
20251407,MEITUAN,76W008462C,1030204990581362,美好便利店（江阴祝塘店）,江苏省,无锡市,cvs
20251407,MEITUAN,76W008483C,849605911134081,家佳超市（下西街店）,四川省,凉山彝族自治州,smkt
20251407,MEITUAN,76W008508C,856310354707873,金虎便利（3178红星天铂店）,山西省,晋中市,cvs
20251407,MEITUAN,76W008524C,909868596900377,新天地超市(哈尔滨谷丰店),黑龙江省,哈尔滨市,cvs
20251407,MEITUAN,76W008535C,845040360505450,优同便利店（正阳公馆店）,山东省,青岛市,cvs
20251407,MEITUAN,76W008543C,1057168795249415,万逸之家（雍景湾店）,云南省,昆明市,cvs
20251407,MEITUAN,76W008600C,1063198929387385,联华超市南亭公路店,上海市,上海市,mmkt
20251407,MEITUAN,76W008608C,997266886372862,福满家便利店（祥宁店）,河北省,承德市,cvs
20251407,MEITUAN,76W008637C,851903718256408,华润万家（荣康园分店),天津市,天津市,mmkt
20251407,MEITUAN,76W008647C,1000286248416191,融惠微利超市（江畔店）,黑龙江省,哈尔滨市,mmkt
20251407,MEITUAN,76W008682C,1020292206053497,新佳宜便利店(中天广场1591店）,湖南省,长沙市,cvs
20251407,MEITUAN,76W008692C,1019317248464358,之佳便利（昆明颐高数码城分店）,云南省,昆明市,cvs
20251407,MEITUAN,76W008703C,1069564070878662,中百罗森（中城国际店）,湖北省,武汉市,cvs
20251407,MEITUAN,76W008770C,862400618325716,便利蜂（朝外南街店）,北京市,北京市,cvs
20251407,MEITUAN,76W008812C,874924742981150,可好（万达广场3805店）,山东省,东营市,cvs
20251407,MEITUAN,76W008856C,902631577020722,之佳便利（江东花园分店）,云南省,昆明市,cvs
20251407,MEITUAN,76W008865C,1114837321151640,罗森便利店（1316甘井子区金荣路店）,辽宁省,大连市,cvs
20251407,MEITUAN,76W008899C,880190372855058,融惠微利超市(南棵店),黑龙江省,哈尔滨市,cvs
20251407,MEITUAN,76W008925C,920103503947226,京捷生鲜（关东店北街店）,北京市,北京市,mmkt
20251407,MEITUAN,76W008949C,852934510850350,新佳宜便利店（北辰三角洲1731店）,湖南省,长沙市,cvs
20251407,MEITUAN,76W009006C,1116069976754659,友客（丹江路店）,山东省,青岛市,cvs
20251407,MEITUAN,76W009024C,853544396226893,百年惠超市（中南路店）,辽宁省,大连市,mmkt
20251407,MEITUAN,76W009057C,1017298613874582,711便利店（华苑智慧山店）,天津市,天津市,cvs
20251407,MEITUAN,76W009071C,919192970898575,融惠微利超市（建文店）,黑龙江省,哈尔滨市,cvs
20251407,MEITUAN,76W009091C,936415789735031,新天地超市（中海澜庭贰店）,吉林省,长春市,cvs
20251407,MEITUAN,76W009108C,965015976939042,罗森（唐山煤医道店）,河北省,唐山市,cvs
20251407,MEITUAN,76W009148C,1097773416102747,十足便利店（时代上河苑店）,江苏省,无锡市,cvs
20251407,MEITUAN,76W009163C,910985288412293,哈尔信食品超市(世贸大道店),黑龙江省,哈尔滨市,
20251407,MEITUAN,76W009200C,983003300016832,万逸之家（天宇广场店）,云南省,昆明市,cvs
20251407,MEITUAN,76W009215C,866313333569062,之佳便利(美丽新世界小区分店),云南省,昆明市,cvs
20251407,MEITUAN,76W009218C,1096072609070636,中百罗森（应城实验中学店）,湖北省,孝感市,cvs
20251407,MEITUAN,76W009219C,870268998411368,联华超市（杨园店）,上海市,上海市,mmkt
20251407,MEITUAN,76W009251C,1012144653088767,罗森（唐山天元花园店）,河北省,唐山市,cvs
20251407,MEITUAN,76W009271C,920365496956202,24客便利店（江南万达2店）,广西壮族自治区,南宁市,cvs
20251407,MEITUAN,76W009305C,1048041989752784,天天便利（衡水泰一尚城店）,河北省,衡水市,cvs
20251407,MEITUAN,76W009307C,1012844732787049,昆仑好客（西梁店）,辽宁省,朝阳市,cvs
20251407,MEITUAN,76W009326C,1075400931410261,丽客隆超市(束河店),云南省,丽江市,smkt
20251407,MEITUAN,76W009363C,874722879504706,美宜佳(豫615固始花花市街店),河南省,信阳市,cvs
20251407,MEITUAN,76W009404C,1067949163221025,新天地超市(航空西路店),辽宁省,沈阳市,cvs
20251407,MEITUAN,76W009413C,1051649762295094,每日隆便利店(芳馨嘉苑店),吉林省,延边朝鲜族自治州,cvs
20251407,MEITUAN,76W009429C,898370969462437,新天地超市（恒大城店）,吉林省,长春市,cvs
20251407,MEITUAN,76W009455C,1035925887009941,可好（江山南路0265店）,山东省,青岛市,cvs
20251407,MEITUAN,76W009457C,899672344496185,比优特超市(五常店),黑龙江省,哈尔滨市,smkt
20251407,MEITUAN,76W009500C,905174197646034,罗森（金辉花样派店）,重庆市,重庆市,cvs
20251407,MEITUAN,76W009503C,933503801890536,中百罗森(荣院路店),湖北省,武汉市,cvs
20251407,MEITUAN,76W009540C,1068962775462875,金虎便利（3357漳源中路店）,山西省,长治市,cvs
20251407,MEITUAN,76W009564C,955060242755743,华润万家（二马路分店）,天津市,天津市,mmkt
20251407,MEITUAN,76W009597C,1006041504563834,天天便利（邢台新华丰店）,河北省,邢台市,cvs
20251407,MEITUAN,76W009611C,1038399788210002,罗森（大洋百货店）,安徽省,合肥市,cvs
20251407,MEITUAN,76W009648C,1116357739597439,联华超市（临江店）,上海市,上海市,mmkt
20251407,MEITUAN,76W009652C,1102433455583538,十足便利店（无锡宜兴万达店）,江苏省,无锡市,cvs
20251407,MEITUAN,76W009656C,1048063464604322,佳泰乐仓储超市（中港广场店）,辽宁省,鞍山市,smkt
20251407,MEITUAN,76W009666C,869083587459292,有家便利店（汇金国际店）,湖北省,武汉市,cvs
20251407,MEITUAN,76W009713C,922439966131268,金虎便利（2785潞泽嘉园店）,山西省,长治市,cvs
20251407,MEITUAN,76W009716C,951821837429333,日新达（高教店）,云南省,昆明市,mmkt
20251407,MEITUAN,76W009870C,959247835875209,新天地超市(哈尔滨龙信家园店),黑龙江省,哈尔滨市,cvs
20251407,MEITUAN,76W009875C,1074722326591740,九州超市（购物中心河东店）,山东省,临沂市,smkt
20251407,MEITUAN,76W009925C,927224559755958,中百罗森（汉阳中医院店）,湖北省,武汉市,cvs
20251407,MEITUAN,76W009965C,943090168908464,每一天便利店（陈仓园一路店）,陕西省,宝鸡市,cvs
20251407,MEITUAN,76W009967C,1030174925808719,德隆超市（大庆东路店）,河北省,衡水市,mmkt
20251407,MEITUAN,76W009971C,935462307027939,711便利店（祥恒广场店）,山东省,济南市,cvs
20251407,MEITUAN,76W009980C,941342117326980,新天地超市(开运福里店),吉林省,长春市,cvs
20251407,MEITUAN,76W009998C,889012235705511,可好（汇通金融大厦0197店）,山东省,青岛市,cvs
20251407,MEITUAN,76W010034C,1002231868610648,多点便利店（天桥南大街店）,北京市,北京市,cvs
20251407,MEITUAN,76W010096C,912497116875424,之佳便利（云上城分店）,云南省,昆明市,cvs
20251407,MEITUAN,76W010144C,932082167726811,中百罗森（华园路店）,湖北省,武汉市,cvs
20251407,MEITUAN,76W010158C,907055393305941,24客（香港路2店）,贵州省,遵义市,cvs
20251407,MEITUAN,76W010160C,983084904413174,融惠微利便利店（安宁店）,黑龙江省,哈尔滨市,cvs
20251407,MEITUAN,76W010172C,971651701466450,万逸之家(玫瑰天街二店),云南省,昆明市,cvs
20251407,MEITUAN,76W010184C,1016899181894407,新佳宜超市（奥克斯缤纷广场1598店）,湖南省,长沙市,cvs
20251407,MEITUAN,76W010229C,885730880671040,杰出便利（世家花园店）,河北省,保定市,cvs
20251407,MEITUAN,76W010286C,934925436114517,中百罗森（长沙实验中学店）,湖南省,长沙市,cvs
20251407,MEITUAN,76W010327C,1028508478527178,万逸之家（西城时代2店）,云南省,昆明市,cvs
20251407,MEITUAN,76W010332C,909628078706086,新天地超市(哈尔滨瑞隆店),黑龙江省,哈尔滨市,cvs
20251407,MEITUAN,76W010337C,898096091542692,之佳便利（昆医附二院分店）,云南省,昆明市,cvs
20251407,MEITUAN,76W010340C,955665833138236,福满家便利店（府前花园店）,河北省,承德市,cvs
20251407,MEITUAN,76W010363C,1094234363083466,便利蜂（瀚海长城大厦店）,北京市,北京市,cvs
20251407,MEITUAN,76W010446C,940586202991375,便利蜂（瑞海二区店）,北京市,北京市,cvs
20251407,MEITUAN,76W010483C,967343849330215,融惠微利便利店(木介店),黑龙江省,哈尔滨市,cvs
20251407,MEITUAN,76W010532C,1009902680267455,711便利店（红居东街店）,北京市,北京市,cvs
20251407,MEITUAN,76W010652C,924690529047600,华润万家（河西区九江路店）,天津市,天津市,mmkt
20251407,MEITUAN,76W010655C,1041157157186627,之佳便利（呈贡谊康北路分店）,云南省,昆明市,cvs
20251407,MEITUAN,76W010656C,847381117697700,傲矫龙（东风店）,黑龙江省,牡丹江市,smkt
20251407,MEITUAN,76W010676C,940161001226657,LAWSON罗森（涿州市医院店）,河北省,保定市,cvs
20251407,MEITUAN,76W010701C,997249706539183,新天地超市（青年居易店）,辽宁省,沈阳市,cvs
20251407,MEITUAN,76W010703C,1030982379692332,邻几（伟华大厦店）,安徽省,合肥市,cvs
20251407,MEITUAN,76W010712C,854966029915844,金虎便利（9146万科金域店）,山西省,太原市,cvs
20251407,MEITUAN,76W010801C,895484751434478,友客（阳光100凤凰社店）,山东省,潍坊市,cvs
20251407,MEITUAN,76W010849C,1050747819157135,融惠微利便利店(民生尚都店),黑龙江省,哈尔滨市,cvs
20251407,MEITUAN,76W010856C,891176899186766,天天便利(燕郊汉王店),河北省,廊坊市,cvs
20251407,MEITUAN,76W010879C,1079498330226132,华润万家便利超市（石湖华城店),江苏省,苏州市,mmkt
20251407,MEITUAN,76W010974C,1007042232017691,黄商团风购物中心,湖北省,黄冈市,smkt
20251407,MEITUAN,76W011036C,993203847344362,悦来悦喜（燕庄二店）,河南省,郑州市,cvs
20251407,MEITUAN,76W011122C,845852109371485,便利蜂（淮河南道店）,天津市,天津市,cvs
20251407,MEITUAN,76W011127C,966197092994429,美宜佳（晋80花果街店）,山西省,临汾市,cvs
20251407,MEITUAN,76W011211C,1067773069516266,711便利店（华夏未来海河中心店）,天津市,天津市,cvs
20251407,MEITUAN,76W011230C,1006148865682280,百姓量贩（五一店）,河南省,濮阳市,smkt
20251407,MEITUAN,76W011235C,1027679549837392,万果园社区超市（72店）,河南省,周口市,smkt
20251407,MEITUAN,76W011278C,1007291340090587,新天地超市(长白西路店),辽宁省,沈阳市,cvs
20251407,MEITUAN,76W011298C,917191516144137,中百罗森（青鱼嘴地铁店）,湖北省,武汉市,cvs
20251407,MEITUAN,76W011395C,884201872294577,金虎便利（3399榆次雅园店）,山西省,晋中市,cvs
20251407,MEITUAN,76W011445C,1059264739386341,杰出便利店（天瑞佳苑店）,河北省,保定市,cvs
20251407,MEITUAN,76W011453C,1074675081986848,十足便利店（苏州海尚壹品店）,江苏省,苏州市,cvs
20251407,MEITUAN,76W011476C,992924674459330,新天地超市(奉天二店),辽宁省,沈阳市,cvs
20251407,MEITUAN,76W011478C,1007630642469659,比优特超市(体育公园店),黑龙江省,哈尔滨市,smkt
20251407,MEITUAN,76W011504C,932120822451328,友客（中骏尚城店）,山东省,济南市,cvs
20251407,MEITUAN,76W011508C,1121249707311913,24客（未来方舟26店）,贵州省,贵阳市,cvs
20251407,MEITUAN,76W011554C,1061987748597934,天天便利(邢台马路街小学店),河北省,邢台市,cvs
20251407,MEITUAN,76W011582C,908983833626771,之佳便利（昆明银海畅园分店）,云南省,昆明市,cvs
20251407,MEITUAN,76W011609C,1016495455009560,711便利店（上河城购物中心店）,天津市,天津市,cvs
20251407,MEITUAN,76W011771C,853381186979343,新天地超市(沈阳大学店),辽宁省,沈阳市,cvs
20251407,MEITUAN,76W011779C,1083557074335424,融惠微利便利店（通达馨园店）,黑龙江省,哈尔滨市,cvs
20251407,MEITUAN,76W011785C,971071880859014,36524便利店（正定恒山路店）,河北省,石家庄市,cvs
20251407,MEITUAN,76W011788C,1027683844768351,711便利店（中山路店）,山东省,青岛市,cvs
20251407,MEITUAN,76W011793C,1040972474039903,新佳宜便利店（百联购物公园2078店）,湖南省,长沙市,cvs
20251407,MEITUAN,76W011869C,975865064788115,新天地超市（新星宇之洲贰店）,吉林省,长春市,cvs
20251407,MEITUAN,76W012001C,907841372329676,之佳便利（安宁金色时代广场分店）,云南省,昆明市,cvs
20251407,MEITUAN,76W012038C,866257485839935,之佳便利（印象首日封分店）,云南省,昆明市,cvs
20251407,MEITUAN,76W012059C,920880893063978,万逸之家（城市花园店）,云南省,昆明市,cvs
20251407,MEITUAN,76W012075C,850314580346304,万逸之家（吾悦广场店）,云南省,昆明市,cvs
20251407,MEITUAN,76W012093C,1058611904301005,新佳宜便利店（恒广国际景园1825店）,湖南省,长沙市,cvs
20251407,MEITUAN,76W012141C,1075954982253127,LAWSON罗森便利店（石家庄金领大厦店）,河北省,石家庄市,cvs
20251407,MEITUAN,76W012197C,932198131864775,美宜佳（豫76信阳浉河地王大厦店）,河南省,信阳市,cvs
20251407,MEITUAN,76W012251C,1111461476850187,金虎便利(1658金刚堰店),山西省,太原市,cvs
20251407,MEITUAN,76W012277C,1086267198750741,融惠微利便利店（花园街店),黑龙江省,哈尔滨市,cvs
20251407,MEITUAN,76W012341C,914769154579308,每一天便利店（水木清华店）,陕西省,宝鸡市,cvs
20251407,MEITUAN,76W012362C,986980439694786,四方街超市（大禹店）,云南省,大理白族自治州,mmkt
20251407,MEITUAN,76W012383C,895867003542863,罗森便利店（1120二七良运四季汇店）,辽宁省,大连市,cvs
20251407,MEITUAN,76W012396C,1095561507936636,可多（恒大名都店）,湖北省,武汉市,mmkt
20251407,MEITUAN,76W012416C,1012475352444738,Today（国际店）,广西壮族自治区,南宁市,cvs
20251407,MEITUAN,76W012422C,898778991320488,24客（龙福苑店）,贵州省,贵阳市,cvs
20251407,MEITUAN,76W012438C,912561541350259,之佳便利（昆钢凌波小区分店）,云南省,昆明市,cvs
20251407,MEITUAN,76W012450C,1123483077149019,佳惠（商贸店）,湖南省,怀化市,smkt
20251407,MEITUAN,76W012456C,1079584229597657,天天便利(廊坊六大街店),河北省,廊坊市,cvs
20251407,MEITUAN,76W012488C,1081980821434568,711便利店（京顺东街店）,北京市,北京市,cvs
20251407,MEITUAN,76W012496C,1016486865058439,711便利店（舜泰广场店）,山东省,济南市,cvs
20251407,MEITUAN,76W012512C,983522991037201,万逸之家（昆华医院店）,云南省,昆明市,cvs
20251407,MEITUAN,76W012523C,1031068278987640,中百罗森（长郡滨江中学店）,湖南省,长沙市,cvs
20251407,MEITUAN,76W012585C,1088930078495975,有家便利店（安石路店）,江西省,南昌市,cvs
20251407,MEITUAN,76W012629C,992271839403808,罗森（火器营地铁站店）,北京市,北京市,cvs
20251407,MEITUAN,76W012692C,961159096365282,华润万家（东丽区昆俞家园店）,天津市,天津市,mmkt
20251407,MEITUAN,76W012716C,1067708645004763,万逸之家（欣都龙城店）,云南省,昆明市,cvs
20251407,MEITUAN,76W012725C,910280913761276,十足便利店（逸林大厦店）,江苏省,无锡市,cvs
20251407,MEITUAN,76W012751C,1008150333520476,可好（科润城0141店）,山东省,青岛市,cvs
20251407,MEITUAN,76W012773C,906728975767337,佐客NO.718,辽宁省,沈阳市,cvs
20251407,MEITUAN,76W012800C,948334323992886,万逸之家（涌鑫哈佛3店）,云南省,昆明市,cvs
20251407,MEITUAN,76W012935C,1011195465334173,佐客名实超市,辽宁省,沈阳市,cvs
20251407,MEITUAN,76W012975C,847591571106579,天天便利（衡水宝云店）,河北省,衡水市,cvs
20251407,MEITUAN,76W012985C,1072420224133108,罗森(8030春江华庭店）,江苏省,无锡市,cvs
20251407,MEITUAN,76W013066C,862172985146836,罗森(8028新华路店),江苏省,无锡市,cvs
20251407,MEITUAN,76W013093C,865961146659791,壹度便利（亳州远大国宾府北门店）,安徽省,亳州市,cvs
20251407,MEITUAN,76W013098C,871686337618547,金虎便利(2978世纪花苑店）,山西省,忻州市,cvs
20251407,MEITUAN,76W013103C,1021610761035001,便利蜂(永旺家园五区店),北京市,北京市,cvs
20251407,MEITUAN,76W013120C,930647648681133,新天地超市（万龙花园店）,吉林省,长春市,cvs
20251407,MEITUAN,76W013159C,1116941855101231,万逸之家（华尔贝大厦店）,云南省,昆明市,cvs
20251407,MEITUAN,76W013170C,1060317006309959,711便利店（滨海外事学院南门店）,天津市,天津市,cvs
20251407,MEITUAN,76W013174C,982449249238191,家家利超市(忻州大欣城店),山西省,忻州市,smkt
20251407,MEITUAN,76W013202C,1006230483133334,711便利店（平江道光华里店）,天津市,天津市,cvs
20251407,MEITUAN,76W013227C,916654645213409,金虎便利（3330文源巷新建路店）,山西省,太原市,cvs
20251407,MEITUAN,76W013424C,922663304509072,便利蜂（南关大街57号店）,北京市,北京市,cvs
20251407,MEITUAN,76W013451C,1034740476063481,小月亮（中央红大正莅江店）,黑龙江省,哈尔滨市,mmkt
20251407,MEITUAN,76W013572C,1085975148590366,罗森便利店（3175沈北华强城店）,辽宁省,沈阳市,cvs
20251407,MEITUAN,76W013613C,1122606903877313,壹度便利（中铁诺德店）,安徽省,亳州市,mmkt
20251407,MEITUAN,76W013683C,859819343011966,36524便利店,河北省,石家庄市,cvs
20251407,MEITUAN,76W013712C,1067210415643957,联华超市（虎林店）,上海市,上海市,mmkt
20251407,MEITUAN,76W013742C,1076015111738262,中百超市（新光村店）,湖北省,武汉市,mmkt
20251407,MEITUAN,76W013756C,1114390650464696,天福便利店（板塘纱21209店）,湖南省,湘潭市,cvs
20251407,MEITUAN,76W013765C,1030814862760259,便利蜂（格调中心店）,天津市,天津市,cvs
20251407,MEITUAN,76W013847C,895467558400448,罗森便利店（3059皇姑居然之家店）,辽宁省,沈阳市,cvs
20251407,MEITUAN,76W013887C,1012380863121934,中百超市（华星晨龙城店）,湖北省,武汉市,mmkt
20251407,MEITUAN,76W013948C,919781368251844,中百超市（恋湖花园店）,湖北省,武汉市,mmkt
20251407,MEITUAN,76W014065C,855502906816494,天福便利店（丹霞楼11030店）,广东省,韶关市,cvs
20251407,MEITUAN,76W014106C,1008674319547412,KKV（苏州石路天虹CCMall主力店）,江苏省,苏州市,mmkt
20251407,MEITUAN,76W014137C,1107334000147878,罗森（前门大街店）,北京市,北京市,cvs
20251407,MEITUAN,76W014158C,1111792197064605,十足便利店（南通海安安达步行街店）,江苏省,南通市,cvs
20251407,MEITUAN,76W014219C,1096738315777779,联华超市（安亭店）,上海市,上海市,mmkt
20251407,MEITUAN,76W014228C,953814702257127,中央红金源,黑龙江省,哈尔滨市,smkt
20251407,MEITUAN,76W014272C,1071286352803943,KKV（南充王府井百货主力店）,四川省,南充市,mmkt
20251407,MEITUAN,76W014312C,867056349795773,新天地超市(益田枫露店),吉林省,长春市,cvs
20251407,MEITUAN,76W014376C,862538057256803,红旗连锁（红枫岭店）,四川省,成都市,mmkt
20251407,MEITUAN,76W014403C,1020043084781396,金叶春天,辽宁省,大连市,mmkt
20251407,MEITUAN,76W014438C,904078980990369,罗森便利店（1230西安路福佳店）,辽宁省,大连市,cvs
20251407,MEITUAN,76W014479C,911857166735638,36524便利店,河北省,秦皇岛市,cvs
20251407,MEITUAN,76W014488C,1074297111671958,美好超市（小龙河依云华苑生鲜店）,江苏省,苏州市,cvs
20251407,MEITUAN,76W014489C,1083720269978132,百家来·生活广场(龙都广场店),河南省,信阳市,smkt
20251407,MEITUAN,76W014520C,1095720427583102,KKV（贵阳世纪金源主力店）,贵州省,贵阳市,mmkt
20251407,MEITUAN,76W014550C,972656710670466,欧亚超市(湖西店),吉林省,长春市,mmkt
20251407,MEITUAN,76W014645C,1107359788947909,十足便利店（文泽府邸店）,江苏省,盐城市,cvs
20251407,MEITUAN,76W014780C,899307278297655,天福便利店（财津大厦0022店）,广东省,东莞市,cvs
20251407,MEITUAN,76W014923C,908236509285042,之佳便利（昆明锦悦四季分店）,云南省,昆明市,cvs
20251407,MEITUAN,76W014928C,854497878458533,711便利店（百子湾东里店）,北京市,北京市,cvs
20251407,MEITUAN,76W014967C,905251507070406,便利蜂（雍和大厦店）,北京市,北京市,cvs
20251407,MEITUAN,76W015066C,922070598965237,华润万家（咸水沽店）,天津市,天津市,hmkt
20251407,MEITUAN,76W015125C,1088036725230509,金虎便利（3343祁县昭馀明珠店）,山西省,晋中市,cvs
20251407,MEITUAN,76W015128C,935878924675946,KKV（太原华润万象钟楼街主力店）,山西省,太原市,mmkt
20251407,MEITUAN,76W015168C,1062022108324289,711便利店(文德广场4427店）,广东省,珠海市,cvs
20251407,MEITUAN,76W015221C,1038996788661809,杰出便利店（朝阳龙座店）,河北省,保定市,cvs
20251407,MEITUAN,76W015223C,947969251788774,天天便利（沧州金龙广场店）,河北省,沧州市,cvs
20251407,MEITUAN,76W015327C,1090424727073067,Today（市政府店）,湖南省,长沙市,cvs
20251407,MEITUAN,76W015388C,1097644567039743,金叶春天便利店,辽宁省,大连市,mmkt
20251407,MEITUAN,76W015413C,1093263700490805,新天地超市(华山路店),辽宁省,沈阳市,cvs
20251407,MEITUAN,76W015442C,1066561888719572,每一天便利店（清姜店）,陕西省,宝鸡市,cvs
20251407,MEITUAN,76W015455C,851268068909653,711（西高智能大厦店）,陕西省,西安市,cvs
20251407,MEITUAN,76W015457C,1051357704954670,KKV（西安高新万达广场主力店）,陕西省,西安市,mmkt
20251407,MEITUAN,76W015475C,941144535579087,华润万家（西安阎良店）,陕西省,西安市,hmkt
20251407,MEITUAN,76W015487C,976320336720881,松林超市（金泰店）,陕西省,西安市,mmkt
20251407,MEITUAN,76W015488C,945834658851025,松林超市（复地店）,陕西省,西安市,mmkt
20251407,MEITUAN,76W015527C,889531926737483,家得乐超市（东泰金谷店）,黑龙江省,哈尔滨市,smkt
20251407,MEITUAN,76W017215C,898512690216752,北山生活超市（东山店）,湖北省,宜昌市,smkt
20251407,MEITUAN,76W017431C,1084119715062445,KKV(大连开发区安盛主力店),辽宁省,大连市,mmkt
20251407,MEITUAN,76W017568C,877579019555131,可购便利店（龙山一路店）,重庆市,重庆市,cvs
20251407,MEITUAN,76W017611C,871527423855637,美宜佳(陕13锦绣佳园店),陕西省,渭南市,mmkt
20251407,MEITUAN,76W017626C,1050163703638616,华润万家便利超市（陕西西安龙首北路店）,陕西省,西安市,mmkt
20251407,MEITUAN,76W018749C,1048110734499306,邻几（滨湖旭辉御府店）,安徽省,合肥市,cvs
20251407,MEITUAN,76W018797C,859596004689514,好润佳（花源店）,湖南省,常德市,smkt
20251407,MEITUAN,76W018808C,1004181770548530,711（文景路店）,江苏省,南京市,cvs
20251407,MEITUAN,76W018815C,1105328263571036,国光（滨江首府店）,江西省,吉安市,smkt
20251407,MEITUAN,76W018821C,859583140888864,比优特超市（大连金州店）,辽宁省,大连市,smkt
20251407,MEITUAN,76W018855C,861447157361996,奥特乐（武侯吾悦广场店）,四川省,成都市,mmkt
20251407,MEITUAN,76W018857C,997022094947899,奥特乐（招商大魔方店）,四川省,成都市,mmkt
20251407,MEITUAN,76W018866C,1085889270622617,711便利店（大学城南地铁店）,云南省,昆明市,cvs
20251407,MEITUAN,76W018886C,1028448349417827,KKV（重庆巴南万达广场主力店）,重庆市,重庆市,mmkt
20251407,MEITUAN,76W018891C,1046049146710258,奥特乐(巴南华熙店),重庆市,重庆市,mmkt
20251407,MEITUAN,76W018929C,891718086283179,和天下精致超市（上坪丰店）,贵州省,遵义市,smkt
20251407,MEITUAN,76W018941C,876814556121388,超市发（平门店）,河北省,张家口市,smkt
20251407,MEITUAN,76W018968C,890300725890062,LAWSON罗森（259208南京新华西路店）,江苏省,南京市,cvs
20251407,MEITUAN,76W018976C,1010083074661434,罗森便利店（0501抚顺百货大楼分店）,辽宁省,抚顺市,cvs
20251407,MEITUAN,76W018997C,1085249291455196,每一天便利店（陈仓步行街店）,陕西省,宝鸡市,cvs
20251407,MEITUAN,76W019069C,908674619600118,24客（悦园花岸店）,贵州省,六盘水市,cvs
20251407,MEITUAN,76W019172C,889338653208985,寿康永乐（十堰生活广场）,湖北省,十堰市,smkt
20251407,MEITUAN,76W019177C,1071827544682291,昆仑好客uSmile（陆渔口店）,湖北省,宜昌市,cvs
20251407,MEITUAN,76W019178C,1065410865152285,昆仑好客uSmile(毛嘴店）,湖北省,仙桃市,cvs
20251407,MEITUAN,76W019192C,1086026680559588,罗森（9668大华桂美颂店）,江苏省,南京市,cvs
20251407,MEITUAN,76W019215C,888999350777969,美特好超市（万科印象城店）,山西省,太原市,smkt
20251407,MEITUAN,76W019352C,1084051016727262,乐玛特（中红海峡店）,云南省,大理白族自治州,smkt
20251407,MEITUAN,76W019375C,1001171017530864,六意便利店（厦门红星瑞景店）,福建省,厦门市,cvs
20251407,MEITUAN,76W019378C,1043321844383144,罗森便利店（厦大学生公寓店）,福建省,厦门市,cvs
20251407,MEITUAN,76W019394C,993749316930242,生活无忧（贵阳南明花果园金融街店）,贵州省,贵阳市,mmkt
20251407,MEITUAN,76W019413C,1048643285282980,佳惠超市（云箭嘉苑店）,湖南省,怀化市,smkt
20251407,MEITUAN,76W019440C,1093147758212411,金虎便利（7027襄汾财星嘉苑店）,山西省,临汾市,cvs
20251407,MEITUAN,76W019461C,903348836507906,华润万家（天津十一经路店）,天津市,天津市,hmkt
20251407,MEITUAN,76W019476C,878399371496117,巷邻（亳州万达公寓店）,安徽省,亳州市,cvs
20251407,MEITUAN,76W019534C,952509019057976,新天地超市(近埠街二分店),吉林省,长春市,cvs
20251407,MEITUAN,76W019541C,957259291052037,胜大超市（西五区店）,山东省,东营市,mmkt
20251407,MEITUAN,76W019549C,1084566378497692,家家利时代广场店（介休时代广场店）,山西省,晋中市,smkt
20251407,MEITUAN,76W019628C,852612411308623,中心城大卖场(锦东花园店),吉林省,延边朝鲜族自治州,mmkt
20251407,MEITUAN,76W019630C,1036982472456229,新天地超市（万科翡翠公园店）,吉林省,长春市,cvs
20251407,MEITUAN,76W019656C,858440658499253,大众超市（钻石广场店）,云南省,文山壮族苗族自治州,smkt
20251407,MEITUAN,76W019736C,1049575314776273,万兴佳亿（汨罗-劳动北路店）,湖南省,岳阳市,smkt
20251407,MEITUAN,76W020108C,1047363384942930,金叶便利,河南省,安阳市,mmkt
20251407,MEITUAN,76W020123C,1113420011004336,新佳宜便利店（南城天街02377店）,湖南省,常德市,cvs
20251407,MEITUAN,76W020134C,1029874285816173,KKV（南昌经开旭辉广场店）,江西省,南昌市,mmkt
20251407,MEITUAN,76W020210C,849979594765254,每日隆便利店（北岸七区店）,吉林省,延边朝鲜族自治州,cvs
20251407,MEITUAN,76W020281C,1015503317531686,新佳宜（保利广场1970店）,湖南省,长沙市,cvs
20251407,MEITUAN,76W020291C,1023156949262645,美好超市（鼎邦花园店）,江苏省,常州市,cvs
20251407,MEITUAN,76W020294C,929762910334128,金叶春天便利店,辽宁省,大连市,
20251407,MEITUAN,76W020522C,1030458393647761,Today（汉西一路地铁站店）,湖北省,武汉市,cvs
20251407,MEITUAN,76W020605C,1110456454498892,联盛超市（正大店）,江西省,九江市,mmkt
20251407,MEITUAN,76W020654C,1008236232894327,慕臣便利店,湖北省,武汉市,cvs
20251407,MEITUAN,76W020677C,1006990692373993,神利便利,山西省,晋城市,cvs
20251407,MEITUAN,76W020706C,1111190893937002,711（顺义祥云小镇店）,北京市,北京市,cvs
20251407,MEITUAN,76W020743C,993148012774220,每一天便利店（百合都市店）,陕西省,宝鸡市,cvs
20251407,MEITUAN,76W020778C,923737070100724,三毛生活超市（西司店）,河南省,开封市,mmkt
20251407,MEITUAN,76W020779C,1013841165195738,美宜佳（豫270南阳新野老户庄店）,河南省,南阳市,cvs
20251407,MEITUAN,76W020805C,1014034460396113,美惠全连锁超市,上海市,上海市,mmkt
20251407,MEITUAN,76W021032C,856834327566001,美食林时刻（凤丽店）,河北省,邯郸市,mmkt
20251407,MEITUAN,76W021035C,938447296114950,融惠微利便利店(恒大丁香郡店),黑龙江省,哈尔滨市,cvs
20251407,MEITUAN,76W021047C,875568976613092,苏果生活超市（丰县栖凤路店）,江苏省,徐州市,
20251407,MEITUAN,76W021055C,923676905266526,银座商城（东营东城店）,山东省,东营市,hmkt
20251407,MEITUAN,76W021061C,960081048057956,华润万家（天津大无缝店）,天津市,天津市,
20251407,MEITUAN,76W021076C,1047981848748622,融惠微利便利店（中民店）,黑龙江省,哈尔滨市,cvs
20251407,MEITUAN,76W021078C,1054183781530761,中百超市（薛峰社区店）,湖北省,武汉市,smkt
20251407,MEITUAN,76W021081C,1105878007925800,华润苏果生活超市（上元大街店）,江苏省,南京市,mmkt
20251407,MEITUAN,76W021082C,1106724116493007,可多便利(盛世东方店),湖北省,武汉市,mmkt
20251407,MEITUAN,76W021083C,1109193722635737,华润万家（横岗店）,广东省,深圳市,
20251407,MEITUAN,76W021096C,913738350948567,悦来悦喜（宝瑞路店）,河南省,郑州市,cvs
20251407,MEITUAN,76W021104C,962039564602814,华润万家（天津铁城公寓店）,天津市,天津市,mmkt
20251407,MEITUAN,76W021106C,863023388666792,百家乐超市（砂山店）,辽宁省,沈阳市,cvs
20251407,MEITUAN,76W021130C,1087302285796231,乐豆家（新都会二店）,江西省,南昌市,cvs
20251407,MEITUAN,76W021167C,906896479499091,大红福锦绣邻里生活中心（锦绣店）,辽宁省,大连市,smkt
20251407,MEITUAN,76W021174C,918819308732759,百家乐超市（风雨坛店）,辽宁省,沈阳市,cvs
20251407,MEITUAN,76W021212C,903877117490770,华润万家（咸阳福园店）,陕西省,咸阳市,hmkt
20251407,MEITUAN,76W021241C,1106925991369370,凤梧超市(土主1店),重庆市,重庆市,
20251407,MEITUAN,76W021259C,1116074271781376,时刻便利（0355峰峰总院店）,河北省,邯郸市,mmkt
20251407,MEITUAN,76W021275C,1007768081433926,美特好（三墙店）,山西省,太原市,smkt
20251407,MEITUAN,76W021276C,873924040329299,广百家超市（相思湖店）,广西壮族自治区,南宁市,
20251407,MEITUAN,76W021308C,1006114519038210,苏果便利（南京市文鸿路店）,江苏省,南京市,mmkt
20251407,MEITUAN,76W021321C,879507473070896,美宜佳（柳明路桂00885号店）,广西壮族自治区,南宁市,cvs
20251407,MEITUAN,76W021322C,911101273701949,美宜佳（魅力之城桂02088号店）,广西壮族自治区,南宁市,cvs
20251407,MEITUAN,76W021331C,1001424438279993,美宜佳（长堽路桂02153号店）,广西壮族自治区,南宁市,cvs
20251407,MEITUAN,76W021340C,913373313660355,美宜佳（碧园印象桂01923号店）,广西壮族自治区,桂林市,cvs
20251407,MEITUAN,76W021362C,941423721607402,美宜佳（凯旋新天地桂00810号店）,广西壮族自治区,贵港市,cvs
20251407,MEITUAN,76W021427C,967743281211203,美宜佳（华天成湘02211店）,湖南省,张家界市,cvs
20251407,MEITUAN,76W021532C,1058152342794857,美宜佳（文一中心皖00276店）,安徽省,合肥市,cvs
20251407,MEITUAN,76W021877C,906424062158272,美宜佳（向阳大道鄂02078店）,湖北省,武汉市,cvs
20251407,MEITUAN,76W021878C,949824699543704,美宜佳（凤凰苑鄂01856店）,湖北省,武汉市,cvs
20251407,MEITUAN,76W021879C,906411169387459,美宜佳（芝山北路湘03592店）,湖南省,永州市,cvs
20251407,MEITUAN,76W021880C,859209457618391,美宜佳（铜宝路湘01500店）,湖南省,邵阳市,cvs
20251407,MEITUAN,76W021882C,927396358498508,美宜佳(东方丽都赣00657店),江西省,赣州市,cvs
20251407,MEITUAN,76W021890C,880327833676559,美宜佳（雄中路粤27941店）,广东省,韶关市,cvs
20251407,MEITUAN,76W021891C,1097953804702282,美宜佳（西明广场桂00172号店）,广西壮族自治区,南宁市,cvs
20251407,MEITUAN,76W021892C,1014700187562892,美宜佳（明珠花园桂02460号店）,广西壮族自治区,北海市,cvs
20251407,MEITUAN,76W021893C,846165641972837,美宜佳（阳光新城风林苑桂00621号店）,广西壮族自治区,南宁市,cvs
20251407,MEITUAN,76W021896C,1117062120023289,美宜佳（巴源广场鄂01335店）,湖北省,黄冈市,cvs
20251407,MEITUAN,76W021899C,859402731145428,美宜佳（子龙花园赣01001店）,江西省,宜春市,cvs
20251407,MEITUAN,76W021904C,917724119634656,美宜佳（谷河东路皖00533店）,安徽省,阜阳市,cvs
20251407,MEITUAN,76W021910C,911676778114542,美宜佳(人民中路桂00168号店),广西壮族自治区,玉林市,cvs
20251407,MEITUAN,76W021911C,1055828765455579,美宜佳（广场南路桂00808号店）,广西壮族自治区,南宁市,cvs
20251407,MEITUAN,76W021912C,1001171011647914,美宜佳（风情街桂01300号店）,广西壮族自治区,北海市,cvs
20251407,MEITUAN,76W021914C,1084149787558782,美宜佳(永春公园鄂01502店),湖北省,黄冈市,cvs
20251407,MEITUAN,76W021916C,1050949682614424,美宜佳（时代广场赣00488店）,江西省,赣州市,cvs
20251407,MEITUAN,76W021917C,1074490422177743,美宜佳（锦绣苑赣01709店）,江西省,吉安市,cvs
20251407,MEITUAN,76W021927C,995042099183121,美宜佳（国大酒店桂01835号店）,广西壮族自治区,南宁市,cvs
20251407,MEITUAN,76W021928C,946212637671361,美宜佳（民主路桂02146号店）,广西壮族自治区,南宁市,cvs
20251407,MEITUAN,76W021930C,931356324130469,美宜佳（凤栖路鄂01440店）,湖北省,孝感市,cvs
20251407,MEITUAN,76W021931C,1077780372322590,美宜佳（甲山大道湘03851店）,湖南省,岳阳市,cvs
20251407,MEITUAN,76W021932C,950541937155993,美宜佳（漫城湘02250店）,湖南省,长沙市,cvs
20251407,MEITUAN,76W021933C,1064045037894600,美宜佳（老步步高赣01038店）,江西省,宜春市,cvs
20251407,MEITUAN,76W021939C,1122160240385372,美宜佳(沙田镇粤25556店),广东省,惠州市,cvs
20251407,MEITUAN,76W021941C,924265333082543,美宜佳（丽港华府桂01595号店）,广西壮族自治区,梧州市,cvs
20251407,MEITUAN,76W021942C,943777363692450,美宜佳（博白三中桂01396号店）,广西壮族自治区,玉林市,cvs
20251407,MEITUAN,76W021945C,1056936872876987,美宜佳（人民医院鄂01487店）,湖北省,孝感市,cvs
20251407,MEITUAN,76W021946C,1069607020550258,美宜佳(宜尚湘02226店),湖南省,衡阳市,cvs
20251407,MEITUAN,76W021947C,1077690149015165,美宜佳（开成湘01550店),湖南省,娄底市,cvs
20251407,MEITUAN,76W021948C,1098035430762315,美宜佳（华塘街道湘03329店）,湖南省,湘西土家族苗族自治州,cvs
20251407,MEITUAN,76W021992C,902464094952875,711（石景山金融街长安中心店）,北京市,北京市,cvs
20251407,MEITUAN,76W021997C,1017831230613651,KKV（北京京西大悦城店）,北京市,北京市,mmkt
20251407,MEITUAN,76W021998C,928431445540909,华欣生鲜超市,北京市,北京市,
20251407,MEITUAN,76W021999C,853364007077159,超市发（白颐路店）,北京市,北京市,
20251407,MEITUAN,76W022004C,904332389869027,KKV（吉林财富购物广场主力店）,吉林省,吉林市,mmkt
20251407,MEITUAN,76W022008C,1072828246030931,欧亚超市(钜城店),吉林省,长春市,smkt
20251407,MEITUAN,76W022018C,1010422398985510,昆仑好客uSmile（宜宾水清店）,四川省,宜宾市,cvs
20251407,MEITUAN,76W022024C,861786438018332,1+家超市（橡树林2店）,四川省,成都市,cvs
20251407,MEITUAN,76W022025C,1112092837084791,1+家超市（星雅俊园店）,四川省,成都市,cvs
20251407,MEITUAN,76W022027C,877978451571580,711便利店（金科天都店）,四川省,成都市,cvs
20251407,MEITUAN,76W022028C,1059123011196604,老邻居超市（百吉店）,四川省,成都市,mmkt
20251407,MEITUAN,76W022029C,880778805082402,LAWSON罗森（川师成龙校区西晖门店）,四川省,成都市,cvs
20251407,MEITUAN,76W022032C,970659587773741,LAWSON罗森（环球汇店）,四川省,成都市,cvs
20251407,MEITUAN,76W022057C,1097653156998527,KKV（成都青白江万达广场主力店）,四川省,成都市,mmkt
20251407,MEITUAN,76W022059C,967249383618154,红旗连锁（金堂金海岸分场店）,四川省,成都市,
20251407,MEITUAN,76W022061C,882801736809032,红旗连锁(蒲江鹤山紫华路店),四川省,成都市,
20251407,MEITUAN,76W022062C,1045387699949841,红旗连锁（青白江城厢首府店）,四川省,成都市,
20251407,MEITUAN,76W022063C,1032099071149599,红旗连锁（新希望店）,四川省,成都市,mmkt
20251407,MEITUAN,76W022067C,1005427345447639,老邻居超市（慧民店）,四川省,成都市,mmkt
20251407,MEITUAN,76W022068C,1066862560032906,攀钢吉靓轩超市（瓜子坪店）,四川省,攀枝花市,mmkt
20251407,MEITUAN,76W022069C,1111062050762042,宏远上铖（彭山凯鑫华府店）,四川省,眉山市,mmkt
20251407,MEITUAN,76W022080C,1118024211887515,邻几（南岗青年公寓店）,安徽省,合肥市,cvs
20251407,MEITUAN,76W022082C,1095256590329688,邻几（高新曦街店）,安徽省,合肥市,cvs
20251407,MEITUAN,76W022083C,1016104612953646,邻几便利（新城国际二店）,安徽省,合肥市,cvs
20251407,MEITUAN,76W022085C,1078141126399787,邻几（琥珀五环城店）,安徽省,合肥市,cvs
20251407,MEITUAN,76W022087C,1074984319593907,美宜佳（丰辉国际皖00306店）,安徽省,合肥市,cvs
20251407,MEITUAN,76W022088C,1100509297079620,巷邻便利店（元一名城店）,安徽省,合肥市,cvs
20251407,MEITUAN,76W022097C,1002717199904921,壹度便利（茂和小区店）,安徽省,宿州市,cvs
20251407,MEITUAN,76W022114C,1064070831272773,711便利店（德州奥莱广场店）,山东省,德州市,cvs
20251407,MEITUAN,76W022115C,895922878964373,八点半（聚隆广场二店）,山东省,济南市,cvs
20251407,MEITUAN,76W022128C,975508603752569,金虎便利（7005汾阳东一环店）,山西省,吕梁市,cvs
20251407,MEITUAN,76W022129C,896425349275843,金虎便利（1308学府2号店）,山西省,太原市,cvs
20251407,MEITUAN,76W022130C,1008253412762497,金虎便利（3289富力湾店）,山西省,太原市,cvs
20251407,MEITUAN,76W022132C,1077634337983941,金虎便利（3993九润龙湾店）,山西省,太原市,cvs
20251407,MEITUAN,76W022136C,1066810996904089,美宜佳（帝雍园2348店）,广东省,东莞市,cvs
20251407,MEITUAN,76W022138C,1043454964693965,美宜佳（华通城1467店）,广东省,东莞市,cvs
20251407,MEITUAN,76W022139C,898843415848366,美宜佳（佳嘉豪园粤26678店）,广东省,东莞市,cvs
20251407,MEITUAN,76W022144C,1056468715589218,美宜佳（韩边村7659店）,广东省,东莞市,cvs
20251407,MEITUAN,76W022145C,906278004257343,美宜佳（新犬眠岭1909店）,广东省,东莞市,cvs
20251407,MEITUAN,76W022150C,907927258483731,美宜佳(海伦堡粤10620店),广东省,佛山市,cvs
20251407,MEITUAN,76W022151C,1097107683014293,美宜佳｜冰啤酒（新华路粤21556店）,广东省,佛山市,cvs
20251407,MEITUAN,76W022153C,1091571483301744,美宜佳（新达街M659店）,广东省,佛山市,cvs
20251407,MEITUAN,76W022154C,897795443847632,美宜佳（听涛苑粤18386店）,广东省,佛山市,cvs
20251407,MEITUAN,76W022157C,1018033074388608,罗森便利店（赏湖街店）,广东省,广州市,cvs
20251407,MEITUAN,76W022158C,937163114082980,美宜佳(中航城粤20798店),广东省,广州市,cvs
20251407,MEITUAN,76W022159C,1088607977545128,美宜佳(阳莘丰路粤28730店),广东省,广州市,cvs
20251407,MEITUAN,76W022160C,1075976480043818,美宜佳（永和街道粤28150店）,广东省,广州市,cvs
20251407,MEITUAN,76W022161C,880168921040096,美宜佳（丽景湾粤16711店）,广东省,广州市,cvs
20251407,MEITUAN,76W022162C,1038133500233879,美宜佳（环翠园24490店）,广东省,广州市,cvs
20251407,MEITUAN,76W022163C,1085631543541530,美宜佳（剑桥汇粤10001店）,广东省,广州市,cvs
20251407,MEITUAN,76W022165C,1055227470060104,美宜佳(悦湖会粤10555店),广东省,惠州市,cvs
20251407,MEITUAN,76W022166C,1051697006913223,美宜佳（保利粤19302店）,广东省,惠州市,cvs
20251407,MEITUAN,76W022167C,1003503178876317,美宜佳(海悦湾A粤21209店),广东省,惠州市,cvs
20251407,MEITUAN,76W022168C,909361790776545,美宜佳（蔡家村粤13542店）,广东省,惠州市,cvs
20251407,MEITUAN,76W022170C,927877419782945,美宜佳（朝扬区粤28240店）,广东省,揭阳市,cvs
20251407,MEITUAN,76W022171C,1024454029360311,美宜佳（三板桥G979店）,广东省,梅州市,cvs
20251407,MEITUAN,76W022172C,1001720767469576,美宜佳（环城街粤12945店）,广东省,梅州市,cvs
20251407,MEITUAN,76W022181C,1025626555439026,美宜佳(凤尾坑K509店）,广东省,深圳市,cvs
20251407,MEITUAN,76W022190C,953239198291336,美宜佳（创客城桂02268号店）,广西壮族自治区,南宁市,cvs
20251407,MEITUAN,76W022192C,948467496929918,美宜佳(良堤路桂02459号店),广西壮族自治区,南宁市,cvs
20251407,MEITUAN,76W022195C,1078879854968488,美宜佳（融水民族桂01523号店）,广西壮族自治区,柳州市,cvs
20251407,MEITUAN,76W022200C,1095471313589900,购好超市（四平路店）,江苏省,南京市,cvs
20251407,MEITUAN,76W022202C,874735790455654,罗森（南京中南世纪雅苑店）,江苏省,南京市,cvs
20251407,MEITUAN,76W022205C,996017050942074,罗森（8230海门三厂店）,江苏省,南通市,cvs
20251407,MEITUAN,76W022207C,1008609922568517,十足便利店（南通如皋文峰店）,江苏省,南通市,cvs
20251407,MEITUAN,76W022221C,902343835898482,美宜佳（长安府赣01471店）,江西省,上饶市,cvs
20251407,MEITUAN,76W022224C,1083217758614112,美宜佳(湖滨财校赣00415店),江西省,九江市,cvs
20251407,MEITUAN,76W022227C,1119767943591134,乐豆家便利店（社保大楼店）,江西省,南昌市,cvs
20251407,MEITUAN,76W022229C,1063804547240450,美宜佳(香堤湖岸赣01895店),江西省,南昌市,cvs
20251407,MEITUAN,76W022234C,1111040570053671,有家便利店（中林大厦店）,江西省,南昌市,cvs
20251407,MEITUAN,76W022237C,1068464559251845,美宜佳(富瑞花园二期赣02059店),江西省,吉安市,cvs
20251407,MEITUAN,76W022250C,894406738073065,美宜佳(豫1215信阳一高店),河南省,信阳市,cvs
20251407,MEITUAN,76W022258C,933400746473886,美宜佳(豫1091鑫源国际店),河南省,周口市,cvs
20251407,MEITUAN,76W022260C,894234937767661,美宜佳(豫985庄子广场店),河南省,商丘市,cvs
20251407,MEITUAN,76W022262C,1015219849696788,7便利（香槟圣园店）,河南省,商丘市,cvs
20251407,MEITUAN,76W022272C,1018333700950066,悦来悦喜（洛阳九都西路店）,河南省,洛阳市,cvs
20251407,MEITUAN,76W022282C,1025115483363471,万果园社区超市（天鹅商厦09店）,河南省,周口市,mmkt
20251407,MEITUAN,76W022297C,846951663592976,人本超市(南瓯店),浙江省,温州市,
20251407,MEITUAN,76W022298C,1006398011815512,浙北超市（安吉孝丰店）,浙江省,湖州市,mmkt
20251407,MEITUAN,76W022299C,1093663155924563,一百超市（牌头店）,浙江省,绍兴市,
20251407,MEITUAN,76W022300C,1096162803336774,美宜佳（咸宁君临时代585店）,湖北省,咸宁市,cvs
20251407,MEITUAN,76W022301C,899637984814240,美宜佳（仁和医院鄂1210店）,湖北省,宜昌市,cvs
20251407,MEITUAN,76W022302C,859050543841635,美宜佳(运河佳苑鄂01331店),湖北省,宜昌市,cvs
20251407,MEITUAN,76W022313C,1060437306267967,美宜佳（江逸酒店湘04128店）,湖南省,娄底市,cvs
20251407,MEITUAN,76W022315C,1025098315326262,新佳宜便利店（富隆中心2442店）,湖南省,娄底市,cvs
20251407,MEITUAN,76W022316C,962705284588256,美宜佳（万汇中心湘01817店）,湖南省,岳阳市,cvs
20251407,MEITUAN,76W022317C,1124019961256897,美宜佳（屈原二中湘02028店）,湖南省,岳阳市,cvs
20251407,MEITUAN,76W022318C,1121494543849800,新佳宜(岳阳天伦城银座2160店),湖南省,岳阳市,cvs
20251407,MEITUAN,76W022319C,953771774503501,美宜佳（广德荷苑湘03565店）,湖南省,常德市,cvs
20251407,MEITUAN,76W022320C,966506330631842,美宜佳（尧业湘01339店）,湖南省,常德市,cvs
20251407,MEITUAN,76W022321C,1034693231438906,美宜佳（火车站湘02025店）,湖南省,怀化市,cvs
20251407,MEITUAN,76W022322C,852023977370700,美宜佳（新时代广场湘01158店）,湖南省,怀化市,cvs
20251407,MEITUAN,76W022323C,1058435857896715,天福便利店（26595迎丰中路店）,湖南省,怀化市,cvs
20251407,MEITUAN,76W022324C,974761244616020,美宜佳便利店（盛世华庭湘01677店）,湖南省,株洲市,cvs
20251407,MEITUAN,76W022326C,909658143506079,新佳宜超市（泰山路1839店）,湖南省,株洲市,cvs
20251407,MEITUAN,76W022327C,884609936877228,美宜佳(九亿街湘04075店),湖南省,永州市,cvs
20251407,MEITUAN,76W022328C,1019720975427075,美宜佳（广源商湘02847店）,湖南省,永州市,cvs
20251407,MEITUAN,76W022329C,954643630936069,美宜佳（万家天府湘02960店）,湖南省,永州市,cvs
20251407,MEITUAN,76W022333C,1015730950774772,美宜佳（七巷湘02082店）,湖南省,衡阳市,cvs
20251407,MEITUAN,76W022334C,1095686085502180,美宜佳（新城公寓湘03259店）,湖南省,衡阳市,cvs
20251407,MEITUAN,76W022335C,886065911932562,美宜佳(君安御豪湘03628店),湖南省,衡阳市,cvs
20251407,MEITUAN,76W022338C,993710674587421,美宜佳（丰茂湘03492店）,湖南省,邵阳市,cvs
20251407,MEITUAN,76W022341C,1062533209405235,美宜佳（西街湘01655店）,湖南省,郴州市,cvs
20251407,MEITUAN,76W022342C,1000067205091869,美宜佳（天禧湘01952店）,湖南省,郴州市,cvs
20251407,MEITUAN,76W022355C,1045177246585892,美宜佳（瑞泉花园闽01633店）,福建省,三明市,cvs
20251407,MEITUAN,76W022357C,1059316300831377,美宜佳（兴达路闽02458店）,福建省,南平市,cvs
20251407,MEITUAN,76W022367C,1033838519766162,美宜佳（中心花园闽00923店）,福建省,厦门市,cvs
20251407,MEITUAN,76W022381C,1039804242505930,美宜佳F187,福建省,漳州市,cvs
20251407,MEITUAN,76W022391C,876840298349191,万嘉便利(平潭潭潮店),福建省,福州市,cvs
20251407,MEITUAN,76W022408C,1058654877464219,24客（银通花园店）,贵州省,贵阳市,cvs
20251407,MEITUAN,76W022410C,1075860492962992,24客(华润4店),贵州省,贵阳市,cvs
20251407,MEITUAN,76W022412C,985932467771167,凯辉便利(碧园花城店),贵州省,贵阳市,cvs
20251407,MEITUAN,76W022413C,1042364048811016,凯辉便利（新创路店）,贵州省,贵阳市,cvs
20251407,MEITUAN,76W022415C,951843299154143,凯辉便利(花果园49店),贵州省,贵阳市,cvs
20251407,MEITUAN,76W022416C,902459778296501,凯辉便利(梦想城6店),贵州省,贵阳市,cvs
20251407,MEITUAN,76W022417C,849902263506966,凯辉便利(湘雅村店),贵州省,贵阳市,cvs
20251407,MEITUAN,76W022420C,1011191170772081,凯辉24h便利店（富力新天地6店）,贵州省,贵阳市,cvs
20251407,MEITUAN,76W022425C,1065775909740987,罗森便利店（1357金马路港西店）,辽宁省,大连市,cvs
20251407,MEITUAN,76W022435C,1001707882589579,大连元初食品（壹品星海店）,辽宁省,大连市,mmkt
20251407,MEITUAN,76W022436C,872034254910798,KKV（沈阳奥体万达广场店）,辽宁省,沈阳市,mmkt
20251407,MEITUAN,76W022453C,1069138910031728,每一天便利店（杨凌示范区医院店）,陕西省,咸阳市,cvs
20251407,MEITUAN,76W022454C,1116289062786469,捷的（江南一品店）,陕西省,安康市,cvs
20251407,MEITUAN,76W022455C,887985781163157,美宜佳（陕270九龙新城店）,陕西省,宝鸡市,cvs
20251407,MEITUAN,76W022458C,985056300236230,711（长安北路店）,陕西省,西安市,cvs
20251407,MEITUAN,76W022462C,978708332709601,华润万家（汉中天汉大道店）,陕西省,汉中市,hmkt
20251407,MEITUAN,76W022463C,1122598332892884,KKV（咸阳秦都万达广场主力店）,陕西省,咸阳市,mmkt
20251407,MEITUAN,76W022465C,866974758498022,华润万家便利（陕西西安华清学府城店）,陕西省,西安市,mmkt
20251407,MEITUAN,76W022472C,1092559325759951,邻几（马鞍山万达公寓店）,安徽省,马鞍山市,cvs
20251407,MEITUAN,76W022493C,1019059572178697,131爱便利店,广东省,东莞市,cvs
20251407,MEITUAN,76W022509C,1084849884185490,711便利店（通元国际店）,河南省,洛阳市,cvs
20251407,MEITUAN,76W022515C,903091161967206,KKV（商丘港汇万达广场主力店）,河南省,商丘市,mmkt
20251407,MEITUAN,76W022522C,1110538064728697,卜蜂莲花(愿景店),湖南省,永州市,hmkt
20251407,MEITUAN,76W022526C,881556201474054,亚泰超市（新动力店）,吉林省,长春市,smkt
20251407,MEITUAN,76W022527C,1124350714571960,大润发(关河店),江苏省,常州市,hmkt
20251407,MEITUAN,76W022529C,876135966358652,大润发(吴中店),江苏省,苏州市,hmkt
20251407,MEITUAN,76W022533C,961820521305412,华润苏果（华侨城店）,江苏省,南京市,
20251407,MEITUAN,76W022538C,1048926795700336,大润发（春阳店）,山东省,青岛市,hmkt
20251407,MEITUAN,76W022579C,938017855122312,大润发（常德店）,湖南省,常德市,hmkt
20251407,MEITUAN,76W022591C,1103236655303954,大润发（华阳店）,四川省,成都市,hmkt
20251407,MEITUAN,76W022661C,1047084252914969,大润发(淮阴店),江苏省,淮安市,hmkt
20251407,MEITUAN,76W022693C,1071969295632538,大润发（峨眉山店）,四川省,乐山市,smkt
20251407,MEITUAN,76W022741C,1069834696444234,大润发(曹安店),上海市,上海市,hmkt
20251407,MEITUAN,76W022744C,916951044201491,大润发（大渡河店）,上海市,上海市,hmkt
20251407,MEITUAN,76W022747C,920941063382074,大润发(华漕店),上海市,上海市,hmkt
20251407,MEITUAN,76W022750C,1079395291936206,大润发(美兰湖店),上海市,上海市,hmkt
20251407,MEITUAN,76W022753C,1020528472013643,大润发(南翔店),上海市,上海市,hmkt
20251407,MEITUAN,76W022756C,894763237739809,大润发(泗泾店),上海市,上海市,hmkt
20251407,MEITUAN,76W022759C,999620569296784,大润发(闸北店),上海市,上海市,hmkt
20251407,MEITUAN,76W022762C,884227683049085,大润发(中原店),上海市,上海市,hmkt
20251407,MEITUAN,76W022780C,1104653994611941,大润发(黄河店),江苏省,苏州市,
20251407,MEITUAN,76W022786C,1070603495671259,大润发(盛泽店),江苏省,苏州市,hmkt
20251407,MEITUAN,76W022796C,1018015916155316,大润发（泰安店）,山东省,泰安市,hmkt
20251407,MEITUAN,76W022798C,1064702210996311,大润发(靖江店),江苏省,泰州市,hmkt
20251407,MEITUAN,76W022805C,1075620015571954,大润发（紫金山店）,天津市,天津市,hmkt
20251407,MEITUAN,76W022820C,882844705358997,大润发(五星店),江苏省,无锡市,hmkt
20251407,MEITUAN,76W022835C,890193392556841,大润发(盐都店),江苏省,盐城市,hmkt
20251407,MEITUAN,76W022838C,1046440009660780,大润发(江都店),江苏省,扬州市,hmkt
20251407,MEITUAN,76W022848C,1004851839447657,大润发（枣庄店）,山东省,枣庄市,hmkt
20251407,MEITUAN,76W022853C,879846818094477,大润发（芙蓉店）,湖南省,长沙市,hmkt
20251407,MEITUAN,76W022856C,907188579881810,大润发（天心店）,湖南省,长沙市,hmkt
20251407,MEITUAN,76W022862C,895171261498082,大润发(京口店),江苏省,镇江市,hmkt
20251407,MEITUAN,76W022881C,1085657356011365,吉时汇便利店(春城店),吉林省,辽源市,cvs
20251407,MEITUAN,76W022882C,1067261968413722,每日隆便利店（东沃店）,吉林省,延边朝鲜族自治州,cvs
20251407,MEITUAN,76W022883C,861730603420977,新天地超市（吉林万利城店）,吉林省,吉林市,cvs
20251407,MEITUAN,76W022884C,928693425343980,新天地超市（经纬路店）,吉林省,长春市,cvs
20251407,MEITUAN,76W022885C,982131408493617,新天地超市(义和路店),吉林省,长春市,cvs
20251407,MEITUAN,76W022887C,964397523685013,大顺发生活超市(黄垦店),江西省,南昌市,
20251407,MEITUAN,76W022888C,942815291026370,乐豆家便利店（上饶名星广场店）,江西省,上饶市,cvs
20251407,MEITUAN,76W022891C,1077110351867211,三信超市（师专店）,山东省,菏泽市,
20251407,MEITUAN,76W022892C,1118509518196995,711便利店(中建华府店）,山东省,德州市,cvs
20251407,MEITUAN,76W022893C,1094844248389568,橙子便利（龙湖天街店）,山东省,济南市,cvs
20251407,MEITUAN,76W022894C,940564714964365,可好（黄岛城市阳台0292店）,山东省,青岛市,cvs
20251407,MEITUAN,76W022895C,966334531971279,统一银座（山大望燕店）,山东省,济南市,cvs
20251407,MEITUAN,76W022896C,1041401970304457,友客(黄岛区中铁博览城店),山东省,青岛市,cvs
20251407,MEITUAN,76W022898C,934203881605101,711便利店（鹭洲里店）,四川省,成都市,cvs
20251407,MEITUAN,76W022899C,906071874717859,LAWSON罗森（青白江英祥广场店）,四川省,成都市,cvs
20251407,MEITUAN,76W022901C,996695677449930,LAWSON罗森（绵阳1958店）,四川省,绵阳市,cvs
20251407,MEITUAN,76W022904C,925854507922301,美宜佳（博雅华庭川01551店）,四川省,南充市,cvs
20251407,MEITUAN,76W022905C,1121632002022622,美宜佳(钻石街川01081店),四川省,南充市,cvs
20251407,MEITUAN,76W022906C,1112316175375161,美宜佳（龙城中铁川00221店）,四川省,遂宁市,cvs
20251407,MEITUAN,76W022909C,991966902590186,百姓量贩（东城花园店）,河南省,濮阳市,
20251407,MEITUAN,76W022911C,1021795487293013,昆仑好客uSmile（黑龙江销售七台河分公司东进便利店）,黑龙江省,七台河市,
20251407,MEITUAN,76W022922C,1064341431533548,来此购食品折扣超市,黑龙江省,齐齐哈尔市,
20251407,MEITUAN,76W022923C,1105040500728328,中央红超市（学府路店）,黑龙江省,哈尔滨市,smkt
20251407,MEITUAN,76W022924C,968245792379752,小月亮（汇锦香槟湾店）,黑龙江省,哈尔滨市,mmkt
20251407,MEITUAN,76W022928C,1107308265307731,国贸夷陵购物广场,湖北省,宜昌市,
20251407,MEITUAN,76W022930C,880735833699776,中百仓储超市（丹水池店）,湖北省,武汉市,
20251407,MEITUAN,76W022931C,1076161140688977,中百仓储超市（蔡甸购物广场店）,湖北省,武汉市,smkt
20251407,MEITUAN,76W022936C,985150826265543,锁味（国宾府店）,湖南省,常德市,
20251407,MEITUAN,76W022937C,1009395895764692,欧亚超市（和宁店）,吉林省,辽源市,
20251407,MEITUAN,76W022938C,1060359961788832,欧亚超市（居然之家店）,吉林省,长春市,
20251407,MEITUAN,76W022939C,861137898042081,欧亚超市(柳影路店),吉林省,长春市,smkt
20251407,MEITUAN,76W022950C,1003266977332516,快客（大连君安店）,辽宁省,大连市,
20251407,MEITUAN,76W022990C,1004993558579679,罗森便利店（1325瓦房店华太广场店）,辽宁省,大连市,
20251407,MEITUAN,76W023046C,1000728630015762,新天地超市（万象汇店）,辽宁省,沈阳市,
20251407,MEITUAN,76W023060C,887049463313703,北美新生活连锁超市（城北阳光店）,辽宁省,锦州市,
20251407,MEITUAN,76W023061C,1022134768728227,金叶春天便利店（喜阅店）,辽宁省,大连市,
20251407,MEITUAN,76W023064C,965857814124316,麦谷鲜生（杏林苑店）,陕西省,铜川市,smkt
20251407,MEITUAN,76W023067C,855511477584174,吉买盛（新村店）,上海市,上海市,smkt
20251407,MEITUAN,76W023069C,848089787288580,吉买盛（控江店）,上海市,上海市,smkt
20251407,MEITUAN,76W023070C,904349563885112,blt精品超市(上海大悦城店),上海市,上海市,
20251407,MEITUAN,76W023071C,1027920068009892,Ole精品超市(南京东路店),上海市,上海市,smkt
20251407,MEITUAN,76W023074C,864200196479529,联华超市（田林店）,上海市,上海市,
20251407,MEITUAN,76W023075C,1107149316490048,联华超市（张杨店）,上海市,上海市,
20251407,MEITUAN,76W023076C,1110731359953266,联华超市（品直多商品直销中心）,上海市,上海市,
20251407,MEITUAN,76W023077C,1004121654178057,联华超市（东门店）,上海市,上海市,smkt
20251407,MEITUAN,76W023078C,1041462099958662,联华超市（菊盛店）,上海市,上海市,smkt
20251407,MEITUAN,76W023079C,1033374698219072,华联超市（堡镇店）,上海市,上海市,mmkt
20251407,MEITUAN,76W023080C,848446269606782,世纪联华（北斗星店）,上海市,上海市,
20251407,MEITUAN,76W023083C,1101793546286910,易捷（中石化南开天塔店）,天津市,天津市,
20251407,MEITUAN,76W023085C,1102407710802399,易捷（中石化西青杨柳青店）,天津市,天津市,cvs
20251407,MEITUAN,76W023086C,852788522340947,老祥云（福景名园小区86店）,云南省,大理白族自治州,
20251407,MEITUAN,76W023088C,926829422733226,大兴量贩,云南省,西双版纳傣族自治州,
20251407,MEITUAN,76W023089C,1107978284376569,福鑫购物广场,云南省,德宏傣族景颇族自治州,
20251407,MEITUAN,76W023090C,947655744010353,家益超市（北滨一号店）,重庆市,重庆市,mmkt
20251407,MEITUAN,76W023091C,993465840352432,逸民超市,重庆市,重庆市,mmkt
20251407,MEITUAN,76W023092C,1121163836992536,逸民超市（两江名居店）,重庆市,重庆市,mmkt
20251407,MEITUAN,76W023096C,936544644613272,农工商超市(00042闵行店),上海市,上海市,
20251407,MEITUAN,76W023098C,905075486827652,昆仑好客uSmile（建设路店）,安徽省,滁州市,cvs
20251407,MEITUAN,76W023099C,850168624958540,美宜佳（双清湾皖00292店）,安徽省,阜阳市,
20251407,MEITUAN,76W023102C,897039603032515,壹度便利（10302淮北国购店）,安徽省,淮北市,cvs
20251407,MEITUAN,76W023103C,1051168799409735,壹度便利（砀山汇景雅苑南门店）,安徽省,宿州市,cvs
20251407,MEITUAN,76W023104C,1119115182069413,壹度便利（不夜城商业街店）,安徽省,宿州市,cvs
20251407,MEITUAN,76W023107C,872326361265381,谊品生鲜超市（金星和园店）,安徽省,合肥市,cvs
20251407,MEITUAN,76W023110C,1048527394619765,易捷便利店（中石化房通店）,北京市,北京市,
20251407,MEITUAN,76W023111C,964766942369263,易捷便利店（中石化正兴店）,北京市,北京市,
20251407,MEITUAN,76W023112C,1034641765320580,大润发（金山店）,福建省,福州市,
20251407,MEITUAN,76W023113C,909185770636787,大润发（王庄店）,福建省,宁德市,
20251407,MEITUAN,76W023122C,1049772935112068,华润万家（从化店),广东省,广州市,hmkt
20251407,MEITUAN,76W023123C,1025785542762813,华润万家（广州中六店）,广东省,广州市,
20251407,MEITUAN,76W023131C,1016542773125738,元初食品（景苑大厦店）,广东省,深圳市,mmkt
20251407,MEITUAN,76W023133C,1120631305550706,生活无忧（广州黄埔萝岗东方汇店）,广东省,广州市,
20251407,MEITUAN,76W023137C,888436783618776,华润万家便利超市（米兰春天店）,广东省,珠海市,mmkt
20251407,MEITUAN,76W023139C,883377312147535,乐购express（中海锦城店）,广东省,深圳市,mmkt
20251407,MEITUAN,76W023140C,926593273054842,美宜多（龙口东店）,广东省,广州市,
20251407,MEITUAN,76W023141C,1056713602294753,顺客隆（杏坛店）,广东省,佛山市,
20251407,MEITUAN,76W023144C,1057851768774205,昆仑好客uSmile(桂林桂胜店）,广西壮族自治区,桂林市,
20251407,MEITUAN,76W023146C,1074284313472055,美加美便利店（江湾店）,广西壮族自治区,南宁市,cvs
20251407,MEITUAN,76W023149C,1014455419046696,美宜佳(庆歌路桂02749号店),广西壮族自治区,南宁市,
20251407,MEITUAN,76W023150C,857448594565832,美宜佳（龙圣新村桂02390号店）,广西壮族自治区,贵港市,cvs
20251407,MEITUAN,76W023152C,1039061286702488,黔厨鲜（盘江店）,贵州省,贵阳市,
20251407,MEITUAN,76W023157C,1049665560965997,凯辉便利店(珠海路店),贵州省,遵义市,cvs
20251407,MEITUAN,76W023158C,912660399161027,凯辉（碧海南路店）,贵州省,贵阳市,cvs
20251407,MEITUAN,76W023163C,1107866662686194,昆仑好客uSmile（耀华店）,贵州省,六盘水市,
20251407,MEITUAN,76W023165C,898164884445012,美宜佳（竹海东路贵00358号店）,贵州省,六盘水市,cvs
20251407,MEITUAN,76W023166C,985760742478956,美宜佳（派力花园贵00225店）,贵州省,安顺市,cvs
20251407,MEITUAN,76W023168C,947767461777475,美宜佳(樽憬财富广场贵00483号店),贵州省,毕节市,
20251407,MEITUAN,76W023169C,1029221516542699,美宜佳（印象兴义5栋贵00895号店）,贵州省,黔西南布依族苗族自治州,
20251407,MEITUAN,76W023172C,1102356219674965,美宜佳（九龙山贵01169号店）,贵州省,遵义市,
20251407,MEITUAN,76W023174C,944868358826566,美宜佳（同泽新时代广场贵00878号店）,贵州省,遵义市,
20251407,MEITUAN,76W023178C,845396916264008,勇惠便利（福州街店）,贵州省,贵阳市,cvs
20251407,MEITUAN,76W023183C,1009181199117324,和天下精致超市(天利店),贵州省,遵义市,
20251407,MEITUAN,76W023185C,1013708094649670,华联玛客（北门店）,贵州省,铜仁市,
20251407,MEITUAN,76W023189C,1005917023981203,星力超市（中华店）,贵州省,贵阳市,
20251407,MEITUAN,76W023193C,1075761782233340,迎福华联超市,河北省,沧州市,
20251407,MEITUAN,76W023194C,952517695659226,36524便利店（大石门店）,河北省,石家庄市,cvs
20251407,MEITUAN,76W023198C,1004521159689859,昆仑好客（张家口东升路玄武店）,河北省,张家口市,
20251407,MEITUAN,76W023199C,1058113761590264,罗森（张家口职业技术学院店）,河北省,张家口市,
20251407,MEITUAN,76W023201C,1119600513440904,LAWSON罗森（唐山遵化北街店）,河北省,唐山市,cvs
20251407,MEITUAN,76W023204C,983016258407399,罗森（唐山丰润祥润佳园店）,河北省,唐山市,cvs
20251407,MEITUAN,76W023206C,1077204891268589,美宜佳(冀38天外天宾馆店),河北省,邯郸市,cvs
20251407,MEITUAN,76W023213C,901845671524073,天天便利(邢台黄家园店),河北省,邢台市,cvs
20251407,MEITUAN,76W023214C,912784953202083,塞北福满家(双龙尚府店),河北省,秦皇岛市,
20251407,MEITUAN,76W023216C,1121073687180815,唐百便利店（大理路茂华店）,河北省,唐山市,mmkt
20251407,MEITUAN,76W023218C,1124836078527440,百姓量贩（巴黎街店）,河南省,濮阳市,
20251407,MEITUAN,76W023219C,1008807537040155,丹尼斯超市(北航店),河南省,洛阳市,mmkt
20251407,MEITUAN,76W023220C,982844459767052,丹尼斯全日鲜(大尚店),河南省,郑州市,mmkt
20251407,MEITUAN,76W023221C,1103447141395040,丹尼斯全日鲜(国基店),河南省,郑州市,mmkt
20251407,MEITUAN,76W023224C,949700197135594,三毛每日鲜（宏学街店）,河南省,开封市,mmkt
20251407,MEITUAN,76W023225C,1076663725380476,壹度便利（金色东方信苑店）,河南省,周口市,cvs
20251407,MEITUAN,76W023226C,1033233016052591,豫爱家超市,河南省,开封市,
20251407,MEITUAN,76W023227C,1107304022049101,安奇乐易（锦江店）,河南省,商丘市,
20251407,MEITUAN,76W023228C,1113858142134181,华联优品生活超市（安钢店）,河南省,安阳市,
20251407,MEITUAN,76W023229C,959668816202108,华豫佰佳超市(公园里店),河南省,郑州市,smkt
20251407,MEITUAN,76W023230C,1035784226644749,欢乐爱家（皇家一里店）,河南省,驻马店市,smkt
20251407,MEITUAN,76W023232C,912638924327510,隆祥生活超市（戚城店）,河南省,濮阳市,smkt
20251407,MEITUAN,76W023236C,1075031637758477,一峰生活广场（义乌城店）,河南省,许昌市,
20251407,MEITUAN,76W023238C,1083595802512819,微利超市（旭升店）,黑龙江省,哈尔滨市,cvs
20251407,MEITUAN,76W023239C,896906459147849,金叶便利,黑龙江省,鸡西市,mmkt
20251407,MEITUAN,76W023240C,1012801856622671,金叶便利,黑龙江省,七台河市,
20251407,MEITUAN,76W023241C,1071896311629230,海百佳超市（金叶便利店）,黑龙江省,绥化市,
20251407,MEITUAN,76W023242C,1072446067415506,昆仑好客uSmile（龙凤店）,黑龙江省,大庆市,
20251407,MEITUAN,76W023247C,1121344270044719,新天地超市（湿地写字间店）,黑龙江省,哈尔滨市,cvs
20251407,MEITUAN,76W023248C,1095037595375563,新天地超市（滨才店）,黑龙江省,哈尔滨市,cvs
20251407,MEITUAN,76W023250C,876221896584981,新天地超市（群力远大贰店）,黑龙江省,哈尔滨市,cvs
20251407,MEITUAN,76W023251C,1062438793609204,新天地超市(延兴路店),黑龙江省,哈尔滨市,cvs
20251407,MEITUAN,76W023252C,1123461688919731,新天地超市（天邑澜山店）,黑龙江省,哈尔滨市,cvs
20251407,MEITUAN,76W023253C,890983699163643,新天地超市(华鸿店）,黑龙江省,哈尔滨市,cvs
20251407,MEITUAN,76W023254C,894823399947905,新天地超市(信恒店),黑龙江省,哈尔滨市,cvs
20251407,MEITUAN,76W023255C,925266128123555,新天地超市（民益店）,黑龙江省,哈尔滨市,cvs
20251407,MEITUAN,76W023256C,1125175380956487,KKV(牡丹江万达广场主力店）,黑龙江省,牡丹江市,mmkt
20251407,MEITUAN,76W023257C,975641799515365,每日鲜蔬（华联生活超市店）,黑龙江省,大庆市,
20251407,MEITUAN,76W023259C,994647029809854,家得乐超市（师大店）,黑龙江省,哈尔滨市,
20251407,MEITUAN,76W023260C,919794339844412,好日子生鲜超市(凯旋店),黑龙江省,牡丹江市,
20251407,MEITUAN,76W023261C,871763720476333,庆果生鲜超市(希望店),黑龙江省,大庆市,mmkt
20251407,MEITUAN,76W023262C,878403740022493,融惠微利便利店(延福店),黑龙江省,哈尔滨市,
20251407,MEITUAN,76W023263C,990644120340864,中央红生活超市,黑龙江省,齐齐哈尔市,
20251407,MEITUAN,76W023264C,940255564023867,中央红购物超市,黑龙江省,鸡西市,
20251407,MEITUAN,76W023265C,892826240193337,中央红超市（永新店）,黑龙江省,哈尔滨市,
20251407,MEITUAN,76W023268C,935453790619111,比优特生活超市(信恒店),黑龙江省,哈尔滨市,smkt
20251407,MEITUAN,76W023272C,987908226156658,好日子生鲜超市(北安店),黑龙江省,牡丹江市,
20251407,MEITUAN,76W023273C,882011512530445,好日子生鲜超市（南市街店）,黑龙江省,牡丹江市,
20251407,MEITUAN,76W023274C,1041333324390137,家得乐超市（锦锈华城店）,黑龙江省,哈尔滨市,smkt
20251407,MEITUAN,76W023276C,1073670133136824,家得乐超市(通河店),黑龙江省,哈尔滨市,
20251407,MEITUAN,76W023277C,1050438655071808,家乐购超市（万达店),黑龙江省,佳木斯市,
20251407,MEITUAN,76W023281C,857431414699046,昆仑好客uSmile（江陵大道店）,湖北省,荆州市,
20251407,MEITUAN,76W023286C,931498125792992,美宜佳(百姓之春鄂01952店),湖北省,武汉市,cvs
20251407,MEITUAN,76W023290C,914691918717388,谊品生鲜超市（汉口湖畔店）,湖北省,武汉市,
20251407,MEITUAN,76W023292C,916315416308636,黄商超市（黄州玉环店）,湖北省,黄冈市,mmkt
20251407,MEITUAN,76W023293C,1104679797003767,可多（天纵时代城店）,湖北省,武汉市,mmkt
20251407,MEITUAN,76W023295C,1060119511328564,寿康永乐（华悦城精品超市）,湖北省,十堰市,mmkt
20251407,MEITUAN,76W023296C,872957721507724,新合作超市（镜潭路店）,湖北省,十堰市,
20251407,MEITUAN,76W023298C,1002635668963326,中百超市（鄂州小西门店）,湖北省,鄂州市,mmkt
20251407,MEITUAN,76W023300C,988702795144522,中百超市（黄石开发区店）,湖北省,黄石市,mmkt
20251407,MEITUAN,76W023305C,1075392415061738,万得福超市（东岳购物广场店）,湖北省,十堰市,
20251407,MEITUAN,76W023306C,1070715195624214,东方百货（文化宫店）,湖北省,荆门市,
20251407,MEITUAN,76W023308C,1111710658488572,黄商超市（麻城店）,湖北省,黄冈市,
20251407,MEITUAN,76W023309C,1074915673572749,好邻居（诚园店）,湖北省,荆州市,smkt
20251407,MEITUAN,76W023310C,1125158201036670,寿康永乐（竹山宝丰中心店）,湖北省,十堰市,smkt
20251407,MEITUAN,76W023311C,847883702369283,寿康永乐（国瑞蓝山郡店）,湖北省,十堰市,
20251407,MEITUAN,76W023312C,1093968148553239,武商超市（腾龙大道店）,湖北省,武汉市,smkt
20251407,MEITUAN,76W023314C,939851837025717,武商超市（黄陂店）,湖北省,武汉市,smkt
20251407,MEITUAN,76W023315C,1098185806386376,武商超级生活馆（奥莱广场店）,湖北省,武汉市,smkt
20251407,MEITUAN,76W023316C,1003245554354675,武商超市（咸宁店）,湖北省,咸宁市,smkt
20251407,MEITUAN,76W023317C,886972199726961,武商超市（龙庭店）,湖北省,武汉市,smkt
20251407,MEITUAN,76W023318C,1053367822676614,好邻居超市（谷城店）,湖北省,襄阳市,smkt
20251407,MEITUAN,76W023319C,1095853639152154,好邻居购物广场(十堰万达店),湖北省,十堰市,smkt
20251407,MEITUAN,76W023320C,853325425887485,好邻居（五堰店）,湖北省,十堰市,smkt
20251407,MEITUAN,76W023321C,917840129622917,好邻居购物广场（宜城店）,湖北省,襄阳市,smkt
20251407,MEITUAN,76W023322C,954497675504894,享买乐（华龙城店）,湖北省,恩施土家族苗族自治州,
20251407,MEITUAN,76W023324C,1114382128059960,雅斯超市（阳光花苑店）,湖北省,宜昌市,smkt
20251407,MEITUAN,76W023325C,1040001884443908,雅斯超市（宜都厚德苑店）,湖北省,宜昌市,
20251407,MEITUAN,76W023326C,1006445304964966,雅斯超市（古夫店）,湖北省,宜昌市,smkt
20251407,MEITUAN,76W023327C,962228616658818,永汇超市(团林店),湖北省,荆门市,
20251407,MEITUAN,76W023330C,1076715264949399,中百仓储超市（长丰店）,湖北省,武汉市,smkt
20251407,MEITUAN,76W023331C,890734591221769,中百仓储超市（胡集店）,湖北省,荆门市,
20251407,MEITUAN,76W023332C,981886682061768,中百仓储超市（五龙路店）,湖北省,武汉市,
20251407,MEITUAN,76W023333C,1105311157194928,中百仓储超市（竹叶山店）,湖北省,武汉市,smkt
20251407,MEITUAN,76W023334C,1013312957867348,中百仓储超市（利川御景壹号店）,湖北省,恩施土家族苗族自治州,smkt
20251407,MEITUAN,76W023335C,1015207038466597,中百精选超市（恩施和润城店）,湖北省,恩施土家族苗族自治州,smkt
20251407,MEITUAN,76W023336C,1082418981662237,中百仓储超市（黄冈罗田店）,湖北省,黄冈市,smkt
20251407,MEITUAN,76W023337C,858603940927368,中百仓储超市（咸宁汉地尚街店）,湖北省,咸宁市,
20251407,MEITUAN,76W023338C,1066308559214104,中百生活剧场（长城汇店）,湖北省,武汉市,
20251407,MEITUAN,76W023341C,913699781280918,昆仑好客uSmile（岳阳兴隆店）,湖南省,岳阳市,
20251407,MEITUAN,76W023342C,1115868186854000,十足便利店（荷花路店）,湖南省,长沙市,
20251407,MEITUAN,76W023344C,1024050375996958,华润万家（世纪金源店）,湖南省,长沙市,
20251407,MEITUAN,76W023345C,1116667050731424,卜蜂莲花（宁乡店）,湖南省,长沙市,hmkt
20251407,MEITUAN,76W023348C,1091554377072724,好润佳（沅江店）,湖南省,益阳市,
20251407,MEITUAN,76W023352C,980061320993295,KKV（衡阳杉杉奥莱店）,湖南省,衡阳市,mmkt
20251407,MEITUAN,76W023353C,1086039638988113,KKV（长沙友阿城市奥莱喜乐地主力店）,湖南省,长沙市,mmkt
20251407,MEITUAN,76W023354C,923711350018313,KKV（长沙友阿奥特莱斯购物公园店）,湖南省,长沙市,mmkt
20251407,MEITUAN,76W023355C,952002299616906,好家丰便利店（天星阁28001店）,湖南省,怀化市,mmkt
20251407,MEITUAN,76W023359C,953771826166971,佳福乐超市(白云店),湖南省,衡阳市,mmkt
20251407,MEITUAN,76W023360C,879876913798751,佳惠鲜天下（碧桂园店）,湖南省,怀化市,mmkt
20251407,MEITUAN,76W023361C,1098147151792925,佳惠鲜天下（通道阳光新城店）,湖南省,怀化市,
20251407,MEITUAN,76W023362C,1076676610248313,佳惠鲜天下（学府花园店）,湖南省,怀化市,mmkt
20251407,MEITUAN,76W023365C,1020154840777822,梅尼超市（聚龙店）,湖南省,张家界市,mmkt
20251407,MEITUAN,76W023366C,854210189369773,梅尼超市（南三店）,湖南省,张家界市,mmkt
20251407,MEITUAN,76W023367C,951693062091996,新佳宜便利店（人民医院2605店）,湖南省,娄底市,cvs
20251407,MEITUAN,76W023368C,904517141161840,谊品生鲜超市（新城国际花都店）,湖南省,长沙市,mmkt
20251407,MEITUAN,76W023369C,1004469620086694,谊品生鲜(金地三千府店),湖南省,长沙市,mmkt
20251407,MEITUAN,76W023370C,1021026719031027,Ole精品超市(长沙国金店),湖南省,长沙市,
20251407,MEITUAN,76W023371C,1026129140245198,佳福乐超市(二中店),湖南省,衡阳市,
20251407,MEITUAN,76W023372C,936415863302794,佳惠超市(南湖花园中方店),湖南省,怀化市,smkt
20251407,MEITUAN,76W023375C,1081242160495346,联华超市,湖南省,怀化市,
20251407,MEITUAN,76W023378C,980224529612691,株百渌口店,湖南省,株洲市,
20251407,MEITUAN,76W023379C,964960215839813,吉优客超市（中东港店）,吉林省,长春市,
20251407,MEITUAN,76W023380C,868495250366674,吉优客超市（嘉元十方界店）,吉林省,长春市,cvs
20251407,MEITUAN,76W023381C,992306272613580,吉优客超市（中信城店）,吉林省,长春市,cvs
20251407,MEITUAN,76W023382C,918200906901022,吉优客超市（长信学院店）,吉林省,长春市,
20251407,MEITUAN,76W023383C,1104598192592804,吉优客超市（金碧阁店）,吉林省,长春市,cvs
20251407,MEITUAN,76W023384C,1018879235271057,吉优客超市（天富路店）,吉林省,长春市,
20251407,MEITUAN,76W023385C,1113265436577682,吉优客超市（园丁花园店）,吉林省,长春市,cvs
20251407,MEITUAN,76W023386C,977669024098167,吉优客超市（万龙世纪城店）,吉林省,长春市,
20251407,MEITUAN,76W023389C,864294772449942,金文汇便利店（一中店）,吉林省,白城市,cvs
20251407,MEITUAN,76W023390C,998937702182185,昆仑好客uSmile（吉林市长春路店）,吉林省,吉林市,
20251407,MEITUAN,76W023395C,916744912989647,新天地超市（大禹奥城店）,吉林省,长春市,cvs
20251407,MEITUAN,76W023397C,1046470105257970,新天地超市（万科天富店）,吉林省,长春市,
20251407,MEITUAN,76W023398C,949824751128908,新天地超市(长春澳海澜庭店),吉林省,长春市,cvs
20251407,MEITUAN,76W023401C,868100113470102,新天地超市（文昌路店）,吉林省,长春市,cvs
20251407,MEITUAN,76W023402C,1030449877174485,新天地超市（拾光里店）,吉林省,长春市,cvs
20251407,MEITUAN,76W023403C,951431068879431,新天地超市(西天光路分店),吉林省,长春市,cvs
20251407,MEITUAN,76W023405C,1119557563689252,新天地便利店（中东红街叁店）,吉林省,长春市,cvs
20251407,MEITUAN,76W023406C,942381572799329,新天地超市（同德金街店）,吉林省,长春市,cvs
20251407,MEITUAN,76W023408C,1067846157482748,新天地超市（中新花园店）,吉林省,长春市,cvs
20251407,MEITUAN,76W023409C,884876255626079,新天地超市（电台街店）,吉林省,长春市,cvs
20251407,MEITUAN,76W023414C,972656797243522,欧亚超市(湖西店),吉林省,长春市,
20251407,MEITUAN,76W023416C,975229482726747,物尔美超市（英伦店）,吉林省,白城市,
20251407,MEITUAN,76W023418C,1020202085283182,每日隆便利店（敦化万豪家园店）,吉林省,延边朝鲜族自治州,mmkt
20251407,MEITUAN,76W023419C,947535533588416,中心城大卖场(中心店),吉林省,延边朝鲜族自治州,mmkt
20251407,MEITUAN,76W023420C,983385625644456,众汇VIP生鲜平价超市（长胜街小市场店）,吉林省,吉林市,mmkt
20251407,MEITUAN,76W023421C,999139565675702,大润发(S-摩天活力城店),吉林省,长春市,
20251407,MEITUAN,76W023422C,1007046600430809,家得乐超市（德惠新东方店）,吉林省,长春市,smkt
20251407,MEITUAN,76W023423C,978790010598109,欧亚超市(越野店),吉林省,长春市,smkt
20251407,MEITUAN,76W023424C,1050657698357402,欧亚购物中心（双阳购物中心店）,吉林省,长春市,smkt
20251407,MEITUAN,76W023425C,1028753365187357,欧亚超市（天富路店）,吉林省,长春市,smkt
20251407,MEITUAN,76W023426C,1045439313077426,欧亚超市(长新店),吉林省,长春市,smkt
20251407,MEITUAN,76W023427C,894350953524003,远方超市（超达大路店）,吉林省,长春市,smkt
20251407,MEITUAN,76W023428C,964822776970759,华润万家（越溪店）,江苏省,苏州市,hmkt
20251407,MEITUAN,76W023429C,1006703003063626,华润苏果（购广淮安北京路店）,江苏省,淮安市,hmkt
20251407,MEITUAN,76W023430C,856486521892827,可好（宿迁宝龙195302店）,江苏省,宿迁市,cvs
20251407,MEITUAN,76W023439C,1103880933102062,家得福（沈圩二店）,江苏省,连云港市,
20251407,MEITUAN,76W023441C,1001626351701967,小红岛（香悦澜山店）,江苏省,南京市,
20251407,MEITUAN,76W023443C,1111951176661904,新橙源味（中意店）,江苏省,常州市,
20251407,MEITUAN,76W023446C,880826101594363,好润多购物中心（上冈店）,江苏省,盐城市,
20251407,MEITUAN,76W023448C,1111680593724032,好润多购物中心（高港店）,江苏省,泰州市,
20251407,MEITUAN,76W023453C,1021894302396817,美宜佳（优品尚城赣00255店）,江西省,九江市,
20251407,MEITUAN,76W023455C,884055916998340,美宜佳(余公路局赣01170店),江西省,赣州市,cvs
20251407,MEITUAN,76W023463C,881010785185621,发到家新零售（万合广场店）,江西省,赣州市,
20251407,MEITUAN,76W023464C,876058687872435,大润发（九江店）,江西省,九江市,
20251407,MEITUAN,76W023466C,856082794976049,KKV（宜春润达国际购物中心店）,江西省,宜春市,mmkt
20251407,MEITUAN,76W023468C,919317598476046,联盛超市（沿浔店）,江西省,九江市,mmkt
20251407,MEITUAN,76W023472C,1112329133795123,唯唯熊,江西省,九江市,
20251407,MEITUAN,76W023473C,910560160129554,谊品生鲜超市（联胜世家店）,江西省,南昌市,
20251407,MEITUAN,76W023475C,1038812178547695,宏昌超市(锦晖店),江西省,赣州市,
20251407,MEITUAN,76W023480C,1057495286339637,华达超市(珠山长虹店),江西省,景德镇市,
20251407,MEITUAN,76W023482C,1014622922739604,乐卖特(南昌京东店),江西省,南昌市,
20251407,MEITUAN,76W023483C,1122439486769489,日新购物广场（山水美地店）,江西省,九江市,
20251407,MEITUAN,76W023493C,935281991934652,快客（大连竹青店）,辽宁省,大连市,
20251407,MEITUAN,76W023504C,1100689772411646,乐享万德福便利店（丁香湖店）,辽宁省,沈阳市,cvs
20251407,MEITUAN,76W023534C,1028641695998976,兔悠超市（裕德隆店）,辽宁省,沈阳市,cvs
20251407,MEITUAN,76W023558C,971479976247844,阳光小玛特便利店(华府大悦城C5店),辽宁省,沈阳市,mmkt
20251407,MEITUAN,76W023562C,884790356349472,佳泰乐超市（苏家屯店）,辽宁省,沈阳市,
20251407,MEITUAN,76W023567C,926842381163900,乐享万德福便利店（七院店）,辽宁省,沈阳市,
20251407,MEITUAN,76W023568C,992220373355874,北美新生活连锁超市（锦州动物园店）,辽宁省,锦州市,
20251407,MEITUAN,76W023569C,874181787179998,北园超市（道义大街店）,辽宁省,沈阳市,mmkt
20251407,MEITUAN,76W023570C,946783914296775,滨河百货超市(晟华苑五期店),辽宁省,盘锦市,mmkt
20251407,MEITUAN,76W023571C,1040916712538428,比优特超市（亿合城店）,辽宁省,大连市,smkt
20251407,MEITUAN,76W023575C,929762958961840,金叶春天便利店,辽宁省,大连市,mmkt
20251407,MEITUAN,76W023576C,896197789547339,金叶春天便利店,辽宁省,大连市,mmkt
20251407,MEITUAN,76W023578C,1077385279890452,安心菜场（香橙源超市云飞街店）,辽宁省,锦州市,
20251407,MEITUAN,76W023579C,865853845560839,邻家小不点(鸿基海岸三期店),辽宁省,营口市,
20251407,MEITUAN,76W023580C,1042076353734548,新隆嘉超市（新湖店）,辽宁省,抚顺市,
20251407,MEITUAN,76W023581C,1039671172051715,新隆嘉超市（长春街店）,辽宁省,抚顺市,smkt
20251407,MEITUAN,76W023582C,984592511412966,新隆嘉超市（鹏运家园店）,辽宁省,大连市,
20251407,MEITUAN,76W023583C,904465601575605,新隆嘉超市（开发区红梅店）,辽宁省,大连市,
20251407,MEITUAN,76W023584C,1041844425485405,鑫大刚生鲜超市（教委店）,辽宁省,锦州市,mmkt
20251407,MEITUAN,76W023585C,857852321511147,鑫大刚生鲜（铁西店）,辽宁省,沈阳市,
20251407,MEITUAN,76W023586C,1087504222822388,阳光百分百,辽宁省,沈阳市,mmkt
20251407,MEITUAN,76W023587C,1056979890266865,营安隆连锁超市（怡家店）,辽宁省,沈阳市,mmkt
20251407,MEITUAN,76W023588C,1007390197860041,真实惠连锁超市（东珠美地店）,辽宁省,营口市,mmkt
20251407,MEITUAN,76W023594C,912351161499887,佳百超市（顺吉广场店）,辽宁省,阜新市,
20251407,MEITUAN,76W023596C,1020979474386853,华联商厦(彩屯店),辽宁省,本溪市,
20251407,MEITUAN,76W023598C,1075057407582570,佳泰乐超市（烈士山店）,辽宁省,鞍山市,smkt
20251407,MEITUAN,76W023600C,908584475218811,聚果缘生鲜超级市场(太平店),辽宁省,鞍山市,mmkt
20251407,MEITUAN,76W023601C,996012829486775,安心菜场（香橙源超市五里店）,辽宁省,锦州市,
20251407,MEITUAN,76W023602C,1005418807843883,新隆嘉生活广场（天丰店）,辽宁省,抚顺市,
20251407,MEITUAN,76W023603C,1061064404137445,鑫大刚生鲜超市（南塔店）,辽宁省,沈阳市,
20251407,MEITUAN,76W023608C,932172435608672,橙子便利（绿地公寓1号楼店）,山东省,济南市,cvs
20251407,MEITUAN,76W023611C,1071849067033642,橙子便利（新龙科技大厦店）,山东省,济南市,
20251407,MEITUAN,76W023618C,1088423345788519,昆仑好客uSmile（济南18店）,山东省,济南市,
20251407,MEITUAN,76W023621C,982359128412632,壹度便利（兖州幸福里西区东门店）,山东省,济宁市,cvs
20251407,MEITUAN,76W023622C,1032227993699362,易捷（诸城密州路店）,山东省,潍坊市,
20251407,MEITUAN,76W023627C,1057207523509696,佳乐家超市,山东省,潍坊市,
20251407,MEITUAN,76W023636C,1027026788221701,客好万家超市(南岭店),山东省,青岛市,mmkt
20251407,MEITUAN,76W023640C,1085056091418988,丽达超市（海天中心店）,山东省,青岛市,
20251407,MEITUAN,76W023653C,1035238765809174,金虎便利（2239半坡东街店）,山西省,太原市,cvs
20251407,MEITUAN,76W023654C,964702517854684,金虎便利（3969古交人民广场店）,山西省,太原市,cvs
20251407,MEITUAN,76W023662C,1093113450086926,唐久便利店（3633同成路省妇幼西门店）,山西省,太原市,cvs
20251407,MEITUAN,76W023663C,948325807556309,唐久便利（905新常青店）,山西省,太原市,cvs
20251407,MEITUAN,76W023664C,1122680004991814,唐久便利（2805滨河东路兴龙苑店）,山西省,太原市,cvs
20251407,MEITUAN,76W023665C,1045022701257281,唐久便利（3059汾河景观360小区店）,山西省,太原市,cvs
20251407,MEITUAN,76W023666C,966880066309364,唐久便利（3113小吴路晋瑞苑店）,山西省,太原市,cvs
20251407,MEITUAN,76W023667C,871218259749845,唐久便利（1358瓦窑街西口店）,山西省,太原市,cvs
20251407,MEITUAN,76W023668C,1111001988898517,唐久便利（1316背圪洞店）,山西省,太原市,
20251407,MEITUAN,76W023670C,1039752776424788,唐久便利（1055锦绣苑店）,山西省,太原市,cvs
20251407,MEITUAN,76W023671C,1115657733443749,唐久（3589长治容海苑店）,山西省,长治市,cvs
20251407,MEITUAN,76W023672C,1122826033859828,唐久便利（1231路泽苑店）,山西省,太原市,cvs
20251407,MEITUAN,76W023673C,1030093394987699,唐久便利（3350气化西街智诚和平酒店）,山西省,太原市,cvs
20251407,MEITUAN,76W023675C,916873762048442,唐久便利（3168绿军苑店）,山西省,太原市,cvs
20251407,MEITUAN,76W023676C,912922392190617,唐久便利店（3809阳泉日潭商业街店）,山西省,阳泉市,cvs
20251407,MEITUAN,76W023677C,1053024225330473,唐久（5053钢裕巷惠泽园店）,山西省,太原市,cvs
20251407,MEITUAN,76W023678C,938236929380433,唐久便利（3313南中环当代广场店）,山西省,太原市,cvs
20251407,MEITUAN,76W023683C,888952179702193,唐久便利（长风观园二期北门店）,山西省,太原市,cvs
20251407,MEITUAN,76W023684C,853862296898811,KKV（运城苏宁广场主力店）,山西省,运城市,
20251407,MEITUAN,76W023685C,935878992374634,KKV（太原华润万象钟楼街主力店）,山西省,太原市,mmkt
20251407,MEITUAN,76W023688C,986469412090084,多乐囤乐育购仓库工厂店,山西省,大同市,
20251407,MEITUAN,76W023689C,939168937233668,红旗超市（尚东美地店）,山西省,晋城市,mmkt
20251407,MEITUAN,76W023697C,946994367712959,凯通生活超市（购物广场店）,山西省,阳泉市,
20251407,MEITUAN,76W023698C,1117513159299945,美特好(许坦东街店),山西省,太原市,mmkt
20251407,MEITUAN,76W023699C,933795933252587,美特好（忻州新建路店）,山西省,忻州市,smkt
20251407,MEITUAN,76W023700C,942252723799809,美特好（龙康南街店）,山西省,太原市,smkt
20251407,MEITUAN,76W023703C,1055549666172319,百福超市,山西省,朔州市,smkt
20251407,MEITUAN,76W023706C,1002141747861444,每一天便利连锁（蔚蓝花城2店）,陕西省,西安市,
20251407,MEITUAN,76W023708C,905754091808775,每一天便利店（咸阳峰汇国际店）,陕西省,咸阳市,cvs
20251407,MEITUAN,76W023710C,845396916409522,每一天便利店（杨凌阳光广场店）,陕西省,咸阳市,cvs
20251407,MEITUAN,76W023712C,850619596628849,唐久便利（大差市东二道巷店),陕西省,西安市,cvs
20251407,MEITUAN,76W023713C,935930532049679,唐久便利店（自然界忘岳店）,陕西省,西安市,
20251407,MEITUAN,76W023715C,1113024918528048,唐久便利（海亮时代店）,陕西省,西安市,cvs
20251407,MEITUAN,76W023717C,1091975283840312,唐久便利（创汇社区D区北门店）,陕西省,西安市,cvs
20251407,MEITUAN,76W023718C,943055882800973,唐久便利（万象域T8店）,陕西省,西安市,cvs
20251407,MEITUAN,76W023719C,908348252074937,唐久便利（咸阳渭滨苑东门店）,陕西省,咸阳市,cvs
20251407,MEITUAN,76W023720C,973872273155204,唐久便利（睿中心店）,陕西省,西安市,cvs
20251407,MEITUAN,76W023722C,976505088078044,奥特乐(西安西咸吾悦店),陕西省,西安市,
20251407,MEITUAN,76W023724C,985382785501254,华润万家便利超市（西安凤城九路二店）,陕西省,西安市,
20251407,MEITUAN,76W023725C,1086649524391518,华润万家便利超市（西咸新区奥园店）,陕西省,咸阳市,mmkt
20251407,MEITUAN,76W023726C,898551431638041,华润万家便利超市（鸿基新城店）,陕西省,西安市,mmkt
20251407,MEITUAN,76W023727C,923672695400538,华润万家便利超市（西安大兴东路二店）,陕西省,西安市,mmkt
20251407,MEITUAN,76W023728C,1007781039952800,新合作西果超市（糜家桥小区店）,陕西省,西安市,
20251407,MEITUAN,76W023729C,1003876914673604,blt精品超市（西安万象天地店）,陕西省,西安市,
20251407,MEITUAN,76W023732C,1087946604536577,华润万家（西安明光路店）,陕西省,西安市,
20251407,MEITUAN,76W023733C,1053724305065052,华润万家（西安北郊店）,陕西省,西安市,
20251407,MEITUAN,76W023734C,1054591888499158,华润万家（杨凌渭惠路店）,陕西省,咸阳市,
20251407,MEITUAN,76W023736C,1100101361932946,华润万家（泾河新城店）,陕西省,咸阳市,
20251407,MEITUAN,76W023737C,1063860427978537,华润万家（咸阳人民西路店）,陕西省,咸阳市,hmkt
20251407,MEITUAN,76W023738C,1024887894716643,华润万家（西安科技路店）,陕西省,西安市,
20251407,MEITUAN,76W023740C,1012655827882610,麦谷鲜生（中央广场店）,陕西省,铜川市,smkt
20251407,MEITUAN,76W023742C,1012836216520700,芒果超市（化工店）,陕西省,咸阳市,smkt
20251407,MEITUAN,76W023743C,913704076362816,全都超市（地铁口店）,陕西省,西安市,
20251407,MEITUAN,76W023748C,1050842382094710,众鑫生活超市（凌云店）,陕西省,宝鸡市,smkt
20251407,MEITUAN,76W023749C,1019983042093152,大润发(张江店),上海市,上海市,hmkt
20251407,MEITUAN,76W023750C,1020438308589024,世纪联华（宝山月浦店）,上海市,上海市,
20251407,MEITUAN,76W023751C,971467091481818,世纪联华（上海龙茗路店）,上海市,上海市,
20251407,MEITUAN,76W023752C,996682844535760,世纪联华（鲁班店）,上海市,上海市,hmkt
20251407,MEITUAN,76W023753C,1110469413104866,世纪联华（杨浦国和路店）,上海市,上海市,
20251407,MEITUAN,76W023754C,963036070717470,世纪联华（上海青浦店）,上海市,上海市,
20251407,MEITUAN,76W023755C,1010242056236263,码上鲜生鲜超市（绿城店）,上海市,上海市,
20251407,MEITUAN,76W023758C,1098920245857118,ALDI奥乐齐超市（苏河湾万象天地店）,上海市,上海市,
20251407,MEITUAN,76W023760C,882574153230331,citysuper超生活（环贸iapm店）,上海市,上海市,smkt
20251407,MEITUAN,76W023761C,1033374749992512,联华超市（堡镇店）,上海市,上海市,mmkt
20251407,MEITUAN,76W023763C,1083230730371500,联华超市（川沙店）,上海市,上海市,smkt
20251407,MEITUAN,76W023766C,852088475399407,红旗连锁（少城路店）,四川省,成都市,
20251407,MEITUAN,76W023771C,1067524034948724,舞东风（1042锦尚春天分店）,四川省,成都市,
20251407,MEITUAN,76W023773C,878420919854686,三八商场（嘉州新城店）,四川省,乐山市,
20251407,MEITUAN,76W023774C,995308454845019,老百姓生活超市（平交道店）,四川省,内江市,
20251407,MEITUAN,76W023775C,920833721956053,家家乐（CBD店）,四川省,乐山市,smkt
20251407,MEITUAN,76W023776C,978905974745476,世纪隆超市（巴中置信逸都店）,四川省,巴中市,
20251407,MEITUAN,76W023777C,960609414048368,友琪便利店（嘉里汇店）,天津市,天津市,cvs
20251407,MEITUAN,76W023781C,1081405369185484,罗森（天津金融街中心店）,天津市,天津市,cvs
20251407,MEITUAN,76W023782C,1031377590146212,罗森（天津鞍山西道店）,天津市,天津市,
20251407,MEITUAN,76W023785C,1025403290590912,易捷(中石化塘沽金三角店),天津市,天津市,
20251407,MEITUAN,76W023786C,1102407759233503,易捷（中石化西青杨柳青店）,天津市,天津市,
20251407,MEITUAN,76W023788C,1016727456669960,易捷（中石化西青松江店）,天津市,天津市,
20251407,MEITUAN,76W023791C,1055218953675780,711便利店（金星地铁店）,云南省,昆明市,cvs
20251407,MEITUAN,76W023794C,1097348287767391,昆仑好客uSmile（小菜园站店）,云南省,昆明市,cvs
20251407,MEITUAN,76W023796C,929363526924134,昆仑好客（文山会兰2店）,云南省,文山壮族苗族自治州,cvs
20251407,MEITUAN,76W023798C,968641002836254,昆仑好客uSmile（茂云店）,云南省,临沧市,
20251407,MEITUAN,76W023799C,900359612792463,昆仑好客uSmile（金家边店）,云南省,玉溪市,
20251407,MEITUAN,76W023801C,1059694309497852,昆仑好客uSmile（西福店）,云南省,昆明市,
20251407,MEITUAN,76W023802C,870101568134939,美宜佳（文明南路云00658号店）,云南省,丽江市,
20251407,MEITUAN,76W023803C,890030216406304,美宜佳（六品村云00226号店）,云南省,玉溪市,cvs
20251407,MEITUAN,76W023804C,1108004101659334,美宜佳（北门里云00312号店）,云南省,丽江市,
20251407,MEITUAN,76W023805C,1109649074146953,美宜佳（悦湖公馆云00697号店）,云南省,昭通市,
20251407,MEITUAN,76W023806C,1116959108476778,美宜佳(华夏广场云00461号店),云南省,曲靖市,cvs
20251407,MEITUAN,76W023808C,993268345300771,美宜佳（万盛国际云00276号店）,云南省,曲靖市,
20251407,MEITUAN,76W023809C,873400103027249,美宜佳(大板桥云00121号店),云南省,昆明市,cvs
20251407,MEITUAN,76W023811C,1017723889097840,美宜佳（益兴街云00100号店）,云南省,楚雄彝族自治州,cvs
20251407,MEITUAN,76W023812C,944722329940004,美宜佳(关兴路云00120号店),云南省,昆明市,cvs
20251407,MEITUAN,76W023813C,1065574119722872,美宜佳（天竺路云00223号店）,云南省,红河哈尼族彝族自治州,
20251407,MEITUAN,76W023814C,1089973828942703,美宜佳(希望汇云00199号店),云南省,昆明市,cvs
20251407,MEITUAN,76W023815C,1117796627060992,美宜佳(三千城云00543号店),云南省,玉溪市,cvs
20251407,MEITUAN,76W023819C,1103374126963853,KKV(昆明爱琴海主力店),云南省,昆明市,mmkt
20251407,MEITUAN,76W023820C,903065442206817,红叶超市(龚家庄小区连锁店),云南省,保山市,mmkt
20251407,MEITUAN,76W023821C,1021894302370131,开友超市（万达店）,云南省,红河哈尼族彝族自治州,
20251407,MEITUAN,76W023822C,850391963328740,老祥云连锁（怡景尚居90店）,云南省,大理白族自治州,mmkt
20251407,MEITUAN,76W023823C,1116555381577956,千子言超市（半城巷店）,云南省,楚雄彝族自治州,
20251407,MEITUAN,76W023824C,955966554425251,千子言连锁超市（栗子园店）,云南省,楚雄彝族自治州,
20251407,MEITUAN,76W023825C,953033091769518,生活无忧（玉溪元江商业广场店）,云南省,玉溪市,
20251407,MEITUAN,76W023828C,963358193136878,KKV（昆明百大新天地主力店）,云南省,昆明市,smkt
20251407,MEITUAN,76W023829C,970457774059005,大尔多,云南省,昆明市,smkt
20251407,MEITUAN,76W023830C,1084755443753907,大兴量贩（普洱店）,云南省,普洱市,smkt
20251407,MEITUAN,76W023831C,1107978331890169,福鑫购物广场,云南省,德宏傣族景颇族自治州,
20251407,MEITUAN,76W023832C,1017603630044622,丽客隆超市(祥和店),云南省,丽江市,smkt
20251407,MEITUAN,76W023833C,1054450154536144,天生祥超市（精致店）,云南省,普洱市,
20251407,MEITUAN,76W023834C,945937805795714,合家便利店,重庆市,重庆市,cvs
20251407,MEITUAN,76W023836C,918445720117549,美宜佳(静园路渝01843店),重庆市,重庆市,cvs
20251407,MEITUAN,76W023838C,1045830155130798,美宜佳（碧海新城渝00975店）,重庆市,重庆市,
20251407,MEITUAN,76W023839C,1052173821869658,美宜佳（悦城渝00888店）,重庆市,重庆市,
20251407,MEITUAN,76W023840C,864140153598181,美宜佳（龙城国际渝00635店）,重庆市,重庆市,cvs
20251407,MEITUAN,76W023841C,1039001157115914,美宜佳(鲤鱼池渝01443店),重庆市,重庆市,
20251407,MEITUAN,76W023842C,1044266787021894,美宜佳（红叶路嘉誉渝00240店）,重庆市,重庆市,
20251407,MEITUAN,76W023843C,1109009124091599,美宜佳（机场路渝01479店）,重庆市,重庆市,cvs
20251407,MEITUAN,76W023844C,1026958068831425,美宜佳（尚都国际渝01059店）,重庆市,重庆市,
20251407,MEITUAN,76W023846C,854794304788973,美宜佳（三角坝社区渝02638店）,重庆市,重庆市,cvs
20251407,MEITUAN,76W023847C,1123947020304538,美宜佳（御锦江都渝55店）,重庆市,重庆市,cvs
20251407,MEITUAN,76W023850C,1051306238435641,谊品生鲜超市（民心家园店）,重庆市,重庆市,
20251407,MEITUAN,76W023851C,944288538326323,四庆超市（杨家坪直巷店）,重庆市,重庆市,mmkt
20251407,MEITUAN,76W023852C,940719420512131,阿家超市（三亚湾店）,重庆市,重庆市,mmkt
20251407,MEITUAN,76W023854C,852449252629700,奥特乐(重庆江津爱琴海店),重庆市,重庆市,mmkt
20251407,MEITUAN,76W023856C,975646094546214,凤梧超市（新村店）,重庆市,重庆市,mmkt
20251407,MEITUAN,76W023858C,1052581843703642,胡燃商行（白公路店）,重庆市,重庆市,
20251407,MEITUAN,76W023859C,880345065137922,家佳超市(石坪桥店),重庆市,重庆市,
20251407,MEITUAN,76W023861C,1098482159129885,家益超市（北滨上院店）,重庆市,重庆市,mmkt
20251407,MEITUAN,76W023862C,975010439350101,家益超市（清风柳庄店）,重庆市,重庆市,mmkt
20251407,MEITUAN,76W023863C,1066274199380864,家益超市（凤鸣店）,重庆市,重庆市,mmkt
20251407,MEITUAN,76W023864C,1108863095093778,客鲜拥生活超市（观音岩店）,重庆市,重庆市,
20251407,MEITUAN,76W023865C,863410009129985,叁省会员店（金科大竹林店）,重庆市,重庆市,
20251407,MEITUAN,76W023866C,938146735045253,逸民超巿（状元府第店）,重庆市,重庆市,mmkt
20251407,MEITUAN,76W023941C,845783463358892,美宜佳（潜山一中皖00433店）,安徽省,安庆市,
20251407,MEITUAN,76W023942C,1005646367575012,中商罗森（拓基广场店）,安徽省,合肥市,cvs
20251407,MEITUAN,76W023943C,852230209297174,昆仑好客uSmile（城建兴发店）,北京市,北京市,cvs
20251407,MEITUAN,76W023945C,994329202278226,易捷便利店（中石化燕广海店）,北京市,北京市,
20251407,MEITUAN,76W023946C,1115417215275355,易捷便利店（昌平西关店）,北京市,北京市,
20251407,MEITUAN,76W023947C,966768398926314,华欣超市（近园路店）,北京市,北京市,
20251407,MEITUAN,76W023948C,924664834537839,超市发(羊坊店西路店),北京市,北京市,mmkt
20251407,MEITUAN,76W023953C,1124256259711428,天虹微喔（盐田大百汇店）,广东省,深圳市,
20251407,MEITUAN,76W023954C,995617694248687,合家欢便利店（中社村2440店）,广东省,江门市,
20251407,MEITUAN,76W023956C,1095922360468395,及时（沙溪维也纳30533店）,广东省,中山市,
20251407,MEITUAN,76W023957C,861610419641911,美宜佳（东方豪苑北门G209店）,广东省,江门市,cvs
20251407,MEITUAN,76W023958C,854446414212314,美宜佳（环园路粤30440店）,广东省,阳江市,
20251407,MEITUAN,76W023961C,868933338919937,喜市多（花城店）,广东省,广州市,
20251407,MEITUAN,76W023963C,847827869574797,易捷便利店(梅州汤南店),广东省,梅州市,
20251407,MEITUAN,76W023966C,908000361405144,易捷便利店（雷州加油站店）,广东省,湛江市,
20251407,MEITUAN,76W023975C,912029038953949,美宜多超市（西华店）,广东省,广州市,
20251407,MEITUAN,76W023976C,1067652883953418,顺客隆生鲜公社（郦都店）,广东省,肇庆市,
20251407,MEITUAN,76W023977C,1121945565549681,西亚兴安（新横店）,广东省,广州市,
20251407,MEITUAN,76W023978C,1111985536392730,美加美生活（彰泰城店）,广西壮族自治区,南宁市,
20251407,MEITUAN,76W023979C,1029590883826250,美宜佳（现代人家桂00825号店）,广西壮族自治区,贵港市,cvs
20251407,MEITUAN,76W023980C,881981447775220,美宜佳（东岸阳光桂00150号店）,广西壮族自治区,钦州市,
20251407,MEITUAN,76W023981C,1059591230375469,大洋超市（琅东店）,广西壮族自治区,南宁市,
20251407,MEITUAN,76W023982C,1028925163840254,凯辉便利店(花果园73店),贵州省,贵阳市,cvs
20251407,MEITUAN,76W023983C,1013660850072036,凯辉便利（中山南路店）,贵州省,贵阳市,cvs
20251407,MEITUAN,76W023984C,963280883724090,凯辉便利(鹿冲关路店),贵州省,贵阳市,cvs
20251407,MEITUAN,76W023985C,1025476305139465,凯辉便利店（剑江大道店）,贵州省,黔南布依族苗族自治州,cvs
20251407,MEITUAN,76W023986C,1044911032069085,凯辉便利(天津路店),贵州省,遵义市,cvs
20251407,MEITUAN,76W023987C,1032945253197588,美宜佳（彭家湾贵00790号店）,贵州省,贵阳市,
20251407,MEITUAN,76W023988C,1109833757713287,美宜佳（阳光小区贵00556号店）,贵州省,安顺市,
20251407,MEITUAN,76W023989C,991833826249621,美宜佳(国酒城大都汇贵01306号店),贵州省,遵义市,
20251407,MEITUAN,76W023990C,1080928627845454,易捷便利店(开阳城北店),贵州省,贵阳市,cvs
20251407,MEITUAN,76W023991C,1041466468304155,易捷速购（遵义红花岗金心店）,贵州省,遵义市,cvs
20251407,MEITUAN,76W023992C,922513054098925,易捷便利店（开发区店）,贵州省,安顺市,cvs
20251407,MEITUAN,76W023993C,1033520778829357,勇惠便利店（广大城店）,贵州省,贵阳市,cvs
20251407,MEITUAN,76W023994C,1095720496985726,KKV（贵阳世纪金源主力店）,贵州省,贵阳市,mmkt
20251407,MEITUAN,76W023995C,1008296437708979,奥特乐（遵义亨特城市广场店）,贵州省,遵义市,mmkt
20251407,MEITUAN,76W023996C,879808196043520,奥特乐(贵阳云岩银海元隆广场店),贵州省,贵阳市,mmkt
20251407,MEITUAN,76W023998C,1015473327969626,零道一连锁便利店（观山湖金华店）,贵州省,贵阳市,
20251407,MEITUAN,76W023999C,954514857165650,零道一连锁便利店（金僖苑店）,贵州省,贵阳市,
20251407,MEITUAN,76W024000C,960282998302861,德宏平价超市,贵州省,六盘水市,
20251407,MEITUAN,76W024001C,1024316614088066,黔彩终端薄利超市,贵州省,毕节市,
20251407,MEITUAN,76W024002C,1081087543383156,黔城一家（比兰德店）,贵州省,贵阳市,
20251407,MEITUAN,76W024003C,1023324528237107,黔厨鲜（文昌店）,贵州省,贵阳市,mmkt
20251407,MEITUAN,76W024005C,949171917932051,生活无忧（遵义仁怀国酒城店）,贵州省,遵义市,mmkt
20251407,MEITUAN,76W024006C,1104692683694314,LATT生活无忧（贵阳花溪地下商场店）,贵州省,贵阳市,
20251407,MEITUAN,76W024008C,1012960772156452,中意多便利店(帝景传说2店),贵州省,贵阳市,mmkt
20251407,MEITUAN,76W024013C,1115086502758996,可好（东风社区225537店）,河北省,沧州市,cvs
20251407,MEITUAN,76W024014C,1043678376551582,36524便利店（友旺店）,河北省,石家庄市,cvs
20251407,MEITUAN,76W024015C,1059539690749124,昆仑好客（承德大石庙店）,河北省,承德市,
20251407,MEITUAN,76W024017C,958406095804375,罗森便利店（石家庄中基礼域店）,河北省,石家庄市,cvs
20251407,MEITUAN,76W024018C,978223074910090,天天便利（邢台保利时光印象店）,河北省,邢台市,cvs
20251407,MEITUAN,76W024021C,1117259758005015,KKV（衡水怡然城购物中心主力店）,河北省,衡水市,mmkt
20251407,MEITUAN,76W024022C,1088191419320577,美宜佳(冀122华都祁苑店),河北省,保定市,cvs
20251407,MEITUAN,76W024025C,1020794792461758,好又多超市（刘其营店）,河北省,廊坊市,mmkt
20251407,MEITUAN,76W024027C,904998177476258,唐百便利店（仁恒店）,河北省,唐山市,
20251407,MEITUAN,76W024029C,864711386003257,昆仑好客（郑州市工业路店）,河南省,郑州市,
20251407,MEITUAN,76W024032C,1019587904937323,绿城超市（黄河路店）,河南省,濮阳市,mmkt
20251407,MEITUAN,76W024033C,1049596841474118,万果园社区超市（贾鲁嘉苑82店）,河南省,周口市,
20251407,MEITUAN,76W024035C,964230071469459,裕隆超市（浚县店）,河南省,鹤壁市,
20251407,MEITUAN,76W024036C,848489292704153,融惠微利便利店（安埠店）,黑龙江省,哈尔滨市,cvs
20251407,MEITUAN,76W024037C,914240947057930,微利超市（大桥店）,黑龙江省,哈尔滨市,cvs
20251407,MEITUAN,76W024038C,1124891913077145,微利超市(丽水店),黑龙江省,哈尔滨市,
20251407,MEITUAN,76W024039C,1014485483781727,融惠微利便利店（家合城店）,黑龙江省,哈尔滨市,cvs
20251407,MEITUAN,76W024040C,1101926649475316,新天地超市（哈尔滨中北春城店）,黑龙江省,哈尔滨市,cvs
20251407,MEITUAN,76W024041C,922323988888067,新天地超市(哈尔滨安阳店）,黑龙江省,哈尔滨市,cvs
20251407,MEITUAN,76W024042C,910972403482204,新天地超市(哈尔滨果园店),黑龙江省,哈尔滨市,cvs
20251407,MEITUAN,76W024043C,873528902400989,新天地超市（哈尔滨乡政店）,黑龙江省,哈尔滨市,cvs
20251407,MEITUAN,76W024044C,917801401484284,新天地超市(哈尔滨新苑店),黑龙江省,哈尔滨市,cvs
20251407,MEITUAN,76W024046C,1009700892028009,地利生鲜（进乡店）,黑龙江省,哈尔滨市,mmkt
20251407,MEITUAN,76W024047C,984729952134000,中央红小月亮,黑龙江省,哈尔滨市,mmkt
20251407,MEITUAN,76W024048C,958264363604307,小月亮（工农大街店）,黑龙江省,哈尔滨市,
20251407,MEITUAN,76W024050C,1044979751620035,百福隆购物广场,黑龙江省,鸡西市,
20251407,MEITUAN,76W024051C,932859630332967,比优特超市（国展店）,黑龙江省,哈尔滨市,smkt
20251407,MEITUAN,76W024053C,1053818707614118,好日子生鲜超市(西三店),黑龙江省,牡丹江市,
20251407,MEITUAN,76W024056C,876874731675507,昆仑好客uSmile（马湖同好加油站店）,湖北省,武汉市,
20251407,MEITUAN,76W024058C,1094749832719127,美宜佳（荆州江津东路1048店）,湖北省,荆州市,cvs
20251407,MEITUAN,76W024059C,1072922808936089,美宜佳（曙光星城鄂02103总店）,湖北省,武汉市,cvs
20251407,MEITUAN,76W024060C,1002322136441675,美宜佳（紫荆花园鄂1259店）,湖北省,襄阳市,cvs
20251407,MEITUAN,76W024061C,849206552325725,新合作邻里生鲜（宝丰二店）,湖北省,十堰市,mmkt
20251407,MEITUAN,76W024064C,1112737155700893,中百超市（津发小区店）,湖北省,武汉市,mmkt
20251407,MEITUAN,76W024066C,936737985904161,中百超市（城市花园店）,湖北省,武汉市,mmkt
20251407,MEITUAN,76W024067C,857779307041984,东方超市（宜都店）,湖北省,宜昌市,
20251407,MEITUAN,76W024068C,1017264327623087,天润发玛特(京山中央广场店),湖北省,荆门市,
20251407,MEITUAN,76W024069C,910590224922862,北山生活超市（浏卉新城店）,湖北省,宜昌市,
20251407,MEITUAN,76W024070C,870604079344023,黄州商场,湖北省,黄冈市,
20251407,MEITUAN,76W024071C,1032227993619778,新合作购物广场（竹山宝丰一店）,湖北省,十堰市,
20251407,MEITUAN,76W024072C,1037003997468929,悦活里（孝感万达店）,湖北省,孝感市,smkt
20251407,MEITUAN,76W024073C,1026292275393352,中百仓储超市（东湖城店）,湖北省,武汉市,
20251407,MEITUAN,76W024075C,1055416522160948,中商超市（吴家山店）,湖北省,武汉市,
20251407,MEITUAN,76W024076C,1067708718541918,中商超市（天汇龙城店）,湖北省,武汉市,
20251407,MEITUAN,76W024078C,902438377006027,十足便利店（黄土岭店）,湖南省,长沙市,
20251407,MEITUAN,76W024079C,1057113034229555,卜蜂莲花超市（富兴店）,湖南省,长沙市,
20251407,MEITUAN,76W024080C,874972061161160,大润发（宁乡店）,湖南省,长沙市,
20251407,MEITUAN,76W024084C,1030174999349125,邻里生活连锁超市(谷山乐园店),湖南省,长沙市,
20251407,MEITUAN,76W024086C,1003056527276680,suowei（锁味武陵源军地店）,湖南省,张家界市,mmkt
20251407,MEITUAN,76W024087C,1014313685140321,梅尼超市（咸嘉新村店）,湖南省,长沙市,
20251407,MEITUAN,76W024088C,975122108524812,集市生活超市（亚泰大街店）,吉林省,长春市,
20251407,MEITUAN,76W024089C,859969740329235,昆仑好客uSmile（宽平店）,吉林省,长春市,
20251407,MEITUAN,76W024090C,1115859596867455,新天地超市（英伦小镇贰店）,吉林省,长春市,cvs
20251407,MEITUAN,76W024091C,903632377807381,新天地超市（恒大名都店）,吉林省,长春市,cvs
20251407,MEITUAN,76W024092C,1086039638961167,新天地超市（延吉延边大学壹店）,吉林省,延边朝鲜族自治州,cvs
20251407,MEITUAN,76W024093C,960489154940261,新天地超市（吉林江山府店）,吉林省,吉林市,cvs
20251407,MEITUAN,76W024094C,882247735751930,新天地超市(重庆路店),吉林省,长春市,
20251407,MEITUAN,76W024095C,847132083109063,欧亚购物中心（沿江路店）,吉林省,通化市,hmkt
20251407,MEITUAN,76W024096C,890966519346843,旺角生鲜超市（卓越方舟店NO:009）,吉林省,吉林市,mmkt
20251407,MEITUAN,76W024099C,852612461378127,中心城大卖场(锦东花园店),吉林省,延边朝鲜族自治州,mmkt
20251407,MEITUAN,76W024101C,1055940508090428,亚泰超市（樱花苑店）,吉林省,长春市,hmkt
20251407,MEITUAN,76W024102C,979580284579081,大润发(S-哈萨尔店),吉林省,松原市,smkt
20251407,MEITUAN,76W024104C,858140085981586,百家超市（东新南路店）,江苏省,南京市,
20251407,MEITUAN,76W024107C,1073339422383754,昆仑好客uSmile(泰州三水店),江苏省,泰州市,
20251407,MEITUAN,76W024108C,986426464193219,昆仑好客uSmile(宿迁卓圩店),江苏省,宿迁市,
20251407,MEITUAN,76W024109C,1021980203452283,昆仑好客uSmile(宁石店),江苏省,南京市,
20251407,MEITUAN,76W024110C,1027185703835842,美宜佳便利店（苏00331来鹤台广场店）,江苏省,扬州市,cvs
20251407,MEITUAN,76W024111C,881478938278090,美宜佳便利店（太古广场店苏0446店）,江苏省,苏州市,cvs
20251407,MEITUAN,76W024112C,859578900023068,美宜佳（龙晶花园东门）,江苏省,盐城市,cvs
20251407,MEITUAN,76W024113C,890348045734054,美宜佳（苏01336中海寰宇店）,江苏省,无锡市,
20251407,MEITUAN,76W024114C,1118930500241901,美宜佳便利店(苏01278中央花园店),江苏省,盐城市,cvs
20251407,MEITUAN,76W024115C,1010620014978432,美宜佳（苏01305中央广场店）,江苏省,淮安市,cvs
20251407,MEITUAN,76W024117C,1100960357024300,优同便利店（淮安融侨华府店）,江苏省,淮安市,cvs
20251407,MEITUAN,76W024120C,874392240585341,华联超市（春江路店）,江苏省,南京市,
20251407,MEITUAN,76W024124C,1062554757811468,联华（江苏旅城店）,江苏省,苏州市,
20251407,MEITUAN,76W024126C,1046388500878610,百信(永安店),江苏省,苏州市,
20251407,MEITUAN,76W024127C,858140084320119,购好超市(洲岛和园社区店),江苏省,南京市,
20251407,MEITUAN,76W024128C,1049893194225884,华润苏果生活超市（娄子巷店）,江苏省,南京市,smkt
20251407,MEITUAN,76W024129C,1087298064369114,789便利店（凤凰城大店）,江西省,抚州市,
20251407,MEITUAN,76W024130C,897915776432716,美宜佳（宜悦城赣01098店）,江西省,宜春市,cvs
20251407,MEITUAN,76W024131C,1044455765632353,美宜佳（阅江中心赣00852店）,江西省,南昌市,
20251407,MEITUAN,76W024132C,906093394157930,美宜佳(东方红大街赣00528店),江西省,宜春市,
20251407,MEITUAN,76W024136C,1030574431289917,好邻居生活超市(建设西路二店),江西省,南昌市,mmkt
20251407,MEITUAN,76W024137C,1063443816054267,旺中旺生活超市（莱卡店）,江西省,南昌市,mmkt
20251407,MEITUAN,76W024138C,871613396706928,唯唯熊（长虹金域12店）,江西省,景德镇市,
20251407,MEITUAN,76W024142C,1000943451952802,国光（瑞金店）,江西省,赣州市,smkt
20251407,MEITUAN,76W024144C,1071522649507272,华润万家（辽宁和平广场店）,辽宁省,大连市,
20251407,MEITUAN,76W024145C,885443191402715,百年惠超市·忠奇百货,辽宁省,大连市,mmkt
20251407,MEITUAN,76W024146C,1006634285280517,地利生鲜超市(避风港店),辽宁省,大连市,
20251407,MEITUAN,76W024147C,972966034958943,邻家小不点(翔峰国际北门店),辽宁省,营口市,
20251407,MEITUAN,76W024148C,999027896543081,新隆嘉超市（大富豪店）,辽宁省,鞍山市,mmkt
20251407,MEITUAN,76W024149C,886319364754196,新隆嘉超市（黄河大街店）,辽宁省,沈阳市,mmkt
20251407,MEITUAN,76W024150C,1046817997635568,鑫大刚生鲜超市（大东店）,辽宁省,沈阳市,mmkt
20251407,MEITUAN,76W024151C,857092112308963,北园超市（鸭绿江店）,辽宁省,沈阳市,
20251407,MEITUAN,76W024154C,1034074829638783,家得乐超市(新民店）,辽宁省,沈阳市,smkt
20251407,MEITUAN,76W024155C,872528224773674,711便利店（万科中心店）,山东省,青岛市,cvs
20251407,MEITUAN,76W024156C,977102088486658,便利蜂（数娱广场店）,山东省,济南市,
20251407,MEITUAN,76W024157C,1115430100142803,橙子便利（汇隆广场店）,山东省,济南市,cvs
20251407,MEITUAN,76W024158C,1070311468708483,可好（苗岭路010491店）,山东省,青岛市,cvs
20251407,MEITUAN,76W024159C,1062344304377664,可好（德阳路010020店）,山东省,青岛市,cvs
20251407,MEITUAN,76W024160C,1121468824186206,昆仑好客uSmile（莱芜红石公园店）,山东省,济南市,
20251407,MEITUAN,76W024161C,1039937459981623,美宜佳（鲁241凤凰山路店）,山东省,济宁市,
20251407,MEITUAN,76W024162C,1081800506259298,优同便利店（青岛黄岛澎湃岛店）,山东省,青岛市,cvs
20251407,MEITUAN,76W024163C,1022753295845360,友客(顺兴路店),山东省,青岛市,cvs
20251407,MEITUAN,76W024164C,853265296444800,友客(黄岛区车轮山路佳沃大厦店),山东省,青岛市,cvs
20251407,MEITUAN,76W024165C,1004057303202211,佳乐家（银海路店）,山东省,潍坊市,
20251407,MEITUAN,76W024166C,851882316959954,全福元超市（全福元中心店）,山东省,潍坊市,smkt
20251407,MEITUAN,76W024167C,851220891913864,银座商城（济南七里山店）,山东省,济南市,
20251407,MEITUAN,76W024168C,1091953808868254,银座商城（莱芜中心店）,山东省,济南市,
20251407,MEITUAN,76W024170C,1068301423940320,1+1优品生活超市（贵和华城店）,山东省,德州市,
20251407,MEITUAN,76W024172C,1091824959924751,全福元（文家店）,山东省,潍坊市,
20251407,MEITUAN,76W024175C,1036269559663703,新世界超市（烟台店）,山东省,烟台市,
20251407,MEITUAN,76W024178C,1033095578813200,佳乐家Family（柏丽店）,山东省,潍坊市,
20251407,MEITUAN,76W024181C,947153281481485,田森便利（安宁街8650部队907）店,山西省,晋中市,
20251407,MEITUAN,76W024182C,946066654817571,金虎便利（3923阳泉万熙店）,山西省,阳泉市,
20251407,MEITUAN,76W024183C,1077260725721302,金虎便利（3695孝义新义街店）,山西省,吕梁市,cvs
20251407,MEITUAN,76W024184C,1049004135931443,金虎便利（3762洪洞文化广场店）,山西省,临汾市,cvs
20251407,MEITUAN,76W024185C,950030909606165,金虎便利（2703富安南路店）,山西省,太原市,
20251407,MEITUAN,76W024186C,1085262249899919,金虎便利（3766绿地世纪二期店）,山西省,太原市,
20251407,MEITUAN,76W024187C,1034710484759682,金虎便利（3240永宁西路店）,山西省,吕梁市,cvs
20251407,MEITUAN,76W024188C,1107724928864627,金虎便利（3100古交金水湾店）,山西省,太原市,cvs
20251407,MEITUAN,76W024189C,1113222487001477,昆仑好客uSmile（永济舜都店）,山西省,运城市,
20251407,MEITUAN,76W024190C,1084025299317624,美宜佳(晋210迎新街店),山西省,太原市,
20251407,MEITUAN,76W024191C,1047857379676860,美宜佳（晋198东星时代店）,山西省,运城市,
20251407,MEITUAN,76W024192C,915258854334613,美宜佳(晋168陆合御景店),山西省,临汾市,cvs
20251407,MEITUAN,76W024194C,1104503703383661,唐久便利（3103文兴路恒大滨河左岸2#店）,山西省,太原市,cvs
20251407,MEITUAN,76W024195C,922946845819495,唐久便利（2332大王美林湾店店）,山西省,太原市,
20251407,MEITUAN,76W024196C,1020219265152577,唐久便利（1502龙鼎花园店）,山西省,太原市,cvs
20251407,MEITUAN,76W024197C,1110164471993193,家家利超市（离石宏泰店）,山西省,吕梁市,smkt
20251407,MEITUAN,76W024198C,1056425841142994,美特好（平阳店）,山西省,太原市,hmkt
20251407,MEITUAN,76W024203C,1053531033202735,凯通邻里中心,山西省,阳泉市,
20251407,MEITUAN,76W024204C,982011236185130,家家利超市(太原富力城店),山西省,太原市,smkt
20251407,MEITUAN,76W024205C,1073017298214173,昆仑好客uSmile（米脂榆米店）,陕西省,榆林市,cvs
20251407,MEITUAN,76W024206C,1070092425448825,每一天（自强西路店）,陕西省,西安市,
20251407,MEITUAN,76W024207C,844864340430396,每一天便利店（户县东城花园店）,陕西省,西安市,
20251407,MEITUAN,76W024208C,1025686758620504,每一天便利店（纺织城地铁口店）,陕西省,西安市,
20251407,MEITUAN,76W024209C,886057371802151,唐久便利（风华茂店）,陕西省,西安市,cvs
20251407,MEITUAN,76W024210C,1040379843371958,大润发（大唐西店）,陕西省,西安市,hmkt
20251407,MEITUAN,76W024211C,1048952596416997,华润万家便利超市（西安明珠巷店）,陕西省,西安市,
20251407,MEITUAN,76W024212C,978124290774142,松林超市（红华店）,陕西省,西安市,mmkt
20251407,MEITUAN,76W024213C,1070977188743624,新合作西果超市（阿房宫店）,陕西省,西安市,mmkt
20251407,MEITUAN,76W024215C,859587488442928,芒果超市(明德门店),陕西省,西安市,
20251407,MEITUAN,76W024216C,1085382461480367,全都超市（人民南路店）,陕西省,西安市,smkt
20251407,MEITUAN,76W024218C,1078948648064674,世纪联华（南汇店）,上海市,上海市,
20251407,MEITUAN,76W024220C,1014910687281544,美惠全连锁超市,上海市,上海市,
20251407,MEITUAN,76W024222C,913764207466165,ALDI奥乐齐超市（涞坊店）,上海市,上海市,
20251407,MEITUAN,76W024227C,1007098141753414,华联超市（丰福路店）,上海市,上海市,
20251407,MEITUAN,76W024229C,1007424559260447,清美V会员店（虹中路店）,上海市,上海市,
20251407,MEITUAN,76W024233C,1022959454424066,KKV(上海金桥LALAPORT主力店),上海市,上海市,mmkt
20251407,MEITUAN,76W024234C,1104327536155956,Ole精品超市(上海港汇店),上海市,上海市,smkt
20251407,MEITUAN,76W024235C,1023848444816614,农工商超市(00043吴泾店),上海市,上海市,
20251407,MEITUAN,76W024236C,1120931879771799,世纪联华（宝山海江路店）,上海市,上海市,
20251407,MEITUAN,76W024237C,1110396400203559,昆仑好客uSmile（成都简阳简皇店）,四川省,成都市,
20251407,MEITUAN,76W024238C,930286946655428,昆仑好客uSmile(南充顺庆潆华店),四川省,南充市,
20251407,MEITUAN,76W024239C,1076921425132791,昆仑好客uSmile（成都龙泉洛带松林店）,四川省,成都市,
20251407,MEITUAN,76W024240C,956507722015298,美宜佳（御景名城川00220店）,四川省,绵阳市,
20251407,MEITUAN,76W024241C,946272814913268,美宜佳(喜来客川00658店),四川省,南充市,
20251407,MEITUAN,76W024242C,963847821130275,美宜佳（明霞路川00280店）,四川省,遂宁市,
20251407,MEITUAN,76W024243C,1115120864256359,美宜佳（圣之广场川01452店）,四川省,广安市,
20251407,MEITUAN,76W024246C,1062692198418213,易捷（绵阳山江店）,四川省,绵阳市,
20251407,MEITUAN,76W024247C,1073966487572061,谊品生鲜超市（华府天骄店）,四川省,成都市,
20251407,MEITUAN,76W024251C,1045602521907139,舞东风（0797晋吉南路二店）,四川省,成都市,
20251407,MEITUAN,76W024252C,1082852773239393,舞东风（1577水岸东里店）,四川省,成都市,
20251407,MEITUAN,76W024253C,1042235267484158,舞东风（1696中新路店）,四川省,成都市,
20251407,MEITUAN,76W024254C,873503182300143,世纪隆超市（开江侨兴中央城店）,四川省,达州市,smkt
20251407,MEITUAN,76W024256C,884927795517841,便利蜂(御惠园店),天津市,天津市,cvs
20251407,MEITUAN,76W024257C,1088629452415920,昆仑好客uSmile（市区双港店）,天津市,天津市,
20251407,MEITUAN,76W024258C,1045959005880608,大润发（大沽南路店）,天津市,天津市,hmkt
20251407,MEITUAN,76W024259C,1014141888150881,华润万家（春曦道店）,天津市,天津市,
20251407,MEITUAN,76W024261C,1124999289003746,农鲜生活（七经路店）,天津市,天津市,
20251407,MEITUAN,76W024265C,985292592822360,劝宝超市（泰达小区店）,天津市,天津市,mmkt
20251407,MEITUAN,76W024266C,1071539831091055,劝宝超市（蓝水湾小区店）,天津市,天津市,mmkt
20251407,MEITUAN,76W024267C,920880966531175,711便利店（金地中心店）,云南省,昆明市,cvs
20251407,MEITUAN,76W024268C,1004598469046654,711便利店（玉溪庙街大厦店）,云南省,玉溪市,cvs
20251407,MEITUAN,76W024269C,1105203782957154,望满超市,云南省,丽江市,cvs
20251407,MEITUAN,76W024270C,1083853500548197,昆仑好客uSmile（聚贤街店）,云南省,昆明市,cvs
20251407,MEITUAN,76W024271C,1024535707219718,昆仑好客（香格里拉城市店）,云南省,迪庆藏族自治州,cvs
20251407,MEITUAN,76W024272C,860399237089177,一心便利(海伦国际店),云南省,昆明市,
20251407,MEITUAN,76W024274C,887418876367593,之佳便利（昭通耕东路分店）,云南省,昭通市,cvs
20251407,MEITUAN,76W024276C,870299138456502,永丰超市（莘塍2店）,浙江省,温州市,
20251407,MEITUAN,76W024277C,1064835387159587,比那多超市(柯城店),浙江省,衢州市,
20251407,MEITUAN,76W024279C,1076783986127302,世纪联华（义乌江东中路店),浙江省,金华市,
20251407,MEITUAN,76W024280C,1027890078466012,小小超市(海湖府店),浙江省,宁波市,mmkt
20251407,MEITUAN,76W024282C,1102828667828838,消闲果儿零食（桐庐桐千路店）,浙江省,杭州市,
20251407,MEITUAN,76W024286C,1070126785138860,美宜佳（稻香路渝01511店）,重庆市,重庆市,cvs
20251407,MEITUAN,76W024287C,931330622009606,美宜佳（地中海岸渝00529店）,重庆市,重庆市,cvs
20251407,MEITUAN,76W024288C,999478868112126,美宜佳（汽车总站渝00878店）,重庆市,重庆市,
20251407,MEITUAN,76W024289C,1103674774703341,美宜佳（中医院渝01050店）,重庆市,重庆市,
20251407,MEITUAN,76W024290C,1041522302928934,美宜佳（锦绣笙邻渝01419店）,重庆市,重庆市,
20251407,MEITUAN,76W024291C,1002906251999887,谊品生鲜超市（汇悦悦峰店）,重庆市,重庆市,
20251407,MEITUAN,76W024292C,1123337134946225,奥特乐(垫江明悦天街店),重庆市,重庆市,mmkt
20251407,MEITUAN,76W024326C,892177652621319,金叶便利,河南省,洛阳市,mmkt
20251407,MEITUAN,76W024327C,878403666491101,融惠微利便利店(延福店),黑龙江省,哈尔滨市,
20251407,MEITUAN,76W024328C,854751322444533,好店店(星汇蓝湾店),湖南省,常德市,
20251407,MEITUAN,76W024329C,1049794336453878,每日隆便利店(大洲店),吉林省,延边朝鲜族自治州,
20251407,MEITUAN,76W024330C,875556129173724,中心城大卖场(山后店),吉林省,延边朝鲜族自治州,mmkt
20251407,MEITUAN,76W024331C,1123023553630690,万事达超市(江纺店),江西省,南昌市,
20251407,MEITUAN,76W024333C,853862229200123,KKV（运城苏宁广场主力店）,山西省,运城市,
20251407,MEITUAN,76W024336C,1024883526097021,如海生活购物中心,上海市,上海市,
20251407,MEITUAN,76W024339C,950735210701749,老祥云?连锁超市（金叶路店）,云南省,大理白族自治州,mmkt
20251407,MEITUAN,76W024340C,1110950401793091,中百超市(华岩寺店),重庆市,重庆市,
20251407,MEITUAN,76W024341C,1019270077392135,罗森（超市发万柳店）,北京市,北京市,
20251407,MEITUAN,76W024342C,1042604634686184,华润万家便利超市（魅力之城分店),广东省,珠海市,
20251407,MEITUAN,76W024343C,1016001607294220,华润万家便利超市（珠海都市雅筑店),广东省,珠海市,
20251407,MEITUAN,76W024344C,1090850002340204,超市发（宣钢店）,河北省,张家口市,mmkt
20251407,MEITUAN,76W024345C,1125368654473827,国大超市(传媒店）,河北省,石家庄市,
20251407,MEITUAN,76W024346C,923543846271792,壹度便利（白云公馆店）,河南省,商丘市,mmkt
20251407,MEITUAN,76W024347C,1018892120254723,壹度便利（项城瑞元国际广场店）,河南省,周口市,
20251407,MEITUAN,76W024348C,939954916318164,哈尔信食品超市(新建店),黑龙江省,哈尔滨市,
20251407,MEITUAN,76W024349C,1004315001236181,中百超市（紫阳店）,湖北省,武汉市,mmkt
20251407,MEITUAN,76W024350C,1089247979553333,中百超市（保利心语二店）,湖北省,武汉市,mmkt
20251407,MEITUAN,76W024351C,954983006992524,佳福乐生活超市(东江店),湖南省,衡阳市,mmkt
20251407,MEITUAN,76W024352C,1036900918126488,KKV(延吉百利城主力店),吉林省,延边朝鲜族自治州,
20251407,MEITUAN,76W024354C,1114261869077562,新怡华超市(皇塘店),江苏省,镇江市,
20251407,MEITUAN,76W024356C,1093053320529571,百家乐超市（兴明店）,辽宁省,沈阳市,mmkt
20251407,MEITUAN,76W024357C,947977915254547,营安隆连锁超市（迎宾店）,辽宁省,沈阳市,mmkt
20251407,MEITUAN,76W024360C,944838294061814,美宜佳(晋66东赵路店),山西省,临汾市,
20251407,MEITUAN,76W024361C,1041629678810779,华润万家便利超市（福愉西路店）,0,0,
20251407,MEITUAN,76W024362C,932357120959081,塞北福满家(花溪地店),河北省,秦皇岛市,
20251407,MEITUAN,76W024363C,1117504571140018,地利生鲜（平房兴建街店）,黑龙江省,哈尔滨市,
20251407,MEITUAN,76W024364C,1055304854792870,庆果生鲜超市(绿色家园店),黑龙江省,大庆市,
20251407,MEITUAN,76W024365C,1093998215102678,众汇VIP生鲜平价超市（红升店）,吉林省,吉林市,
20251407,MEITUAN,76W024369C,1021211404273177,副采吉麦隆(江华店),江苏省,泰州市,
20251407,MEITUAN,76W024372C,1115752224411123,芒果超市(北郡店),陕西省,西安市,mmkt
20251407,MEITUAN,76W024373C,1003108117130034,联华超市（万航店）,上海市,上海市,
20251407,MEITUAN,76W024374C,1004770269485586,联华超市（彭浦店）,上海市,上海市,
20251407,MEITUAN,76W024376C,950688041276955,联华超市（惠南店）,上海市,上海市,
20251407,MEITUAN,76W024377C,1009881280603065,华润万家（中山门友爱南里店）,天津市,天津市,
20251407,MEITUAN,76W024378C,1038533007387605,华润万家（芳景里分店）,天津市,天津市,cvs
20251407,MEITUAN,76W024379C,1094367582239772,左邻右舍（北大街店）,浙江省,杭州市,
20251407,MEITUAN,76W024382C,994750110882759,谊品生鲜超市（原创生活店）,安徽省,合肥市,
20251407,MEITUAN,76W024383C,1HUkXzRAqhq-CtHCQ57NiQI,全家便利店(王府井大街一店),北京市,北京市,cvs
20251407,MEITUAN,76W024384C,2oDtA1hSCbILynZpmYQs6gI,全家便利店(清华东路一店),北京市,北京市,cvs
20251407,MEITUAN,76W024385C,AuP-M6y1Kag31NDq1t6o5QI,全家便利店(永安里东街一店),北京市,北京市,cvs
20251407,MEITUAN,76W024386C,cbJs7bIDyGslCzKlVm5gJAI,全家便利店(交道口南大街店),北京市,北京市,cvs
20251407,MEITUAN,76W024387C,igbNlU2wjJcAj_NuHxmt-wI,全家便利店(银座和谐店),北京市,北京市,cvs
20251407,MEITUAN,76W024388C,lOYoLX9wZ4zANQ6EbZ6UNwI,全家便利店(东环广场店),北京市,北京市,cvs
20251407,MEITUAN,76W024389C,NrlMEvzdW8uKZXFLmWa8BQI,全家便利店(北京茂华二便利店),北京市,北京市,cvs
20251407,MEITUAN,76W024390C,yNEjRfdu-oQxJ6zwoKNpwgI,全家便利店(朝阳门内大街店),北京市,北京市,cvs
20251407,MEITUAN,76W024391C,tYuRvrmhyDjYdWJdJlHa1wI,全家便利店（南城广发大厦店）,广东省,东莞市,cvs
20251407,MEITUAN,76W024392C,ueGFVponsYVN6Ip0LfoUGAI,全家便利店（台商大厦店）,广东省,东莞市,cvs
20251407,MEITUAN,76W024393C,_e_D28aZK79P9M0369cCvgI,全家便利店(中盈中心店),广东省,佛山市,cvs
20251407,MEITUAN,76W024394C,0KYeUs4Md-Nuy3VkjBXCSAI,全家便利店(兴国路店),广东省,广州市,cvs
20251407,MEITUAN,76W024395C,0zJzzY9ggQEfCIYGuLarlwI,全家便利店(新棠东东路店),广东省,广州市,cvs
20251407,MEITUAN,76W024396C,1J-Tfn_udCVNNsYFdPQ6PAI,全家便利店（天幕广场店）,广东省,广州市,cvs
20251407,MEITUAN,76W024397C,45pUfuVYiJa5T73HwmIGngI,全家便利店(建国店),广东省,广州市,cvs
20251407,MEITUAN,76W024398C,7n0SrvmGuxORfAmULLufegI,全家便利店(署前路三店),广东省,广州市,cvs
20251407,MEITUAN,76W024399C,8HrPSX6L7-3aY8MK1o7-swI,全家便利店(市一医院店),广东省,广州市,cvs
20251407,MEITUAN,76W024400C,8ZakrDV9z41oWVXiabsqMwI,全家便利店（丽丰国际中心店）,广东省,广州市,cvs
20251407,MEITUAN,76W024401C,A3V3gDhgIUJvPaBSmPqS9gI,全家便利店(梅花村店),广东省,广州市,cvs
20251407,MEITUAN,76W024402C,-BkknteXFxg0KI6Sdi-GDQI,全家便利店(开泰大道三店),广东省,广州市,cvs
20251407,MEITUAN,76W024403C,ebgOJMY9-3iRAsvzdSE54QI,全家便利店(园西区店),广东省,广州市,cvs
20251407,MEITUAN,76W024404C,IycdwYCVzX-RiluyYY7xQQI,全家便利店(万博二路店),广东省,广州市,cvs
20251407,MEITUAN,76W024405C,jeW-dU_72Nk9vIr8ziukxwI,全家便利店(吉祥北道店),广东省,广州市,cvs
20251407,MEITUAN,76W024406C,JfvIYSqXDXw5G3bioxEnWwI,全家便利店(革新店),广东省,广州市,cvs
20251407,MEITUAN,76W024407C,jssmIBczd7Mz65K8zGzrwgI,全家便利店(丰乐北路店),广东省,广州市,cvs
20251407,MEITUAN,76W024408C,k0tXRO-svP30tY4Vfbu7HgI,全家便利店(农林下路二路),广东省,广州市,cvs
20251407,MEITUAN,76W024409C,k1vVxd23OsqdxANn47kVmAI,全家便利店(纵横广场店),广东省,广州市,cvs
20251407,MEITUAN,76W024410C,Kv9ekCL-iBN6mQYv1NGCMQI,全家便利店(合生广场店),广东省,广州市,cvs
20251407,MEITUAN,76W024411C,lF9jj-2gSCPvVo69xfbYKQI,全家便利店(海文路店),广东省,广州市,cvs
20251407,MEITUAN,76W024412C,nDbF-cfDbXdS1Zywvkb0nwI,全家便利店(金山谷二店),广东省,广州市,cvs
20251407,MEITUAN,76W024413C,oC2BG6MdHyjH-pqi59ATxQI,全家便利店（文明路店）,广东省,广州市,cvs
20251407,MEITUAN,76W024414C,odk7UWcX3S1vUgBdiO1QdAI,全家便利店(国翔科汇城店),广东省,广州市,cvs
20251407,MEITUAN,76W024415C,pmqguLYlU_X6bzCa5_RahgI,全家便利店(岭南新世界二店),广东省,广州市,cvs
20251407,MEITUAN,76W024416C,-Q1sxDOjNOEf2hKvKPTizwI,全家便利店(汇田大厦店),广东省,广州市,cvs
20251407,MEITUAN,76W024417C,q9hRBPVhWXf80hLQWV4gngI,全家便利店(银利茶叶城店),广东省,广州市,cvs
20251407,MEITUAN,76W024418C,qzo2mt4F3qnW_H0aGkkxBgI,全家便利店（农林下路店）,广东省,广州市,cvs
20251407,MEITUAN,76W024419C,R6MXKrsaZWRbH5-84iZ_cgI,全家便利店(南沙保利城店),广东省,广州市,
20251407,MEITUAN,76W024420C,TsmAzs42pUVED4_6qY989wI,全家便利店(汇金西塔店),广东省,广州市,cvs
20251407,MEITUAN,76W024421C,unizmjcnooonrdadZiJTuQI,全家便利店(海珠湾店),广东省,广州市,cvs
20251407,MEITUAN,76W024422C,uy90AKENFyIzxCEXnPMsPQI,全家便利店(天诚广场店),广东省,广州市,cvs
20251407,MEITUAN,76W024423C,VCUr4v2XyqnI2CM40OOjkQI,全家便利店(海珠御景湾店),广东省,广州市,cvs
20251407,MEITUAN,76W024424C,VNxTZ0cKRUxj0ELdnKsWJAI,全家便利店(建中路二店),广东省,广州市,cvs
20251407,MEITUAN,76W024425C,2owQMQsFwrhcBJvOl2eqCAI,全家便利店（深铁汇里店）,广东省,深圳市,cvs
20251407,MEITUAN,76W024426C,Couk90UqJRZF6ukC3DTycQI,全家便利店（永新时代广场店）,广东省,深圳市,cvs
20251407,MEITUAN,76W024427C,fuVGXlo9p68vhHWUxdXHmQI,全家便利店（华联城市全景店）,广东省,深圳市,cvs
20251407,MEITUAN,76W024428C,La1WwqNBfc68DQYNizJomQI,全家便利店（平安财险大厦店）,广东省,深圳市,cvs
20251407,MEITUAN,76W024429C,-lOxFVIxgfaScw9UpMHKbQI,全家便利店（新潮州西街店）,广东省,深圳市,cvs
20251407,MEITUAN,76W024430C,MZfR_Cc1MXq8y5KxeMFAxAI,全家便利店（中执时代广场店）,广东省,深圳市,cvs
20251407,MEITUAN,76W024431C,ozCzumH8PcEb_QaaNY3XawI,全家便利店（桂园二店）,广东省,深圳市,cvs
20251407,MEITUAN,76W024432C,pJTZhNosV92UK-S0DrF4MAI,全家便利店（远东大厦店）,广东省,深圳市,cvs
20251407,MEITUAN,76W024433C,pkXDR2fSZb3fbpVrx6x4VAI,全家便利店（中康路店）,广东省,深圳市,cvs
20251407,MEITUAN,76W024434C,r4j7D2RyyvrfsVpYsiqF7gI,全家便利店（中粮祥云一店）,广东省,深圳市,cvs
20251407,MEITUAN,76W024435C,U9H5BGAemjjlA6iJh0LOHwI,全家便利店（创维科技城店）,广东省,深圳市,cvs
20251407,MEITUAN,76W024436C,umE1S-Vd3kGrUp-irenBggI,全家便利店（科技生态园二店）,广东省,深圳市,cvs
20251407,MEITUAN,76W024437C,WGkWVOV4aC-F7aeSrWFZZQI,全家便利店（赛格科技园店）,广东省,深圳市,cvs
20251407,MEITUAN,76W024438C,956271498806983,昆仑好客uSmile(桂柳店),0,0,
20251407,MEITUAN,76W024439C,1012741727096019,美宜佳（政和路桂02310号店）,广西壮族自治区,柳州市,
20251407,MEITUAN,76W024440C,905857172717635,生活无忧（都匀南州国际星力城店）,贵州省,黔南布依族苗族自治州,mmkt
20251407,MEITUAN,76W024441C,857779308782291,代号7天,河南省,开封市,
20251407,MEITUAN,76W024442C,903421924492462,九弟超市（延安店）,河南省,许昌市,
20251407,MEITUAN,76W024443C,882393764641712,三毛便利连锁（新华东街店）,河南省,开封市,
20251407,MEITUAN,76W024444C,1011513366460183,北山超市（星光天地店）,湖北省,宜昌市,
20251407,MEITUAN,76W024445C,1050107869033376,新合作超市（郧西康富路购物广场）,湖北省,十堰市,
20251407,MEITUAN,76W024446C,1078373048816656,华润万家(蔡锷路店）,湖南省,长沙市,
20251407,MEITUAN,76W024447C,865359924480538,天恒超市（新市店）,湖南省,岳阳市,
20251407,MEITUAN,76W024448C,1003619164195027,新佳宜便利店（兴旺双铁城2237店）,湖南省,长沙市,
20251407,MEITUAN,76W024449C,936746575773511,家得乐超市（松原三店),吉林省,松原市,
20251407,MEITUAN,76W024450C,1007896917256180,欧亚超市(吉顺店),吉林省,长春市,
20251407,MEITUAN,76W024451C,994264777802335,利群时代(迎春路店),江苏省,泰州市,
20251407,MEITUAN,76W024452C,1114781560085881,华润苏果（将军大道店）,江苏省,南京市,
20251407,MEITUAN,76W024453C,961820594836804,华润苏果（华侨城店）,江苏省,南京市,
20251407,MEITUAN,76W024454C,GTcG9dN8JRXWfGcd1td_owI,全家便利店（常熟万科公望店）,江苏省,苏州市,cvs
20251407,MEITUAN,76W024455C,fZxTcqi_2FQWgk9z4WxzaAI,全家便利店（河景花园店）,江苏省,常州市,cvs
20251407,MEITUAN,76W024456C,lqUzxG88Y3RtQUEX9vRbwAI,全家便利店（青山湾花园店）,江苏省,常州市,cvs
20251407,MEITUAN,76W024457C,Nr5f_regQD0gItnjMft88QI,全家便利店（常州天援大厦店）,江苏省,常州市,cvs
20251407,MEITUAN,76W024458C,cJwzy8uZr05tt85ZOPm88wI,全家便利店（文定路店）,江苏省,无锡市,cvs
20251407,MEITUAN,76W024459C,em7YM9HVG2MOZqntl2z1YgI,全家便利店（银桂路店）,江苏省,无锡市,cvs
20251407,MEITUAN,76W024460C,3t7x6NlOgC108xMWtaRhbAI,全家便利店（虹桥路二店）,江苏省,苏州市,cvs
20251407,MEITUAN,76W024461C,3xNZKt7bIw54scrhtB_7YAI,全家便利店（藕前路店）,江苏省,苏州市,cvs
20251407,MEITUAN,76W024462C,ggnRogFOULc9aTO6iT0s7wI,全家便利店（锦溪古镇店）,江苏省,苏州市,cvs
20251407,MEITUAN,76W024463C,Gw5hi556h8JcuoYMU6D44QI,全家便利店（大行宫新座店）,江苏省,苏州市,cvs
20251407,MEITUAN,76W024464C,I1Q27GBc4Te-OCocpCR8wQI,全家便利店（D9街区店）,江苏省,苏州市,cvs
20251407,MEITUAN,76W024465C,m5KuC9lH4uGtY6F1rBDDRQI,全家便利店（千灯古镇店）,江苏省,苏州市,
20251407,MEITUAN,76W024466C,ohKILtdsqkNrI5cIllHJZgI,全家便利店（中国气象谷店）,江苏省,苏州市,cvs
20251407,MEITUAN,76W024467C,SARDpXr8cA1mUG0XPlB2tAI,全家便利店（春晖路二店）,江苏省,苏州市,cvs
20251407,MEITUAN,76W024468C,tbXgUsWui004yx-FbsaCPwI,全家便利店（花安路店）,江苏省,苏州市,cvs
20251407,MEITUAN,76W024469C,0kqF6uN0HXrMEufzatvhRAI,全家便利店（金奥缤润汇店）,江苏省,南京市,cvs
20251407,MEITUAN,76W024470C,4uGdBrWuTWMUTMLEv2xpoAI,全家便利店（南通印象城店）,江苏省,南通市,cvs
20251407,MEITUAN,76W024471C,O4Zg_ifb_0lCLBRzeihL4QI,全家便利店（北濠桥路店）,江苏省,南通市,cvs
20251407,MEITUAN,76W024472C,te-rm7oguSLQ_zQW1MoOxAI,全家便利店（幸福天地店）,江苏省,南通市,cvs
20251407,MEITUAN,76W024473C,48yVjJBmtW-RYRZVIUQG_QI,全家便利店（塔园路店）,江苏省,苏州市,cvs
20251407,MEITUAN,76W024474C,4eWnMBgam5y837K1Ny7UaAI,全家便利店（腾飞湖西街）,江苏省,苏州市,cvs
20251407,MEITUAN,76W024475C,4vJc_1Mq7a59V8_AiIEjHgI,全家便利店（木渎影视城店）,江苏省,苏州市,cvs
20251407,MEITUAN,76W024476C,8A-A7Hfxxku_M65O57I7AgI,全家便利店（东吴北路三店）,江苏省,苏州市,cvs
20251407,MEITUAN,76W024477C,9zxMIBnMuhoSdZDrw8k80QI,全家便利店（中新领袖店）,江苏省,苏州市,cvs
20251407,MEITUAN,76W024478C,APKvycR9r4VCXewha1ur1gI,全家便利店(生活空间店）,江苏省,苏州市,cvs
20251407,MEITUAN,76W024479C,cRXUpBumEkNZObmGkFb9ogI,全家便利店(紫琅科技城店）,江苏省,苏州市,cvs
20251407,MEITUAN,76W024480C,D1n_dBbEmdIoC5adxkNegwI,全家便利店（狮山总部园店）,江苏省,苏州市,cvs
20251407,MEITUAN,76W024481C,d3JIPtCP0oWCJrc_kep8OwI,全家便利店（书院巷店）,江苏省,苏州市,cvs
20251407,MEITUAN,76W024482C,da4YxTPULdIpmB1kkpnfkwI,全家便利店（青年中路店）,江苏省,苏州市,cvs
20251407,MEITUAN,76W024483C,eHh_rR-0XPdqPWoPzmq4MgI,全家便利店（城通商务广场店）,江苏省,苏州市,cvs
20251407,MEITUAN,76W024484C,fPNFHzCddqaRcl2BiLGk8AI,全家便利店（文汇二店）,江苏省,苏州市,cvs
20251407,MEITUAN,76W024485C,fqXp1gJzzBtQmxa8hNaC0AI,全家便利店（城市学院店）,江苏省,苏州市,cvs
20251407,MEITUAN,76W024486C,G1a9esKplRQvQdPit6OlXQI,全家便利店（盛泽天虹店）,江苏省,苏州市,
20251407,MEITUAN,76W024487C,gjoDC_k2pVCzn-chaE21MgI,全家便利店（紫琅花谷店）,江苏省,苏州市,cvs
20251407,MEITUAN,76W024488C,h5vWxjH1D1y4wiXeU6u5PQI,全家便利店（学府路店）,江苏省,苏州市,cvs
20251407,MEITUAN,76W024489C,hCJGcugEFDlK16RC95Ar3gI,全家便利店（裴阳路店）,江苏省,苏州市,cvs
20251407,MEITUAN,76W024490C,iBNaf2va1uapIj9P1dooUAI,全家便利店（江星路店）,江苏省,苏州市,cvs
20251407,MEITUAN,76W024491C,IPNJgaGgQLbLeNtyWR-wRQI,全家便利店（展业路店）,江苏省,苏州市,cvs
20251407,MEITUAN,76W024492C,kKgeKHyYebe4yworjEZzAwI,全家便利店（扬东路店）,江苏省,苏州市,cvs
20251407,MEITUAN,76W024493C,lKN5g6nTBe9ndeATpfU-TgI,全家便利店（吴江八都店）,江苏省,苏州市,cvs
20251407,MEITUAN,76W024494C,mbd2-qAfglzk7i_YdydM_AI,全家便利店（郭津路店）,江苏省,苏州市,cvs
20251407,MEITUAN,76W024495C,Mlp0vU3HGE85LAZx6_X2xwI,全家便利店（因果巷店）,江苏省,苏州市,cvs
20251407,MEITUAN,76W024496C,Mnbdw909vV6zQ_l9PB_O_wI,全家便利店（五洲国际店）,江苏省,苏州市,cvs
20251407,MEITUAN,76W024497C,oSG_HBexown-vw3TKsIaiwI,全家便利店（玖玖广场店）,江苏省,苏州市,cvs
20251407,MEITUAN,76W024498C,PLzElkEotUyXPDtvvIwn8gI,全家便利店（兴贤路二店）,江苏省,苏州市,cvs
20251407,MEITUAN,76W024499C,ppvCG826QIA2BNwvID1qZQI,全家便利店（相城人民医院二店））,江苏省,苏州市,cvs
20251407,MEITUAN,76W024500C,R56fYQ89TS1GoI8omLmPBQI,全家便利店（企鸿路店）,江苏省,苏州市,cvs
20251407,MEITUAN,76W024501C,U99ZvkRvVH_7_3HnHlxUAgI,全家便利店（太平南路店）,江苏省,苏州市,cvs
20251407,MEITUAN,76W024502C,uz9kdnxuN9rggcmOyu7YHwI,全家便利店（南通西站西广场店）,江苏省,苏州市,cvs
20251407,MEITUAN,76W024503C,VG0wcjZzp5VI4sAblQwK5QI,全家便利店（干将西路二店）,江苏省,苏州市,cvs
20251407,MEITUAN,76W024504C,vO1S4gwrepLQwH78nEBtzQI,全家便利店（永昌汇商业街店）,江苏省,苏州市,cvs
20251407,MEITUAN,76W024505C,W_3f8pYBmpeomUiZCV6jBgI,全家便利店（四季晶华店）,江苏省,苏州市,cvs
20251407,MEITUAN,76W024506C,w1T6S4OZEwh0Bf2qIizR3AI,全家便利店（复悦里店）,江苏省,苏州市,cvs
20251407,MEITUAN,76W024507C,WjCi63GPcDuyqe9gEf4MmwI,全家便利店（秀岸花园店）,江苏省,苏州市,cvs
20251407,MEITUAN,76W024508C,2hvoLIUUQV3o7UiCqp_x0AI,全家便利店（太仓大道店）,江苏省,苏州市,cvs
20251407,MEITUAN,76W024509C,3GRFXMwrbEbpn7bpaz49IQI,全家便利店（会岸路店）,江苏省,无锡市,cvs
20251407,MEITUAN,76W024510C,5sRrf2OchY6lQtlEp94eXAI,全家便利店（中山路二店）,江苏省,无锡市,cvs
20251407,MEITUAN,76W024511C,9epzSC7uv07o5dg8xRcqkgI,全家便利店（桃源居店）,江苏省,无锡市,cvs
20251407,MEITUAN,76W024512C,9Olq69IvNEkIwKr671mZzwI,全家便利店（玉兰西花园店）,江苏省,无锡市,cvs
20251407,MEITUAN,76W024513C,aWvhH2ClP-dnjpobQeYgBAI,全家便利店（梅里古镇店）,江苏省,无锡市,cvs
20251407,MEITUAN,76W024514C,b4Nxw8EuMxTa1K_mKAsAZgI,全家便利店（丹山路店）,江苏省,无锡市,
20251407,MEITUAN,76W024515C,BPxop1cxtD_i15g6eEsXggI,全家便利店（中南西路店）,江苏省,无锡市,cvs
20251407,MEITUAN,76W024516C,C9aZGwbN5kGkzWYJSVrCFgI,全家便利店（复兴路店）,江苏省,无锡市,cvs
20251407,MEITUAN,76W024517C,dOd-Sn4_wnSftyZWNp3yPQI,全家便利店（阳春巷店）,江苏省,无锡市,cvs
20251407,MEITUAN,76W024518C,eH4VQJ3fYwRdustMAC9tPwI,全家便利店（华清创业大厦店）,江苏省,无锡市,cvs
20251407,MEITUAN,76W024519C,INwdVYxdiLuSRrCv6rdrpAI,全家便利店（人民东路店）,江苏省,无锡市,cvs
20251407,MEITUAN,76W024520C,t-NeWwEUFCYNe8hYwGCDKwI,全家便利店（北邮国昊店）,江苏省,无锡市,cvs
20251407,MEITUAN,76W024521C,-wDMcIqLw3uSBpPGnbG2sQI,全家便利店（中邦城市花园店）,江苏省,无锡市,cvs
20251407,MEITUAN,76W024522C,wKI56Z8-7gOk6V06_SUKvwI,全家便利店（微纳园店）,江苏省,无锡市,cvs
20251407,MEITUAN,76W024523C,TACUCv2rUsBzM7HEOGxBdgI,全家便利店（杨舍老街店）,江苏省,苏州市,cvs
20251407,MEITUAN,76W024524C,1006986397406128,昆仑好客（中央大街店）,辽宁省,沈阳市,
20251407,MEITUAN,76W024525C,1002588356707185,乐享万德福便利店（皇朝万鑫大厦店）,辽宁省,沈阳市,
20251407,MEITUAN,76W024526C,1100651117732422,东伟生鲜连锁超市(居然店),辽宁省,葫芦岛市,
20251407,MEITUAN,76W024527C,1008627102437994,北美新生活连锁超市（万年里店）,辽宁省,锦州市,
20251407,MEITUAN,76W024528C,899358811903891,春天便利（富丽庭店）,辽宁省,大连市,
20251407,MEITUAN,76W024529C,972158507559408,金叶春天便利优加便利店,辽宁省,大连市,mmkt
20251407,MEITUAN,76W024530C,1077432526280669,安心菜场（香橙源超市马家店）,辽宁省,锦州市,
20251407,MEITUAN,76W024531C,1098190103233346,鑫大刚生鲜超市（中海城店）,辽宁省,沈阳市,
20251407,MEITUAN,76W024532C,974941721630165,大润发（宝鸡店）,陕西省,宝鸡市,
20251407,MEITUAN,76W024533C,971668954889544,奥特乐（西安雁塔红星美凯龙生活广场店）,陕西省,西安市,
20251407,MEITUAN,76W024534C,921546686564929,华润万家便利超市（雁南五路店）,陕西省,西安市,
20251407,MEITUAN,76W024535C,1071153282393004,松林超市（名园店）,陕西省,西安市,
20251407,MEITUAN,76W024536C,961786236821255,文峰千家惠（沪东店）,上海市,上海市,
20251407,MEITUAN,76W024537C,1047071400826214,大润发(大宁店),上海市,上海市,
20251407,MEITUAN,76W024538C,1090996031373813,大润发(大华店),上海市,上海市,
20251407,MEITUAN,76W024539C,920941096215610,大润发(华漕店),上海市,上海市,
20251407,MEITUAN,76W024540C,917298963978399,世纪联华（嘉定城中店）,上海市,上海市,
20251407,MEITUAN,76W024541C,976071296440010,世纪联华（浦电路店）,上海市,上海市,
20251407,MEITUAN,76W024542C,_F6OCeazd3o2udfZmrVTkAI,全家便利店（平福路店）,上海市,上海市,cvs
20251407,MEITUAN,76W024543C,_Rd0DGmJ9wajRQwqbZAr2gI,全家便利店（高荷路店）,上海市,上海市,cvs
20251407,MEITUAN,76W024544C,_Z5JnXXsfogFJDY0DfUvEgI,全家便利店（峨山路二店）,上海市,上海市,cvs
20251407,MEITUAN,76W024545C,01QdqBZKG43d4lLFzGg77AI,全家便利店（韩村路二店）,上海市,上海市,cvs
20251407,MEITUAN,76W024546C,0bHvdXp1XNFZVlIDq-2PsgI,全家便利店（石潭街店）,上海市,上海市,cvs
20251407,MEITUAN,76W024547C,11-5TjRn-utu233FO4vEAgI,全家便利店（金沙江路二店）,上海市,上海市,cvs
20251407,MEITUAN,76W024548C,1AHTG5wLRKRL_SJ2CtskHgI,全家便利店（江川东路店）,上海市,上海市,cvs
20251407,MEITUAN,76W024549C,1Gd9Ht-6Z3o5UM1da9nnwAI,全家便利店（哈密路二店）,上海市,上海市,cvs
20251407,MEITUAN,76W024550C,1mbgZ9k2kJYPrfzVhgfGjQI,全家便利店（龙茗路二店）,上海市,上海市,cvs
20251407,MEITUAN,76W024551C,21efj0fOWoZjFs1X8xPYQQI,全家便利店（乳山路二店）,上海市,上海市,cvs
20251407,MEITUAN,76W024552C,2-czIvD-Qyoq7ndlK8r0FgI,全家便利店（柳州路店）,上海市,上海市,cvs
20251407,MEITUAN,76W024553C,2iCpkjqDO6zZgsJcermIhAI,全家便利店（冠生园路二店）,上海市,上海市,cvs
20251407,MEITUAN,76W024554C,3_miD8FOqhiimtv9R3O9LAI,全家便利店（丽都店）,上海市,上海市,cvs
20251407,MEITUAN,76W024555C,3oEJqgw5oiFg38ji3mRQdQI,全家便利店（进贤路店）,上海市,上海市,cvs
20251407,MEITUAN,76W024556C,3q9PeaithFQ5gkgIbn3F_gI,全家便利店（九亭大街店）,上海市,上海市,cvs
20251407,MEITUAN,76W024557C,48veY0AgdqAwxH4_puCfQQI,全家便利店（听潮南路店）,上海市,上海市,cvs
20251407,MEITUAN,76W024558C,4gr09BN6GdUij-87-FzX-gI,全家便利店（民雨路店）,上海市,上海市,
20251407,MEITUAN,76W024559C,5NP3ypYt24n-kMyd07n-vgI,全家便利店（春申路店）,上海市,上海市,cvs
20251407,MEITUAN,76W024560C,6urL88_MZ4JppnRKpWmTTgI,全家便利店（棋盘路店）,上海市,上海市,cvs
20251407,MEITUAN,76W024561C,7SNwo4xLyM1NzyomAo-ybwI,全家便利店（仓华路店）,上海市,上海市,cvs
20251407,MEITUAN,76W024562C,7vkG3LWX1LaeYwRmk0ljgQI,全家便利店（天山西路二店）,上海市,上海市,cvs
20251407,MEITUAN,76W024563C,8iQLBkDvKhQZ_Q9A6yrmMAI,全家便利店（松林路店）,上海市,上海市,cvs
20251407,MEITUAN,76W024564C,8qkVCaMYfM3uWxNDXSOXGQI,全家便利店（申滨路店）,上海市,上海市,cvs
20251407,MEITUAN,76W024565C,92x_XejOja0gEVMI8QTc9wI,全家便利店（创达路店）,上海市,上海市,cvs
20251407,MEITUAN,76W024566C,97TbIkO8WyHaLGgYIRESvgI,全家便利店（外婆泾路店）,上海市,上海市,cvs
20251407,MEITUAN,76W024567C,9jqpd7cMRssKpBWF35lsQQI,全家便利店（亭枫公路店）,上海市,上海市,cvs
20251407,MEITUAN,76W024568C,9S0BizQTWwsiSo_wW7U0BgI,全家便利店（塔城路三店）,上海市,上海市,
20251407,MEITUAN,76W024569C,a1q7fX0cKBPB5kIrWmMuwgI,全家便利店（宜川店）,上海市,上海市,cvs
20251407,MEITUAN,76W024570C,A6I4_x3SaV2jwT84dTunMQI,全家便利店（塔城路三店）,上海市,上海市,cvs
20251407,MEITUAN,76W024571C,Ac54UwhuUYETWN-ew6lf-AI,全家便利店（沪太路六店）,上海市,上海市,
20251407,MEITUAN,76W024572C,ARxdgG1FZMci8xTT6bc1-wI,全家便利店（控江路店）,上海市,上海市,cvs
20251407,MEITUAN,76W024573C,AsoAl67Xs3HRzJJoHZMDzAI,全家便利店（渔傲路店）,上海市,上海市,cvs
20251407,MEITUAN,76W024574C,awt_A1EjvHbUPKyqLCgOvAI,全家便利店（乌鲁木齐中路三店）,上海市,上海市,cvs
20251407,MEITUAN,76W024575C,B2AZpjt9VpLE_K-5z5K9_QI,全家便利店（永春南路店）,上海市,上海市,cvs
20251407,MEITUAN,76W024576C,b4qL6LNokusWq7y5JHc2hwI,全家便利店（沪青平公路八店）,上海市,上海市,cvs
20251407,MEITUAN,76W024577C,bE5JuvuQRwsim9INTp7_vAI,全家便利店（雪松路店）,上海市,上海市,cvs
20251407,MEITUAN,76W024578C,bNbIoOd0WeypgR3hiMepbwI,全家便利店（广中路五店）,上海市,上海市,cvs
20251407,MEITUAN,76W024579C,c_MiWgFEwWpPx3C4EH--jAI,全家便利店（水产西路二店）,上海市,上海市,cvs
20251407,MEITUAN,76W024580C,CafkzsehY-XQeOGdq2daRgI,全家便利店（政通路五店）,上海市,上海市,
20251407,MEITUAN,76W024581C,cevE8V1uGulDh81k-76MkQI,全家便利店（花园路店）,上海市,上海市,cvs
20251407,MEITUAN,76W024582C,ckTeH65yaVMhd3xNEq98owI,全家便利店（罗香路店）,上海市,上海市,cvs
20251407,MEITUAN,76W024583C,cPgaCTjCd_7ynA4zSVQtJgI,全家便利店（金闸公路店）,上海市,上海市,cvs
20251407,MEITUAN,76W024584C,CZqARscdjvbMpnJ5Fk_aVwI,全家便利店（仙霞路八店）,上海市,上海市,cvs
20251407,MEITUAN,76W024585C,D2XhmRmJ2dv35Oi7G7HkyAI,全家便利店（茸梅路店）,上海市,上海市,cvs
20251407,MEITUAN,76W024586C,dII-jVH5_TuTAGEs0JHamwI,全家便利店（五莲路二店）,上海市,上海市,cvs
20251407,MEITUAN,76W024587C,dk84r95VtgdZFMJ34FmGkQI,全家便利店（罗南新村站店）,上海市,上海市,cvs
20251407,MEITUAN,76W024588C,dl8Q1NFSokPxqZ3pmUz55wI,全家便利店（汇友路店）,上海市,上海市,cvs
20251407,MEITUAN,76W024589C,DOAvo9HCfWd4f-YkXJtPzwI,全家便利店（殷行路店）,上海市,上海市,cvs
20251407,MEITUAN,76W024590C,dqGLcd_Igsj3dOxYGKvwhwI,全家便利店（宣中路店）,上海市,上海市,cvs
20251407,MEITUAN,76W024591C,drHmLhvrbJTDZTezKwXqwgI,全家便利店（百熙路店）,上海市,上海市,cvs
20251407,MEITUAN,76W024592C,dThsEaAR3tt1qgUqjHfSoAI,全家便利店（三门路二店）,上海市,上海市,cvs
20251407,MEITUAN,76W024593C,dTOHgSDfBnmzvP6FTF7YDAI,全家便利店（沪青平公路第三店）,上海市,上海市,cvs
20251407,MEITUAN,76W024594C,DuD9TSJIbh7dZyFgNbsctAI,全家便利店（博山东路二店）,上海市,上海市,cvs
20251407,MEITUAN,76W024595C,DziXXFY4Vxq19qSbS59aZQI,全家便利店（武定二店）,上海市,上海市,cvs
20251407,MEITUAN,76W024596C,E8roMP4DXSjAfg60qySCrwI,全家便利店（金沙江路三店）,上海市,上海市,cvs
20251407,MEITUAN,76W024597C,EEQtkZ9Np54SxVnHnYzFqgI,全家便利店（临沂路店）,上海市,上海市,cvs
20251407,MEITUAN,76W024598C,egZTs_3hV-yhtdCVWEO1WQI,全家便利店（上南路五店）,上海市,上海市,cvs
20251407,MEITUAN,76W024599C,EmdicPp2YmOdQY2dc-lKBQI,全家便利店（金平路店）,上海市,上海市,cvs
20251407,MEITUAN,76W024600C,f1UdUpszvy-tyTgPPvKbXQI,全家便利店（眉州路店）,上海市,上海市,cvs
20251407,MEITUAN,76W024601C,F2hZwnj9Zfg-dCpQ16qU1wI,全家便利店（长江西路三店）,上海市,上海市,cvs
20251407,MEITUAN,76W024602C,fEf6c3JC2d2Tzm2-A6MLHAI,全家便利店（唐镇路店）,上海市,上海市,cvs
20251407,MEITUAN,76W024603C,FgowICYP9-iubWOJTYL6swI,全家便利店（竹柏路店）,上海市,上海市,
20251407,MEITUAN,76W024604C,FH2SsLvXutif1BYzC42EuAI,全家便利店（西藏南路六店）,上海市,上海市,cvs
20251407,MEITUAN,76W024605C,fiChbSgCo_F_NdeRV5u7FgI,全家便利店（四川北路五店）,上海市,上海市,cvs
20251407,MEITUAN,76W024606C,fPueYNLgsEJVDDu1gEdctQI,全家便利店（华腾公路店）,上海市,上海市,cvs
20251407,MEITUAN,76W024607C,Fx50kDSU3wdm3SCvLLLHgQI,全家便利店（原平路店）,上海市,上海市,cvs
20251407,MEITUAN,76W024608C,G_Usf5rcSFaqWTgsVvEy-gI,全家便利店（华江路四店）,上海市,上海市,cvs
20251407,MEITUAN,76W024609C,G8ponLxr6WzzB2a3wb4wvQI,全家便利店（城中东路店）,上海市,上海市,cvs
20251407,MEITUAN,76W024610C,GbAZmP_n20BuiT6_VUO5FwI,全家便利店（中原二店）,上海市,上海市,cvs
20251407,MEITUAN,76W024611C,gc5GTiDg37Tpcz3rfwCPqgI,全家便利店（吴宝路店）,上海市,上海市,cvs
20251407,MEITUAN,76W024612C,gjyjt9A0z42T6dEpeCjyrQI,全家便利店（保德路二店）,上海市,上海市,cvs
20251407,MEITUAN,76W024613C,Gl3VMdcD5sp7v8ZmRZagTQI,全家便利店（殷高西路二店）,上海市,上海市,cvs
20251407,MEITUAN,76W024614C,gx-NpAnRLDs9Q5qEFvL5aQI,全家便利店（马当路三店）,上海市,上海市,cvs
20251407,MEITUAN,76W024615C,gy9H_HRM4zorFuEOpAxi3AI,全家便利店（海防二店）,上海市,上海市,cvs
20251407,MEITUAN,76W024616C,h8kq6aHszSeVhzGs6AhZhQI,全家便利店（许昌路二店）,上海市,上海市,cvs
20251407,MEITUAN,76W024617C,hBAvgR7K8Kcj6HfHRbzSXAI,全家便利店(淞南路店),上海市,上海市,cvs
20251407,MEITUAN,76W024618C,HbdZYC3sZyoJyGxe3wqzoQI,全家便利店（愚园店）,上海市,上海市,cvs
20251407,MEITUAN,76W024619C,hFICF-nUdY6qJi7G0LhEGAI,全家便利店（宝慧路店）,上海市,上海市,cvs
20251407,MEITUAN,76W024620C,hL92xENdutVO4U9Ag0QNZAI,全家便利店（花木路店）,上海市,上海市,
20251407,MEITUAN,76W024621C,hQO9u1J-GiK0vNxUiPZ6jwI,全家便利店（新村路店）,上海市,上海市,cvs
20251407,MEITUAN,76W024622C,HSMrF5s8H6J0cg0xQiz1FgI,全家便利店（秋雨路店）,上海市,上海市,cvs
20251407,MEITUAN,76W024623C,i5iLYh9E7yVI5k60uAk8yAI,全家便利店（航鹤路店）,上海市,上海市,cvs
20251407,MEITUAN,76W024624C,iBBnKx6g3X1tZdgwm3TVRAI,全家便利店（疏影路二店）,上海市,上海市,cvs
20251407,MEITUAN,76W024625C,IBuwyZJ_Gom2xxM3un6UMgI,全家便利店(江苏路店),上海市,上海市,cvs
20251407,MEITUAN,76W024626C,icGBKZK0BC39VWfJ_D43pwI,全家便利店（民雨路店）,上海市,上海市,cvs
20251407,MEITUAN,76W024627C,IcN5ftV6Kxran1JGqlqB8gI,全家便利店（龙华店）,上海市,上海市,cvs
20251407,MEITUAN,76W024628C,IgmDt7uYn6RSkZAeth3BWwI,全家便利店（龙州路二店）,上海市,上海市,cvs
20251407,MEITUAN,76W024629C,iXXt2M2lpiwZyc2OInVeOwI,全家便利店（岭南路店）,上海市,上海市,cvs
20251407,MEITUAN,76W024630C,JenWfBLBwbBAbOSvy8nc5wI,全家便利店（泰康路店）,上海市,上海市,cvs
20251407,MEITUAN,76W024631C,JiRbRak-LowaxWBTKg7ZjQI,全家便利店（恒南路店）,上海市,上海市,
20251407,MEITUAN,76W024632C,JnB8A2X_kjdIXZd0EXkOOAI,全家便利店（定西路八店）,上海市,上海市,cvs
20251407,MEITUAN,76W024633C,JPNXj86b08pbSV0-oc8ATwI,全家便利店（保乐路店）,上海市,上海市,cvs
20251407,MEITUAN,76W024634C,JV9zEaAEOUIbbfzcOEj81wI,全家便利店（政通路五店）,上海市,上海市,cvs
20251407,MEITUAN,76W024635C,jVQr9ch781IVyu3chMbXJgI,全家便利店（庆滨路店）,上海市,上海市,cvs
20251407,MEITUAN,76W024636C,k_NM5ON0h4QZtti_0emX-wI,全家便利店（祥安路店）,上海市,上海市,cvs
20251407,MEITUAN,76W024637C,K4x5gS6nXrrCOjIcRdhXYgI,全家便利店（尚文路店）,上海市,上海市,cvs
20251407,MEITUAN,76W024638C,kp-yTeCKv8awO2iuJe4nCwI,全家便利店（曲阳路店）,上海市,上海市,cvs
20251407,MEITUAN,76W024639C,kQAn6P8-8c34KevAucegPAI,全家便利店（铜川路二店）,上海市,上海市,cvs
20251407,MEITUAN,76W024640C,kSq3VsrQHuCIdbJdOQxjFgI,全家便利店（竹柏路店）,上海市,上海市,cvs
20251407,MEITUAN,76W024641C,kz1sB_umnOgesYrLEwIutQI,全家便利店（新源路店）,上海市,上海市,cvs
20251407,MEITUAN,76W024642C,lEqYdL4T__OOFd8LYACPugI,全家便利店（御桥路店）,上海市,上海市,cvs
20251407,MEITUAN,76W024643C,lhm2NdRvMPC1wOIKjjaOcwI,全家便利店（古北路五店）,上海市,上海市,cvs
20251407,MEITUAN,76W024644C,lK9fvACe5hnsN9L5SwU27wI,全家便利店（永清路店）,上海市,上海市,cvs
20251407,MEITUAN,76W024645C,m2dL7war-DRRRAXiY_BY0wI,全家便利店（西门路店）,上海市,上海市,cvs
20251407,MEITUAN,76W024646C,MF7RTbmdV6P5227SyPCmpQI,全家便利店（通裕路店）,上海市,上海市,cvs
20251407,MEITUAN,76W024647C,mLPIsVaVuuJ8ysvpzwj9CQI,全家便利店（人民路五店）,上海市,上海市,cvs
20251407,MEITUAN,76W024648C,n5T-86U4RHFvOT8SfDeBwgI,全家便利店（张杨六店）,上海市,上海市,cvs
20251407,MEITUAN,76W024649C,Niv6arEqo6aRzVKeHJHhIQI,全家便利店（外青松公路店）,上海市,上海市,cvs
20251407,MEITUAN,76W024650C,NJAfqnzYS5CRKn6zTEE6CAI,全家便利店（中山中路三店）,上海市,上海市,cvs
20251407,MEITUAN,76W024651C,NKzAqxVTDgs6qBYlB5y2BQI,全家便利店（德都路二店）,上海市,上海市,cvs
20251407,MEITUAN,76W024652C,NpMkQ9OkxZe172wLJPraGwI,全家便利店（沔新路店）,上海市,上海市,cvs
20251407,MEITUAN,76W024653C,O9qHjbd_Bd3ciy4crjuKggI,全家便利店（人民南路店）,上海市,上海市,cvs
20251407,MEITUAN,76W024654C,OI2fVe-qNKg7rSZF7iwtxAI,全家便利店（天宝路二店）,上海市,上海市,cvs
20251407,MEITUAN,76W024655C,opdsXHBAKVGSzxXP_SRJWQI,全家便利店（西静路店）,上海市,上海市,
20251407,MEITUAN,76W024656C,P_cBMNDb8Jfka5z7kagtkAI,全家便利店（建中路三店）,上海市,上海市,cvs
20251407,MEITUAN,76W024657C,Ph6aSrlmDFHz7-CxoByZtgI,全家便利店（新源路二店）,上海市,上海市,cvs
20251407,MEITUAN,76W024658C,PkDCY0DNVpkUay_BYwpXAQI,全家便利店（德州路店）,上海市,上海市,cvs
20251407,MEITUAN,76W024659C,q8g4dKPDZ6ikK9a2C5awpQI,全家便利店（沪太路六店）,上海市,上海市,cvs
20251407,MEITUAN,76W024660C,QCS1F3_64REnzclPJGATHwI,全家便利店（杨树浦路二店）,上海市,上海市,cvs
20251407,MEITUAN,76W024661C,qEsXO-w1Wjn_agI4fKZkKwI,全家便利店（恒丰路店）,上海市,上海市,cvs
20251407,MEITUAN,76W024662C,q-fSlr_GnzyT5cmTZGofGgI,全家便利店（江学路店）,上海市,上海市,cvs
20251407,MEITUAN,76W024663C,QI6DWqHGY-1XxptxidGQHgI,全家便利店（新行路店）,上海市,上海市,cvs
20251407,MEITUAN,76W024664C,QJvPtqtqqox_55VIgHdQhwI,全家便利店（花木路店）,上海市,上海市,cvs
20251407,MEITUAN,76W024665C,Qv9vExsgAI2AJJDs53wDLAI,全家便利店（富贵东道店）,上海市,上海市,cvs
20251407,MEITUAN,76W024666C,R4ynRd0vKESb2uZFVfvirgI,全家便利店（中山北路十一店）,上海市,上海市,cvs
20251407,MEITUAN,76W024667C,r93EtZ8uOw7htU3r_4sGBwI,全家便利店（年家浜路店）,上海市,上海市,cvs
20251407,MEITUAN,76W024668C,rDlLTjvDv_LzFTJdtQ0dfQI,全家便利店（西藏中路二店）,上海市,上海市,cvs
20251407,MEITUAN,76W024669C,reFwcdIeAU0FYfip4kV1fwI,全家便利店（共和新路五店）,上海市,上海市,cvs
20251407,MEITUAN,76W024670C,Ri9oSBPR-kNdQWMtHuIYoQI,全家便利店（曹杨路五店）,上海市,上海市,cvs
20251407,MEITUAN,76W024671C,rJsrFXSBg8m-iCgJpYAf8AI,全家便利店（东大名路三店）,上海市,上海市,cvs
20251407,MEITUAN,76W024672C,rjVivmsou8y1oT0jSWOlPQI,全家便利店（靖宇东路店）,上海市,上海市,cvs
20251407,MEITUAN,76W024673C,Ro3SJKU1_AW3tSetUnk_oQI,全家便利店（小木桥二店）,上海市,上海市,cvs
20251407,MEITUAN,76W024674C,roIDnkg6n1TJVbjO8fa2FwI,全家便利店（新崇北路店）,上海市,上海市,cvs
20251407,MEITUAN,76W024675C,RSxvF9UfzLfqQqDSJa5aHwI,全家便利店（北中路店）,上海市,上海市,cvs
20251407,MEITUAN,76W024676C,rTMfd3acvVUxuZlIPOKc7AI,全家便利店（合川路店）,上海市,上海市,
20251407,MEITUAN,76W024677C,S0-rTp7L-aFIiiucNZXjcQI,全家便利店（斜土路六店）,上海市,上海市,cvs
20251407,MEITUAN,76W024678C,S3lXpOTdXUHKRc-_hYQHaQI,全家便利店（城中西路店）,上海市,上海市,cvs
20251407,MEITUAN,76W024679C,skroz2dBgzgcjm_LGvCN0AI,全家便利店（望月路店）,上海市,上海市,cvs
20251407,MEITUAN,76W024680C,SPpt5sxtEjMG-ASvF8IAUQI,全家便利店（局门三店）,上海市,上海市,cvs
20251407,MEITUAN,76W024681C,SqkmS0HElLrTdC1u7jlZiwI,全家便利店（光明路店）,上海市,上海市,cvs
20251407,MEITUAN,76W024682C,T1ubMyNSkEr_rjOiHHTZIgI,全家便利店（漕宝路七店）,上海市,上海市,cvs
20251407,MEITUAN,76W024683C,T69X0BBiRbTxZsvBq7qRzAI,全家便利店（裕民南路店）,上海市,上海市,cvs
20251407,MEITUAN,76W024684C,TC8M2cutNWvVyrG8YbPhWwI,全家便利店（长寿路六店）,上海市,上海市,
20251407,MEITUAN,76W024685C,tDKPKa8tW83xGVYwR2VLWAI,全家便利店（大康路店）,上海市,上海市,cvs
20251407,MEITUAN,76W024686C,tihgjdIiNOY99vtJ-I2H_AI,全家便利店（水丰路店）,上海市,上海市,cvs
20251407,MEITUAN,76W024687C,twAa3OjbZ2zR28RvnMvcYQI,全家（鑫都路店）,上海市,上海市,cvs
20251407,MEITUAN,76W024688C,TWD2VDnYJkoRIYzFlVikMQI,全家便利店（长寿路六店）,上海市,上海市,cvs
20251407,MEITUAN,76W024689C,txgpRUNZh_hvnXFVon9ewAI,全家便利店（塘浚路店）,上海市,上海市,cvs
20251407,MEITUAN,76W024690C,ucITfqLC2aWJhqndQXyvwAI,全家便利店（川南奉公路二店）,上海市,上海市,cvs
20251407,MEITUAN,76W024691C,Ucr-wBJZNtF_xNpDSkiQwwI,全家便利店（华亭路店）,上海市,上海市,cvs
20251407,MEITUAN,76W024692C,ugKqKuic_gxWkqWnnYGoYgI,全家便利店（秀沿路二店）,上海市,上海市,cvs
20251407,MEITUAN,76W024693C,USqcdD1ruMoLsOnnbQcCdwI,全家便利店（永德路店）,上海市,上海市,cvs
20251407,MEITUAN,76W024694C,uWTcwjCJfw_BdXz991lsGQI,全家便利店（光富林路二店）,上海市,上海市,cvs
20251407,MEITUAN,76W024695C,Vmsc-8tjF0MqmaLI3x4nCgI,全家便利店（合川路店）,上海市,上海市,cvs
20251407,MEITUAN,76W024696C,VZdFDZhLYeIayCzXykT2egI,全家便利店（固川路店）,上海市,上海市,cvs
20251407,MEITUAN,76W024697C,w0_VqXwlIXitYz7r8zhw1gI,全家便利店（恒南路店）,上海市,上海市,cvs
20251407,MEITUAN,76W024698C,w2-QYwD_Kig79xuJfpx-zgI,全家便利店（打虎山路店）,上海市,上海市,cvs
20251407,MEITUAN,76W024699C,w8teyj10zySI8ApOv6ZPdwI,全家便利店（淞滨二店）,上海市,上海市,cvs
20251407,MEITUAN,76W024700C,1096549423914887,沃美生活超市（明珠店）,四川省,乐山市,
20251407,MEITUAN,76W024701C,1100728427122033,阳光5+1超市（中药大厦店）,四川省,巴中市,
20251407,MEITUAN,76W024702C,1011272848245721,红旗连锁（积步街店）,四川省,成都市,
20251407,MEITUAN,76W024703C,1076015185306058,红旗连锁(罗浮世家红旗24店),四川省,成都市,
20251407,MEITUAN,76W024704C,1066862609971338,攀钢吉靓轩超市（瓜子坪店）,四川省,攀枝花市,
20251407,MEITUAN,76W024705C,896601516439381,家家乐（亚马逊店）,四川省,乐山市,
20251407,MEITUAN,76W024706C,4GjmD3ZdzsDHpkGIY3Fe0AI,全家便利店(董家湾北街店),四川省,成都市,cvs
20251407,MEITUAN,76W024707C,4Gwb4irOEshmO6mIEKPCOQI,全家便利店(鸿雁路店),四川省,成都市,cvs
20251407,MEITUAN,76W024708C,83FwfCghaT75bmjN1FDjHQI,全家便利店(新华医院店）,四川省,成都市,cvs
20251407,MEITUAN,76W024709C,9fQe8bamZtNShg7rbpXZbgI,全家便利店(东华二路店),四川省,成都市,cvs
20251407,MEITUAN,76W024710C,a3X_SWprvF-25O-mFOJYvwI,全家便利店(339电视塔店),四川省,成都市,cvs
20251407,MEITUAN,76W024711C,ALYth2Z1muoThluPvOUqugI,全家便利店(郭家桥北街店),四川省,成都市,cvs
20251407,MEITUAN,76W024712C,aQ6TvoprVgQf7jDD4UxD6gI,全家便利店(天府和悦广场店),四川省,成都市,cvs
20251407,MEITUAN,76W024713C,CRVTvDCmKfnYXpCcH6rGvQI,全家便利店(第七人民医院店,四川省,成都市,
20251407,MEITUAN,76W024714C,e7ht-FPr0bxUwSF8EY3UwwI,全家便利店(天仁路店),四川省,成都市,cvs
20251407,MEITUAN,76W024715C,GL4WFDsLhGZ6m9VUeND-_wI,全家便利店(驿都中路店),四川省,成都市,cvs
20251407,MEITUAN,76W024716C,G-uaZHM_nR-wGT0L-HPSjgI,全家便利店(方元路店),四川省,成都市,
20251407,MEITUAN,76W024717C,H_fbCJ1B6URTwUS3I1iCfQI,全家便利店(川大路二段店),四川省,成都市,
20251407,MEITUAN,76W024718C,jFUQRbVOuP_MMBR9wlbIYwI,全家便利店(汇泉北路店),四川省,成都市,cvs
20251407,MEITUAN,76W024719C,Lltw4R9iUD1xqGjxpzYt1gI,全家便利店(三河场站店),四川省,成都市,cvs
20251407,MEITUAN,76W024720C,m4BoBTUnpoJHeHCdCA1nIAI,全家便利店(昭觉寺南路店),四川省,成都市,cvs
20251407,MEITUAN,76W024721C,mmSuGGcqE3CU82Y6H7PCmgI,全家便利店(超线公园店,四川省,成都市,cvs
20251407,MEITUAN,76W024722C,nADQUAgN5UldcLOWOLf17AI,全家便利店(一环路南四段店),四川省,成都市,cvs
20251407,MEITUAN,76W024723C,P801F9RKXu9ewvWm5jzrWwI,全家便利店(双店路店),四川省,成都市,cvs
20251407,MEITUAN,76W024724C,s6jvoFV2OqehFCnnLV5LngI,全家便利店（锦绣路店）,四川省,成都市,cvs
20251407,MEITUAN,76W024725C,unZbjfCEBUjC-aGCBE4j-QI,全家便利店(川大路二段店),四川省,成都市,cvs
20251407,MEITUAN,76W024726C,OoDeXY47L9G2NROCya_BRgI,全家便利店(永友路店),四川省,成都市,cvs
20251407,MEITUAN,76W024727C,-pOt3CLuNN-ZURIlFGh82wI,全家便利店(都江堰建设路店),四川省,成都市,cvs
20251407,MEITUAN,76W024728C,863521680046075,华润万家（天津奥园店）,天津市,天津市,
20251407,MEITUAN,76W024729C,LO_IzUiP_Slytpliwi69KwI,全家便利店(天津和平路店),天津市,天津市,cvs
20251407,MEITUAN,76W024730C,892572837099366,日新达（龙马店）,云南省,玉溪市,
20251407,MEITUAN,76W024731C,_KxAkuE7pd6yW0efrZNhjQI,全家便利店（临安联建公寓店）,浙江省,杭州市,cvs
20251407,MEITUAN,76W024732C,1bNG5qj1DCcyOzYtgtPC3AI,全家便利店（衢州路店）,浙江省,杭州市,cvs
20251407,MEITUAN,76W024733C,3_w6nvGeYM1lAzuW7t5RKQI,全家便利店（临平南苑店）,浙江省,杭州市,cvs
20251407,MEITUAN,76W024734C,8JQYcn24OquLSBkg4xvH3gI,全家便利店（景昙路店）,浙江省,杭州市,cvs
20251407,MEITUAN,76W024735C,9T5X0tuJQezlaBUx3QYiDwI,全家便利店（新华路店）,浙江省,杭州市,cvs
20251407,MEITUAN,76W024736C,cLoKDNGVmOeL3LsCIODnegI,全家便利店（余杭绿汀路店）,浙江省,杭州市,cvs
20251407,MEITUAN,76W024737C,cxnu8U93-PI4wYEhbIZAIQI,全家便利店（储鑫路店）,浙江省,杭州市,cvs
20251407,MEITUAN,76W024738C,cYJnrY3uq-p7ZclhbQd8QQI,全家便利店（文二路四店）,浙江省,杭州市,cvs
20251407,MEITUAN,76W024739C,deVAyduCLEX5Ud4_DgbOOwI,全家便利店（坚塔街店）,浙江省,杭州市,cvs
20251407,MEITUAN,76W024740C,e0DLaMN7OFGCuVe2UzSQegI,全家便利店（莫干山路四店）,浙江省,杭州市,cvs
20251407,MEITUAN,76W024741C,E3OZd7CVj8_cxoiTE6UbMQI,全家便利店（萧山第一人民医院店）,浙江省,杭州市,cvs
20251407,MEITUAN,76W024742C,F3KyTMYpWau5DWJKDy8uPAI,全家便利店（菜鸟智谷店）,浙江省,杭州市,cvs
20251407,MEITUAN,76W024743C,fhFNINSUl9-EUo117jQ_fAI,全家便利店（萧山博地中心店）,浙江省,杭州市,cvs
20251407,MEITUAN,76W024744C,G8UCGpZ_mGAyjA8p43thXAI,全家便利店(上塘路四店),浙江省,杭州市,cvs
20251407,MEITUAN,76W024745C,gDOkBzeaCR-KVfRDxW_vIQI,全家便利店（延安路四店）,浙江省,杭州市,cvs
20251407,MEITUAN,76W024746C,HIQLsgTyj-Nhl6WSyZWSMAI,全家便利店（萧山金城路四店）,浙江省,杭州市,cvs
20251407,MEITUAN,76W024747C,IYvei4ohAAoFhFgPcIN8JgI,全家便利店（江南大道三店）,浙江省,杭州市,cvs
20251407,MEITUAN,76W024748C,j_FSztxp-34CFjZRceAZfgI,全家便利店（云州国际中心店）,浙江省,杭州市,cvs
20251407,MEITUAN,76W024749C,juK-XRcby0zneBg1U9nIQwI,全家便利店（明月桥路店）,浙江省,杭州市,cvs
20251407,MEITUAN,76W024750C,kHjHT0ehbipvXhmq8BdmeAI,全家便利店(建国北路二店),浙江省,杭州市,cvs
20251407,MEITUAN,76W024751C,lTclyvAq5r2_JFb9XYAthQI,全家便利店（余杭高教路店）,浙江省,杭州市,cvs
20251407,MEITUAN,76W024752C,osci7kOVLgk_5dVG6Ak7GgI,全家便利店（雷霆路店）,浙江省,杭州市,cvs
20251407,MEITUAN,76W024753C,pDJC7whNCiECxubBaD3f5AI,全家便利店（新塘路四店））,浙江省,杭州市,cvs
20251407,MEITUAN,76W024754C,q7bRAvVhrXlXBbi7UiWMhwI,全家便利店（双龙街店））,浙江省,杭州市,cvs
20251407,MEITUAN,76W024755C,RraOpyuPvH_nQB7RpTR-kAI,全家便利店（萧山无限公园店）,浙江省,杭州市,cvs
20251407,MEITUAN,76W024756C,sBJ-jjUwGKo1w_iIuSbvigI,美团便利店（湖墅南路三店）,浙江省,杭州市,
20251407,MEITUAN,76W024757C,t63Ni_8IPLx05_BzjIM1kQI,全家便利店（莫干山路二店）,浙江省,杭州市,cvs
20251407,MEITUAN,76W024758C,txF05BEYrfsZGDtrzcRpMwI,全家便利店（海威中心店）,浙江省,杭州市,cvs
20251407,MEITUAN,76W024759C,V2QsEbnwBlGb9dBPT7oZPAI,全家便利店（文晖园店）,浙江省,杭州市,cvs
20251407,MEITUAN,76W024760C,w43Vz1Alf0BOAZ6kcgKFfwI,全家便利店（体育场路二店）,浙江省,杭州市,cvs
20251407,MEITUAN,76W024761C,WHknGVvhA1SMYe4NFReYBwI,全家便利店（机场路店）,浙江省,杭州市,cvs
20251407,MEITUAN,76W024762C,Rk8fD2esrn7i6rQkED56jQI,全家便利店（湖州银来商业大厦店）,浙江省,湖州市,cvs
20251407,MEITUAN,76W024763C,jvzc6smmlKSmo7eZrx8yCgI,全家便利店（嘉兴龙凤路店）,浙江省,嘉兴市,cvs
20251407,MEITUAN,76W024764C,mcSEeuwPx7OX98XaaC-8MgI,全家便利店（惠兰雅路店）,浙江省,宁波市,cvs
20251407,MEITUAN,76W024765C,rrPn-4DILcGWLH487Bt18gI,全家便利店（绍兴天一公寓店）,浙江省,绍兴市,cvs
20251407,MEITUAN,76W024766C,926494490527844,罗森（合川财富广场店）,重庆市,重庆市,
20251407,MEITUAN,76W024767C,1048261106633072,谊品批发超市（鼎盛山水店）,重庆市,重庆市,
20251407,MEITUAN,76W024768C,EGyspgyPa-dFWBC2T0bLBAI,全家便利店(东原悦荟店),重庆市,重庆市,cvs
