PERIODCODE,PLATFORMNAME,STOREID,SHOPID,STORENAME,PROVINCE,CITY,SHOPTYPE
20261408,ELEME,76W107161A,374001227,邻几便利店（安庆站店）,安徽省,安庆市,cvs
20261408,ELEME,76W001498A,239281386,大润发(安顺店),贵州省,安顺市,hmkt
20261408,ELEME,76W014962A,239803178,大润发(湖南街店),辽宁省,鞍山市,hmkt
20261408,ELEME,76W011924A,239754310,大润发(立山店),辽宁省,鞍山市,hmkt
20261408,ELEME,76W011666A,239750294,大润发(民生店),辽宁省,鞍山市,hmkt
20261408,ELEME,76W048795A,267692425,佳泰乐超市（繁荣店）,辽宁省,鞍山市,smkt
20261408,ELEME,76W055044A,275007025,佳泰乐超市（同泽店）,辽宁省,鞍山市,smkt
20261408,ELEME,76W055074A,275040038,佳泰乐超市（西关店）,辽宁省,鞍山市,smkt
20261408,ELEME,76W014045A,239787197,大润发(白城店),吉林省,白城市,hmkt
20261408,ELEME,76W574776A,20006356087,家得乐综合超市(物尔美店),吉林省,白城市,smkt
20261408,ELEME,76W097224A,353661024,金文汇便利店（铁鹤小区店）,吉林省,白城市,cvs
20261408,ELEME,76W098086A,355965324,金文汇便利店（铁一店）,吉林省,白城市,cvs
20261408,ELEME,76W200278A,708278184,大润发(百色店),广西壮族自治区,百色市,hmkt
20261408,ELEME,76W248500A,1056070134,中兴百货(田阳店),广西壮族自治区,百色市,smkt
20261408,ELEME,76W000972A,239273338,华运超市（朝阳桥北店）,安徽省,蚌埠市,mmkt
20261408,ELEME,76W528123A,371990349,华运超市(恒大店),安徽省,蚌埠市,mmkt
20261408,ELEME,76W002641A,239297255,华运超市（三中店）,安徽省,蚌埠市,mmkt
20261408,ELEME,76W003871A,239316021,华运超市（世纪城店）,安徽省,蚌埠市,mmkt
20261408,ELEME,76W313682A,1077883124,邻几（蚌埠拓基鼎元学府店）,安徽省,蚌埠市,cvs
20261408,ELEME,76W424746A,1088197035,邻几（蚌埠义乌商贸城二店）,安徽省,蚌埠市,cvs
20261408,ELEME,76W188942A,431563438,邻几（蚌埠银泰城店）,安徽省,蚌埠市,cvs
20261408,ELEME,76W407560A,1085313376,邻几(蚌山吾悦广场店),安徽省,蚌埠市,cvs
20261408,ELEME,76W122503A,425430246,邻几便利店（蚌埠凤凰城店）,安徽省,蚌埠市,cvs
20261408,ELEME,76W146917A,582220475,邻几便利店（蚌埠拓基广场店）,安徽省,蚌埠市,cvs
20261408,ELEME,76W566772A,20000421344,众鑫生活超市(凌云店),陕西省,宝鸡市,smkt
20261408,ELEME,76W243168A,991502330,KKV(保定定州万达广场主力店),河北省,保定市,mmkt
20261408,ELEME,76W243145A,991423481,KKV(保定万博广场主力店),河北省,保定市,mmkt
20261408,ELEME,76W030170A,241183021,北国超市（保定先天下店）,河北省,保定市,smkt
20261408,ELEME,76W043520A,266007099,供销超市,河北省,保定市,mmkt
20261408,ELEME,76W576407A,20011680122,家兴易购(白沟香邑澜山店),河北省,保定市,mmkt
20261408,ELEME,76W047344A,266586494,杰出便利店（锦观城店）,河北省,保定市,cvs
20261408,ELEME,76W047525A,266654098,杰出便利店（康欣园南区店）,河北省,保定市,cvs
20261408,ELEME,76W443059A,1093059183,罗森便利店(安国宜佳旺店),河北省,保定市,cvs
20261408,ELEME,76W252650A,1056983440,罗森便利店（保定白沟新城津保路店）,河北省,保定市,cvs
20261408,ELEME,76W270090A,1062456375,罗森便利店（保定定州时代广场店）,河北省,保定市,cvs
20261408,ELEME,76W123525A,428193034,罗森便利店（保定金沃大厦店）,河北省,保定市,cvs
20261408,ELEME,76W425259A,1090430077,罗森便利店（保定易县中学店）,河北省,保定市,cvs
20261408,ELEME,76W247499A,1018002403,罗森便利店(高碑店市迎宾西路店),河北省,保定市,cvs
20261408,ELEME,76W529540A,1059988034,大尔多超市(马里店),云南省,保山市,hmkt
20261408,ELEME,76W273692A,1066918377,大尔多超市（腾冲店）,云南省,保山市,smkt
20261408,ELEME,76W097445A,354345475,大尔多生活超市,云南省,保山市,smkt
20261408,ELEME,76W043242A,265976363,红叶超市（奥新店）,云南省,保山市,mmkt
20261408,ELEME,76W277835A,1067524382,红叶超市（东城20店）,云南省,保山市,mmkt
20261408,ELEME,76W044503A,266065017,红叶超市（龚家庄小区9店）,云南省,保山市,mmkt
20261408,ELEME,76W043310A,265988414,红叶超市（和平小区10店）,云南省,保山市,mmkt
20261408,ELEME,76W044081A,266041004,红叶超市（红花小区店）,云南省,保山市,mmkt
20261408,ELEME,76W277838A,1067637287,红叶超市（九龙路21店）,云南省,保山市,mmkt
20261408,ELEME,76W044698A,266076025,红叶超市(九隆名居丽苑5店),云南省,保山市,mmkt
20261408,ELEME,76W043955A,266033049,红叶超市（沈官店）,云南省,保山市,mmkt
20261408,ELEME,76W255619A,1024631123,红叶超市（世纪澜庭店）,云南省,保山市,mmkt
20261408,ELEME,76W042603A,265930472,红叶超市（太保南路2店）,云南省,保山市,mmkt
20261408,ELEME,76W043755A,266024039,红叶超市（同仁街1店）,云南省,保山市,mmkt
20261408,ELEME,76W043420A,266000235,红叶超市(御景东方13店),云南省,保山市,mmkt
20261408,ELEME,76W566614A,20000208335,红叶超市盛世华庭店,云南省,保山市,mmkt
20261408,ELEME,76W573368A,1102633098,忠信超市(旅游客运站店),云南省,保山市,smkt
20261408,ELEME,76W250068A,315995441,忠信超市(秀峰店),云南省,保山市,smkt
20261408,ELEME,76W011963A,239759001,大润发(北海海城店),广西壮族自治区,北海市,hmkt
20261408,ELEME,76W001310A,239278357,大润发(银海店),广西壮族自治区,北海市,hmkt
20261408,ELEME,76W038254A,264586192,711(东湖湾店),北京市,北京市,cvs
20261408,ELEME,76W025300A,240137333,711(林业大学北路店),北京市,北京市,cvs
20261408,ELEME,76W153450A,656636486,7-11(路劲世界店),北京市,北京市,cvs
20261408,ELEME,76W052002A,271976081,711(南三里屯路南口店),北京市,北京市,cvs
20261408,ELEME,76W022575A,240115473,711(十里河桥北店),北京市,北京市,cvs
20261408,ELEME,76W007694A,239368035,711(双桥E9区创新工场店),北京市,北京市,cvs
20261408,ELEME,76W025321A,240137424,711(小马厂路北侧店),北京市,北京市,cvs
20261408,ELEME,76W026739A,240149316,711(紫芳园店),北京市,北京市,cvs
20261408,ELEME,76W241454A,991529335,KKV（北京财富购物中心主力店）,北京市,北京市,mmkt
20261408,ELEME,76W233827A,876378061,KKV（北京大兴龙湖天街店）,北京市,北京市,mmkt
20261408,ELEME,76W224744A,814182137,KKV（北京丰科万达广场店）,北京市,北京市,mmkt
20261408,ELEME,76W246149A,890011051,KKV(北京槐房万达广场主力店),北京市,北京市,mmkt
20261408,ELEME,76W440497A,1091748162,KKV(北京京西大悦城店),北京市,北京市,mmkt
20261408,ELEME,76W570073A,20004374410,KKV(北京领展中关村购物中心店),北京市,北京市,mmkt
20261408,ELEME,76W224743A,861046250,KKV(北京龙湖丽泽天街主力店),北京市,北京市,mmkt
20261408,ELEME,76W233708A,876304317,KKV（北京首开龙湖熙悦天街主力店）,北京市,北京市,mmkt
20261408,ELEME,76W233670A,869463267,KKV（北京悠唐购物中心店）,北京市,北京市,mmkt
20261408,ELEME,76W153774A,300186308,便利蜂（TBD云集中心4号楼店）,北京市,北京市,cvs
20261408,ELEME,76W153612A,662619085,便利蜂（坝鑫店）,北京市,北京市,cvs
20261408,ELEME,76W132312A,530651291,便利蜂(宝盛广场店),北京市,北京市,cvs
20261408,ELEME,76W132332A,530858237,便利蜂（丰台彩虹城四区2号楼店）,北京市,北京市,cvs
20261408,ELEME,76W131119A,525898473,便利蜂（丰仪路1号院16号楼店）,北京市,北京市,cvs
20261408,ELEME,76W080776A,299440276,便利蜂（丰仪南路1号院15号楼店）,北京市,北京市,cvs
20261408,ELEME,76W141282A,568003154,便利蜂(国信滨河大厦店),北京市,北京市,cvs
20261408,ELEME,76W086087A,308006232,便利蜂（恒大城东区5号院13号楼店）,北京市,北京市,cvs
20261408,ELEME,76W083392A,301895194,便利蜂（黄厂南里2号院12号楼店）,北京市,北京市,cvs
20261408,ELEME,76W144846A,575823490,便利蜂（火神庙商业中心b座店）,北京市,北京市,cvs
20261408,ELEME,76W132937A,531591060,便利蜂（嘉瑞通小区店）,北京市,北京市,cvs
20261408,ELEME,76W153790A,592351235,便利蜂(康泰园店),北京市,北京市,cvs
20261408,ELEME,76W039638A,264657001,便利蜂（良乡朝晖大厦店）,北京市,北京市,cvs
20261408,ELEME,76W086067A,307994218,便利蜂（龙域北街龙域中心西区A座店）,北京市,北京市,cvs
20261408,ELEME,76W279012A,1059936001,便利蜂（清逸园店）,北京市,北京市,cvs
20261408,ELEME,76W256364A,1058699286,便利蜂（三环新城8号院店）,北京市,北京市,cvs
20261408,ELEME,76W086219A,308080265,便利蜂（石门街甲6号聚乐汇店）,北京市,北京市,cvs
20261408,ELEME,76W083567A,302041075,便利蜂(双桥东路10号店),北京市,北京市,cvs
20261408,ELEME,76W085956A,307935235,便利蜂(顺义区军营街店),北京市,北京市,cvs
20261408,ELEME,76W233707A,678017405,便利蜂(唐家岭奥特莱斯店),北京市,北京市,cvs
20261408,ELEME,76W140291A,557933216,便利蜂(天通西苑三区26号楼店),北京市,北京市,cvs
20261408,ELEME,76W139608A,557252414,便利蜂（天通苑东二区1号楼店）,北京市,北京市,cvs
20261408,ELEME,76W153413A,580493025,便利蜂（通州区张家湾环湖小镇店）,北京市,北京市,cvs
20261408,ELEME,76W141449A,569994286,便利蜂(万科中央城1号楼店),北京市,北京市,cvs
20261408,ELEME,76W052115A,272053104,便利蜂(樱花园三区店),北京市,北京市,cvs
20261408,ELEME,76W153697A,661581107,便利蜂（玉带西街店）,北京市,北京市,cvs
20261408,ELEME,76W080102A,294696093,便利蜂(悦邻店),北京市,北京市,cvs
20261408,ELEME,76W294478A,1059837107,便利蜂(长店大街金盏家园B区店),北京市,北京市,cvs
20261408,ELEME,76W000393A,239263281,卜蜂莲花(朝阳路店),北京市,北京市,hmkt
20261408,ELEME,76W527012A,239289249,卜蜂莲花(金源店),北京市,北京市,smkt
20261408,ELEME,76W001194A,239276395,菜鲜果美(科荟店),北京市,北京市,smkt
20261408,ELEME,76W125726A,433077132,菜鲜果美（太阳宫店）,北京市,北京市,smkt
20261408,ELEME,76W527380A,240399296,超市发（科学城店）,北京市,北京市,smkt
20261408,ELEME,76W027797A,240347458,超市发（朗秋园店）,北京市,北京市,smkt
20261408,ELEME,76W030815A,246522044,超市发(农大店),北京市,北京市,smkt
20261408,ELEME,76W029624A,240399295,超市发(清河店),北京市,北京市,smkt
20261408,ELEME,76W028308A,240363367,超市发（万泉庄店）,北京市,北京市,smkt
20261408,ELEME,76W029104A,240385266,超市发(魏公村店),北京市,北京市,smkt
20261408,ELEME,76W030795A,246511128,超市发（学院路店）,北京市,北京市,smkt
20261408,ELEME,76W153148A,239282207,大商超市（东三环店）,北京市,北京市,smkt
20261408,ELEME,76W153163A,239288163,大商超市(花家地店),北京市,北京市,mmkt
20261408,ELEME,76W005398A,239335303,盒马鲜生（百荣世贸店）,北京市,北京市,smkt
20261408,ELEME,76W006957A,239356206,盒马鲜生（崇文门新世界店）,北京市,北京市,smkt
20261408,ELEME,76W006352A,239348237,盒马鲜生（大成店）,北京市,北京市,smkt
20261408,ELEME,76W058505A,281181345,盒马鲜生(大郊亭店),北京市,北京市,smkt
20261408,ELEME,76W526929A,672808038,盒马鲜生(大钟寺店),北京市,北京市,smkt
20261408,ELEME,76W567376A,20001295086,盒马鲜生(东大桥店),北京市,北京市,smkt
20261408,ELEME,76W007298A,239361166,盒马鲜生（顾家庄桥店）,北京市,北京市,smkt
20261408,ELEME,76W487138A,1099321287,盒马鲜生(广顺北大街店),北京市,北京市,smkt
20261408,ELEME,76W528062A,353063216,盒马鲜生(和平里街路店),北京市,北京市,mmkt
20261408,ELEME,76W005261A,239333293,盒马鲜生（红莲店）,北京市,北京市,smkt
20261408,ELEME,76W528059A,352881034,盒马鲜生（黄寺店）,北京市,北京市,mmkt
20261408,ELEME,76W089657A,317955142,盒马鲜生(回龙观店),北京市,北京市,smkt
20261408,ELEME,76W041233A,265631443,盒马鲜生(金泰mini店),北京市,北京市,smkt
20261408,ELEME,76W004595A,239324317,盒马鲜生（金源店）,北京市,北京市,smkt
20261408,ELEME,76W004596A,239324318,盒马鲜生（经开店）,北京市,北京市,smkt
20261408,ELEME,76W005262A,239333294,盒马鲜生（乐成店）,北京市,北京市,smkt
20261408,ELEME,76W085902A,307910273,盒马鲜生(林奥店),北京市,北京市,smkt
20261408,ELEME,76W089658A,317955143,盒马鲜生(玲珑路店),北京市,北京市,smkt
20261408,ELEME,76W442525A,1092869041,盒马鲜生(鲁谷店),北京市,北京市,smkt
20261408,ELEME,76W041317A,265700139,盒马鲜生（十里堡店）,北京市,北京市,smkt
20261408,ELEME,76W005331A,239334291,盒马鲜生（石景山八角店）,北京市,北京市,smkt
20261408,ELEME,76W126260A,434226301,盒马鲜生(双清路店),北京市,北京市,smkt
20261408,ELEME,76W005260A,239333292,盒马鲜生（顺义店）,北京市,北京市,smkt
20261408,ELEME,76W528454A,611977468,盒马鲜生(通州新华东街店),北京市,北京市,smkt
20261408,ELEME,76W436843A,1088094422,盒马鲜生(西三旗万象汇店),北京市,北京市,smkt
20261408,ELEME,76W256505A,1058746396,盒马鲜生（杨闸环岛店）,北京市,北京市,smkt
20261408,ELEME,76W005750A,239340279,盒马鲜生（枣园路店）,北京市,北京市,smkt
20261408,ELEME,76W004672A,239325330,华冠超市(北潞园店),北京市,北京市,smkt
20261408,ELEME,76W526979A,239265291,华冠超市(良乡鸿顺园店),北京市,北京市,mmkt
20261408,ELEME,76W002704A,239298193,华冠折扣超市窦店,北京市,北京市,smkt
20261408,ELEME,76W032479A,246710113,华欣生活超市（东坝中路店）,北京市,北京市,mmkt
20261408,ELEME,76W420636A,1090280330,家家悦（沙河玖耀里店）,北京市,北京市,smkt
20261408,ELEME,76W406299A,1069895072,乐家优鲜生活超市（北坞店）,北京市,北京市,smkt
20261408,ELEME,76W406280A,1086267060,乐家优鲜生活超市（党校店）,北京市,北京市,smkt
20261408,ELEME,76W030949A,246616374,罗森便利店(超市发甘家口店),北京市,北京市,cvs
20261408,ELEME,76W443771A,1093412219,罗森便利店(四季青路店),北京市,北京市,cvs
20261408,ELEME,76W000088A,239256342,绿叶子进口超市(工体店),北京市,北京市,mmkt
20261408,ELEME,76W001161A,239276162,绿叶子进口超市(公园大道店),北京市,北京市,mmkt
20261408,ELEME,76W153467A,647895181,绿叶子进口超市（官舍店）,北京市,北京市,mmkt
20261408,ELEME,76W001212A,239277126,绿叶子进口超市（乐成国际店）,北京市,北京市,mmkt
20261408,ELEME,76W000446A,239264196,绿叶子进口超市（丽都店）,北京市,北京市,mmkt
20261408,ELEME,76W243477A,1027206048,绿叶子进口超市（丽都广场店）,北京市,北京市,mmkt
20261408,ELEME,76W434585A,1070890184,七鲜超市（北京大兴绿地缤纷城店）,北京市,北京市,smkt
20261408,ELEME,76W484165A,1100109049,七鲜超市（北京东坝万达店）,北京市,北京市,smkt
20261408,ELEME,76W434527A,1070347189,七鲜超市（北京丰台大悦春风里店）,北京市,北京市,smkt
20261408,ELEME,76W514268A,1105601496,七鲜超市（北京丰台凯德MALL大峡谷店）,北京市,北京市,smkt
20261408,ELEME,76W434619A,1071009166,七鲜超市（北京华宇店）,北京市,北京市,smkt
20261408,ELEME,76W434621A,1071010232,七鲜超市（北京时代Life店）,北京市,北京市,smkt
20261408,ELEME,76W461443A,1094679329,七鲜超市（北京通州乐堤港店）,北京市,北京市,smkt
20261408,ELEME,76W457112A,1094755015,七鲜超市（北京燕莎奥特莱斯店）,北京市,北京市,smkt
20261408,ELEME,76W434639A,1071140495,七鲜超市（北京姚家园万象汇店）,北京市,北京市,smkt
20261408,ELEME,76W572232A,20007574001,七鲜超市(车道沟站),北京市,北京市,smkt
20261408,ELEME,76W434601A,1070949217,七鲜超市(大族广场店),北京市,北京市,smkt
20261408,ELEME,76W575872A,20010775359,七鲜超市(甘露园站),北京市,北京市,smkt
20261408,ELEME,76W572116A,20007443047,七鲜超市(健德门站),北京市,北京市,smkt
20261408,ELEME,76W434517A,1070264305,七鲜超市（清河万象汇店）,北京市,北京市,smkt
20261408,ELEME,76W572187A,20007535064,七鲜超市(清华大学站),北京市,北京市,smkt
20261408,ELEME,76W420556A,1070982310,七鲜超市（通州北京ONE店）,北京市,北京市,smkt
20261408,ELEME,76W153495A,663052067,全家爱超市（牡丹园店）,北京市,北京市,mmkt
20261408,ELEME,76W109489A,382099118,全家爱超市（五里店店）,北京市,北京市,mmkt
20261408,ELEME,76W078847A,292985235,顺天府超市（国英园店）,北京市,北京市,smkt
20261408,ELEME,76W528156A,389428302,物美品超市（白石桥店）,北京市,北京市,mmkt
20261408,ELEME,76W109897A,385020077,物美品超市（丰台东大街店）,北京市,北京市,mmkt
20261408,ELEME,76W111037A,390248024,物美品超市(丰台马家堡店),北京市,北京市,mmkt
20261408,ELEME,76W110870A,389612068,物美品超市（丰台新华东店）,北京市,北京市,mmkt
20261408,ELEME,76W110890A,389630013,物美品超市(加州小镇店),北京市,北京市,mmkt
20261408,ELEME,76W110741A,389456278,物美品超市（朗清园店）,北京市,北京市,smkt
20261408,ELEME,76W110767A,389479293,物美品超市(蒲黄榆店),北京市,北京市,mmkt
20261408,ELEME,76W110714A,389422298,物美品超市（十里堡店）,北京市,北京市,smkt
20261408,ELEME,76W110755A,389468287,物美品超市（石门营店）,北京市,北京市,smkt
20261408,ELEME,76W528157A,389485205,物美品超市（天翠阳光店）,北京市,北京市,smkt
20261408,ELEME,76W528158A,389995160,物美品超市（衙门口桥店）,北京市,北京市,mmkt
20261408,ELEME,76W110863A,389606045,物美品超市（玉林里店）,北京市,北京市,mmkt
20261408,ELEME,76W256336A,1056714002,幸福荣耀超市（莲花桥店）,北京市,北京市,smkt
20261408,ELEME,76W256347A,1055794319,幸福荣耀超市(双清路店),北京市,北京市,smkt
20261408,ELEME,76W529451A,1055900319,幸福荣耀超市(西三旗店),北京市,北京市,smkt
20261408,ELEME,76W256388A,1055972272,幸福荣耀超市（云岗店）,北京市,北京市,smkt
20261408,ELEME,76W069687A,287922064,金凯达便利店（084九鼎花园店）,辽宁省,本溪市,mmkt
20261408,ELEME,76W437012A,1088412373,24客（毕节深圳路店）,贵州省,毕节市,cvs
20261408,ELEME,76W208830A,786727423,可好（领域尚城153612店）,山东省,滨州市,cvs
20261408,ELEME,76W142610A,571564151,邻几（天润中央一品店）,安徽省,亳州市,cvs
20261408,ELEME,76W175030A,658951307,邻几便利店（亳州花戏楼店）,安徽省,亳州市,cvs
20261408,ELEME,76W457175A,1094982445,可好（金龙步行街225540店）,河北省,沧州市,cvs
20261408,ELEME,76W166258A,668902059,罗森便利店（沧州凤凰城C区店）,河北省,沧州市,cvs
20261408,ELEME,76W266328A,1065201054,罗森便利店(沧州黄骅华贸商业广场店),河北省,沧州市,cvs
20261408,ELEME,76W291213A,1069746053,罗森便利店（沧州黄骅金宝方圆店）,河北省,沧州市,cvs
20261408,ELEME,76W166260A,668866088,罗森便利店（沧州建新大厦店）,河北省,沧州市,cvs
20261408,ELEME,76W244130A,1017954444,罗森便利店（河间同创商厦店）,河北省,沧州市,cvs
20261408,ELEME,76W223992A,872332224,KKV（常德和瑞欢乐城店）,湖南省,常德市,mmkt
20261408,ELEME,76W220490A,814150264,KKV（常德友阿国际广场店）,湖南省,常德市,mmkt
20261408,ELEME,76W011925A,239754312,大润发(常德店),湖南省,常德市,hmkt
20261408,ELEME,76W208535A,786914064,好润佳(辰星店),湖南省,常德市,smkt
20261408,ELEME,76W577112A,786848204,好润佳(翡翠湾店),湖南省,常德市,hmkt
20261408,ELEME,76W208532A,786808326,好润佳（桥南店）,湖南省,常德市,smkt
20261408,ELEME,76W041335A,265704496,好润佳（石门店）,湖南省,常德市,smkt
20261408,ELEME,76W190955A,650002181,联华（德景园店）,湖南省,常德市,smkt
20261408,ELEME,76W190954A,649922105,联华（桥南店）,湖南省,常德市,smkt
20261408,ELEME,76W190960A,649967219,联华（天润店）,湖南省,常德市,smkt
20261408,ELEME,76W190963A,649951288,联华(新时代店),湖南省,常德市,smkt
20261408,ELEME,76W416391A,1086924296,新佳宜便利店（天润广场02246店）,湖南省,常德市,cvs
20261408,ELEME,76W566352A,1113800163,佳惠超市(双圆店),辽宁省,朝阳市,mmkt
20261408,ELEME,76W101618A,365341359,1+家超市（成都万象城店）,四川省,成都市,cvs
20261408,ELEME,76W011950A,239754407,711(鹭洲里店),四川省,成都市,cvs
20261408,ELEME,76W000154A,239258353,711(新城市广场东店),四川省,成都市,cvs
20261408,ELEME,76W221126A,814141285,KKV(成都春熙路店),四川省,成都市,mmkt
20261408,ELEME,76W482946A,1100287395,KKV(成都大悦城购物中心店),四川省,成都市,mmkt
20261408,ELEME,76W228814A,889873040,KKV（成都环球中心主力店）,四川省,成都市,mmkt
20261408,ELEME,76W221019A,828393131,KKV（成都金牛凯德广场主力店）,四川省,成都市,mmkt
20261408,ELEME,76W221110A,872434082,KKV（成都金牛万达广场店）,四川省,成都市,mmkt
20261408,ELEME,76W221018A,828372139,KKV（成都锦宸天街主力店）,四川省,成都市,mmkt
20261408,ELEME,76W221132A,872268463,KKV（成都锦华万达广场主力店）,四川省,成都市,mmkt
20261408,ELEME,76W221092A,823329089,KKV（成都龙泉驿万达广场主力店）,四川省,成都市,mmkt
20261408,ELEME,76W221050A,845879349,KKV（成都青白江万达广场主力店）,四川省,成都市,mmkt
20261408,ELEME,76W221155A,862944242,KKV（成都世茂广场店）,四川省,成都市,mmkt
20261408,ELEME,76W529264A,897411394,KKV（成都蜀都万达广场主力店）,四川省,成都市,smkt
20261408,ELEME,76W523332A,1107677340,KKV（成都天府大悦城店）,四川省,成都市,mmkt
20261408,ELEME,76W221078A,813992178,KKV（成都万象城店）,四川省,成都市,mmkt
20261408,ELEME,76W512771A,1103957368,KKV(成都温江合生汇店),四川省,成都市,mmkt
20261408,ELEME,76W221121A,866201078,KKV（成都银泰城店）,四川省,成都市,mmkt
20261408,ELEME,76W221160A,814100435,KKV（成都印象城店）,四川省,成都市,mmkt
20261408,ELEME,76W487566A,1099578037,KKV(成都悠方购物中心店),四川省,成都市,mmkt
20261408,ELEME,76W253521A,1058512206,奥特乐(北城天街店),四川省,成都市,mmkt
20261408,ELEME,76W417191A,1088876207,奥特乐(成都金牛龙湖上城天街店),四川省,成都市,mmkt
20261408,ELEME,76W573360A,1101252011,奥特乐(成都龙泉世茂广场店),四川省,成都市,mmkt
20261408,ELEME,76W484477A,1095871270,奥特乐（成都彭州望蜀里店）,四川省,成都市,mmkt
20261408,ELEME,76W496076A,1101194052,奥特乐(成都郫都双铁广场店),四川省,成都市,mmkt
20261408,ELEME,76W290674A,1068686404,奥特乐(成华优客城市奥莱店),四川省,成都市,mmkt
20261408,ELEME,76W253544A,1058764459,奥特乐(城南优品道广场店),四川省,成都市,mmkt
20261408,ELEME,76W253537A,1058885323,奥特乐(崇州万达店),四川省,成都市,mmkt
20261408,ELEME,76W253510A,1058477343,奥特乐（国玻三路店）,四川省,成都市,mmkt
20261408,ELEME,76W253561A,1058427449,奥特乐(华熙528店),四川省,成都市,mmkt
20261408,ELEME,76W507460A,1104860041,奥特乐（金堂华地财富广场店）,四川省,成都市,mmkt
20261408,ELEME,76W253585A,1058567241,奥特乐（龙泉万达店）,四川省,成都市,mmkt
20261408,ELEME,76W253530A,1058883287,奥特乐（青白江万达店）,四川省,成都市,mmkt
20261408,ELEME,76W253591A,1058629106,奥特乐(瑞安城中汇店),四川省,成都市,mmkt
20261408,ELEME,76W290586A,1068668388,奥特乐(双流茂业时代广场店),四川省,成都市,mmkt
20261408,ELEME,76W253593A,1058590179,奥特乐（双流明城店）,四川省,成都市,mmkt
20261408,ELEME,76W315010A,1068685349,奥特乐（双流三利爱琴海店）,四川省,成都市,mmkt
20261408,ELEME,76W259474A,1058405425,奥特乐（武侯吾悦广场店）,四川省,成都市,mmkt
20261408,ELEME,76W272458A,1065444074,奥特乐(新都龙湖锦宸天街店),四川省,成都市,mmkt
20261408,ELEME,76W013410A,239778280,大润发(华阳店),四川省,成都市,hmkt
20261408,ELEME,76W529616A,1069441055,大润发（武侯店）,四川省,成都市,smkt
20261408,ELEME,76W004516A,239323329,盒马鲜生（建设路店）,四川省,成都市,smkt
20261408,ELEME,76W118091A,406769141,盒马鲜生（交子大道店）,四川省,成都市,smkt
20261408,ELEME,76W276043A,1068031430,盒马鲜生（来福士店）,四川省,成都市,smkt
20261408,ELEME,76W005531A,239337273,盒马鲜生（莱蒙都会店）,四川省,成都市,smkt
20261408,ELEME,76W521062A,1106603416,盒马鲜生（天府大悦城店）,四川省,成都市,smkt
20261408,ELEME,76W006509A,239350220,盒马鲜生（温江店）,四川省,成都市,smkt
20261408,ELEME,76W209349A,769278389,红旗连锁(1651新都北欧星街店),四川省,成都市,mmkt
20261408,ELEME,76W050079A,269006094,红旗连锁（龙泉玺印上院店）,四川省,成都市,mmkt
20261408,ELEME,76W290579A,757425015,红旗连锁（中海国际店）,四川省,成都市,mmkt
20261408,ELEME,76W032365A,246700081,老邻居（东光店）,四川省,成都市,mmkt
20261408,ELEME,76W005247A,239333199,老邻居（马觉寺路店）,四川省,成都市,mmkt
20261408,ELEME,76W031780A,246665444,老邻居（清淳店）,四川省,成都市,mmkt
20261408,ELEME,76W003681A,239313425,老邻居（双安南巷店）,四川省,成都市,mmkt
20261408,ELEME,76W032106A,246681259,老邻居（天鹅店）,四川省,成都市,mmkt
20261408,ELEME,76W032311A,246695115,老邻居（银沙南街店）,四川省,成都市,mmkt
20261408,ELEME,76W032501A,246713005,老邻居（映泉店）,四川省,成都市,mmkt
20261408,ELEME,76W238558A,955135171,老邻居超市(大邑元通路店),四川省,成都市,mmkt
20261408,ELEME,76W248430A,999380168,老邻居超市（槐树一路店）,四川省,成都市,mmkt
20261408,ELEME,76W238674A,997075156,老邻居超市（简华桥东路店）,四川省,成都市,mmkt
20261408,ELEME,76W238704A,958860350,老邻居超市(锦和西一街店),四川省,成都市,mmkt
20261408,ELEME,76W275592A,996990442,老邻居超市（经开区南二路店）,四川省,成都市,mmkt
20261408,ELEME,76W238571A,912748251,老邻居超市（林湾店）,四川省,成都市,mmkt
20261408,ELEME,76W238709A,993508229,老邻居超市（洛带六店）,四川省,成都市,mmkt
20261408,ELEME,76W238648A,999334374,老邻居超市(洛带一店),四川省,成都市,mmkt
20261408,ELEME,76W567167A,20000981174,老邻居超市(楠桂街店),四川省,成都市,mmkt
20261408,ELEME,76W275707A,999281444,老邻居超市（天宝路店）,四川省,成都市,mmkt
20261408,ELEME,76W228811A,924546170,老邻居超市（西河二店）,四川省,成都市,mmkt
20261408,ELEME,76W229068A,912890103,老邻居超市（永宁店）,四川省,成都市,mmkt
20261408,ELEME,76W404046A,1087264280,罗森便利店（崇州宫保里店）,四川省,成都市,cvs
20261408,ELEME,76W417193A,1090365255,罗森便利店(崇州小东街店),四川省,成都市,cvs
20261408,ELEME,76W009341A,239704499,罗森便利店（建和路店）,四川省,成都市,cvs
20261408,ELEME,76W009603A,239709472,罗森便利店（顺城大街店）,四川省,成都市,cvs
20261408,ELEME,76W419005A,1076642262,伊藤洋华堂（华府店）,四川省,成都市,smkt
20261408,ELEME,76W404066A,1076596286,伊藤洋华堂（建设路店）,四川省,成都市,smkt
20261408,ELEME,76W417084A,1076292082,伊藤洋华堂（金融城店）,四川省,成都市,smkt
20261408,ELEME,76W404047A,1076553273,伊藤洋华堂（双楠店）,四川省,成都市,smkt
20261408,ELEME,76W014379A,239793187,大润发(承德店),河北省,承德市,hmkt
20261408,ELEME,76W566184A,1113003337,宽广时代广场(C047丽水店),河北省,承德市,hmkt
20261408,ELEME,76W417467A,1089260479,罗森便利店（承德铂悦山店）,河北省,承德市,cvs
20261408,ELEME,76W244119A,1017704419,罗森便利店（承德市二仙居大街店）,河北省,承德市,cvs
20261408,ELEME,76W276288A,1067876067,罗森便利店（承德市锦绣大街店）,河北省,承德市,cvs
20261408,ELEME,76W507569A,1105377091,罗森便利店(承德银星丽苑店),河北省,承德市,cvs
20261408,ELEME,76W488332A,1096974261,邻几（贵池温州商贸城店）,安徽省,池州市,cvs
20261408,ELEME,76W116380A,404080032,邻几便利店(九州城市广场店),安徽省,池州市,cvs
20261408,ELEME,76W499462A,1102117302,千子言连锁超市（博物巷店）,云南省,楚雄彝族自治州,mmkt
20261408,ELEME,76W499059A,1102073263,千子言连锁超市（紫霞路店）,云南省,楚雄彝族自治州,mmkt
20261408,ELEME,76W223607A,688362182,之佳便利（楚雄罗家巷分店）,云南省,楚雄彝族自治州,cvs
20261408,ELEME,76W316813A,291381121,惠利多超市(南坝店),四川省,达州市,smkt
20261408,ELEME,76W095512A,331524082,世纪隆超市(锦华店),四川省,达州市,smkt
20261408,ELEME,76W089254A,317347024,世纪隆超市（罗浮广场店）,四川省,达州市,smkt
20261408,ELEME,76W089870A,318168039,世纪隆超市(生活广场店),四川省,达州市,smkt
20261408,ELEME,76W259776A,1061475190,KKV(大理爱琴海购物公园店),云南省,大理白族自治州,mmkt
20261408,ELEME,76W272682A,1064444462,四方街超市（宾川店）,云南省,大理白族自治州,mmkt
20261408,ELEME,76W104848A,371694310,之佳便利（大理洱海庄园店）,云南省,大理白族自治州,cvs
20261408,ELEME,76W576609A,20011978208,KKV(大连高新万达广场店),辽宁省,大连市,mmkt
20261408,ELEME,76W292557A,1069008300,KKV（大连华南万象汇主力店）,辽宁省,大连市,mmkt
20261408,ELEME,76W222776A,827760419,KKV（大连开发区安盛主力店）,辽宁省,大连市,mmkt
20261408,ELEME,76W222797A,828265463,KKV(大连凯德和平广场店),辽宁省,大连市,mmkt
20261408,ELEME,76W511408A,1103869109,KKV校园超市（大连华南万象汇主力店）,辽宁省,大连市,mmkt
20261408,ELEME,76W033969A,246862255,百年惠超市(五一广场店),辽宁省,大连市,mmkt
20261408,ELEME,76W201543A,688060092,比优特超市（大连印象城店）,辽宁省,大连市,smkt
20261408,ELEME,76W277245A,1067184181,比优特超市（甘井子万达店）,辽宁省,大连市,smkt
20261408,ELEME,76W277269A,1067619412,比优特超市（金州店）,辽宁省,大连市,smkt
20261408,ELEME,76W519545A,1105866163,比优特超市（瓦房店泓源店）,辽宁省,大连市,smkt
20261408,ELEME,76W577134A,1093013425,比优特超市(亿合城店),辽宁省,大连市,hmkt
20261408,ELEME,76W277243A,1068060158,比优特超市（庄河店）,辽宁省,大连市,smkt
20261408,ELEME,76W028868A,240379179,大红福超市(美林园店),辽宁省,大连市,mmkt
20261408,ELEME,76W122870A,425952075,大红福超市（万诚隆前程街店）,辽宁省,大连市,mmkt
20261408,ELEME,76W521716A,1104785117,华洋超市（巴黎春田店）,辽宁省,大连市,smkt
20261408,ELEME,76W527147A,239708336,会有便利(香榭里店),辽宁省,大连市,cvs
20261408,ELEME,76W273114A,1067303026,金叶春天（悦府新君超市店）,辽宁省,大连市,mmkt
20261408,ELEME,76W249538A,1057354215,金叶春天便利（龙河店）,辽宁省,大连市,mmkt
20261408,ELEME,76W045005A,266092208,金叶春天便利（数码广场店）,辽宁省,大连市,mmkt
20261408,ELEME,76W260846A,1061915441,金叶春天便利店,辽宁省,大连市,mmkt
20261408,ELEME,76W405105A,1084771152,金叶春天便利店(石河店),辽宁省,大连市,mmkt
20261408,ELEME,76W260837A,1061016308,金叶春天飞飞鱼超市,辽宁省,大连市,mmkt
20261408,ELEME,76W003304A,239309393,罗森便利店（1067软景中心店）,辽宁省,大连市,cvs
20261408,ELEME,76W000442A,239263489,罗森便利店（1080旺达春生街店）,辽宁省,大连市,cvs
20261408,ELEME,76W024840A,240134036,罗森便利店(1093开发区海湾城店),辽宁省,大连市,cvs
20261408,ELEME,76W020629A,240101185,罗森便利店（1104八一路八一广场店）,辽宁省,大连市,cvs
20261408,ELEME,76W088667A,316504109,罗森便利店(1150国合锦里店),辽宁省,大连市,cvs
20261408,ELEME,76W019608A,240091478,罗森便利店(1157郭东街金寓花园店),辽宁省,大连市,cvs
20261408,ELEME,76W007598A,239366109,罗森便利店(1197枫丹丽城店),辽宁省,大连市,cvs
20261408,ELEME,76W116589A,404428247,罗森便利店(1198紫御官邸店),辽宁省,大连市,cvs
20261408,ELEME,76W053603A,273191289,罗森便利店(1209开发区红星海时光海店),辽宁省,大连市,cvs
20261408,ELEME,76W052939A,272713371,罗森便利店(1210胜利桥北店),辽宁省,大连市,cvs
20261408,ELEME,76W058403A,281173428,罗森便利店(1212开发区万达广场店),辽宁省,大连市,cvs
20261408,ELEME,76W061506A,281596450,罗森便利店(1213开发区兴城路店),辽宁省,大连市,cvs
20261408,ELEME,76W075701A,291402100,罗森便利店(1231小平岛波菲蓝岛店),辽宁省,大连市,cvs
20261408,ELEME,76W092100A,322398148,罗森便利店（1261东纬路万科蓝山店）,辽宁省,大连市,cvs
20261408,ELEME,76W089243A,317341251,罗森便利店（1263旅顺临河街店）,辽宁省,大连市,cvs
20261408,ELEME,76W101084A,364512479,罗森便利店（1284金州红星宝店）,辽宁省,大连市,cvs
20261408,ELEME,76W110895A,389632412,罗森便利店（1286钻石湾三期店）,辽宁省,大连市,cvs
20261408,ELEME,76W114983A,401457320,罗森便利店（1292开发区松竹梅路店）,辽宁省,大连市,cvs
20261408,ELEME,76W135213A,536860496,罗森便利店（1307金州瀛海金洲店）,辽宁省,大连市,cvs
20261408,ELEME,76W183343A,599589412,罗森便利店（1312黑石礁鹏辉广场店）,辽宁省,大连市,cvs
20261408,ELEME,76W139027A,556272442,罗森便利店（1325瓦房店华太广场店）,辽宁省,大连市,cvs
20261408,ELEME,76W119096A,408371385,罗森便利店（1336瓦房店站前广场店）,辽宁省,大连市,cvs
20261408,ELEME,76W207174A,676646058,罗森便利店（1340普兰店海湾新城店）,辽宁省,大连市,cvs
20261408,ELEME,76W161971A,661874056,罗森便利店（1370庄河新天地商业城店）,辽宁省,大连市,cvs
20261408,ELEME,76W207178A,709130181,罗森便利店（1389开发区城润万家店）,辽宁省,大连市,cvs
20261408,ELEME,76W211239A,727054191,罗森便利店（1394开发区商场店）,辽宁省,大连市,cvs
20261408,ELEME,76W244802A,1022568040,罗森便利店（1406大连湾宇圣明珠店）,辽宁省,大连市,cvs
20261408,ELEME,76W231045A,874468057,罗森便利店（1410沙区南平街店）,辽宁省,大连市,cvs
20261408,ELEME,76W231006A,895532249,罗森便利店（1415新华街世纪家园店）,辽宁省,大连市,cvs
20261408,ELEME,76W249536A,1055224070,罗森便利店(1426庄河伟业御景城店),辽宁省,大连市,cvs
20261408,ELEME,76W255119A,1057680189,罗森便利店（1437瓦房店翰林书香苑店）,辽宁省,大连市,cvs
20261408,ELEME,76W304161A,1072837267,罗森便利店（1464瓦房店复州城古城街店）,辽宁省,大连市,cvs
20261408,ELEME,76W461015A,1094282491,罗森便利店（1499开发区润海园店）,辽宁省,大连市,cvs
20261408,ELEME,76W454963A,1096139210,罗森便利店（1516开发区倚山里店）,辽宁省,大连市,cvs
20261408,ELEME,76W001571A,239282343,元初食品（华乐广场店）,辽宁省,大连市,mmkt
20261408,ELEME,76W082828A,301320169,元初食品(青云林海店),辽宁省,大连市,mmkt
20261408,ELEME,76W221395A,823337002,KKV（大同百盛购物中心店）,山西省,大同市,mmkt
20261408,ELEME,76W001434A,239280373,大润发(西环店),山西省,大同市,hmkt
20261408,ELEME,76W315330A,1076245097,金虎便利（7062大同百盛店）,山西省,大同市,cvs
20261408,ELEME,76W485629A,1100338117,唐久便利（3862同煤新苑B区西门店）,山西省,大同市,cvs
20261408,ELEME,76W220986A,828335337,KKV（丹东天赐未来城主力店）,辽宁省,丹东市,mmkt
20261408,ELEME,76W220682A,823324081,KKV（德阳吾悦广场主力店）,四川省,德阳市,mmkt
20261408,ELEME,76W437224A,1088836243,奥特乐(德阳旌阳上美广场店),四川省,德阳市,mmkt
20261408,ELEME,76W253270A,1058860291,奥特乐(德阳万达店),四川省,德阳市,mmkt
20261408,ELEME,76W253280A,1059115136,奥特乐（德阳印象汇店）,四川省,德阳市,mmkt
20261408,ELEME,76W064478A,283146264,德百超市(运河广场店),山东省,德州市,smkt
20261408,ELEME,76W565608A,1109375427,KKV(东莞蜂汇广场店),广东省,东莞市,mmkt
20261408,ELEME,76W476189A,1096607238,KKV（东莞海德汇一城店）,广东省,东莞市,mmkt
20261408,ELEME,76W246690A,1018234083,KKV（东莞厚街万达广场主力店）,广东省,东莞市,mmkt
20261408,ELEME,76W225743A,872218450,KKV（东莞虎门天虹主力店）,广东省,东莞市,mmkt
20261408,ELEME,76W263421A,1061877335,KKV（东莞松山湖万象汇店）,广东省,东莞市,mmkt
20261408,ELEME,76W225715A,872337338,KKV(东莞万江华南摩尔主力店),广东省,东莞市,mmkt
20261408,ELEME,76W225760A,814480198,KKV(东莞壹号广场主力店),广东省,东莞市,mmkt
20261408,ELEME,76W225712A,814519290,KKV（东莞樟木头天和City主力店）,广东省,东莞市,mmkt
20261408,ELEME,76W574181A,20002994308,KKV24小时快送(东莞东城店),广东省,东莞市,mmkt
20261408,ELEME,76W574729A,20005940215,KKV24小时快送(东莞虎门店),广东省,东莞市,mmkt
20261408,ELEME,76W009076A,239692421,大润发(虎门店),广东省,东莞市,hmkt
20261408,ELEME,76W002188A,239290326,大润发(南城店),广东省,东莞市,hmkt
20261408,ELEME,76W573918A,20001484122,可多便利(葛店光谷新都店),湖北省,鄂州市,mmkt
20261408,ELEME,76W084930A,305320179,武商超市(滨湖店),湖北省,鄂州市,smkt
20261408,ELEME,76W266471A,1063230244,悦活里(鄂州吾悦店),湖北省,鄂州市,smkt
20261408,ELEME,76W053091A,272796489,中百超市(鄂州古城路店),湖北省,鄂州市,mmkt
20261408,ELEME,76W192200A,373629088,中百超市(鄂州五彩城店),湖北省,鄂州市,mmkt
20261408,ELEME,76W134851A,536079050,Today（恩施建始一中店）,湖北省,恩施土家族苗族自治州,cvs
20261408,ELEME,76W271020A,1065807265,Today（恩施咸丰一中店）,湖北省,恩施土家族苗族自治州,cvs
20261408,ELEME,76W075613A,291371279,享买乐(恩施广场店),湖北省,恩施土家族苗族自治州,smkt
20261408,ELEME,76W171851A,586560373,享买乐(红庙店),湖北省,恩施土家族苗族自治州,mmkt
20261408,ELEME,76W183669A,670463044,享买乐（星汇广场店）,湖北省,恩施土家族苗族自治州,smkt
20261408,ELEME,76W089041A,317138386,中百仓储(来凤店),湖北省,恩施土家族苗族自治州,smkt
20261408,ELEME,76W088569A,316397074,中百仓储超市(利川御景壹号店),湖北省,恩施土家族苗族自治州,smkt
20261408,ELEME,76W240122A,991480428,中百精选（恩施和润城店）,湖北省,恩施土家族苗族自治州,smkt
20261408,ELEME,76W404121A,1087650431,兄弟万家福购物（九龙店）,广西壮族自治区,防城港市,mmkt
20261408,ELEME,76W435658A,1085083274,兄弟万家福购物（阳光海岸店）,广西壮族自治区,防城港市,mmkt
20261408,ELEME,76W245084A,1017614272,KKV(佛山东方广场店),广东省,佛山市,mmkt
20261408,ELEME,76W576136A,20011219108,KKV(佛山东基环宇城店),广东省,佛山市,mmkt
20261408,ELEME,76W234854A,872227422,KKV（佛山金沙洲金铂天地主力店）,广东省,佛山市,mmkt
20261408,ELEME,76W211988A,813976188,KKV(佛山顺德大融城店),广东省,佛山市,mmkt
20261408,ELEME,76W223358A,825920012,KKV（佛山顺德海骏达主力店）,广东省,佛山市,mmkt
20261408,ELEME,76W231797A,872297479,KKV(佛山顺德华侨城欢乐海岸主力店),广东省,佛山市,mmkt
20261408,ELEME,76W223332A,872477002,KKV（佛山顺德乐从天佑城主力店）,广东省,佛山市,mmkt
20261408,ELEME,76W010614A,239734329,大润发(高明店),广东省,佛山市,hmkt
20261408,ELEME,76W011204A,239743306,大润发(桂城店),广东省,佛山市,hmkt
20261408,ELEME,76W009228A,239702419,大润发(三水店),广东省,佛山市,hmkt
20261408,ELEME,76W008781A,239681469,大润发(金山店),福建省,福州市,hmkt
20261408,ELEME,76W029426A,240394239,万嘉便利(豪柏店),福建省,福州市,cvs
20261408,ELEME,76W258555A,1061510369,罗森便利店（0504抚顺新华大街分店）,辽宁省,抚顺市,cvs
20261408,ELEME,76W012986A,239772320,大润发(海州店),辽宁省,阜新市,hmkt
20261408,ELEME,76W013855A,239784262,大润发(细河店),辽宁省,阜新市,hmkt
20261408,ELEME,76W038263A,264586266,昆仑好客(阜新矿工路店),辽宁省,阜新市,cvs
20261408,ELEME,76W164648A,612076132,邻几便利店（阜阳吾悦广场店）,安徽省,阜阳市,cvs
20261408,ELEME,76W054719A,274709407,国光(瑞金店),江西省,赣州市,smkt
20261408,ELEME,76W073041A,288802379,国光超市(会昌店),江西省,赣州市,smkt
20261408,ELEME,76W047865A,266783299,国光超市（南康店）,江西省,赣州市,smkt
20261408,ELEME,76W005663A,239339187,国光超市(中央星城店),江西省,赣州市,smkt
20261408,ELEME,76W045230A,266103262,国光购物广场（信丰店）,江西省,赣州市,smkt
20261408,ELEME,76W567009A,20000723170,宏昌超市(博美店),江西省,赣州市,mmkt
20261408,ELEME,76W161227A,611404057,天福便利店（11337金茂店）,江西省,赣州市,mmkt
20261408,ELEME,76W245625A,1018150132,KKV（广安吾悦广场主力店）,四川省,广安市,mmkt
20261408,ELEME,76W293917A,1068700396,奥特乐(广安吾悦广场店),四川省,广安市,mmkt
20261408,ELEME,76W040797A,265519166,平安超市,四川省,广安市,mmkt
20261408,ELEME,76W234951A,830969144,KKV(广州百信广场主力店),广东省,广州市,mmkt
20261408,ELEME,76W225607A,814371458,KKV(广州番禺奥园广场主力店),广东省,广州市,mmkt
20261408,ELEME,76W225512A,840264093,KKV（广州番禺天河城主力店）,广东省,广州市,mmkt
20261408,ELEME,76W576112A,20011193282,KKV(广州番禺永旺梦乐城店),广东省,广州市,mmkt
20261408,ELEME,76W225349A,869113187,KKV（广州琶洲保利广场主力店）,广东省,广州市,mmkt
20261408,ELEME,76W225342A,872267385,KKV（广州万民城MOCITY主力店）,广东省,广州市,mmkt
20261408,ELEME,76W225334A,814093320,KKV（广州西湾悦汇城店）,广东省,广州市,mmkt
20261408,ELEME,76W256960A,1058832210,KKV（广州增城万达广场店）,广东省,广州市,mmkt
20261408,ELEME,76W224973A,820373165,KKV（贵港客世界主力店）,广西壮族自治区,贵港市,mmkt
20261408,ELEME,76W577186A,583782364,大润发(贵港店),广西壮族自治区,贵港市,hmkt
20261408,ELEME,76W119633A,409578071,24客（华润国际二店）,贵州省,贵阳市,cvs
20261408,ELEME,76W163166A,554931475,24客（未来方舟拾店）,贵州省,贵阳市,cvs
20261408,ELEME,76W488385A,1099182453,24客(中铁逸都2店),贵州省,贵阳市,cvs
20261408,ELEME,76W220849A,814187109,KKV（贵阳观山湖万达广场店）,贵州省,贵阳市,mmkt
20261408,ELEME,76W574484A,20004884324,KKV(贵阳国贸CCPARK店),贵州省,贵阳市,mmkt
20261408,ELEME,76W220772A,872426132,KKV（贵阳国贸玖福城主力店）,贵州省,贵阳市,mmkt
20261408,ELEME,76W220797A,814185117,KKV(贵阳国贸逸天城店),贵州省,贵阳市,mmkt
20261408,ELEME,76W220756A,814477433,KKV（贵阳花果园主力店）,贵州省,贵阳市,mmkt
20261408,ELEME,76W220854A,852840311,KKV（贵阳龙湾万达广场店）,贵州省,贵阳市,mmkt
20261408,ELEME,76W220818A,845961081,KKV（贵阳世纪金源主力店）,贵州省,贵阳市,mmkt
20261408,ELEME,76W220828A,864706243,KKV（贵阳数博万达广场店）,贵州省,贵阳市,mmkt
20261408,ELEME,76W512809A,1104448177,KKV校园超市（贵阳观山湖万达广场店）,贵州省,贵阳市,mmkt
20261408,ELEME,76W084307A,304389399,北京华联（小河店）,贵州省,贵阳市,hmkt
20261408,ELEME,76W456498A,1090785195,凯辉便利（翡翠传奇店）,贵州省,贵阳市,cvs
20261408,ELEME,76W228619A,526029097,凯辉便利(未来方舟10店),贵州省,贵阳市,cvs
20261408,ELEME,76W237714A,876240495,KKV（桂林华润万象城主力店）,广西壮族自治区,桂林市,mmkt
20261408,ELEME,76W237716A,876373062,KKV（桂林客世界店）,广西壮族自治区,桂林市,mmkt
20261408,ELEME,76W220112A,872343078,KKV（哈尔滨红博会展主力店）,黑龙江省,哈尔滨市,mmkt
20261408,ELEME,76W220114A,827765358,KKV(哈尔滨红博西城红场主力店),黑龙江省,哈尔滨市,mmkt
20261408,ELEME,76W576249A,20011440385,KKV(哈尔滨松北万象汇店),黑龙江省,哈尔滨市,mmkt
20261408,ELEME,76W571430A,20005832387,KKV(哈尔滨王府井购物中心店),黑龙江省,哈尔滨市,mmkt
20261408,ELEME,76W220127A,847412048,KKV（哈尔滨银泰城店）,黑龙江省,哈尔滨市,mmkt
20261408,ELEME,76W492989A,1103908293,KKV校园超市（哈尔滨红博会展主力店）,黑龙江省,哈尔滨市,mmkt
20261408,ELEME,76W001732A,239284355,比优特超市（阿城店）,黑龙江省,哈尔滨市,smkt
20261408,ELEME,76W274932A,1066764011,比优特超市(爱建店),黑龙江省,哈尔滨市,smkt
20261408,ELEME,76W001731A,239284354,比优特超市（顾乡店）,黑龙江省,哈尔滨市,smkt
20261408,ELEME,76W007129A,239359073,比优特超市(哈西店),黑龙江省,哈尔滨市,smkt
20261408,ELEME,76W002035A,239288309,比优特超市（和兴路店）,黑龙江省,哈尔滨市,smkt
20261408,ELEME,76W524560A,1107383183,比优特超市（凯德店）,黑龙江省,哈尔滨市,smkt
20261408,ELEME,76W527055A,239318301,比优特超市(凯旋店),黑龙江省,哈尔滨市,smkt
20261408,ELEME,76W207890A,290246023,比优特超市（尚志双桥店）,黑龙江省,哈尔滨市,smkt
20261408,ELEME,76W039693A,264686395,比优特超市（尚志腾飞店）,黑龙江省,哈尔滨市,smkt
20261408,ELEME,76W512349A,1104351202,比优特超市（太平桥店）,黑龙江省,哈尔滨市,smkt
20261408,ELEME,76W001328A,239278472,比优特超市（体育公园店）,黑龙江省,哈尔滨市,smkt
20261408,ELEME,76W001915A,239286434,比优特超市（通乡店）,黑龙江省,哈尔滨市,smkt
20261408,ELEME,76W037171A,264427088,比优特超市（五常店）,黑龙江省,哈尔滨市,smkt
20261408,ELEME,76W478665A,1096508004,比优特超市（新阳路店）,黑龙江省,哈尔滨市,smkt
20261408,ELEME,76W039131A,264622291,比优特超市(中央大街店),黑龙江省,哈尔滨市,smkt
20261408,ELEME,76W190431A,683735282,大润发(工农大街店),黑龙江省,哈尔滨市,hmkt
20261408,ELEME,76W013061A,239773285,大润发(南岗店),黑龙江省,哈尔滨市,hmkt
20261408,ELEME,76W013856A,239784263,大润发(松北店),黑龙江省,哈尔滨市,hmkt
20261408,ELEME,76W014552A,239796219,大润发(香坊店),黑龙江省,哈尔滨市,hmkt
20261408,ELEME,76W059517A,281405177,家得乐超市(阿城印象城店),黑龙江省,哈尔滨市,smkt
20261408,ELEME,76W151422A,281434278,家得乐超市(滨才店),黑龙江省,哈尔滨市,smkt
20261408,ELEME,76W060045A,281473311,家得乐超市（东泰金谷店）,黑龙江省,哈尔滨市,smkt
20261408,ELEME,76W151347A,281383179,家得乐超市(世纪城店),黑龙江省,哈尔滨市,smkt
20261408,ELEME,76W060898A,281551215,家得乐超市（新吉购物中心店）,黑龙江省,哈尔滨市,smkt
20261408,ELEME,76W059666A,281425300,家得乐超市（学府店）,黑龙江省,哈尔滨市,smkt
20261408,ELEME,76W059805A,281443283,家得乐超市（银泰城店）,黑龙江省,哈尔滨市,smkt
20261408,ELEME,76W060150A,281497025,家得乐超市（志华店）,黑龙江省,哈尔滨市,smkt
20261408,ELEME,76W207853A,740988287,金叶便利(昆山路店),黑龙江省,哈尔滨市,mmkt
20261408,ELEME,76W577155A,239789003,融惠微利便利店(169辰能店),黑龙江省,哈尔滨市,mmkt
20261408,ELEME,76W487739A,1099401169,融惠微利便利店(保利五期店),黑龙江省,哈尔滨市,cvs
20261408,ELEME,76W151284A,650388210,融惠微利便利店（铂爵公馆店）,黑龙江省,哈尔滨市,cvs
20261408,ELEME,76W247691A,1056373433,融惠微利便利店（辰霞店）,黑龙江省,哈尔滨市,cvs
20261408,ELEME,76W433627A,1058257086,融惠微利便利店（城东新居店）,黑龙江省,哈尔滨市,cvs
20261408,ELEME,76W527221A,239775067,融惠微利便利店(地段街店),黑龙江省,哈尔滨市,cvs
20261408,ELEME,76W528417A,669255113,融惠微利便利店(地铁店),黑龙江省,哈尔滨市,mmkt
20261408,ELEME,76W299322A,1071357294,融惠微利便利店（福顺尚都店）,黑龙江省,哈尔滨市,cvs
20261408,ELEME,76W270274A,1065539496,融惠微利便利店（和园店）,黑龙江省,哈尔滨市,cvs
20261408,ELEME,76W528431A,239737473,融惠微利便利店(河松店),黑龙江省,哈尔滨市,cvs
20261408,ELEME,76W179887A,542362458,融惠微利便利店(恒大御府店),黑龙江省,哈尔滨市,cvs
20261408,ELEME,76W258576A,1005379302,融惠微利便利店（恒隆华府店）,黑龙江省,哈尔滨市,cvs
20261408,ELEME,76W107248A,374042404,融惠微利便利店（花园街店）,黑龙江省,哈尔滨市,cvs
20261408,ELEME,76W528421A,294850191,融惠微利便利店(华润中央公园店),黑龙江省,哈尔滨市,cvs
20261408,ELEME,76W529179A,676423025,融惠微利便利店（金香店）,黑龙江省,哈尔滨市,cvs
20261408,ELEME,76W527153A,239729458,融惠微利便利店(丽水店),黑龙江省,哈尔滨市,cvs
20261408,ELEME,76W528445A,264618430,融惠微利便利店(丽兹江畔店),黑龙江省,哈尔滨市,cvs
20261408,ELEME,76W573672A,1113748208,融惠微利便利店(农大店),黑龙江省,哈尔滨市,cvs
20261408,ELEME,76W527218A,239774074,融惠微利便利店(平准店),黑龙江省,哈尔滨市,cvs
20261408,ELEME,76W528986A,294820300,融惠微利便利店(浦江路店),黑龙江省,哈尔滨市,cvs
20261408,ELEME,76W527992A,307918180,融惠微利便利店(群力第四大道店),黑龙江省,哈尔滨市,cvs
20261408,ELEME,76W528281A,436249481,融惠微利便利店(双龙家园店),黑龙江省,哈尔滨市,cvs
20261408,ELEME,76W574318A,20003860171,融惠微利便利店(四季印象店),黑龙江省,哈尔滨市,cvs
20261408,ELEME,76W107199A,374019435,融惠微利便利店（嵩山小区店）,黑龙江省,哈尔滨市,cvs
20261408,ELEME,76W107486A,374395044,融惠微利便利店(文道街店),黑龙江省,哈尔滨市,cvs
20261408,ELEME,76W107079A,373965399,融惠微利便利店(乡里店),黑龙江省,哈尔滨市,cvs
20261408,ELEME,76W527156A,239731467,融惠微利便利店(新城店),黑龙江省,哈尔滨市,cvs
20261408,ELEME,76W528233A,427285071,融惠微利便利店（星源国际店）,黑龙江省,哈尔滨市,cvs
20261408,ELEME,76W190463A,676299083,融惠微利便利店（永平小区店）,黑龙江省,哈尔滨市,cvs
20261408,ELEME,76W565393A,1107151236,融惠微利便利店(中海时代名邸店),黑龙江省,哈尔滨市,cvs
20261408,ELEME,76W527236A,239784276,微利便利店（安升店）,黑龙江省,哈尔滨市,cvs
20261408,ELEME,76W528428A,239738450,微利便利店（保利店）,黑龙江省,哈尔滨市,cvs
20261408,ELEME,76W529006A,273196004,微利便利店(大众新城店),黑龙江省,哈尔滨市,cvs
20261408,ELEME,76W527750A,272218093,微利便利店（东风店）,黑龙江省,哈尔滨市,cvs
20261408,ELEME,76W529174A,239784042,微利便利店（赣水店）,黑龙江省,哈尔滨市,cvs
20261408,ELEME,76W527155A,239730485,微利便利店(哈达店),黑龙江省,哈尔滨市,cvs
20261408,ELEME,76W528435A,239778065,微利便利店（桦树店）,黑龙江省,哈尔滨市,cvs
20261408,ELEME,76W527761A,273224004,微利便利店(汇龙店),黑龙江省,哈尔滨市,cvs
20261408,ELEME,76W528425A,239789005,微利便利店（军工店）,黑龙江省,哈尔滨市,cvs
20261408,ELEME,76W527265A,239808181,微利便利店（立汇店）,黑龙江省,哈尔滨市,cvs
20261408,ELEME,76W528868A,274996177,微利便利店（六顺店）,黑龙江省,哈尔滨市,cvs
20261408,ELEME,76W527208A,239770308,微利便利店（民生2号店）,黑龙江省,哈尔滨市,cvs
20261408,ELEME,76W527237A,239784347,微利便利店（民生尚都店）,黑龙江省,哈尔滨市,cvs
20261408,ELEME,76W527645A,264650043,微利便利店(木介街店),黑龙江省,哈尔滨市,cvs
20261408,ELEME,76W527243A,239788010,微利便利店（木研店）,黑龙江省,哈尔滨市,cvs
20261408,ELEME,76W527209A,239770309,微利便利店（人和店）,黑龙江省,哈尔滨市,cvs
20261408,ELEME,76W528817A,374763082,微利便利店（如意店）,黑龙江省,哈尔滨市,cvs
20261408,ELEME,76W527189A,239762422,微利便利店(山水文园店),黑龙江省,哈尔滨市,cvs
20261408,ELEME,76W528422A,239762126,微利便利店(陶瓷二店),黑龙江省,哈尔滨市,cvs
20261408,ELEME,76W527239A,239785057,微利便利店(陶瓷一店),黑龙江省,哈尔滨市,cvs
20261408,ELEME,76W527758A,273169009,微利便利店(文政店),黑龙江省,哈尔滨市,cvs
20261408,ELEME,76W527158A,239732499,微利便利店(西大桥店),黑龙江省,哈尔滨市,cvs
20261408,ELEME,76W528677A,239796305,微利便利店(香坊店),黑龙江省,哈尔滨市,cvs
20261408,ELEME,76W527172A,239746482,微利便利店（旭升店）,黑龙江省,哈尔滨市,cvs
20261408,ELEME,76W527194A,239765355,微利便利店(永泰城店),黑龙江省,哈尔滨市,cvs
20261408,ELEME,76W528664A,239754486,微利便利店(育林店),黑龙江省,哈尔滨市,cvs
20261408,ELEME,76W527170A,239744435,微利便利店(长安城店),黑龙江省,哈尔滨市,cvs
20261408,ELEME,76W299326A,1072514138,小月亮(豪庭店),黑龙江省,哈尔滨市,mmkt
20261408,ELEME,76W566971A,20000642008,小月亮(南岗店),黑龙江省,哈尔滨市,mmkt
20261408,ELEME,76W016417A,240050131,小月亮（山水店）,黑龙江省,哈尔滨市,mmkt
20261408,ELEME,76W123059A,426178444,小月亮（香槟湾店）,黑龙江省,哈尔滨市,mmkt
20261408,ELEME,76W313954A,1069204489,小月亮超市(龙塔店),黑龙江省,哈尔滨市,mmkt
20261408,ELEME,76W037925A,264563101,新天地超市(安固店),黑龙江省,哈尔滨市,cvs
20261408,ELEME,76W227899A,667851166,新天地超市(保利城店),黑龙江省,哈尔滨市,cvs
20261408,ELEME,76W134160A,534247295,新天地超市(城东店),黑龙江省,哈尔滨市,cvs
20261408,ELEME,76W522214A,1108529167,新天地超市(哈尔滨城市之光店),黑龙江省,哈尔滨市,cvs
20261408,ELEME,76W227835A,867911438,新天地超市(红城店),黑龙江省,哈尔滨市,cvs
20261408,ELEME,76W020233A,240098150,新天地超市(桦树店),黑龙江省,哈尔滨市,cvs
20261408,ELEME,76W016082A,240044353,新天地超市(建文店),黑龙江省,哈尔滨市,cvs
20261408,ELEME,76W021799A,240110062,新天地超市(军立店),黑龙江省,哈尔滨市,cvs
20261408,ELEME,76W190445A,309436072,新天地超市(绿色新城店),黑龙江省,哈尔滨市,cvs
20261408,ELEME,76W207075A,709231249,新天地超市(玫瑰湾店),黑龙江省,哈尔滨市,cvs
20261408,ELEME,76W568665A,20002894139,新天地超市(融创锦园店),黑龙江省,哈尔滨市,cvs
20261408,ELEME,76W274921A,1066087046,新天地超市（省医院店）,黑龙江省,哈尔滨市,cvs
20261408,ELEME,76W207791A,786891259,新天地超市(世祥店),黑龙江省,哈尔滨市,cvs
20261408,ELEME,76W125794A,433132376,新天地超市(松苍店),黑龙江省,哈尔滨市,cvs
20261408,ELEME,76W567856A,20001975053,新天地超市(天地人和店),黑龙江省,哈尔滨市,cvs
20261408,ELEME,76W121117A,414639064,新天地超市(天木店),黑龙江省,哈尔滨市,cvs
20261408,ELEME,76W019033A,240085196,新天地超市(团结店),黑龙江省,哈尔滨市,cvs
20261408,ELEME,76W134151A,534233313,新天地超市(万达华府店),黑龙江省,哈尔滨市,cvs
20261408,ELEME,76W151287A,240077219,新天地超市(新发店),黑龙江省,哈尔滨市,cvs
20261408,ELEME,76W087235A,309136245,新天地超市(兴南店),黑龙江省,哈尔滨市,cvs
20261408,ELEME,76W018805A,240082247,新天地超市(洋河店),黑龙江省,哈尔滨市,cvs
20261408,ELEME,76W021302A,240106087,新天地超市(友协店),黑龙江省,哈尔滨市,cvs
20261408,ELEME,76W508767A,1105380372,新天地超市（中兴家园店）,黑龙江省,哈尔滨市,cvs
20261408,ELEME,76W143217A,572420439,中央红超市（金源店）,黑龙江省,哈尔滨市,smkt
20261408,ELEME,76W017327A,240064063,中央红小月亮（北岸明珠店）,黑龙江省,哈尔滨市,mmkt
20261408,ELEME,76W018049A,240073046,中央红小月亮（鑫宇店）,黑龙江省,哈尔滨市,mmkt
20261408,ELEME,76W221499A,851374169,KKV（邯郸美乐城主力店）,河北省,邯郸市,mmkt
20261408,ELEME,76W573805A,20000848095,骆驼仓买,河北省,邯郸市,mmkt
20261408,ELEME,76W486601A,1066265060,时刻便利店,河北省,邯郸市,mmkt
20261408,ELEME,76W123628A,428298116,阳光超市（前进店）,河北省,邯郸市,smkt
20261408,ELEME,76W123809A,428463200,阳光超市（新世纪店）,河北省,邯郸市,smkt
20261408,ELEME,76W223854A,869109190,KKV(杭州滨江宝龙城主力店),浙江省,杭州市,mmkt
20261408,ELEME,76W223880A,825824231,KKV（杭州富阳万达广场主力店）,浙江省,杭州市,mmkt
20261408,ELEME,76W223907A,825815245,KKV(杭州金沙龙湖天街主力店),浙江省,杭州市,mmkt
20261408,ELEME,76W573940A,20001666405,KKV(杭州钱塘永旺梦乐城店),浙江省,杭州市,mmkt
20261408,ELEME,76W223839A,825875084,KKV（杭州永旺梦乐城主力店）,浙江省,杭州市,mmkt
20261408,ELEME,76W506845A,1105475133,KKV(杭州余杭万达广场店),浙江省,杭州市,mmkt
20261408,ELEME,76W572343A,20007814343,KKV(杭州紫荆龙湖天街店),浙江省,杭州市,mmkt
20261408,ELEME,76W012404A,239764318,大润发(临平店),浙江省,杭州市,hmkt
20261408,ELEME,76W574034A,20002228190,盒马NB(上城丁兰大唐城店),浙江省,杭州市,smkt
20261408,ELEME,76W568800A,20002998299,盒马鲜生(mini临平店),浙江省,杭州市,smkt
20261408,ELEME,76W511986A,1102848400,盒马鲜生(城北万象城店),浙江省,杭州市,smkt
20261408,ELEME,76W439356A,1090993030,盒马鲜生(国芳天街店),浙江省,杭州市,smkt
20261408,ELEME,76W053113A,272814329,盒马鲜生(杭行路店),浙江省,杭州市,smkt
20261408,ELEME,76W245466A,1018244021,盒马鲜生（杭州滨江银泰店）,浙江省,杭州市,smkt
20261408,ELEME,76W120991A,414530425,盒马鲜生（杭州来福士店）,浙江省,杭州市,smkt
20261408,ELEME,76W085557A,307510430,盒马鲜生（杭州尚城1157店）,浙江省,杭州市,smkt
20261408,ELEME,76W133129A,531786356,盒马鲜生（科技广场店）,浙江省,杭州市,smkt
20261408,ELEME,76W575936A,20010894118,盒马鲜生(吾悦广场店),浙江省,杭州市,smkt
20261408,ELEME,76W501840A,1099359287,盒马鲜生(西湖文化广场店),浙江省,杭州市,smkt
20261408,ELEME,76W005454A,239336277,盒马鲜生(下沙银泰店),浙江省,杭州市,smkt
20261408,ELEME,76W212744A,813860183,盒马鲜生(萧山银泰店),浙江省,杭州市,smkt
20261408,ELEME,76W473129A,1097833032,盒马鲜生(云州国际店),浙江省,杭州市,smkt
20261408,ELEME,76W007222A,239360189,盒马鲜生(闸弄口店),浙江省,杭州市,smkt
20261408,ELEME,76W268012A,1062699101,联华,浙江省,杭州市,mmkt
20261408,ELEME,76W015410A,239811064,联华超市（杭州贺田尚城店）,浙江省,杭州市,smkt
20261408,ELEME,76W037432A,264520304,联华超市（杭州清波店）,浙江省,杭州市,smkt
20261408,ELEME,76W012380A,239764244,联华超市（杭州紫荆店）,浙江省,杭州市,mmkt
20261408,ELEME,76W167479A,656914302,联华超市（江滨公园店）,浙江省,杭州市,mmkt
20261408,ELEME,76W527267A,239809095,联华超市（良渚文化村店）,浙江省,杭州市,smkt
20261408,ELEME,76W037777A,264550060,联华超市（马市街店）,浙江省,杭州市,smkt
20261408,ELEME,76W527590A,264518317,联华超市（濮家店）,浙江省,杭州市,smkt
20261408,ELEME,76W498529A,1096563360,联华超市（中山中路店）,浙江省,杭州市,mmkt
20261408,ELEME,76W255877A,1058047192,每日兴超市（西溪留下店）,浙江省,杭州市,mmkt
20261408,ELEME,76W511410A,1104837219,每日兴生活超市,浙江省,杭州市,mmkt
20261408,ELEME,76W523687A,1104318183,每日兴生活超市（西湖店）,浙江省,杭州市,mmkt
20261408,ELEME,76W014574A,239797115,世纪联华(滨江长江路店),浙江省,杭州市,smkt
20261408,ELEME,76W127919A,437900040,世纪联华（分水东门路店）,浙江省,杭州市,smkt
20261408,ELEME,76W167665A,582955257,世纪联华（富阳万达店）,浙江省,杭州市,smkt
20261408,ELEME,76W014018A,239787114,世纪联华（富阳新世纪店）,浙江省,杭州市,hmkt
20261408,ELEME,76W012512A,239766247,世纪联华（富阳育才店）,浙江省,杭州市,smkt
20261408,ELEME,76W000575A,239266286,世纪联华（杭州彩虹店）,浙江省,杭州市,smkt
20261408,ELEME,76W036646A,249578091,世纪联华（杭州凤起店）,浙江省,杭州市,smkt
20261408,ELEME,76W007930A,239373108,世纪联华（杭州华商星光城店）,浙江省,杭州市,smkt
20261408,ELEME,76W012587A,239767238,世纪联华(杭州三墩店),浙江省,杭州市,smkt
20261408,ELEME,76W014817A,239801106,世纪联华（杭州天城东路店）,浙江省,杭州市,smkt
20261408,ELEME,76W013902A,239785167,世纪联华(建德新安东路店),浙江省,杭州市,hmkt
20261408,ELEME,76W036632A,249541315,世纪联华（建国北路店）,浙江省,杭州市,smkt
20261408,ELEME,76W036392A,247036316,世纪联华(江南之星店),浙江省,杭州市,smkt
20261408,ELEME,76W030755A,246491296,世纪联华（马塍路店）,浙江省,杭州市,smkt
20261408,ELEME,76W073529A,288965185,世纪联华（欧美金融城店）,浙江省,杭州市,smkt
20261408,ELEME,76W036787A,254070061,世纪联华（水晶城购物中心店）,浙江省,杭州市,smkt
20261408,ELEME,76W014020A,239787116,世纪联华（桐庐富春店）,浙江省,杭州市,smkt
20261408,ELEME,76W072063A,288454402,世纪联华（桐庐国贸店）,浙江省,杭州市,smkt
20261408,ELEME,76W202809A,708329115,世纪联华（桐庐银泰城店）,浙江省,杭州市,smkt
20261408,ELEME,76W002857A,239300216,世纪联华（五洲国际店）,浙江省,杭州市,smkt
20261408,ELEME,76W015523A,239813069,世纪联华(萧然东路店),浙江省,杭州市,smkt
20261408,ELEME,76W012310A,239763200,世纪联华(萧山南环店),浙江省,杭州市,hmkt
20261408,ELEME,76W030769A,246496259,世纪联华（中河店）,浙江省,杭州市,smkt
20261408,ELEME,76W528667A,239767236,世纪联华（转塘江口店）,浙江省,杭州市,hmkt
20261408,ELEME,76W013172A,239775091,世纪联华官方精选店（西湖文化广场）,浙江省,杭州市,smkt
20261408,ELEME,76W202794A,708153338,左邻·右舍（定山西苑店）,浙江省,杭州市,mmkt
20261408,ELEME,76W262105A,1061878472,左邻右舍（劝学里店）,浙江省,杭州市,mmkt
20261408,ELEME,76W267967A,1062241154,左邻右舍（时代悅章店）,浙江省,杭州市,mmkt
20261408,ELEME,76W240802A,924429486,左邻右舍（天都城店）,浙江省,杭州市,mmkt
20261408,ELEME,76W212858A,780159213,左邻右舍超市（黄龙金茂悦店）,浙江省,杭州市,mmkt
20261408,ELEME,76W305636A,1017882133,左邻右舍欢乐城店,浙江省,杭州市,mmkt
20261408,ELEME,76W166580A,607273413,安德利超市(巢湖城西店),安徽省,合肥市,mmkt
20261408,ELEME,76W166615A,599961299,安德利超市（巢湖向阳路店）,安徽省,合肥市,mmkt
20261408,ELEME,76W166673A,607279387,安德利超市（巢湖新港雅居店）,安徽省,合肥市,mmkt
20261408,ELEME,76W239088A,968510043,安德利超市（庐江东方华庭店）,安徽省,合肥市,mmkt
20261408,ELEME,76W244217A,1018646240,好市发超市（振兴路店）,安徽省,合肥市,smkt
20261408,ELEME,76W002468A,239295135,联家超市（四海店）,安徽省,合肥市,mmkt
20261408,ELEME,76W127356A,437388132,邻几（巢湖东方曼哈顿店）,安徽省,合肥市,cvs
20261408,ELEME,76W229815A,855057395,邻几（欢乐颂店）,安徽省,合肥市,cvs
20261408,ELEME,76W522047A,1104980366,邻几(京商商贸城K区店),安徽省,合肥市,cvs
20261408,ELEME,76W435218A,1076323228,邻几（凯旋门店）,安徽省,合肥市,cvs
20261408,ELEME,76W221624A,817385200,邻几(世纪中心店),安徽省,合肥市,cvs
20261408,ELEME,76W404361A,1074271465,邻几（政务壹号公寓店）,安徽省,合肥市,cvs
20261408,ELEME,76W028340A,240364334,邻几便利店(包河万达店),安徽省,合肥市,cvs
20261408,ELEME,76W146934A,582300463,邻几便利店（保利熙悦府店）,安徽省,合肥市,cvs
20261408,ELEME,76W266401A,1064882009,邻几便利店（国轩名门店）,安徽省,合肥市,cvs
20261408,ELEME,76W105030A,371821091,邻几便利店（佳源二店）,安徽省,合肥市,cvs
20261408,ELEME,76W028133A,240358337,邻几便利店（建华文创园店）,安徽省,合肥市,cvs
20261408,ELEME,76W028502A,240369206,邻几便利店(金龙国际店),安徽省,合肥市,cvs
20261408,ELEME,76W166608A,595370094,邻几便利店（梨花巷店）,安徽省,合肥市,cvs
20261408,ELEME,76W058159A,281149181,邻几便利店(龙湖天街店),安徽省,合肥市,cvs
20261408,ELEME,76W028888A,240379272,邻几便利店（绿地中心店）,安徽省,合肥市,cvs
20261408,ELEME,76W192152A,673123068,邻几便利店（三孝口香街店）,安徽省,合肥市,cvs
20261408,ELEME,76W061971A,281843133,邻几便利店(世纪金源店),安徽省,合肥市,cvs
20261408,ELEME,76W116225A,403976084,邻几便利店(堂食瑶海万达广场二店),安徽省,合肥市,cvs
20261408,ELEME,76W042462A,265923036,邻几便利店(万象汇店),安徽省,合肥市,cvs
20261408,ELEME,76W125978A,433359268,邻几便利店（望湖城店）,安徽省,合肥市,cvs
20261408,ELEME,76W028428A,240367210,邻几便利店（印象西湖店）,安徽省,合肥市,cvs
20261408,ELEME,76W105831A,372503407,邻几便利店（振徽苑店）,安徽省,合肥市,cvs
20261408,ELEME,76W142095A,571154192,邻几便利店(中环城三店),安徽省,合肥市,cvs
20261408,ELEME,76W224503A,813884405,KKV（河源万隆城店）,广东省,河源市,mmkt
20261408,ELEME,76W003196A,239305302,大润发(曹县店),山东省,菏泽市,hmkt
20261408,ELEME,76W437980A,1089333098,三信超市（电厂店）,山东省,菏泽市,mmkt
20261408,ELEME,76W221572A,837465130,三信超市（天泰店）,山东省,菏泽市,mmkt
20261408,ELEME,76W574135A,20002797359,泰兴超市(宝龙店),广西壮族自治区,贺州市,smkt
20261408,ELEME,76W577103A,583918367,泰兴超市(建中店),广西壮族自治区,贺州市,hmkt
20261408,ELEME,76W172526A,584410062,泰兴超市（康盛店）,广西壮族自治区,贺州市,smkt
20261408,ELEME,76W445055A,239303262,比优特超市（金沙湾店）,黑龙江省,鹤岗市,smkt
20261408,ELEME,76W236236A,239345164,比优特超市（黎明店）,黑龙江省,鹤岗市,smkt
20261408,ELEME,76W445054A,239290323,比优特超市（麓林山店）,黑龙江省,鹤岗市,smkt
20261408,ELEME,76W236248A,286113447,比优特超市（兴安台店）,黑龙江省,鹤岗市,smkt
20261408,ELEME,76W245229A,1043026052,KKV(衡水怡然城购物中心店),河北省,衡水市,mmkt
20261408,ELEME,76W065025A,283327424,德隆超市（广场店）,河北省,衡水市,mmkt
20261408,ELEME,76W277856A,1062010190,德隆超市（恒大城南店）,河北省,衡水市,mmkt
20261408,ELEME,76W064782A,283178312,德隆超市（红旗大街店）,河北省,衡水市,mmkt
20261408,ELEME,76W173351A,283360343,德隆超市(明珠店),河北省,衡水市,mmkt
20261408,ELEME,76W118171A,406858303,德隆超市（上海公馆店）,河北省,衡水市,mmkt
20261408,ELEME,76W173353A,648289389,德隆超市（太阳城东店）,河北省,衡水市,mmkt
20261408,ELEME,76W212241A,707945410,德隆超市（新华西路店）,河北省,衡水市,mmkt
20261408,ELEME,76W064880A,283191263,德隆超市（新桥店）,河北省,衡水市,mmkt
20261408,ELEME,76W065497A,283400117,德隆超市(学院店),河北省,衡水市,mmkt
20261408,ELEME,76W119095A,408370107,德隆超市（怡宝店）,河北省,衡水市,mmkt
20261408,ELEME,76W064845A,283186312,德隆超市（在水一方店）,河北省,衡水市,mmkt
20261408,ELEME,76W293392A,1067935487,罗森便利店（衡水怡然城店）,河北省,衡水市,cvs
20261408,ELEME,76W220262A,823254360,KKV（衡阳杉杉奥莱店）,湖南省,衡阳市,mmkt
20261408,ELEME,76W220255A,823321115,KKV(衡阳蒸湘万达广场店),湖南省,衡阳市,mmkt
20261408,ELEME,76W233518A,918770071,之佳便利（开远建设东路分店）,云南省,红河哈尼族彝族自治州,cvs
20261408,ELEME,76W007072A,239358165,之佳便利（开远临江路店）,云南省,红河哈尼族彝族自治州,cvs
20261408,ELEME,76W565186A,1097663207,之佳便利(弥勒大道分店),云南省,红河哈尼族彝族自治州,mmkt
20261408,ELEME,76W460405A,1094478261,罗森便利店（9504兴城电业家园分店）,辽宁省,葫芦岛市,cvs
20261408,ELEME,76W126576A,434730041,世纪联华(湖州仁皇山生活广场店),浙江省,湖州市,smkt
20261408,ELEME,76W177329A,583052205,世纪联华（南浔吾悦广场店）,浙江省,湖州市,smkt
20261408,ELEME,76W028268A,240361474,浙北便利（塔下街店）,浙江省,湖州市,mmkt
20261408,ELEME,76W002870A,239300259,浙北超市（米兰店）,浙江省,湖州市,smkt
20261408,ELEME,76W177340A,593116405,浙北超市（南太湖店）,浙江省,湖州市,smkt
20261408,ELEME,76W088394A,316304251,浙北超市（南浔新区农贸店）,浙江省,湖州市,mmkt
20261408,ELEME,76W003711A,239314068,浙北超市(仁皇山店),浙江省,湖州市,smkt
20261408,ELEME,76W242404A,953066282,浙北超市（太湖路店）,浙江省,湖州市,mmkt
20261408,ELEME,76W088399A,316307194,浙北超市(长兴星星广场店),浙江省,湖州市,smkt
20261408,ELEME,76W115169A,401666484,浙北超市（长兴浙北大厦店）,浙江省,湖州市,smkt
20261408,ELEME,76W008991A,239689477,大润发(怀化店),湖南省,怀化市,hmkt
20261408,ELEME,76W566093A,1112533250,佳惠超市(辰溪店),湖南省,怀化市,smkt
20261408,ELEME,76W074127A,290102003,佳惠超市（德天店）,湖南省,怀化市,smkt
20261408,ELEME,76W110868A,389610268,佳惠超市（和谐广场店）,湖南省,怀化市,smkt
20261408,ELEME,76W434668A,1071329355,佳惠超市（锦绣山河店）,湖南省,怀化市,smkt
20261408,ELEME,76W290262A,1065648397,佳惠超市(龙泊湾店),湖南省,怀化市,smkt
20261408,ELEME,76W073945A,290052187,佳惠超市（世纪花园店）,湖南省,怀化市,smkt
20261408,ELEME,76W073818A,290009488,佳惠超市（市民广场店）,湖南省,怀化市,smkt
20261408,ELEME,76W058901A,281211249,佳惠超市（万达店）,湖南省,怀化市,smkt
20261408,ELEME,76W275388A,308448044,佳惠超市（新晃店）,湖南省,怀化市,smkt
20261408,ELEME,76W067701A,286090092,佳惠超市（新嘉坡店）,湖南省,怀化市,smkt
20261408,ELEME,76W577174A,290048176,佳惠鲜天下(在水一方店),湖南省,怀化市,mmkt
20261408,ELEME,76W011535A,239748312,大润发(公园店),江苏省,淮安市,hmkt
20261408,ELEME,76W013205A,239775267,大润发(淮安店),江苏省,淮安市,hmkt
20261408,ELEME,76W222832A,817649010,邻几（淮北孟山北路店）,安徽省,淮北市,cvs
20261408,ELEME,76W125016A,431533482,邻几（淮南龙湖中学店）,安徽省,淮南市,cvs
20261408,ELEME,76W199222A,688096164,邻几（淮南上东锦城店）,安徽省,淮南市,cvs
20261408,ELEME,76W456589A,1080360340,黄商超市(赤壁湖0194店),湖北省,黄冈市,mmkt
20261408,ELEME,76W573993A,20001972436,黄商超市(黄梅誉天下0531店),湖北省,黄冈市,mmkt
20261408,ELEME,76W435379A,1079769045,黄商超市(麻城杜鹃大道0823店),湖北省,黄冈市,mmkt
20261408,ELEME,76W577137A,1080162291,黄商超市(团风幸福城0166店),湖北省,黄冈市,smkt
20261408,ELEME,76W298821A,791971026,黄商超市(英山山城都市店),湖北省,黄冈市,smkt
20261408,ELEME,76W164517A,650191017,悦活里(武穴万达店),湖北省,黄冈市,smkt
20261408,ELEME,76W087866A,315539423,中百仓储(英山店),湖北省,黄冈市,smkt
20261408,ELEME,76W244339A,1014331403,邻几（黎阳in巷店）,安徽省,黄山市,cvs
20261408,ELEME,76W315832A,1066045342,邻几（歙县小北街店）,安徽省,黄山市,cvs
20261408,ELEME,76W209460A,814075386,KKV（黄石团城山万达广场店）,湖北省,黄石市,mmkt
20261408,ELEME,76W565717A,1110230495,黄商生活超市(黄石港万达店),湖北省,黄石市,hmkt
20261408,ELEME,76W031562A,246656332,武商超市（黄石生活馆店）,湖北省,黄石市,smkt
20261408,ELEME,76W031167A,246637428,武商超市(黄石团城山店),湖北省,黄石市,smkt
20261408,ELEME,76W527934A,293919431,中百仓储(黄石店),湖北省,黄石市,hmkt
20261408,ELEME,76W527886A,291597378,中百仓储超市(黄石文化宫店),湖北省,黄石市,hmkt
20261408,ELEME,76W014601A,239797204,大润发(惠东店),广东省,惠州市,hmkt
20261408,ELEME,76W528763A,281837431,家家乐生活超市（东安街店）,黑龙江省,鸡西市,mmkt
20261408,ELEME,76W416442A,1090454268,国光(城建花苑店),江西省,吉安市,smkt
20261408,ELEME,76W231344A,891724304,国光（吉安县店）,江西省,吉安市,smkt
20261408,ELEME,76W487586A,1098376097,国光(美博广场店),江西省,吉安市,smkt
20261408,ELEME,76W422039A,1090559180,国光(世纪店),江西省,吉安市,smkt
20261408,ELEME,76W529771A,1091152421,国光(文澜府店),江西省,吉安市,smkt
20261408,ELEME,76W529719A,1090610032,国光(香榭丽都店),江西省,吉安市,mmkt
20261408,ELEME,76W211515A,738533100,国光（新干二店）,江西省,吉安市,smkt
20261408,ELEME,76W483560A,1098173331,国光(永新店),江西省,吉安市,smkt
20261408,ELEME,76W043646A,266016099,国光超市（万安店）,江西省,吉安市,smkt
20261408,ELEME,76W063722A,283069397,国光购物广场（滨江首府店）,江西省,吉安市,smkt
20261408,ELEME,76W063069A,281968232,国光购物广场（鼎泰店）,江西省,吉安市,smkt
20261408,ELEME,76W063919A,283097050,国光购物广场（青原总部店）,江西省,吉安市,smkt
20261408,ELEME,76W062640A,281908346,国光购物广场（五岳观店）,江西省,吉安市,smkt
20261408,ELEME,76W237858A,993375484,KKV（吉林财富购物广场主力店）,吉林省,吉林市,mmkt
20261408,ELEME,76W009118A,239695387,大润发(船营店),吉林省,吉林市,hmkt
20261408,ELEME,76W009773A,239714371,大润发(东市店),吉林省,吉林市,hmkt
20261408,ELEME,76W524895A,1094042110,大润发（吉林江南店）,吉林省,吉林市,smkt
20261408,ELEME,76W010065A,239726323,大润发(解放北路店),吉林省,吉林市,hmkt
20261408,ELEME,76W527149A,239717405,大润发(西山店),吉林省,吉林市,smkt
20261408,ELEME,76W572642A,289032226,万客隆超市（财富广场店）,吉林省,吉林市,smkt
20261408,ELEME,76W572613A,291428262,万客隆超市（万达广场店）,吉林省,吉林市,smkt
20261408,ELEME,76W572612A,291345301,万客隆超市（中东新生活店）,吉林省,吉林市,smkt
20261408,ELEME,76W179522A,673424497,新天地超市(吉林财富贰店),吉林省,吉林市,cvs
20261408,ELEME,76W179515A,673330021,新天地超市(吉林会展街店),吉林省,吉林市,cvs
20261408,ELEME,76W207461A,787211120,新天地超市(吉林吉林大街店),吉林省,吉林市,cvs
20261408,ELEME,76W022859A,240118183,新天地超市(吉林解放北路店),吉林省,吉林市,cvs
20261408,ELEME,76W128584A,447170252,新天地超市(吉林牛马行壹店),吉林省,吉林市,cvs
20261408,ELEME,76W006785A,239354072,新天地超市(吉林通江街贰店),吉林省,吉林市,cvs
20261408,ELEME,76W227546A,912669450,新天地超市(吉林武汉路贰店),吉林省,吉林市,cvs
20261408,ELEME,76W258466A,1059638441,新天地超市（吉林筑石红店）,吉林省,吉林市,cvs
20261408,ELEME,76W473909A,1098259012,711便利店(济南绿地城店),山东省,济南市,cvs
20261408,ELEME,76W443558A,1093301059,711便利店（济南绿地国金中心店）,山东省,济南市,cvs
20261408,ELEME,76W511713A,1105979334,KKV（济南北宸龙湖天街店）,山东省,济南市,mmkt
20261408,ELEME,76W221946A,820209355,KKV(济南恒隆广场主力店),山东省,济南市,mmkt
20261408,ELEME,76W576692A,20012236192,KKV(济南领秀城贵和购物中心店),山东省,济南市,mmkt
20261408,ELEME,76W221901A,814183225,KKV（济南融创茂店）,山东省,济南市,mmkt
20261408,ELEME,76W221979A,813865407,KKV（济南魏家庄万达广场店）,山东省,济南市,mmkt
20261408,ELEME,76W221929A,855172058,KKV(济南印象城主力店),山东省,济南市,mmkt
20261408,ELEME,76W529270A,872365055,KKV（济南章丘和谐广场B1店）,山东省,济南市,mmkt
20261408,ELEME,76W008935A,239687417,大润发(经十东路店),山东省,济南市,hmkt
20261408,ELEME,76W013399A,239778255,大润发(莱芜店),山东省,济南市,hmkt
20261408,ELEME,76W015240A,239808166,大润发(历下店),山东省,济南市,hmkt
20261408,ELEME,76W102299A,366257395,大润发(全福店),山东省,济南市,hmkt
20261408,ELEME,76W008990A,239689476,大润发(市中店),山东省,济南市,hmkt
20261408,ELEME,76W010937A,239739258,大润发(天桥店),山东省,济南市,hmkt
20261408,ELEME,76W419437A,1065646457,大润发（小清河店）,山东省,济南市,hmkt
20261408,ELEME,76W010542A,239733322,大润发(章丘店),山东省,济南市,hmkt
20261408,ELEME,76W276667A,1068100158,盒马鲜生(泉城路世茂广场店),山东省,济南市,smkt
20261408,ELEME,76W000066A,239255345,华联超市（鲜超科院路店）,山东省,济南市,mmkt
20261408,ELEME,76W002612A,239297083,华联超市（鲜超云驰路店）,山东省,济南市,mmkt
20261408,ELEME,76W005574A,239338085,华联鲜超（凤岐路店）,山东省,济南市,mmkt
20261408,ELEME,76W004556A,239324113,华联鲜超（河王店）,山东省,济南市,mmkt
20261408,ELEME,76W004242A,239320231,华联鲜超(领秀城店),山东省,济南市,mmkt
20261408,ELEME,76W000148A,239258323,华联鲜超(名士豪庭店),山东省,济南市,mmkt
20261408,ELEME,76W004852A,239328095,华联鲜超（融汇爱都店）,山东省,济南市,mmkt
20261408,ELEME,76W004312A,239321147,华联鲜超（山青苑店）,山东省,济南市,mmkt
20261408,ELEME,76W210584A,318093273,华联鲜超（万科新里程店）,山东省,济南市,mmkt
20261408,ELEME,76W291631A,727183147,华联鲜超(中海国际九曲店),山东省,济南市,mmkt
20261408,ELEME,76W169137A,593280379,家家悦(环宇城店),山东省,济南市,smkt
20261408,ELEME,76W254224A,1058614114,家家悦（济南保利中心店）,山东省,济南市,mmkt
20261408,ELEME,76W169261A,658001475,家家悦（济南东城逸家店）,山东省,济南市,smkt
20261408,ELEME,76W169242A,662631025,家家悦(济南高新区丁豪广场店),山东省,济南市,smkt
20261408,ELEME,76W478352A,1096724343,家家悦（济南槐荫中建幸福MALL店）,山东省,济南市,smkt
20261408,ELEME,76W192541A,676405266,家家悦（济南历下兴港路店）,山东省,济南市,smkt
20261408,ELEME,76W210539A,688225421,家家悦（济南市中书苑广场店）,山东省,济南市,smkt
20261408,ELEME,76W575161A,20008424128,家家悦(莱芜口镇店),山东省,济南市,smkt
20261408,ELEME,76W042388A,265917066,银座商城(济南全运村店),山东省,济南市,smkt
20261408,ELEME,76W291702A,1055407106,优同便利店（济南中海国际社区店）,山东省,济南市,cvs
20261408,ELEME,76W089818A,318067314,优同便利店（御山首府店）,山东省,济南市,cvs
20261408,ELEME,76W500379A,1102454141,友客（舜奥华府店）,山东省,济南市,cvs
20261408,ELEME,76W276682A,1068359074,友客（子云街华润置地广场6号楼店）,山东省,济南市,cvs
20261408,ELEME,76W010880A,239738274,大润发(济宁店),山东省,济宁市,hmkt
20261408,ELEME,76W225266A,662217132,家家悦（济宁高新爱琴海店）,山东省,济宁市,smkt
20261408,ELEME,76W251383A,1056085209,家家悦（济宁任城区太白广场店）,山东省,济宁市,smkt
20261408,ELEME,76W171662A,662854333,家家悦（济宁任城吾悦广场店）,山东省,济宁市,smkt
20261408,ELEME,76W110809A,389552136,家家悦（济宁永润广场店）,山东省,济宁市,smkt
20261408,ELEME,76W056386A,279785249,龙贵超市（兖州广场店）,山东省,济宁市,smkt
20261408,ELEME,76W010938A,239739259,大润发(济水店),河南省,济源市,hmkt
20261408,ELEME,76W206651A,708282423,比优特超市（华泰新城店）,黑龙江省,佳木斯市,smkt
20261408,ELEME,76W198336A,688157129,比优特超市(佳木斯百货大楼店),黑龙江省,佳木斯市,smkt
20261408,ELEME,76W010278A,239729288,大润发(万新店),黑龙江省,佳木斯市,hmkt
20261408,ELEME,76W008936A,239687418,大润发(向阳店),黑龙江省,佳木斯市,hmkt
20261408,ELEME,76W116536A,404394239,家乐购超市（世纪生活店）,黑龙江省,佳木斯市,smkt
20261408,ELEME,76W225870A,863626075,KKV(嘉兴八佰伴购物中心主力店),浙江省,嘉兴市,mmkt
20261408,ELEME,76W225899A,862637041,KKV(嘉兴华润南湖天地主力店),浙江省,嘉兴市,mmkt
20261408,ELEME,76W568437A,20002651245,KKV(嘉兴桐乡万象汇店),浙江省,嘉兴市,mmkt
20261408,ELEME,76W011927A,239754319,大润发(平湖店),浙江省,嘉兴市,hmkt
20261408,ELEME,76W013063A,239773287,大润发(秀洲店),浙江省,嘉兴市,hmkt
20261408,ELEME,76W014384A,239793213,大润发（中环东路店）,浙江省,嘉兴市,hmkt
20261408,ELEME,76W149144A,583887239,海港超市（斜桥二店）,浙江省,嘉兴市,mmkt
20261408,ELEME,76W570895A,20005290492,盒马NB(桐乡梧桐邻里店),浙江省,嘉兴市,smkt
20261408,ELEME,76W437144A,1088663462,华联大多市总店超市,浙江省,嘉兴市,mmkt
20261408,ELEME,76W196770A,658893222,三江超市(嘉兴店),浙江省,嘉兴市,smkt
20261408,ELEME,76W573071A,1100556399,潴潴家美食仓储店(百悦府店),浙江省,嘉兴市,mmkt
20261408,ELEME,76W319560A,1077953070,左邻右舍（城弘小区店）,浙江省,嘉兴市,mmkt
20261408,ELEME,76W525956A,1106810102,左邻右舍（东升店）,浙江省,嘉兴市,mmkt
20261408,ELEME,76W220659A,828453047,KKV(江门汇悦大融城店),广东省,江门市,mmkt
20261408,ELEME,76W220666A,825709489,KKV（江门江海万达广场主力店）,广东省,江门市,mmkt
20261408,ELEME,76W223073A,830944208,KKV（揭阳天虹购物中心主力店）,广东省,揭阳市,mmkt
20261408,ELEME,76W223077A,872277403,KKV（揭阳万达广场主力店）,广东省,揭阳市,mmkt
20261408,ELEME,76W240143A,945415330,KKV(普宁万泰汇购物中心主力店),广东省,揭阳市,mmkt
20261408,ELEME,76W309296A,1068131465,777福泰隆,浙江省,金华市,mmkt
20261408,ELEME,76W576257A,20011450265,KKV(金华金东万达广场店),浙江省,金华市,mmkt
20261408,ELEME,76W309338A,1068438214,KKV(金华世贸城市广场店),浙江省,金华市,mmkt
20261408,ELEME,76W014698A,239799116,世纪联华（东阳人民路店）,浙江省,金华市,smkt
20261408,ELEME,76W008043A,239376144,世纪联华（东阳艺海北路店）,浙江省,金华市,smkt
20261408,ELEME,76W205595A,709475080,世纪联华（金华万固广场店）,浙江省,金华市,smkt
20261408,ELEME,76W205752A,694284120,世纪联华（兰溪宝龙广场店）,浙江省,金华市,smkt
20261408,ELEME,76W067329A,284825101,世纪联华（义乌稠州路店）,浙江省,金华市,smkt
20261408,ELEME,76W014404A,239794062,世纪联华（义乌江东中路店）,浙江省,金华市,smkt
20261408,ELEME,76W136586A,543295054,双江时代(荷叶塘一店),浙江省,金华市,smkt
20261408,ELEME,76W138249A,553764107,物全家美生活超市(五马塘店),浙江省,金华市,mmkt
20261408,ELEME,76W022001A,240111296,左邻右舍(银泰城店),浙江省,金华市,mmkt
20261408,ELEME,76W407355A,1076156240,左邻右舍超市（平川路店）,浙江省,金华市,mmkt
20261408,ELEME,76W220160A,820188441,KKV（锦州万达广场主力店）,辽宁省,锦州市,mmkt
20261408,ELEME,76W121636A,415215465,比优特超市（锦州店）,辽宁省,锦州市,smkt
20261408,ELEME,76W014785A,239800173,大润发(体育场店),辽宁省,锦州市,hmkt
20261408,ELEME,76W200228A,286528169,家家利（时代广场店）,山西省,晋中市,smkt
20261408,ELEME,76W200227A,286572185,家家利(世纪广场店),山西省,晋中市,smkt
20261408,ELEME,76W272542A,288215494,家家利超市(大楼店),山西省,晋中市,smkt
20261408,ELEME,76W209474A,769457435,家家利超市（太谷购物广场店）,山西省,晋中市,smkt
20261408,ELEME,76W079335A,293899101,金虎便利（3124寿阳县转盘店）,山西省,晋中市,cvs
20261408,ELEME,76W138676A,555029078,金虎便利（3562介休信合苑店）,山西省,晋中市,cvs
20261408,ELEME,76W275907A,1067522470,金虎便利（3983昔阳紫光店）,山西省,晋中市,cvs
20261408,ELEME,76W404115A,1085302074,金虎便利（7102左权芸山小区店）,山西省,晋中市,cvs
20261408,ELEME,76W496560A,1101097350,雅斯超市(胡集农贸大市场店),湖北省,荆门市,smkt
20261408,ELEME,76W529330A,974121371,雅斯超市(钟祥安陆府夜市店),湖北省,荆门市,smkt
20261408,ELEME,76W055842A,276971482,中百仓储超市(联合广场店),湖北省,荆门市,smkt
20261408,ELEME,76W055829A,276374075,中百仓储超市(钟祥店),湖北省,荆门市,smkt
20261408,ELEME,76W010829A,239737315,大润发(荆沙店),湖北省,荆州市,hmkt
20261408,ELEME,76W008843A,239684398,大润发(荆州店),湖北省,荆州市,hmkt
20261408,ELEME,76W436926A,1088159078,买哒生活馆（上海公馆店）,湖北省,荆州市,mmkt
20261408,ELEME,76W085932A,307924214,中百仓储(江南欣城店),湖北省,荆州市,smkt
20261408,ELEME,76W080263A,294825172,中百仓储(石首店),湖北省,荆州市,smkt
20261408,ELEME,76W055794A,276340148,中百仓储超市(荆州新天地店),湖北省,荆州市,smkt
20261408,ELEME,76W227538A,912637089,中百罗森（荆州聚珍园广场店）,湖北省,荆州市,cvs
20261408,ELEME,76W272015A,1066290362,中百罗森(松滋民主路店),湖北省,荆州市,cvs
20261408,ELEME,76W007240A,239360306,中商优品汇（沙市店）,湖北省,荆州市,smkt
20261408,ELEME,76W101294A,364910466,唯唯熊便利超市（长虹店）,江西省,景德镇市,mmkt
20261408,ELEME,76W295061A,1070298031,唯唯熊便利店（玲珑路店）,江西省,景德镇市,mmkt
20261408,ELEME,76W573137A,1108807064,KKV(九江濂溪万达广场店),江西省,九江市,mmkt
20261408,ELEME,76W012419A,239764394,乐豆家(恒盛科技园0167店),江西省,九江市,mmkt
20261408,ELEME,76W037510A,264528071,联盛超市（九龙新城店）,江西省,九江市,smkt
20261408,ELEME,76W527589A,264499356,联盛超市（庐山南路店）,江西省,九江市,mmkt
20261408,ELEME,76W527595A,264538185,联盛超市（修水百汇店）,江西省,九江市,hmkt
20261408,ELEME,76W037539A,264531042,联盛超市（学院店）,江西省,九江市,smkt
20261408,ELEME,76W527594A,264536008,联盛超市（怡嘉店）,江西省,九江市,mmkt
20261408,ELEME,76W528596A,648183313,谊品生鲜超市(加州风情店),江西省,九江市,mmkt
20261408,ELEME,76W009520A,239708403,大润发(解放店),河南省,开封市,hmkt
20261408,ELEME,76W167842A,662197077,三毛便利（宏学街店）,河南省,开封市,mmkt
20261408,ELEME,76W239157A,901209201,三毛超市（大宏店）,河南省,开封市,mmkt
20261408,ELEME,76W229931A,901244140,三毛超市（新曹路店）,河南省,开封市,mmkt
20261408,ELEME,76W229937A,901114450,三毛超市（新五一店）,河南省,开封市,mmkt
20261408,ELEME,76W574146A,20002853099,鲜风生活(尉氏店),河南省,开封市,smkt
20261408,ELEME,76W534537A,1109154463,鲜风生活（幸福里店）,河南省,开封市,smkt
20261408,ELEME,76W525872A,1107693025,壹度便利(开封鼎力国际店),河南省,开封市,mmkt
20261408,ELEME,76W261389A,1059160298,711便利店（滇池卫城店）,云南省,昆明市,cvs
20261408,ELEME,76W261386A,1059003427,711便利店（新迎新城店）,云南省,昆明市,cvs
20261408,ELEME,76W223232A,814471312,KKV(昆明爱琴海主力店),云南省,昆明市,mmkt
20261408,ELEME,76W267535A,1063050396,KKV（昆明安宁万达广场店）,云南省,昆明市,mmkt
20261408,ELEME,76W223264A,814328335,KKV（昆明呈贡万达广场主力店）,云南省,昆明市,mmkt
20261408,ELEME,76W223250A,851480356,KKV（昆明呈贡吾悦广场主力店）,云南省,昆明市,mmkt
20261408,ELEME,76W231592A,876354126,KKV（昆明海乐城主力店）,云南省,昆明市,mmkt
20261408,ELEME,76W223245A,861034278,KKV（昆明瑞鼎城爱琴海主力店）,云南省,昆明市,mmkt
20261408,ELEME,76W240285A,1009429434,KKV(昆明世纪金源购物中心店),云南省,昆明市,mmkt
20261408,ELEME,76W223237A,814379329,KKV（昆明新西南广场主力店）,云南省,昆明市,mmkt
20261408,ELEME,76W501938A,1103580255,KKV校园超市（昆明呈贡万达广场主力店）,云南省,昆明市,mmkt
20261408,ELEME,76W527586A,264229463,大尔多超市(和谐世纪店),云南省,昆明市,smkt
20261408,ELEME,76W038920A,264614468,大润发(安宁店),云南省,昆明市,hmkt
20261408,ELEME,76W011274A,239744284,大润发(官南店),云南省,昆明市,hmkt
20261408,ELEME,76W010343A,239730297,大润发(广福店),云南省,昆明市,hmkt
20261408,ELEME,76W118188A,406879353,大润发(海源店),云南省,昆明市,hmkt
20261408,ELEME,76W069086A,287586290,海贩万家生活超市（果林店）,云南省,昆明市,smkt
20261408,ELEME,76W006378A,239348419,海贩万家生活超市（鲜客汇店）,云南省,昆明市,smkt
20261408,ELEME,76W072305A,288595379,盒马鲜生（大悦城店）,云南省,昆明市,smkt
20261408,ELEME,76W055160A,275098190,盒马鲜生(公园1903店),云南省,昆明市,smkt
20261408,ELEME,76W134368A,534738002,盒马鲜生(和谐世纪店),云南省,昆明市,smkt
20261408,ELEME,76W207206A,709322297,盒马鲜生（七彩Metown店）,云南省,昆明市,smkt
20261408,ELEME,76W039609A,264653050,盒马鲜生(瑞鼎城店),云南省,昆明市,smkt
20261408,ELEME,76W486786A,1098651278,盒马鲜生（世纪金源店）,云南省,昆明市,smkt
20261408,ELEME,76W528322A,534305188,盒马鲜生（西城店）,云南省,昆明市,smkt
20261408,ELEME,76W018540A,240079184,日新达生活超市（和谐店）,云南省,昆明市,mmkt
20261408,ELEME,76W055772A,276320072,日新达生活超市（昆明湖二店）,云南省,昆明市,mmkt
20261408,ELEME,76W019024A,240085159,日新达生鲜超市（创意店）,云南省,昆明市,mmkt
20261408,ELEME,76W016042A,240043345,日新达生鲜超市（天骄1店）,云南省,昆明市,mmkt
20261408,ELEME,76W574840A,20007350294,苏宁小店(佳湖新城店),云南省,昆明市,mmkt
20261408,ELEME,76W014445A,239794245,之佳便利（财富中心店）,云南省,昆明市,cvs
20261408,ELEME,76W013496A,239779335,之佳便利(关南路店),云南省,昆明市,cvs
20261408,ELEME,76W004656A,239325255,之佳便利（昆钢凌波三期店）,云南省,昆明市,cvs
20261408,ELEME,76W094300A,330438042,之佳便利（昆明菱角塘店）,云南省,昆明市,cvs
20261408,ELEME,76W030346A,245450470,之佳便利(印象首日封分店),云南省,昆明市,cvs
20261408,ELEME,76W246241A,1055025463,7-11（万达广场南侧店）,河北省,廊坊市,cvs
20261408,ELEME,76W224886A,813913079,好又多超市,河北省,廊坊市,mmkt
20261408,ELEME,76W037162A,264421232,京客隆（第七大街店）,河北省,廊坊市,smkt
20261408,ELEME,76W176704A,669475071,罗森便利店（廊坊阿尔卡迪亚店）,河北省,廊坊市,cvs
20261408,ELEME,76W440719A,1092445440,罗森便利店（廊坊霸州兴华中路店）,河北省,廊坊市,cvs
20261408,ELEME,76W268639A,1062444284,罗森便利店（廊坊开发区金融街店）,河北省,廊坊市,cvs
20261408,ELEME,76W279276A,1067836347,罗森便利店(廊坊狮子城店),河北省,廊坊市,cvs
20261408,ELEME,76W256688A,1057023365,罗森便利店（廊坊燕郊尚京广场店）,河北省,廊坊市,cvs
20261408,ELEME,76W268638A,1065130066,罗森便利店（廊坊永清金雀街店）,河北省,廊坊市,cvs
20261408,ELEME,76W108499A,376730026,明珠超市（总店）,河北省,廊坊市,smkt
20261408,ELEME,76W406356A,1070240402,七鲜超市（廊坊大中广场店）,河北省,廊坊市,smkt
20261408,ELEME,76W087708A,309687305,家家乐（峨眉翡翠城店）,四川省,乐山市,smkt
20261408,ELEME,76W087693A,309668138,家家乐(乐山翡翠一店),四川省,乐山市,smkt
20261408,ELEME,76W100099A,360807389,家家乐（沙湾银杏店）,四川省,乐山市,smkt
20261408,ELEME,76W417283A,1087132409,丽客隆超市（束河店）,云南省,丽江市,smkt
20261408,ELEME,76W436095A,1087232075,丽客隆超市（体育场店）,云南省,丽江市,smkt
20261408,ELEME,76W226654A,825804322,KKV（丽水万地广场主力店）,浙江省,丽水市,mmkt
20261408,ELEME,76W012439A,239765201,世纪联华（青田鹤城路店）,浙江省,丽水市,smkt
20261408,ELEME,76W014019A,239787115,世纪联华（遂昌园丁路店）,浙江省,丽水市,hmkt
20261408,ELEME,76W012401A,239764315,大润发(中山西路店),江苏省,连云港市,hmkt
20261408,ELEME,76W011070A,239741315,大润发(辽阳店),辽宁省,辽阳市,hmkt
20261408,ELEME,76W255314A,1057984057,罗森便利店（9004辽阳佰亿路分店）,辽宁省,辽阳市,cvs
20261408,ELEME,76W255312A,1058037025,罗森便利店（9005辽阳金域明珠分店）,辽宁省,辽阳市,cvs
20261408,ELEME,76W014377A,239793185,大润发(辽源店),吉林省,辽源市,hmkt
20261408,ELEME,76W009877A,239716404,大润发(东昌店),山东省,聊城市,hmkt
20261408,ELEME,76W191830A,686347124,美特好超市（临汾店）,山西省,临汾市,smkt
20261408,ELEME,76W009472A,239707384,大润发(蒙山店),山东省,临沂市,hmkt
20261408,ELEME,76W271711A,1066502293,家家悦（临沂兰陵万达广场店）,山东省,临沂市,smkt
20261408,ELEME,76W124368A,430666484,家家悦(临沂临沭县万达广场店),山东省,临沂市,smkt
20261408,ELEME,76W197166A,294387469,家家悦（沂水人民广场店）,山东省,临沂市,smkt
20261408,ELEME,76W134478A,535107446,九州超市(黄金水岸店),山东省,临沂市,smkt
20261408,ELEME,76W115162A,401656415,九州超市(美景华庭店),山东省,临沂市,mmkt
20261408,ELEME,76W295899A,1067596111,九州超市(南昌路店),山东省,临沂市,smkt
20261408,ELEME,76W068120A,286166397,九州超市(天顺家园店),山东省,临沂市,smkt
20261408,ELEME,76W461951A,1094962459,可好（君悦购物中心113150店）,山东省,临沂市,cvs
20261408,ELEME,76W486244A,1100471292,可好（莲花山公园113156店）,山东省,临沂市,cvs
20261408,ELEME,76W319852A,1076546002,可好（刘南宅步行街113147店）,山东省,临沂市,cvs
20261408,ELEME,76W041094A,265576089,银座商城(临沭店),山东省,临沂市,smkt
20261408,ELEME,76W139546A,557217347,友客（豪森丽都店）,山东省,临沂市,cvs
20261408,ELEME,76W263961A,1059529132,友客（临沂大学城店）,山东省,临沂市,cvs
20261408,ELEME,76W527145A,239706415,大润发(柳北店),广西壮族自治区,柳州市,smkt
20261408,ELEME,76W009978A,239718385,大润发(柳南店),广西壮族自治区,柳州市,hmkt
20261408,ELEME,76W009374A,239705430,大润发(文惠桥店),广西壮族自治区,柳州市,hmkt
20261408,ELEME,76W206544A,709591208,大润发(六安店),安徽省,六安市,hmkt
20261408,ELEME,76W107007A,373924274,邻几（六安浙东商贸城店）,安徽省,六安市,cvs
20261408,ELEME,76W418274A,1086978247,罗森便利店（泸州钟鼓楼店）,四川省,泸州市,cvs
20261408,ELEME,76W227244A,814194171,KKV（洛阳正大广场店）,河南省,洛阳市,mmkt
20261408,ELEME,76W227233A,825888061,KKV（洛阳中州万达广场店）,河南省,洛阳市,mmkt
20261408,ELEME,76W212431A,800715419,家家利超市（离石店）,山西省,吕梁市,smkt
20261408,ELEME,76W529063A,661994138,家家利超市（孝义华美店）,山西省,吕梁市,hmkt
20261408,ELEME,76W174473A,649960076,家家利超市（孝义楼东店）,山西省,吕梁市,smkt
20261408,ELEME,76W125990A,433406256,邻几便利店（深业华府店）,安徽省,马鞍山市,cvs
20261408,ELEME,76W103491A,370080264,宏远上铖超市(盖丽店),四川省,眉山市,smkt
20261408,ELEME,76W103630A,370257325,宏远上铖超市(三苏店),四川省,眉山市,smkt
20261408,ELEME,76W102534A,366773333,宏远上铖超市(天力店),四川省,眉山市,smkt
20261408,ELEME,76W235409A,872404173,KKV（梅州万达广场主力店）,广东省,梅州市,mmkt
20261408,ELEME,76W002036A,239288311,大润发(梅州店),广东省,梅州市,hmkt
20261408,ELEME,76W247296A,1028705056,KKV（绵阳王府井中心店）,四川省,绵阳市,mmkt
20261408,ELEME,76W258089A,1059033087,奥特乐（绵阳涪城凯德广场店）,四川省,绵阳市,mmkt
20261408,ELEME,76W271896A,1066347119,罗森便利店（绵阳1958店）,四川省,绵阳市,cvs
20261408,ELEME,76W274456A,1064999029,罗森便利店（绵阳经开万达店）,四川省,绵阳市,cvs
20261408,ELEME,76W220877A,814441410,KKV(牡丹江万达广场主力店),黑龙江省,牡丹江市,mmkt
20261408,ELEME,76W275486A,1067931197,比优特超市（牡丹江万达店）,黑龙江省,牡丹江市,smkt
20261408,ELEME,76W010279A,239729289,大润发(东安店),黑龙江省,牡丹江市,hmkt
20261408,ELEME,76W010748A,239736316,大润发(西安店),黑龙江省,牡丹江市,hmkt
20261408,ELEME,76W574326A,20004010262,好日子生鲜超市(爱民店),黑龙江省,牡丹江市,smkt
20261408,ELEME,76W574319A,20003861159,好日子生鲜超市(东一店),黑龙江省,牡丹江市,smkt
20261408,ELEME,76W046711A,266382313,好日子生鲜超市（金地店）,黑龙江省,牡丹江市,smkt
20261408,ELEME,76W046287A,266293190,龙江好日子生鲜超市(东京城店),黑龙江省,牡丹江市,smkt
20261408,ELEME,76W525582A,1107766168,KKV(南昌红谷滩万象天地店),江西省,南昌市,mmkt
20261408,ELEME,76W245168A,1018122170,KKV(南昌经开旭辉广场店),江西省,南昌市,mmkt
20261408,ELEME,76W277759A,1068987266,KKV（南昌新建城万达广场店）,江西省,南昌市,mmkt
20261408,ELEME,76W494314A,1102764227,KKV校园超市（南昌经开旭辉广场店）,江西省,南昌市,mmkt
20261408,ELEME,76W223404A,813702438,盒马鲜生（恒茂梦时代店）,江西省,南昌市,smkt
20261408,ELEME,76W512000A,1103630298,盒马鲜生（华润万象天地店）,江西省,南昌市,smkt
20261408,ELEME,76W485360A,1097015451,盒马鲜生（江旅都市方舟店）,江西省,南昌市,smkt
20261408,ELEME,76W010670A,239735308,乐豆家(船山路0091店),江西省,南昌市,mmkt
20261408,ELEME,76W092129A,322433163,乐豆家(皇冠国际0259店),江西省,南昌市,mmkt
20261408,ELEME,76W202197A,239711337,乐豆家(丽都广场0051店),江西省,南昌市,mmkt
20261408,ELEME,76W010526A,239733276,乐豆家(梦时代二0045店),江西省,南昌市,mmkt
20261408,ELEME,76W529471A,1060883182,乐豆家(青山湖万达0546店),江西省,南昌市,mmkt
20261408,ELEME,76W030571A,246435225,乐豆家(香溢花城0106店),江西省,南昌市,mmkt
20261408,ELEME,76W010118A,239727277,乐豆家(紫荆0052店),江西省,南昌市,mmkt
20261408,ELEME,76W075274A,291119427,旺中旺生活超市（海上传奇店）,江西省,南昌市,smkt
20261408,ELEME,76W072759A,288691361,旺中旺生活超市（洪兴店）,江西省,南昌市,smkt
20261408,ELEME,76W074622A,290411386,旺中旺生活超市（鸿峰店）,江西省,南昌市,mmkt
20261408,ELEME,76W075299A,291135407,旺中旺生活超市（建设路店）,江西省,南昌市,smkt
20261408,ELEME,76W074651A,290428373,旺中旺生活超市（江大南路店）,江西省,南昌市,smkt
20261408,ELEME,76W528778A,290443242,旺中旺生活超市（金阳光店）,江西省,南昌市,mmkt
20261408,ELEME,76W074540A,290373441,旺中旺生活超市（莲西店）,江西省,南昌市,smkt
20261408,ELEME,76W075340A,291195008,旺中旺生活超市（洛阳东路店）,江西省,南昌市,smkt
20261408,ELEME,76W527865A,291153468,旺中旺生活超市（明珠店）,江西省,南昌市,mmkt
20261408,ELEME,76W075265A,291116455,旺中旺生活超市（孺子路店）,江西省,南昌市,smkt
20261408,ELEME,76W074699A,290465007,旺中旺生活超市（师大店）,江西省,南昌市,smkt
20261408,ELEME,76W527862A,291117490,旺中旺生活超市（现代铭园店）,江西省,南昌市,mmkt
20261408,ELEME,76W075248A,291102498,旺中旺生活超市（兴国路店）,江西省,南昌市,smkt
20261408,ELEME,76W116511A,404347091,旺中旺生活超市（正荣店）,江西省,南昌市,smkt
20261408,ELEME,76W527870A,291367135,旺中旺生活超市（众鑫城上城店）,江西省,南昌市,mmkt
20261408,ELEME,76W528408A,591877469,谊品生鲜超市（保集半岛店）,江西省,南昌市,mmkt
20261408,ELEME,76W528404A,591644409,谊品生鲜超市(丁香怡景店),江西省,南昌市,mmkt
20261408,ELEME,76W528242A,429817217,谊品生鲜超市(丰和花苑店),江西省,南昌市,mmkt
20261408,ELEME,76W526945A,676522027,谊品生鲜超市（联胜世家店）,江西省,南昌市,mmkt
20261408,ELEME,76W528406A,658121294,谊品生鲜超市（林馨嘉苑店）,江西省,南昌市,mmkt
20261408,ELEME,76W529142A,676336310,谊品生鲜超市（绿地国博城店）,江西省,南昌市,mmkt
20261408,ELEME,76W528407A,669662324,谊品生鲜超市（万科海上传奇店）,江西省,南昌市,mmkt
20261408,ELEME,76W150074A,648164067,谊品生鲜超市（万科红墅店）,江西省,南昌市,mmkt
20261408,ELEME,76W528240A,429710325,谊品生鲜超市(万科金域国际店),江西省,南昌市,mmkt
20261408,ELEME,76W528365A,571270081,谊品生鲜超市(霞麦村店),江西省,南昌市,mmkt
20261408,ELEME,76W529062A,748162128,谊品生鲜超市(新力上园店),江西省,南昌市,mmkt
20261408,ELEME,76W218249A,814172142,KKV(南充王府井购物中心店),四川省,南充市,mmkt
20261408,ELEME,76W226527A,828354232,KKV（南京新尧金地广场店）,江苏省,南京市,mmkt
20261408,ELEME,76W015250A,239808189,大润发（江宁店）,江苏省,南京市,hmkt
20261408,ELEME,76W012607A,239767302,大润发(溧水店),江苏省,南京市,hmkt
20261408,ELEME,76W515029A,1097824240,大润发(龙池店),江苏省,南京市,hmkt
20261408,ELEME,76W535228A,1108794277,KKV（南宁百货大楼店）,广西壮族自治区,南宁市,mmkt
20261408,ELEME,76W519801A,1107385049,KKV(南宁会展航洋城主力店),广西壮族自治区,南宁市,mmkt
20261408,ELEME,76W225232A,872211476,KKV（南宁龙光蓝鲸世界广场主力店）,广西壮族自治区,南宁市,mmkt
20261408,ELEME,76W527942A,294726467,百佳华（大沙田店）,广西壮族自治区,南宁市,hmkt
20261408,ELEME,76W011671A,239750302,大润发(西乡塘店),广西壮族自治区,南宁市,hmkt
20261408,ELEME,76W529681A,1084797060,广百家超市(相思湖店),广西壮族自治区,南宁市,hmkt
20261408,ELEME,76W224720A,839530333,KKV（南通如皋万达广场主力店）,江苏省,南通市,mmkt
20261408,ELEME,76W224717A,840115354,KKV（南通中南城购物中心主力店）,江苏省,南通市,mmkt
20261408,ELEME,76W015496A,239812174,大润发(八仙城店),江苏省,南通市,hmkt
20261408,ELEME,76W015241A,239808167,大润发(观音山店),江苏省,南通市,hmkt
20261408,ELEME,76W000993A,239273434,大润发(海门店),江苏省,南通市,hmkt
20261408,ELEME,76W010345A,239730299,大润发(任港店),江苏省,南通市,hmkt
20261408,ELEME,76W299267A,1067716202,罗森便利店（内江万达金街店）,四川省,内江市,cvs
20261408,ELEME,76W519789A,1107532338,KKV(宁波爱琴海购物公园店),浙江省,宁波市,mmkt
20261408,ELEME,76W458608A,1093059220,KKV(宁波海曙龙湖天街广场店),浙江省,宁波市,mmkt
20261408,ELEME,76W221805A,839503358,KKV（宁波环球银泰城主力店）,浙江省,宁波市,mmkt
20261408,ELEME,76W221794A,872067152,KKV（余姚五彩城主力店）,浙江省,宁波市,mmkt
20261408,ELEME,76W008941A,239687428,大润发(北仑店),浙江省,宁波市,hmkt
20261408,ELEME,76W008782A,239681470,大润发(慈溪店),浙江省,宁波市,hmkt
20261408,ELEME,76W013066A,239773318,大润发(高鑫广场店),浙江省,宁波市,hmkt
20261408,ELEME,76W015551A,239813170,大润发(海曙店),浙江省,宁波市,hmkt
20261408,ELEME,76W002966A,239301363,大润发(洪塘店),浙江省,宁波市,hmkt
20261408,ELEME,76W566214A,1113100227,盒马鲜生(泰山店),浙江省,宁波市,smkt
20261408,ELEME,76W078237A,292656249,三江购物（东钱湖店）,浙江省,宁波市,smkt
20261408,ELEME,76W210092A,791914120,三江购物(东裕店),浙江省,宁波市,smkt
20261408,ELEME,76W230037A,893693096,三江购物（华严店）,浙江省,宁波市,smkt
20261408,ELEME,76W077501A,292561341,三江购物（环球城店）,浙江省,宁波市,smkt
20261408,ELEME,76W083069A,301582219,三江购物（姜山店）,浙江省,宁波市,smkt
20261408,ELEME,76W078390A,292671224,三江购物（锦诚店）,浙江省,宁波市,smkt
20261408,ELEME,76W192296A,687182331,三江购物（康庄店）,浙江省,宁波市,smkt
20261408,ELEME,76W037197A,264477456,三江购物(来福士店),浙江省,宁波市,smkt
20261408,ELEME,76W083374A,301890244,三江购物（民安店）,浙江省,宁波市,smkt
20261408,ELEME,76W078360A,292668213,三江购物（南都店）,浙江省,宁波市,smkt
20261408,ELEME,76W078574A,292690156,三江购物(青林店),浙江省,宁波市,smkt
20261408,ELEME,76W078255A,292658227,三江购物(四明店),浙江省,宁波市,smkt
20261408,ELEME,76W200884A,708556002,三江购物（霞浦店）,浙江省,宁波市,smkt
20261408,ELEME,76W077868A,292613306,三江购物（徐家漕店）,浙江省,宁波市,smkt
20261408,ELEME,76W078416A,292674203,三江购物(姚江店),浙江省,宁波市,smkt
20261408,ELEME,76W100685A,361772379,三江购物邻里（东大道壹号店）,浙江省,宁波市,mmkt
20261408,ELEME,76W127164A,436730116,世纪联华(宁波北仑印象里店),浙江省,宁波市,smkt
20261408,ELEME,76W013610A,239781186,世纪联华（宁波康庄南路店）,浙江省,宁波市,smkt
20261408,ELEME,76W013379A,239778173,世纪联华（宁波石浦店）,浙江省,宁波市,smkt
20261408,ELEME,76W126730A,435795230,世纪联华（象山万达广场店）,浙江省,宁波市,smkt
20261408,ELEME,76W565823A,1111166358,小小超市凤凰城店,浙江省,宁波市,mmkt
20261408,ELEME,76W028610A,240372259,银泰西选（宁波奥莱店）,浙江省,宁波市,mmkt
20261408,ELEME,76W132396A,531024334,比优特超市（盘锦万达）,辽宁省,盘锦市,smkt
20261408,ELEME,76W014242A,239791214,大润发(兴隆台店),辽宁省,盘锦市,hmkt
20261408,ELEME,76W048197A,267003391,世全食美生活超市(东方巴黎店),江西省,萍乡市,mmkt
20261408,ELEME,76W121557A,415138237,大润发(莆田店),福建省,莆田市,hmkt
20261408,ELEME,76W244236A,1018079284,凤凰百货（梅峰店）,福建省,莆田市,smkt
20261408,ELEME,76W200692A,688065229,凤凰百货（南门店）,福建省,莆田市,smkt
20261408,ELEME,76W244235A,1017963362,凤凰百货(万通店),福建省,莆田市,mmkt
20261408,ELEME,76W195355A,687576220,百姓量贩（富华街店）,河南省,濮阳市,mmkt
20261408,ELEME,76W195348A,687520332,百姓量贩（任丘店）,河南省,濮阳市,mmkt
20261408,ELEME,76W185942A,661019445,百姓量贩（世龙店）,河南省,濮阳市,smkt
20261408,ELEME,76W185932A,661587004,百姓量贩（五一路店）,河南省,濮阳市,smkt
20261408,ELEME,76W195353A,687571310,百姓量贩（长庆店）,河南省,濮阳市,smkt
20261408,ELEME,76W185935A,661334493,百姓量贩（中原路店）,河南省,濮阳市,smkt
20261408,ELEME,76W185950A,662791162,百姓量贩(紫东店),河南省,濮阳市,smkt
20261408,ELEME,76W262490A,813822480,隆祥生活超市(宾馆店),河南省,濮阳市,mmkt
20261408,ELEME,76W493351A,1103212326,隆祥生活超市（华府山水店）,河南省,濮阳市,mmkt
20261408,ELEME,76W502464A,1103275378,隆祥生活超市（清丰店）,河南省,濮阳市,smkt
20261408,ELEME,76W535135A,1103279360,隆祥生活超市(商贸店),河南省,濮阳市,smkt
20261408,ELEME,76W269414A,813878408,隆祥生活超市（兴龙湾店）,河南省,濮阳市,smkt
20261408,ELEME,76W501522A,1103243372,隆祥生活超市(中原店),河南省,濮阳市,mmkt
20261408,ELEME,76W527718A,268525058,绿城超市（格瑞斯小镇店）,河南省,濮阳市,smkt
20261408,ELEME,76W161448A,656949324,绿城超市（华府山水店）,河南省,濮阳市,mmkt
20261408,ELEME,76W054673A,274701423,绿城超市（黄河路店）,河南省,濮阳市,mmkt
20261408,ELEME,76W528819A,390966329,绿城超市(京开店),河南省,濮阳市,smkt
20261408,ELEME,76W529773A,1092339389,绿城超市（绿城小区店）,河南省,濮阳市,smkt
20261408,ELEME,76W161450A,595326318,绿城超市（明月湖店）,河南省,濮阳市,mmkt
20261408,ELEME,76W054699A,274706416,绿城超市（人民路店）,河南省,濮阳市,smkt
20261408,ELEME,76W462112A,1094596145,绿城超市（西街店）,河南省,濮阳市,mmkt
20261408,ELEME,76W054643A,274696422,绿城超市（谢东广场店）,河南省,濮阳市,smkt
20261408,ELEME,76W054482A,274668403,绿城超市（乙烯店）,河南省,濮阳市,smkt
20261408,ELEME,76W126424A,434598364,普客隆(解放路店),河南省,濮阳市,mmkt
20261408,ELEME,76W126372A,434534003,普客隆（未来城店）,河南省,濮阳市,mmkt
20261408,ELEME,76W567843A,20001954161,大兴量贩(澜沧店),云南省,普洱市,smkt
20261408,ELEME,76W567836A,20001941486,大兴量贩(宁洱店),云南省,普洱市,smkt
20261408,ELEME,76W527764A,274656430,天生祥（江城店）,云南省,普洱市,mmkt
20261408,ELEME,76W049611A,268742020,天生祥(孟连店),云南省,普洱市,smkt
20261408,ELEME,76W042545A,265926230,天生祥（雅侎之星店）,云南省,普洱市,smkt
20261408,ELEME,76W042249A,265904369,天生祥超市（景谷店）,云南省,普洱市,smkt
20261408,ELEME,76W527658A,265779029,天生祥超市（澜沧店）,云南省,普洱市,mmkt
20261408,ELEME,76W528923A,707250216,天生祥超市（一号店）,云南省,普洱市,hmkt
20261408,ELEME,76W528922A,707461007,天生祥超市(中心店),云南省,普洱市,hmkt
20261408,ELEME,76W445110A,266293397,北方超市(万宝店),黑龙江省,七台河市,mmkt
20261408,ELEME,76W433614A,1057681493,大商新玛特超市（山湖路店）,黑龙江省,七台河市,smkt
20261408,ELEME,76W227163A,814342483,KKV（齐齐哈尔万达广场主力店）,黑龙江省,齐齐哈尔市,mmkt
20261408,ELEME,76W009316A,239704437,大润发(建华店),黑龙江省,齐齐哈尔市,hmkt
20261408,ELEME,76W011005A,239740316,大润发(龙沙店),黑龙江省,齐齐哈尔市,hmkt
20261408,ELEME,76W220741A,825739433,KKV（凯里国贸购物中心主力店）,贵州省,黔东南苗族侗族自治州,mmkt
20261408,ELEME,76W083030A,301548274,佳惠超市（凯里阳光店）,贵州省,黔东南苗族侗族自治州,smkt
20261408,ELEME,76W102627A,366889089,大润发(都匀店),贵州省,黔南布依族苗族自治州,hmkt
20261408,ELEME,76W228057A,239285356,大润发(兴义店),贵州省,黔西南布依族苗族自治州,hmkt
20261408,ELEME,76W004046A,239318014,大润发(钦州店),广西壮族自治区,钦州市,hmkt
20261408,ELEME,76W007482A,239364177,佳源超市（东港店）,河北省,秦皇岛市,smkt
20261408,ELEME,76W177559A,669798060,罗森便利店（秦皇岛建兴里店）,河北省,秦皇岛市,cvs
20261408,ELEME,76W197279A,675863414,罗森便利店（秦皇岛明日星城店）,河北省,秦皇岛市,cvs
20261408,ELEME,76W501991A,1100953347,711便利店（青岛万象城店）,山东省,青岛市,cvs
20261408,ELEME,76W570378A,20004669153,KKV(青岛凯德新都心店),山东省,青岛市,mmkt
20261408,ELEME,76W569532A,20003669369,KKV(青岛崂山丽达店),山东省,青岛市,mmkt
20261408,ELEME,76W223671A,872040186,KKV(青岛乐客城主力店),山东省,青岛市,mmkt
20261408,ELEME,76W009682A,239712390,大润发(春阳店),山东省,青岛市,hmkt
20261408,ELEME,76W014194A,239790209,大润发(阜安店),山东省,青岛市,hmkt
20261408,ELEME,76W009370A,239705419,大润发(即墨店),山东省,青岛市,hmkt
20261408,ELEME,76W008779A,239681466,大润发(崂山店),山东省,青岛市,hmkt
20261408,ELEME,76W009474A,239707386,大润发(平度店),山东省,青岛市,hmkt
20261408,ELEME,76W014042A,239787187,大润发(三里河),山东省,青岛市,hmkt
20261408,ELEME,76W009975A,239718379,大润发(长城店),山东省,青岛市,hmkt
20261408,ELEME,76W072623A,288662211,家家悦(城阳万达店),山东省,青岛市,smkt
20261408,ELEME,76W194358A,676248349,家家悦（黄岛凤凰山路店）,山东省,青岛市,smkt
20261408,ELEME,76W068691A,286408081,家家悦(黄岛区长江国际店),山东省,青岛市,smkt
20261408,ELEME,76W528628A,676271290,家家悦（胶南2店）,山东省,青岛市,smkt
20261408,ELEME,76W202409A,688073386,家家悦(青岛黄岛万达广场店),山东省,青岛市,smkt
20261408,ELEME,76W240670A,974222193,家家悦（青岛胶州龙湖店）,山东省,青岛市,smkt
20261408,ELEME,76W574938A,20007618127,家家悦(青岛莱西王府井店),山东省,青岛市,smkt
20261408,ELEME,76W084648A,304972160,家家悦（青岛乐客城店）,山东省,青岛市,smkt
20261408,ELEME,76W405610A,1084666243,家家悦(青岛李沧万达广场店),山东省,青岛市,smkt
20261408,ELEME,76W155332A,669654373,家家悦（青岛李沧正合茂店）,山东省,青岛市,smkt
20261408,ELEME,76W267855A,1061569152,家家悦(青岛市北CBD万达广场店),山东省,青岛市,smkt
20261408,ELEME,76W068456A,286338206,家家悦(青岛市北浦口路店),山东省,青岛市,smkt
20261408,ELEME,76W472927A,1098721315,家家悦(青岛市北山东路店),山东省,青岛市,smkt
20261408,ELEME,76W277976A,1067203127,家家悦(青岛市北未来城万科广场店),山东省,青岛市,smkt
20261408,ELEME,76W155374A,672210141,家家悦(青岛顺和汇店),山东省,青岛市,smkt
20261408,ELEME,76W068759A,286470032,家家悦（青岛悦荟店）,山东省,青岛市,smkt
20261408,ELEME,76W017826A,240070250,可好（海牛花园010066店）,山东省,青岛市,cvs
20261408,ELEME,76W245341A,1018090005,可好（聊城路010366店）,山东省,青岛市,cvs
20261408,ELEME,76W114438A,400752130,可好（台柳路010219店）,山东省,青岛市,cvs
20261408,ELEME,76W019308A,240088334,可好（延安三路海信桥010092店）,山东省,青岛市,cvs
20261408,ELEME,76W434081A,1066477434,丽达超市（览秀城店）,山东省,青岛市,smkt
20261408,ELEME,76W184718A,673111440,丽达超市（万象城店）,山东省,青岛市,smkt
20261408,ELEME,76W127649A,437625238,丽达超市（延安三路店）,山东省,青岛市,smkt
20261408,ELEME,76W245342A,1024512466,利客来（江山店）,山东省,青岛市,smkt
20261408,ELEME,76W184731A,675178247,利客来（平度购物中心店）,山东省,青岛市,smkt
20261408,ELEME,76W007355A,239362109,利客来（悦喜客中山路购物广场店）,山东省,青岛市,smkt
20261408,ELEME,76W261818A,1061666004,盛客隆（滨海新村店）,山东省,青岛市,mmkt
20261408,ELEME,76W015606A,239814173,优同便利店（金地悦峰店）,山东省,青岛市,cvs
20261408,ELEME,76W155274A,653492140,优同便利店(金茂湾二店),山东省,青岛市,cvs
20261408,ELEME,76W015027A,239804233,优同便利店(水青花都二店),山东省,青岛市,cvs
20261408,ELEME,76W013850A,239784238,优同便利店(万科未来城店),山东省,青岛市,cvs
20261408,ELEME,76W012760A,239769305,优同便利店（印象湾店）,山东省,青岛市,cvs
20261408,ELEME,76W155571A,581144142,友客（常州路富贵花园店）,山东省,青岛市,cvs
20261408,ELEME,76W017163A,240061391,友客（城阳春阳路檀府店）,山东省,青岛市,cvs
20261408,ELEME,76W016644A,240053481,友客(城阳区兴阳路城中城店),山东省,青岛市,cvs
20261408,ELEME,76W259676A,586591086,友客(敦化路阜外医院店),山东省,青岛市,cvs
20261408,ELEME,76W437840A,1089285353,友客（福州南路宝龙广场店）,山东省,青岛市,cvs
20261408,ELEME,76W076988A,292404361,友客（海岸路红锦坊店）,山东省,青岛市,cvs
20261408,ELEME,76W016836A,240057168,友客（海尔路店）,山东省,青岛市,cvs
20261408,ELEME,76W232193A,292594374,友客(汉江路维湾1期店),山东省,青岛市,cvs
20261408,ELEME,76W018214A,240075137,友客（华楼山路店）,山东省,青岛市,cvs
20261408,ELEME,76W018873A,240083360,友客（黄岛区灵海路黄海学院店）,山东省,青岛市,cvs
20261408,ELEME,76W109427A,381857054,友客（即墨区学府佳源店）,山东省,青岛市,cvs
20261408,ELEME,76W032413A,246704044,友客（嘉定路二店）,山东省,青岛市,cvs
20261408,ELEME,76W017887A,240071152,友客(胶州市广州南路店),山东省,青岛市,cvs
20261408,ELEME,76W027357A,240159016,友客（乐陵路店）,山东省,青岛市,cvs
20261408,ELEME,76W018835A,240083103,友客（李哥庄联谊大街店）,山东省,青岛市,cvs
20261408,ELEME,76W212551A,709566496,友客（秦岭路协信星光里店）,山东省,青岛市,cvs
20261408,ELEME,76W018373A,240077110,友客(绍兴路一店),山东省,青岛市,cvs
20261408,ELEME,76W016305A,240048270,友客（市北区金沙路店）,山东省,青岛市,cvs
20261408,ELEME,76W232218A,876315324,友客（天茶山路福临万家店）,山东省,青岛市,cvs
20261408,ELEME,76W129102A,447454150,友客（万科四季花城店）,山东省,青岛市,cvs
20261408,ELEME,76W016238A,240047266,友客(夏塔路黄埠店),山东省,青岛市,cvs
20261408,ELEME,76W032487A,246711431,友客（宣化路店）,山东省,青岛市,cvs
20261408,ELEME,76W016896A,240058193,友客(延安一路店),山东省,青岛市,cvs
20261408,ELEME,76W041964A,265871482,之佳便利(曲靖西苑小区店),云南省,曲靖市,cvs
20261408,ELEME,76W015440A,239811137,大润发(龙游店),浙江省,衢州市,hmkt
20261408,ELEME,76W009166A,239701407,大润发(衢州店),浙江省,衢州市,hmkt
20261408,ELEME,76W315657A,1080558311,左邻右舍(0489城南开发区店),浙江省,衢州市,mmkt
20261408,ELEME,76W239135A,953056212,左邻右舍（宸园店）,浙江省,衢州市,mmkt
20261408,ELEME,76W260060A,1060886142,左邻右舍（狮桥街二店）,浙江省,衢州市,mmkt
20261408,ELEME,76W210065A,813605211,左邻右舍（阳光新城店）,浙江省,衢州市,mmkt
20261408,ELEME,76W572662A,825824250,KKV(晋江万达广场主力店),福建省,泉州市,mmkt
20261408,ELEME,76W567885A,20002022290,KKV(泉州中骏世界城店),福建省,泉州市,mmkt
20261408,ELEME,76W028274A,240362316,百姓超市（北门店）,福建省,泉州市,mmkt
20261408,ELEME,76W029293A,240390451,百姓超市（大铭店）,福建省,泉州市,mmkt
20261408,ELEME,76W030919A,246608462,百姓超市（东美店）,福建省,泉州市,mmkt
20261408,ELEME,76W199023A,708404247,百姓超市（冠亚店）,福建省,泉州市,mmkt
20261408,ELEME,76W029822A,240407053,百姓超市(和昌店),福建省,泉州市,mmkt
20261408,ELEME,76W031084A,246633236,百姓超市（后城店）,福建省,泉州市,mmkt
20261408,ELEME,76W029489A,240395445,百姓超市（金山店）,福建省,泉州市,mmkt
20261408,ELEME,76W029488A,240395444,百姓超市(清源店),福建省,泉州市,mmkt
20261408,ELEME,76W148418A,246632212,百姓超市（圣湖店）,福建省,泉州市,mmkt
20261408,ELEME,76W030963A,246621351,百姓超市（圣墓店）,福建省,泉州市,mmkt
20261408,ELEME,76W148205A,613800475,百姓超市(万璟店),福建省,泉州市,mmkt
20261408,ELEME,76W031103A,246634221,百姓超市（温陵店）,福建省,泉州市,mmkt
20261408,ELEME,76W030942A,246614430,百姓超市（乌洲店）,福建省,泉州市,mmkt
20261408,ELEME,76W030958A,246619360,百姓超市（西郊店）,福建省,泉州市,mmkt
20261408,ELEME,76W207634A,708455189,百姓超市（星光店）,福建省,泉州市,mmkt
20261408,ELEME,76W031168A,246638183,百姓超市（学府店）,福建省,泉州市,mmkt
20261408,ELEME,76W087521A,309448482,百姓超市（裕景店）,福建省,泉州市,mmkt
20261408,ELEME,76W001253A,239277350,大润发(安溪店),福建省,泉州市,hmkt
20261408,ELEME,76W495318A,1100992204,大润发半日达（石狮店）,福建省,泉州市,hmkt
20261408,ELEME,76W225993A,820266300,KKV（日照万达广场主力店）,山东省,日照市,mmkt
20261408,ELEME,76W009369A,239705418,大润发(日照店),山东省,日照市,hmkt
20261408,ELEME,76W177464A,294552386,家家悦(日照万达店),山东省,日照市,smkt
20261408,ELEME,76W001190A,239276373,大润发(尤溪店),福建省,三明市,hmkt
20261408,ELEME,76W088690A,316529448,好多多购物广场(碧桂园店),福建省,三明市,smkt
20261408,ELEME,76W030636A,246456371,十分便利店(顶澳仔店),福建省,厦门市,mmkt
20261408,ELEME,76W010851A,239737405,元初食品（嘉禾店）,福建省,厦门市,mmkt
20261408,ELEME,76W054630A,274694155,元初食品(金尚小区店),福建省,厦门市,mmkt
20261408,ELEME,76W249982A,1056188250,KKV（商丘港汇万达广场店）,河南省,商丘市,mmkt
20261408,ELEME,76W020759A,240102158,壹度便利(康城南区北门店),河南省,商丘市,mmkt
20261408,ELEME,76W267625A,1060448316,壹度便利(民权江山尚品店),河南省,商丘市,mmkt
20261408,ELEME,76W212049A,794200231,壹度便利（民权龙兴新城店）,河南省,商丘市,mmkt
20261408,ELEME,76W105762A,372435251,壹度便利（神火城市春天西门店）,河南省,商丘市,mmkt
20261408,ELEME,76W305031A,1073216026,壹度便利(幸福港湾南门店),河南省,商丘市,mmkt
20261408,ELEME,76W249974A,1055907497,壹度便利(永城工会职工花园店),河南省,商丘市,mmkt
20261408,ELEME,76W277717A,1065672320,壹度便利(永城永乐花苑店),河南省,商丘市,mmkt
20261408,ELEME,76W261528A,1060184091,壹度便利(永馨园北区西门店),河南省,商丘市,mmkt
20261408,ELEME,76W152439A,661535435,ALDI奥乐齐超市(虎城店),上海市,上海市,mmkt
20261408,ELEME,76W529467A,1060253124,ALDI奥乐齐超市（苏河湾店）,上海市,上海市,smkt
20261408,ELEME,76W152278A,661139298,ALDI奥乐齐超市(延吉店),上海市,上海市,mmkt
20261408,ELEME,76W002316A,239293171,citysuper超生活(环贸iapm店),上海市,上海市,smkt
20261408,ELEME,76W473089A,1096798144,超盒算NB(宝山大华乐坊店),上海市,上海市,smkt
20261408,ELEME,76W488266A,1099095189,超盒算NB(奉贤南桥新城店),上海市,上海市,smkt
20261408,ELEME,76W476663A,1099112226,超盒算NB(杨浦五角场店),上海市,上海市,smkt
20261408,ELEME,76W015131A,239806190,大润发(曹安店),上海市,上海市,hmkt
20261408,ELEME,76W003040A,239302376,大润发(澄浏店),上海市,上海市,hmkt
20261408,ELEME,76W013134A,239774266,大润发(春申店),上海市,上海市,hmkt
20261408,ELEME,76W014726A,239799196,大润发(大华店),上海市,上海市,hmkt
20261408,ELEME,76W013400A,239778256,大润发(大宁店),上海市,上海市,hmkt
20261408,ELEME,76W010942A,239739264,大润发(奉贤店),上海市,上海市,hmkt
20261408,ELEME,76W009777A,239714379,大润发(华漕店),上海市,上海市,hmkt
20261408,ELEME,76W003130A,239303368,大润发(嘉定店),上海市,上海市,hmkt
20261408,ELEME,76W009779A,239714381,大润发(康桥店),上海市,上海市,hmkt
20261408,ELEME,76W015239A,239808165,大润发(美兰湖店),上海市,上海市,hmkt
20261408,ELEME,76W003632A,239313186,大润发(蒙山北路店),上海市,上海市,hmkt
20261408,ELEME,76W001745A,239284422,大润发(闵行店),上海市,上海市,hmkt
20261408,ELEME,76W000998A,239273449,大润发(南汇店),上海市,上海市,hmkt
20261408,ELEME,76W013204A,239775266,大润发(泥城店),上海市,上海市,hmkt
20261408,ELEME,76W011205A,239743307,大润发(平型关店),上海市,上海市,hmkt
20261408,ELEME,76W009375A,239705431,大润发(三林店),上海市,上海市,hmkt
20261408,ELEME,76W011599A,239749282,大润发(杨浦店),上海市,上海市,hmkt
20261408,ELEME,76W009686A,239712397,大润发(闸北店),上海市,上海市,hmkt
20261408,ELEME,76W004058A,239318096,大润发(张江店),上海市,上海市,hmkt
20261408,ELEME,76W002964A,239301347,大润发(中原店),上海市,上海市,hmkt
20261408,ELEME,76W529830A,1084881242,盒马鲜生(mini花木陆悦坊店),上海市,上海市,mmkt
20261408,ELEME,76W520106A,1107212468,盒马鲜生(mini汇京国际店),上海市,上海市,smkt
20261408,ELEME,76W487324A,1098169481,盒马鲜生(mini明中广场店),上海市,上海市,smkt
20261408,ELEME,76W004885A,239328307,盒马鲜生(白玉兰广场店),上海市,上海市,smkt
20261408,ELEME,76W041269A,265674199,盒马鲜生(宝地店),上海市,上海市,smkt
20261408,ELEME,76W053170A,272850276,盒马鲜生(大华虎城店),上海市,上海市,smkt
20261408,ELEME,76W005165A,239332068,盒马鲜生(大宁店),上海市,上海市,smkt
20261408,ELEME,76W570972A,20005350103,盒马鲜生(顾村沪太路站),上海市,上海市,smkt
20261408,ELEME,76W049561A,268690499,盒马鲜生(嘉定城中店),上海市,上海市,smkt
20261408,ELEME,76W201163A,709107058,盒马鲜生(金桥太茂店),上海市,上海市,smkt
20261408,ELEME,76W276862A,1065779306,盒马鲜生(金沙和美店),上海市,上海市,smkt
20261408,ELEME,76W572172A,20007525219,盒马鲜生(美兰湖金地店),上海市,上海市,smkt
20261408,ELEME,76W484996A,1100029399,盒马鲜生(闵行凯德店),上海市,上海市,smkt
20261408,ELEME,76W534853A,1107721309,盒马鲜生(浦江欢乐颂店),上海市,上海市,smkt
20261408,ELEME,76W528293A,447438407,盒马鲜生(仁恒雅苑店),上海市,上海市,mmkt
20261408,ELEME,76W004917A,239329072,盒马鲜生(三林印象城店),上海市,上海市,smkt
20261408,ELEME,76W260348A,1061526334,盒马鲜生(上海天空万科广场店),上海市,上海市,smkt
20261408,ELEME,76W042011A,265876377,盒马鲜生(上海湾店),上海市,上海市,smkt
20261408,ELEME,76W576901A,20012882379,盒马鲜生(太平洋广场站),上海市,上海市,smkt
20261408,ELEME,76W207164A,709193059,盒马鲜生(万泰广场店),上海市,上海市,smkt
20261408,ELEME,76W036393A,247036347,盒马鲜生(我格广场店),上海市,上海市,smkt
20261408,ELEME,76W002303A,239292495,盒马鲜生(新江湾店),上海市,上海市,smkt
20261408,ELEME,76W005030A,239330281,盒马鲜生(杨高南路店),上海市,上海市,smkt
20261408,ELEME,76W207156A,688136498,盒马鲜生(杨浦环创店),上海市,上海市,smkt
20261408,ELEME,76W004303A,239321108,盒马鲜生(盈嘉店),上海市,上海市,smkt
20261408,ELEME,76W055001A,274973042,盒马鲜生(御桥活力城店),上海市,上海市,smkt
20261408,ELEME,76W498826A,1100034345,盒马鲜生(长风大悦城店),上海市,上海市,smkt
20261408,ELEME,76W036297A,247019499,盒马鲜生(长宁来福士店),上海市,上海市,smkt
20261408,ELEME,76W494489A,1100852089,盒马鲜生(长宁龙之梦店),上海市,上海市,smkt
20261408,ELEME,76W493716A,1100139162,盒马鲜生(中庚漫游城店),上海市,上海市,smkt
20261408,ELEME,76W041109A,265580134,华联超市（昌里店）,上海市,上海市,mmkt
20261408,ELEME,76W002256A,239292249,华联超市(晨阳店),上海市,上海市,mmkt
20261408,ELEME,76W040921A,265541432,华联超市（桂林店）,上海市,上海市,mmkt
20261408,ELEME,76W000207A,239259386,华联超市（六里店）,上海市,上海市,mmkt
20261408,ELEME,76W048593A,267575276,华联超市（罗成店）,上海市,上海市,mmkt
20261408,ELEME,76W003604A,239313048,华联超市（南丹店）,上海市,上海市,mmkt
20261408,ELEME,76W041042A,265564155,华联超市（青杉店）,上海市,上海市,mmkt
20261408,ELEME,76W083456A,301922173,华联超市（长兴店）,上海市,上海市,mmkt
20261408,ELEME,76W527031A,239309115,华联超市（长支店）,上海市,上海市,mmkt
20261408,ELEME,76W000916A,239272305,华联超市（真金店）,上海市,上海市,mmkt
20261408,ELEME,76W020394A,240099261,联华（春申店）,上海市,上海市,mmkt
20261408,ELEME,76W044648A,266072237,联华超市（安宁店）,上海市,上海市,mmkt
20261408,ELEME,76W045340A,266109186,联华超市（宝滨店）,上海市,上海市,mmkt
20261408,ELEME,76W043722A,266022316,联华超市（沧源店）,上海市,上海市,mmkt
20261408,ELEME,76W044494A,266064238,联华超市(曹杨店),上海市,上海市,mmkt
20261408,ELEME,76W019359A,240089067,联华超市（漕宝店）,上海市,上海市,mmkt
20261408,ELEME,76W075276A,291120211,联华超市（昌化店）,上海市,上海市,mmkt
20261408,ELEME,76W043383A,265998464,联华超市(大盈店),上海市,上海市,mmkt
20261408,ELEME,76W044453A,266063213,联华超市（东沟店）,上海市,上海市,mmkt
20261408,ELEME,76W017965A,240072140,联华超市（芳华店）,上海市,上海市,mmkt
20261408,ELEME,76W044225A,266051205,联华超市(枫林店),上海市,上海市,mmkt
20261408,ELEME,76W043996A,266035271,联华超市（虹漕南路店）,上海市,上海市,mmkt
20261408,ELEME,76W019180A,240087078,联华超市（虹古店）,上海市,上海市,mmkt
20261408,ELEME,76W043598A,266011491,联华超市（虎山店）,上海市,上海市,mmkt
20261408,ELEME,76W019716A,240093051,联华超市(黄河店),上海市,上海市,mmkt
20261408,ELEME,76W044951A,266090191,联华超市（江东路店）,上海市,上海市,mmkt
20261408,ELEME,76W015981A,240042318,联华超市（金桥长岛LH店）,上海市,上海市,mmkt
20261408,ELEME,76W018916A,240084097,联华超市(金杨路店),上海市,上海市,mmkt
20261408,ELEME,76W048604A,267590258,联华超市(巨野店),上海市,上海市,mmkt
20261408,ELEME,76W076422A,292054500,联华超市(快捷澳门店),上海市,上海市,mmkt
20261408,ELEME,76W043613A,266012479,联华超市（莱阳店）,上海市,上海市,mmkt
20261408,ELEME,76W222359A,778366146,联华超市（钦州路店）,上海市,上海市,mmkt
20261408,ELEME,76W018062A,240073145,联华超市(钦州南路店),上海市,上海市,mmkt
20261408,ELEME,76W042350A,265912443,联华超市（松兰店）,上海市,上海市,mmkt
20261408,ELEME,76W025944A,240142282,联华超市（绥化店）,上海市,上海市,mmkt
20261408,ELEME,76W048334A,267266406,联华超市(桃浦路二店),上海市,上海市,mmkt
20261408,ELEME,76W016569A,240052278,联华超市（宛南店）,上海市,上海市,mmkt
20261408,ELEME,76W049995A,268982075,联华超市(万航店),上海市,上海市,mmkt
20261408,ELEME,76W044141A,266044299,联华超市（西渡店）,上海市,上海市,mmkt
20261408,ELEME,76W049138A,268168402,联华超市（戏剧学院店）,上海市,上海市,mmkt
20261408,ELEME,76W052010A,271986035,联华超市（祥跃路店）,上海市,上海市,mmkt
20261408,ELEME,76W222319A,769240305,联华超市（新吴兴店）,上海市,上海市,mmkt
20261408,ELEME,76W017496A,240066188,联华超市（新闸店）,上海市,上海市,mmkt
20261408,ELEME,76W124755A,430868220,联华超市（新竹柏店）,上海市,上海市,mmkt
20261408,ELEME,76W017726A,240069165,联华超市(延平店),上海市,上海市,mmkt
20261408,ELEME,76W043958A,266033256,联华超市（杨光店）,上海市,上海市,mmkt
20261408,ELEME,76W043355A,265996490,联华超市（杨园店）,上海市,上海市,mmkt
20261408,ELEME,76W044381A,266060189,联华超市(永清店),上海市,上海市,mmkt
20261408,ELEME,76W053465A,273047146,联华超市（优化店）,上海市,上海市,mmkt
20261408,ELEME,76W043507A,266005477,联华超市(羽山店),上海市,上海市,mmkt
20261408,ELEME,76W045447A,266114049,联华超市（张虹路店）,上海市,上海市,mmkt
20261408,ELEME,76W017658A,240068169,联华超市（长海店）,上海市,上海市,mmkt
20261408,ELEME,76W043672A,266020295,联华超市（长江店）,上海市,上海市,mmkt
20261408,ELEME,76W083646A,302223040,联华超市（朱家角新城店）,上海市,上海市,mmkt
20261408,ELEME,76W041002A,265557294,世纪联华(鲁班店),上海市,上海市,hmkt
20261408,ELEME,76W040969A,265552299,世纪联华(南桥新城店),上海市,上海市,hmkt
20261408,ELEME,76W507238A,1103964351,世纪联华（秀州店）,上海市,上海市,smkt
20261408,ELEME,76W041183A,265604122,世纪联华（朱泾店）,上海市,上海市,hmkt
20261408,ELEME,76W014571A,239796334,乐豆家(名星广场0160店),江西省,上饶市,mmkt
20261408,ELEME,76W104569A,371456352,乐豆家(万达广场0250店),江西省,上饶市,mmkt
20261408,ELEME,76W092006A,322292311,乐豆家(万达晶座十二号0229店),江西省,上饶市,mmkt
20261408,ELEME,76W529171A,657048042,乐豆家(信江明珠0450店),江西省,上饶市,mmkt
20261408,ELEME,76W501729A,1100373437,佳惠鲜天下（邵阳顺德城店）,湖南省,邵阳市,mmkt
20261408,ELEME,76W274309A,1065523288,KKV(绍兴国金大悦城主力店),浙江省,绍兴市,mmkt
20261408,ELEME,76W296059A,1068604321,KKV(绍兴嵊州吾悦广场店),浙江省,绍兴市,mmkt
20261408,ELEME,76W226465A,825858149,KKV（诸暨万风新天地购物中心主力店）,浙江省,绍兴市,mmkt
20261408,ELEME,76W013770A,239783267,大润发(大唐店),浙江省,绍兴市,hmkt
20261408,ELEME,76W014316A,239792233,大润发(柯桥店),浙江省,绍兴市,hmkt
20261408,ELEME,76W014111A,239788245,大润发(胜利店),浙江省,绍兴市,hmkt
20261408,ELEME,76W521620A,1099274104,大润发（嵊州店）,浙江省,绍兴市,hmkt
20261408,ELEME,76W269460A,1063016202,供销超市（东盛店）,浙江省,绍兴市,mmkt
20261408,ELEME,76W083272A,301838201,三江购物（嵊州店）,浙江省,绍兴市,smkt
20261408,ELEME,76W014472A,239795113,世纪联华(嵊州兴盛店),浙江省,绍兴市,smkt
20261408,ELEME,76W012311A,239763201,世纪联华(新昌世贸广场店),浙江省,绍兴市,smkt
20261408,ELEME,76W045853A,266196232,一百超市(仓储店),浙江省,绍兴市,smkt
20261408,ELEME,76W174829A,266204214,一百超市(大唐店),浙江省,绍兴市,smkt
20261408,ELEME,76W045720A,266156284,一百超市（上海城店）,浙江省,绍兴市,mmkt
20261408,ELEME,76W220351A,828261464,KKV（深圳福城天虹主力店）,广东省,深圳市,mmkt
20261408,ELEME,76W228343A,872319265,KKV（深圳光明大仟里主力店）,广东省,深圳市,mmkt
20261408,ELEME,76W228141A,872313271,KKV(深圳光明龙光广场主力店),广东省,深圳市,mmkt
20261408,ELEME,76W529181A,823343045,KKV（深圳宏发大仟里主力店）,广东省,深圳市,mmkt
20261408,ELEME,76W576096A,20011180431,KKV(深圳华润啤酒小镇店),广东省,深圳市,mmkt
20261408,ELEME,76W569423A,20003503047,KKV(深圳龙岗大运天地店),广东省,深圳市,mmkt
20261408,ELEME,76W220406A,814269006,KKV（深圳龙岗万达店）,广东省,深圳市,mmkt
20261408,ELEME,76W220290A,823325092,KKV（深圳龙华红山6979主力店）,广东省,深圳市,mmkt
20261408,ELEME,76W220289A,830812495,KKV(深圳龙华星河COCOCity主力店),广东省,深圳市,mmkt
20261408,ELEME,76W220384A,828243461,KKV（深圳南山汇港购物中心主力店）,广东省,深圳市,mmkt
20261408,ELEME,76W220397A,823252341,KKV（深圳沙井京基百纳广场主力店）,广东省,深圳市,mmkt
20261408,ELEME,76W220353A,823300257,KKV（深圳西丽宝能环球汇主力店）,广东省,深圳市,mmkt
20261408,ELEME,76W058099A,281140487,盒马鲜生（景田店）,广东省,深圳市,smkt
20261408,ELEME,76W301859A,1072297391,KKV（沈阳奥体万达广场店）,辽宁省,沈阳市,mmkt
20261408,ELEME,76W221470A,819020203,KKV（沈阳北一路万达广场主力店）,辽宁省,沈阳市,mmkt
20261408,ELEME,76W221472A,814015079,KKV（沈阳大悦城店）,辽宁省,沈阳市,mmkt
20261408,ELEME,76W221449A,819702250,KKV(沈阳皇城恒隆广场主力店),辽宁省,沈阳市,mmkt
20261408,ELEME,76W238952A,1011427239,KKV（沈阳皇姑万象汇店）,辽宁省,沈阳市,mmkt
20261408,ELEME,76W570402A,20004694232,KKV(沈阳浑南龙湖天街店),辽宁省,沈阳市,mmkt
20261408,ELEME,76W510903A,1106140177,KKV(沈阳三台子万象汇店),辽宁省,沈阳市,mmkt
20261408,ELEME,76W221452A,820335194,KKV（沈阳太原街万达广场主力店）,辽宁省,沈阳市,mmkt
20261408,ELEME,76W221435A,819032204,KKV（沈阳铁西华润万象汇主力店）,辽宁省,沈阳市,mmkt
20261408,ELEME,76W221448A,828380172,KKV（沈阳铁西万达广场店）,辽宁省,沈阳市,mmkt
20261408,ELEME,76W238932A,991429491,KKV（沈阳中街店）,辽宁省,沈阳市,mmkt
20261408,ELEME,76W028715A,240374458,百家乐超市(共和店),辽宁省,沈阳市,mmkt
20261408,ELEME,76W030920A,246609168,百家乐超市(惠工店),辽宁省,沈阳市,cvs
20261408,ELEME,76W030899A,246598221,百家乐超市(砂阳店),辽宁省,沈阳市,mmkt
20261408,ELEME,76W029683A,240400415,百家乐超市(迎宾店),辽宁省,沈阳市,mmkt
20261408,ELEME,76W535191A,1102384426,北园超市(千山西路店),辽宁省,沈阳市,mmkt
20261408,ELEME,76W121727A,415329148,比优特超市（奥体店）,辽宁省,沈阳市,smkt
20261408,ELEME,76W475157A,1096112186,比优特超市（百联店）,辽宁省,沈阳市,smkt
20261408,ELEME,76W523530A,1107369015,比优特超市（北一路万达店）,辽宁省,沈阳市,smkt
20261408,ELEME,76W508569A,1104586272,比优特超市（大东龙之梦店）,辽宁省,沈阳市,smkt
20261408,ELEME,76W200455A,688159144,比优特超市（沈北万达店）,辽宁省,沈阳市,smkt
20261408,ELEME,76W121717A,415304362,比优特超市（塔湾店）,辽宁省,沈阳市,smkt
20261408,ELEME,76W486544A,1098988133,比优特超市（铁西龙之梦店）,辽宁省,沈阳市,smkt
20261408,ELEME,76W535347A,1108783215,比优特超市(文化路店),辽宁省,沈阳市,smkt
20261408,ELEME,76W488271A,1096053393,比优特超市(星摩尔店),辽宁省,沈阳市,smkt
20261408,ELEME,76W032578A,246720454,比优特超市(中街店),辽宁省,沈阳市,smkt
20261408,ELEME,76W570286A,20004520247,比优特浙加都超市(大东城店),辽宁省,沈阳市,smkt
20261408,ELEME,76W014243A,239791215,大润发(和平店),辽宁省,沈阳市,hmkt
20261408,ELEME,76W010683A,239735329,大润发(皇姑店),辽宁省,沈阳市,hmkt
20261408,ELEME,76W009578A,239709408,大润发(沈河店),辽宁省,沈阳市,hmkt
20261408,ELEME,76W009475A,239707387,大润发(铁西店),辽宁省,沈阳市,hmkt
20261408,ELEME,76W460380A,1093518216,佳加便利店(龙湖紫都城店),辽宁省,沈阳市,cvs
20261408,ELEME,76W165426A,595295024,乐享万德福便利店(瑞岛路二店),辽宁省,沈阳市,mmkt
20261408,ELEME,76W084603A,304860006,罗森便利店(3027中海国际店),辽宁省,沈阳市,cvs
20261408,ELEME,76W105134A,371911020,罗森便利店（3049铁西香江家居分店）,辽宁省,沈阳市,cvs
20261408,ELEME,76W103487A,370078048,罗森便利店（3050沈河奉天街分店）,辽宁省,沈阳市,cvs
20261408,ELEME,76W106778A,373547129,罗森便利店(3059皇姑居然之家店),辽宁省,沈阳市,cvs
20261408,ELEME,76W116126A,403695022,罗森便利店(3064金融中心分店),辽宁省,沈阳市,cvs
20261408,ELEME,76W120188A,411932005,罗森便利店(3074铁西大润发分店),辽宁省,沈阳市,cvs
20261408,ELEME,76W136835A,546053011,罗森便利店(3099沿海国际分店),辽宁省,沈阳市,cvs
20261408,ELEME,76W165448A,652321364,罗森便利店(3131春河里万科中心分店),辽宁省,沈阳市,cvs
20261408,ELEME,76W165340A,664733001,罗森便利店(3146民族南街分店),辽宁省,沈阳市,cvs
20261408,ELEME,76W191906A,686615185,罗森便利店(3152明波路分店),辽宁省,沈阳市,cvs
20261408,ELEME,76W209729A,769517421,罗森便利店(3172苏家屯永盛购物广场分店),辽宁省,沈阳市,cvs
20261408,ELEME,76W238938A,1005716118,罗森便利店(3181沈北天恒森林里分店),辽宁省,沈阳市,cvs
20261408,ELEME,76W291075A,1063466415,罗森便利店(3196前海环球汇分店),辽宁省,沈阳市,cvs
20261408,ELEME,76W291100A,1069143188,罗森便利店(3208天惠广场分店),辽宁省,沈阳市,cvs
20261408,ELEME,76W419114A,1088054052,罗森便利店(3213新民实验中学分店),辽宁省,沈阳市,cvs
20261408,ELEME,76W417431A,1088747106,罗森便利店(3215辽大科技园分店),辽宁省,沈阳市,cvs
20261408,ELEME,76W483376A,1096779068,罗森便利店(3221新城子贵州路分店),辽宁省,沈阳市,cvs
20261408,ELEME,76W574186A,20003053188,罗森便利店(3255大通湖街分店),辽宁省,沈阳市,cvs
20261408,ELEME,76W566542A,20000102248,新天地超市(澳海澜庭店),辽宁省,沈阳市,cvs
20261408,ELEME,76W291076A,240077154,新天地超市（北二路店）,辽宁省,沈阳市,cvs
20261408,ELEME,76W221456A,678160179,新天地超市(承德路店),辽宁省,沈阳市,cvs
20261408,ELEME,76W207127A,687093078,新天地超市(大河宸章店),辽宁省,沈阳市,cvs
20261408,ELEME,76W017444A,240065398,新天地超市(大西二店),辽宁省,沈阳市,cvs
20261408,ELEME,76W165474A,589108066,新天地超市(方家栏路店),辽宁省,沈阳市,cvs
20261408,ELEME,76W120487A,413999478,新天地超市(惠工店),辽宁省,沈阳市,cvs
20261408,ELEME,76W508374A,1101953158,新天地超市(江南甲第店),辽宁省,沈阳市,cvs
20261408,ELEME,76W509917A,1106166067,新天地超市（郡源悦城店）,辽宁省,沈阳市,cvs
20261408,ELEME,76W102711A,366993030,新天地超市(梅江街店),辽宁省,沈阳市,cvs
20261408,ELEME,76W102652A,366917130,新天地超市(明天广场三店),辽宁省,沈阳市,cvs
20261408,ELEME,76W015995A,240042359,新天地超市(南八店),辽宁省,沈阳市,cvs
20261408,ELEME,76W016400A,240049449,新天地超市(启工街店),辽宁省,沈阳市,cvs
20261408,ELEME,76W016804A,240056420,新天地超市(砂山街店),辽宁省,沈阳市,cvs
20261408,ELEME,76W165518A,588501218,新天地超市(世纪新城店),辽宁省,沈阳市,cvs
20261408,ELEME,76W103015A,368644192,新天地超市(香槟国际店),辽宁省,沈阳市,cvs
20261408,ELEME,76W021045A,240104086,新天地超市(小北三店),辽宁省,沈阳市,cvs
20261408,ELEME,76W165508A,587089183,新天地超市(长白南路二店),辽宁省,沈阳市,cvs
20261408,ELEME,76W037948A,264569054,新天地超市(长白西路店),辽宁省,沈阳市,cvs
20261408,ELEME,76W118465A,407200036,新天地超市（长青二店）,辽宁省,沈阳市,cvs
20261408,ELEME,76W020134A,240097221,新天地超市(长青南街店),辽宁省,沈阳市,cvs
20261408,ELEME,76W499052A,1101984237,新天地超市（中粮隆悦祥云店）,辽宁省,沈阳市,cvs
20261408,ELEME,76W272661A,1065611339,阳光小玛特便利店（大天地东门店）,辽宁省,沈阳市,cvs
20261408,ELEME,76W004541A,239323498,阳光小玛特便利店(东塔安居店),辽宁省,沈阳市,cvs
20261408,ELEME,76W036377A,247034303,阳光小玛特便利店(和谐大厦店),辽宁省,沈阳市,cvs
20261408,ELEME,76W221477A,708640301,阳光小玛特便利店（盛华公馆店）,辽宁省,沈阳市,cvs
20261408,ELEME,76W003305A,239309394,营安隆连锁超市(洪湖街店),辽宁省,沈阳市,mmkt
20261408,ELEME,76W005385A,239335140,营安隆连锁超市(民安店),辽宁省,沈阳市,mmkt
20261408,ELEME,76W007192A,239360017,营安隆连锁超市（杨士店）,辽宁省,沈阳市,mmkt
20261408,ELEME,76W291601A,1070175477,新合作超市（房县购物广场店）,湖北省,十堰市,mmkt
20261408,ELEME,76W001688A,239284118,北国超市（北杜店）,河北省,石家庄市,smkt
20261408,ELEME,76W526971A,239253394,北国超市（北国商城店）,河北省,石家庄市,hmkt
20261408,ELEME,76W522849A,1106178007,北国超市(东创店),河北省,石家庄市,smkt
20261408,ELEME,76W001928A,239287099,北国超市（丰收店）,河北省,石家庄市,smkt
20261408,ELEME,76W000497A,239265167,北国超市(光华店),河北省,石家庄市,smkt
20261408,ELEME,76W527022A,239298068,北国超市(华夏店),河北省,石家庄市,smkt
20261408,ELEME,76W001518A,239282120,北国超市(简良店),河北省,石家庄市,smkt
20261408,ELEME,76W004891A,239328353,北国超市（建华店）,河北省,石家庄市,smkt
20261408,ELEME,76W566912A,20000556406,北国超市(锦城店),河北省,石家庄市,smkt
20261408,ELEME,76W076617A,292296159,北国超市（蓝山店）,河北省,石家庄市,smkt
20261408,ELEME,76W313092A,1081722298,北国超市（木兮里店）,河北省,石家庄市,smkt
20261408,ELEME,76W005049A,239330364,北国超市(尚峰店),河北省,石家庄市,smkt
20261408,ELEME,76W038174A,264581081,北国超市（塔坛店）,河北省,石家庄市,smkt
20261408,ELEME,76W526990A,239276144,北国超市（谈东店）,河北省,石家庄市,smkt
20261408,ELEME,76W000086A,239256328,北国超市(西兴店),河北省,石家庄市,smkt
20261408,ELEME,76W001988A,239288087,北国超市（先天下店）,河北省,石家庄市,smkt
20261408,ELEME,76W001519A,239282121,北国超市(新百店),河北省,石家庄市,smkt
20261408,ELEME,76W306132A,1072051041,北国超市（旭辉店）,河北省,石家庄市,smkt
20261408,ELEME,76W456446A,1094578191,北国超市（益安店）,河北省,石家庄市,smkt
20261408,ELEME,76W003066A,239303026,北国超市(益东店),河北省,石家庄市,smkt
20261408,ELEME,76W000496A,239265166,北国超市（益新店）,河北省,石家庄市,smkt
20261408,ELEME,76W000280A,239261212,北国超市（益友店）,河北省,石家庄市,smkt
20261408,ELEME,76W002154A,239290090,北国超市(益元店),河北省,石家庄市,smkt
20261408,ELEME,76W001207A,239277113,北国超市（益中店）,河北省,石家庄市,smkt
20261408,ELEME,76W002305A,239293080,北国超市（益庄店）,河北省,石家庄市,smkt
20261408,ELEME,76W001987A,239288086,北国超市（裕华店）,河北省,石家庄市,smkt
20261408,ELEME,76W000942A,239273136,北国超市（长江店）,河北省,石家庄市,smkt
20261408,ELEME,76W135900A,542588079,北国超市（中环店）,河北省,石家庄市,smkt
20261408,ELEME,76W529390A,1042895022,便宜坊超市（雷锋广场店）,河北省,石家庄市,mmkt
20261408,ELEME,76W526166A,1107452462,罗森便利店(石家庄藏龙福地店),河北省,石家庄市,cvs
20261408,ELEME,76W439372A,1091007139,罗森便利店（石家庄苹果城店）,河北省,石家庄市,cvs
20261408,ELEME,76W454350A,1093883363,罗森便利店（石家庄天河方圆荟店）,河北省,石家庄市,cvs
20261408,ELEME,76W248756A,1056237074,KKV（四平万达广场主力店）,吉林省,四平市,mmkt
20261408,ELEME,76W013557A,239780292,大润发(铂金店),吉林省,松原市,hmkt
20261408,ELEME,76W529544A,1068552091,大润发（哈萨尔店）,吉林省,松原市,smkt
20261408,ELEME,76W246038A,993389482,家得乐超市（扶余店）,吉林省,松原市,smkt
20261408,ELEME,76W224491A,826699493,家得乐超市（松原店）,吉林省,松原市,smkt
20261408,ELEME,76W224494A,830976469,家得乐超市（长岭店）,吉林省,松原市,smkt
20261408,ELEME,76W572849A,1093833464,新天地超市（松原江北三中店）,吉林省,松原市,cvs
20261408,ELEME,76W227113A,814326325,KKV（常熟印象城主力店）,江苏省,苏州市,mmkt
20261408,ELEME,76W237283A,845916145,KKV（苏州东吴龙湖天街主力店）,江苏省,苏州市,mmkt
20261408,ELEME,76W482704A,1099605056,KKV(苏州昆山金鹰国际购物中心店),江苏省,苏州市,mmkt
20261408,ELEME,76W475161A,1098282438,KKV(苏州龙湖狮山天街店),江苏省,苏州市,mmkt
20261408,ELEME,76W237281A,897451264,KKV(苏州吴中永旺梦乐城主力店),江苏省,苏州市,mmkt
20261408,ELEME,76W227090A,845835370,KKV(张家港万达广场主力店),江苏省,苏州市,mmkt
20261408,ELEME,76W010344A,239730298,大润发(浒关店),江苏省,苏州市,hmkt
20261408,ELEME,76W264960A,1059706255,大润发（吴中店）,江苏省,苏州市,hmkt
20261408,ELEME,76W000997A,239273448,大润发(台州南路店),江苏省,宿迁市,hmkt
20261408,ELEME,76W277220A,1067957405,大润发（洋河新区店）,江苏省,宿迁市,hmkt
20261408,ELEME,76W146998A,582432010,邻几(宿州CBD万达广场店),安徽省,宿州市,cvs
20261408,ELEME,76W207093A,688057426,邻几（宿州万达金街店）,安徽省,宿州市,cvs
20261408,ELEME,76W022272A,240113322,壹度便利（天鹅湾店）,安徽省,宿州市,mmkt
20261408,ELEME,76W000926A,239272371,比优特超市(绥化万达店),黑龙江省,绥化市,smkt
20261408,ELEME,76W037742A,264546248,比优特超市(肇东店),黑龙江省,绥化市,smkt
20261408,ELEME,76W084552A,304775303,华辰超市(安达世福汇店),黑龙江省,绥化市,smkt
20261408,ELEME,76W075956A,291619483,华辰超市（福乾店）,黑龙江省,绥化市,smkt
20261408,ELEME,76W076084A,291692400,华辰超市(华联店),黑龙江省,绥化市,smkt
20261408,ELEME,76W076048A,291674437,华辰超市(商厦店),黑龙江省,绥化市,smkt
20261408,ELEME,76W076016A,291661451,华辰超市（四中店）,黑龙江省,绥化市,smkt
20261408,ELEME,76W077965A,292624336,家得乐超市(肇东三店),黑龙江省,绥化市,smkt
20261408,ELEME,76W577232A,20002029310,金叶便利,黑龙江省,绥化市,mmkt
20261408,ELEME,76W076260A,291862440,中百仓储超市(文峰店),湖北省,随州市,smkt
20261408,ELEME,76W571440A,20005841416,KKV(台州温岭万达广场店),浙江省,台州市,mmkt
20261408,ELEME,76W225790A,814206159,KKV（台州中盛城市广场店）,浙江省,台州市,mmkt
20261408,ELEME,76W013277A,239776295,大润发(东海店),浙江省,台州市,hmkt
20261408,ELEME,76W013135A,239774267,大润发(黄岩店),浙江省,台州市,hmkt
20261408,ELEME,76W002147A,239289469,大润发(路桥店),浙江省,台州市,hmkt
20261408,ELEME,76W013702A,239782269,大润发(玉环店),浙江省,台州市,hmkt
20261408,ELEME,76W570322A,20004589131,吉华盛超市(楚门店),浙江省,台州市,smkt
20261408,ELEME,76W215802A,672313261,吉华盛超市（箬横店）,浙江省,台州市,smkt
20261408,ELEME,76W168557A,648970396,三和超市(宝龙店),浙江省,台州市,smkt
20261408,ELEME,76W002005A,239288157,三和超市（大合山店）,浙江省,台州市,mmkt
20261408,ELEME,76W000620A,239267224,三和超市(购物中心店),浙江省,台州市,smkt
20261408,ELEME,76W196669A,292350465,三和超市（双峰店）,浙江省,台州市,smkt
20261408,ELEME,76W280179A,1067951176,三和超市（松门岭商天玺店）,浙江省,台州市,smkt
20261408,ELEME,76W003094A,239303219,三和超市（温峤店）,浙江省,台州市,smkt
20261408,ELEME,76W319464A,1074013062,三和超市(玉环万达店),浙江省,台州市,smkt
20261408,ELEME,76W002429A,239294387,三和超市（泽国复兴店）,浙江省,台州市,smkt
20261408,ELEME,76W215766A,813693290,三江购物（穿城店）,浙江省,台州市,smkt
20261408,ELEME,76W196700A,686088290,三江购物（始丰店）,浙江省,台州市,smkt
20261408,ELEME,76W110553A,386773439,三江购物(天台店),浙江省,台州市,smkt
20261408,ELEME,76W000237A,239260298,世纪联华（黄岩劳动南路店）,浙江省,台州市,smkt
20261408,ELEME,76W000197A,239259334,世纪联华（椒江市府大道店）,浙江省,台州市,hmkt
20261408,ELEME,76W014076A,239788127,世纪联华（天台赤城路店）,浙江省,台州市,hmkt
20261408,ELEME,76W246751A,1034883180,耀达超市（大洋路店）,浙江省,台州市,smkt
20261408,ELEME,76W002574A,239296316,正斌超市（路桥横街店）,浙江省,台州市,smkt
20261408,ELEME,76W025633A,240140049,正斌超市（上保店）,浙江省,台州市,smkt
20261408,ELEME,76W225011A,823336012,KKV（太原公元时代城主力店）,山西省,太原市,mmkt
20261408,ELEME,76W241564A,1011453186,KKV（太原华润万象钟楼街店）,山西省,太原市,mmkt
20261408,ELEME,76W224989A,823162446,KKV（太原华宇百花谷主力店）,山西省,太原市,mmkt
20261408,ELEME,76W164766A,649443475,家家利超市（太原百花谷店）,山西省,太原市,smkt
20261408,ELEME,76W164750A,649606047,家家利超市（太原富力城店）,山西省,太原市,smkt
20261408,ELEME,76W214399A,813789353,家家利超市（太原古交店）,山西省,太原市,smkt
20261408,ELEME,76W528936A,707339290,美特好超市（丽华苑店）,山西省,太原市,mmkt
20261408,ELEME,76W528934A,688459379,美特好超市（龙山大街店）,山西省,太原市,smkt
20261408,ELEME,76W204045A,707992465,美特好超市（南内环店）,山西省,太原市,smkt
20261408,ELEME,76W195862A,686425269,美特好超市（清徐紫林路店）,山西省,太原市,smkt
20261408,ELEME,76W528625A,673949032,美特好超市(三墙店),山西省,太原市,smkt
20261408,ELEME,76W195887A,687052214,美特好超市（体育路店）,山西省,太原市,smkt
20261408,ELEME,76W186563A,673765474,美特好超市（万科印象城店）,山西省,太原市,smkt
20261408,ELEME,76W204017A,688323216,美特好超市(西矿街店),山西省,太原市,smkt
20261408,ELEME,76W204002A,707284002,美特好超市（星河湾店）,山西省,太原市,smkt
20261408,ELEME,76W526931A,673892433,美特好超市（许坦东街店）,山西省,太原市,mmkt
20261408,ELEME,76W186542A,673995015,美特好超市（羊市街店）,山西省,太原市,smkt
20261408,ELEME,76W204022A,688404153,美特好超市（重机店）,山西省,太原市,smkt
20261408,ELEME,76W029790A,240405015,唐久便利（015五一东店）,山西省,太原市,cvs
20261408,ELEME,76W038304A,264588018,唐久便利（1169漪汾街西口店）,山西省,太原市,cvs
20261408,ELEME,76W031959A,246674052,唐久便利（1391富力城店）,山西省,太原市,cvs
20261408,ELEME,76W123471A,428140185,唐久便利（1559一零九医院店）,山西省,太原市,cvs
20261408,ELEME,76W092266A,322949019,唐久便利（1613郝庄正街东都小区店）,山西省,太原市,cvs
20261408,ELEME,76W124981A,431469391,唐久便利（161晋祠路店）,山西省,太原市,cvs
20261408,ELEME,76W102257A,366103007,唐久便利（1685晋阳街大吴社区臻观苑小区店）,山西省,太原市,cvs
20261408,ELEME,76W028447A,240367405,唐久便利(1822文源西巷口店),山西省,太原市,cvs
20261408,ELEME,76W077539A,292570071,唐久便利（2096南寨兴安宿舍店）,山西省,太原市,cvs
20261408,ELEME,76W029638A,240399378,唐久便利（2151北中环街南店）,山西省,太原市,cvs
20261408,ELEME,76W019988A,240095482,唐久便利（2206铜厂宿舍店）,山西省,太原市,cvs
20261408,ELEME,76W125498A,431984316,唐久便利(2212铜锣湾店),山西省,太原市,cvs
20261408,ELEME,76W096674A,352848047,唐久便利(2289殷家堡小区店),山西省,太原市,cvs
20261408,ELEME,76W028678A,240373406,唐久便利(2339千峰南路鑫美天地店),山西省,太原市,cvs
20261408,ELEME,76W077092A,292461025,唐久便利（2389幸福家园店）,山西省,太原市,cvs
20261408,ELEME,76W027885A,240350488,唐久便利（243沙沟店）,山西省,太原市,cvs
20261408,ELEME,76W076633A,292303205,唐久便利(2623文锦世家店),山西省,太原市,cvs
20261408,ELEME,76W125006A,431516352,唐久便利(2650汾河湾二号店),山西省,太原市,cvs
20261408,ELEME,76W032086A,246680305,唐久便利（2818佳境观邸店）,山西省,太原市,cvs
20261408,ELEME,76W055148A,275089069,唐久便利（2862集祥君悦店）,山西省,太原市,cvs
20261408,ELEME,76W028360A,240364433,唐久便利（2891小井峪龙腾小区店）,山西省,太原市,cvs
20261408,ELEME,76W092188A,322785015,唐久便利(3026长风世纪广场店),山西省,太原市,cvs
20261408,ELEME,76W098439A,356426074,唐久便利（3239塞纳阳光店）,山西省,太原市,cvs
20261408,ELEME,76W164783A,651038458,唐久便利（3309马练营西路龙城苑店）,山西省,太原市,cvs
20261408,ELEME,76W164732A,656796022,唐久便利（3311通达西街阳光雅筑店）,山西省,太原市,cvs
20261408,ELEME,76W224987A,814440176,唐久便利（3350气化西街店）,山西省,太原市,cvs
20261408,ELEME,76W307355A,1071426280,唐久便利（3823中心花园二小区南门）,山西省,太原市,cvs
20261408,ELEME,76W164697A,287903499,唐久便利（658育翠苑店）,山西省,太原市,cvs
20261408,ELEME,76W407551A,1082999496,711便利店（泰安肥城龙山店）,山东省,泰安市,cvs
20261408,ELEME,76W252256A,1055928217,711便利店(泰安新泰吾悦广场店),山东省,泰安市,cvs
20261408,ELEME,76W501948A,1096600175,新合作（山口店）,山东省,泰安市,mmkt
20261408,ELEME,76W227210A,872331388,KKV（泰州靖江印象城主力店）,江苏省,泰州市,mmkt
20261408,ELEME,76W227200A,823227384,KKV（泰州万达广场主力店）,江苏省,泰州市,mmkt
20261408,ELEME,76W237495A,876217480,KKV（泰州中骏世界城主力店）,江苏省,泰州市,mmkt
20261408,ELEME,76W010071A,239726330,大润发(梅兰东路店),江苏省,泰州市,hmkt
20261408,ELEME,76W014903A,239802167,大润发(兴化店),江苏省,泰州市,hmkt
20261408,ELEME,76W136784A,546008431,文峰千家惠（泰州文峰店）,江苏省,泰州市,mmkt
20261408,ELEME,76W227002A,819046208,KKV（唐山万达广场主力店）,河北省,唐山市,mmkt
20261408,ELEME,76W217787A,813990156,KKV（唐山远洋城店）,河北省,唐山市,mmkt
20261408,ELEME,76W010540A,239733320,大润发(华岩店),河北省,唐山市,hmkt
20261408,ELEME,76W577216A,1067986356,大润发(路北店),河北省,唐山市,hmkt
20261408,ELEME,76W407760A,1085042268,罗森便利店（曹妃甸南堡店）,河北省,唐山市,cvs
20261408,ELEME,76W098433A,356418311,罗森便利店（唐山二十一中店）,河北省,唐山市,cvs
20261408,ELEME,76W217811A,355580365,罗森便利店（唐山万达广场店）,河北省,唐山市,cvs
20261408,ELEME,76W198283A,675854425,罗森便利店（唐山玉田二郎庙店）,河北省,唐山市,cvs
20261408,ELEME,76W237064A,895559246,罗森便利店（唐山玉田凤购店）,河北省,唐山市,cvs
20261408,ELEME,76W198284A,676000394,罗森便利店（唐山遵化金缘商场店）,河北省,唐山市,cvs
20261408,ELEME,76W571961A,20007230416,唐山百货大楼集团(遵化购物广场店),河北省,唐山市,mmkt
20261408,ELEME,76W529125A,238885320,玉田供销大厦,河北省,唐山市,mmkt
20261408,ELEME,76W145685A,577621067,711(爱琴海玫瑰天街店),天津市,天津市,cvs
20261408,ELEME,76W454607A,1096099198,711(八纬路音乐街店),天津市,天津市,cvs
20261408,ELEME,76W018901A,240083481,711(碧水家园店),天津市,天津市,cvs
20261408,ELEME,76W226135A,843307403,711(登州南路地铁站店),天津市,天津市,cvs
20261408,ELEME,76W006308A,239347465,711(二纬路地铁站店),天津市,天津市,cvs
20261408,ELEME,76W160806A,593143246,711(富力又一城合雅园店),天津市,天津市,cvs
20261408,ELEME,76W216327A,800790048,711(葛沽金水街店),天津市,天津市,cvs
20261408,ELEME,76W019973A,240095402,711(恒星世界店),天津市,天津市,cvs
20261408,ELEME,76W018674A,240080493,711(华苑天华里店),天津市,天津市,cvs
20261408,ELEME,76W274224A,1065852039,711（津南达文路店）,天津市,天津市,cvs
20261408,ELEME,76W242316A,941595379,711(静海乐城购物广场店),天津市,天津市,cvs
20261408,ELEME,76W257622A,1058210047,711（静海裕华园店）,天津市,天津市,cvs
20261408,ELEME,76W121014A,414556035,711(空港皇冠国际店),天津市,天津市,cvs
20261408,ELEME,76W022074A,240112082,711(昆明路三友里店),天津市,天津市,cvs
20261408,ELEME,76W038673A,264603336,711(利津路店),天津市,天津市,cvs
20261408,ELEME,76W020619A,240101128,711(鲁能城购物中心店),天津市,天津市,cvs
20261408,ELEME,76W022584A,240116061,711(梅江九华山路店),天津市,天津市,cvs
20261408,ELEME,76W475014A,1099313229,711（梅江中海环宇城店）,天津市,天津市,cvs
20261408,ELEME,76W160659A,669650274,711(宁河朝阳花园店),天津市,天津市,cvs
20261408,ELEME,76W018108A,240073475,711(平江道光华里店),天津市,天津市,cvs
20261408,ELEME,76W160748A,292676247,711(群芳路贵桥里店),天津市,天津市,cvs
20261408,ELEME,76W207311A,709698267,711(生态城科技园店),天津市,天津市,cvs
20261408,ELEME,76W443142A,1093089471,711(太阳城凤山广场店),天津市,天津市,cvs
20261408,ELEME,76W106459A,373252016,711(吾悦广场金街店),天津市,天津市,cvs
20261408,ELEME,76W100105A,360812322,711(武警医院北侧店),天津市,天津市,cvs
20261408,ELEME,76W120760A,414183240,711(武清保利金街店),天津市,天津市,cvs
20261408,ELEME,76W269255A,1062879004,711（武清香滨城店）,天津市,天津市,cvs
20261408,ELEME,76W257591A,1058020119,711（西青杨柳青莱茵小镇店）,天津市,天津市,cvs
20261408,ELEME,76W251945A,1056608232,711(信友道悦和里店),天津市,天津市,cvs
20261408,ELEME,76W019405A,240089381,711(中山路亚得商厦店),天津市,天津市,cvs
20261408,ELEME,76W226127A,868973249,KKV（天津津南吾悦广场主力店）,天津市,天津市,mmkt
20261408,ELEME,76W226100A,827820267,KKV（天津津南永旺梦乐城主力店）,天津市,天津市,mmkt
20261408,ELEME,76W576131A,20011214115,KKV(天津南开大悦城店),天津市,天津市,mmkt
20261408,ELEME,76W226173A,817502013,KKV（天津泰达永旺梦乐城主力店）,天津市,天津市,mmkt
20261408,ELEME,76W226117A,817486030,KKV（天津西青印象城主力店）,天津市,天津市,mmkt
20261408,ELEME,76W226171A,818335021,KKV（天津中北永旺梦乐城主力店）,天津市,天津市,mmkt
20261408,ELEME,76W019613A,240091490,百瑞达超市（滨海新区店）,天津市,天津市,mmkt
20261408,ELEME,76W086344A,308184494,便利蜂(创研大厦店),天津市,天津市,cvs
20261408,ELEME,76W131239A,525993140,便利蜂(大通绿岛店),天津市,天津市,cvs
20261408,ELEME,76W086722A,308450258,便利蜂(枫丹天城店),天津市,天津市,cvs
20261408,ELEME,76W086380A,308214481,便利蜂(广州道2-88店),天津市,天津市,cvs
20261408,ELEME,76W137567A,551951166,便利蜂(贵山里小区店),天津市,天津市,cvs
20261408,ELEME,76W083276A,301839195,便利蜂(果园东路163号店),天津市,天津市,cvs
20261408,ELEME,76W257608A,1057870367,便利蜂(花郡家园42号楼店),天津市,天津市,cvs
20261408,ELEME,76W120296A,413022015,便利蜂(万隆滨河新苑店),天津市,天津市,cvs
20261408,ELEME,76W137955A,552923029,便利蜂(紫云园二店),天津市,天津市,cvs
20261408,ELEME,76W010467A,239732310,大润发(紫金山店),天津市,天津市,hmkt
20261408,ELEME,76W219651A,688345047,罗森便利店（天津农学院店）,天津市,天津市,cvs
20261408,ELEME,76W576882A,20012781007,七鲜超市(雅阳家园站),天津市,天津市,smkt
20261408,ELEME,76W016099A,240045169,尚品嘉便利（芥园道店）,天津市,天津市,mmkt
20261408,ELEME,76W021371A,240106349,物尔购超市（淮祥园店）,天津市,天津市,mmkt
20261408,ELEME,76W121064A,414597017,比优特超市（铁岭新玛特店）,辽宁省,铁岭市,smkt
20261408,ELEME,76W014667A,239798210,大润发(开原店),辽宁省,铁岭市,hmkt
20261408,ELEME,76W223222A,817363227,KKV（通化新天地购物中心主力店）,吉林省,通化市,mmkt
20261408,ELEME,76W261342A,281159153,博利连锁超市（老站店）,吉林省,通化市,smkt
20261408,ELEME,76W261347A,265955212,博利连锁超市（五月花店）,吉林省,通化市,smkt
20261408,ELEME,76W052836A,272659350,博利连锁超市英华店,吉林省,通化市,smkt
20261408,ELEME,76W247018A,1014088148,邻几（铜陵第四人民医院店）,安徽省,铜陵市,cvs
20261408,ELEME,76W247019A,1013448428,邻几（铜陵人民医院店）,安徽省,铜陵市,cvs
20261408,ELEME,76W082419A,300698194,邻几便利店(官塘路店),安徽省,铜陵市,cvs
20261408,ELEME,76W036213A,247006474,邻几便利店(铜陵万锦新城店),安徽省,铜陵市,cvs
20261408,ELEME,76W177578A,300849099,邻几便利店(中航城市广场店),安徽省,铜陵市,cvs
20261408,ELEME,76W010827A,239737313,大润发(侨乡店),山东省,威海市,hmkt
20261408,ELEME,76W015547A,239813147,大润发(荣成店),山东省,威海市,hmkt
20261408,ELEME,76W010064A,239726322,大润发(世昌店),山东省,威海市,hmkt
20261408,ELEME,76W224387A,568185104,家家悦（东方新天地店）,山东省,威海市,smkt
20261408,ELEME,76W528853A,574117386,家家悦（丰禾国际店）,山东省,威海市,smkt
20261408,ELEME,76W166407A,568093051,家家悦（环翠万达广场店）,山东省,威海市,smkt
20261408,ELEME,76W278734A,1067524222,家家悦(乳山九龙汇购物广场店),山东省,威海市,smkt
20261408,ELEME,76W185726A,672566144,家家悦（乳山香榭里店）,山东省,威海市,smkt
20261408,ELEME,76W141491A,570130342,家家悦（威海九龙城店）,山东省,威海市,smkt
20261408,ELEME,76W519218A,1106404411,家家悦(文登九龙城店),山东省,威海市,smkt
20261408,ELEME,76W420412A,1090979010,可好（荣成大润发125236店）,山东省,威海市,cvs
20261408,ELEME,76W131134A,525913417,可好(文化西路125202店),山东省,威海市,cvs
20261408,ELEME,76W213473A,769271457,喜燕万家生活超市(樱花时尚店),山东省,威海市,mmkt
20261408,ELEME,76W234703A,899381120,KKV(潍坊谷德锦奥莱购物中心主力店),山东省,潍坊市,mmkt
20261408,ELEME,76W234669A,897417402,KKV（潍坊泰华城主力店）,山东省,潍坊市,mmkt
20261408,ELEME,76W576122A,20011206223,KKV(潍坊新辰天地购物中心店),山东省,潍坊市,mmkt
20261408,ELEME,76W072857A,288719230,百盛超市（大华店）,山东省,潍坊市,smkt
20261408,ELEME,76W176479A,670120438,百盛超市(文化店),山东省,潍坊市,smkt
20261408,ELEME,76W010468A,239732311,大润发(奎文店),山东省,潍坊市,hmkt
20261408,ELEME,76W009073A,239692408,大润发(青州店),山东省,潍坊市,hmkt
20261408,ELEME,76W176463A,667862132,家家悦（潍坊寿光万达广场店）,山东省,潍坊市,smkt
20261408,ELEME,76W487035A,1098846051,银座超市（潍坊高新店）,山东省,潍坊市,smkt
20261408,ELEME,76W234691A,922612042,优同便利店（潍坊加州世纪店）,山东省,潍坊市,cvs
20261408,ELEME,76W224052A,828313420,KKV（温州大西洋银泰城主力店）,浙江省,温州市,mmkt
20261408,ELEME,76W232810A,872298418,KKV(温州万象城主力店),浙江省,温州市,mmkt
20261408,ELEME,76W224004A,860957476,KKV（温州吾悦广场主力店）,浙江省,温州市,mmkt
20261408,ELEME,76W567249A,20001082146,菜蔬生(甲里店),浙江省,温州市,mmkt
20261408,ELEME,76W040563A,265466306,大润发(龙港店),浙江省,温州市,hmkt
20261408,ELEME,76W156138A,425812081,乐联超市（乐清时代店）,浙江省,温州市,mmkt
20261408,ELEME,76W084879A,305280386,南大超市,浙江省,温州市,smkt
20261408,ELEME,76W101092A,364527411,人本超市(洞头新城店),浙江省,温州市,smkt
20261408,ELEME,76W101326A,364955235,人本超市(乐昌店),浙江省,温州市,smkt
20261408,ELEME,76W202980A,708265341,人本超市（南瓯店）,浙江省,温州市,mmkt
20261408,ELEME,76W101393A,365041211,人本超市（新田园店）,浙江省,温州市,smkt
20261408,ELEME,76W576173A,20011291008,上海华联PLUS(新湖银泰城店),浙江省,温州市,smkt
20261408,ELEME,76W015280A,239809096,世纪联华（温州大世界店）,浙江省,温州市,smkt
20261408,ELEME,76W527313A,240127116,易捷超市（海城路店）,浙江省,温州市,mmkt
20261408,ELEME,76W529918A,324583265,永丰超市(城西店),浙江省,温州市,smkt
20261408,ELEME,76W405844A,1079722405,永丰超市（虹桥店）,浙江省,温州市,smkt
20261408,ELEME,76W420289A,1088688254,永丰超市（灵昆店）,浙江省,温州市,mmkt
20261408,ELEME,76W475395A,1096059261,永丰超市（浦西2店）,浙江省,温州市,smkt
20261408,ELEME,76W529709A,270010474,永丰超市(小南门店),浙江省,温州市,smkt
20261408,ELEME,76W529672A,1079718419,永丰超市(新桥店),浙江省,温州市,smkt
20261408,ELEME,76W224432A,872292468,KKV（无锡方圆荟购物广场主力店）,江苏省,无锡市,mmkt
20261408,ELEME,76W224424A,830939206,KKV（无锡国网智慧广场主力店）,江苏省,无锡市,mmkt
20261408,ELEME,76W224449A,828302358,KKV(无锡荟聚中心主力店),江苏省,无锡市,mmkt
20261408,ELEME,76W423189A,1087830054,KKV(无锡江南大悦城店),江苏省,无锡市,mmkt
20261408,ELEME,76W224460A,830835467,KKV（无锡万象城主力店）,江苏省,无锡市,mmkt
20261408,ELEME,76W001734A,239284368,大统华(江阴华士店),江苏省,无锡市,smkt
20261408,ELEME,76W528591A,668794136,安德利超市（无为状元府邸店）,安徽省,芜湖市,mmkt
20261408,ELEME,76W014245A,239791217,大润发(湾沚店),安徽省,芜湖市,hmkt
20261408,ELEME,76W213763A,741168014,邻几（柏庄时代广场店）,安徽省,芜湖市,cvs
20261408,ELEME,76W001131A,239275388,大润发(梧州店),广西壮族自治区,梧州市,hmkt
20261408,ELEME,76W081474A,300048131,7-11便利店(街道口店),湖北省,武汉市,cvs
20261408,ELEME,76W577047A,239301345,AEON永旺超市(金银潭店),湖北省,武汉市,hmkt
20261408,ELEME,76W527034A,239310257,AEON永旺超市（经开店）,湖北省,武汉市,hmkt
20261408,ELEME,76W236902A,932104256,KKV(武汉北辰光谷里主力店),湖北省,武汉市,mmkt
20261408,ELEME,76W226762A,817386197,KKV（武汉经开万达主力店）,湖北省,武汉市,mmkt
20261408,ELEME,76W269760A,1063221278,KKV(武汉龙湖白沙天街店),湖北省,武汉市,mmkt
20261408,ELEME,76W226792A,863479127,KKV(武汉群光广场主力店),湖北省,武汉市,mmkt
20261408,ELEME,76W226853A,817308264,KKV（武汉武胜凯德广场主力店）,湖北省,武汉市,mmkt
20261408,ELEME,76W130949A,525540243,Today（范湖万达广场店）,湖北省,武汉市,cvs
20261408,ELEME,76W008556A,239400009,Today(光谷世纪城店),湖北省,武汉市,cvs
20261408,ELEME,76W013630A,239781255,Today（红桥城店）,湖北省,武汉市,cvs
20261408,ELEME,76W010804A,239736489,Today（梅苑小区店）,湖北省,武汉市,cvs
20261408,ELEME,76W010584A,239733467,Today（南湖时尚城店）,湖北省,武汉市,cvs
20261408,ELEME,76W013468A,239779236,Today（青鱼嘴地铁站店）,湖北省,武汉市,cvs
20261408,ELEME,76W015360A,239810099,Today（万景国际店）,湖北省,武汉市,cvs
20261408,ELEME,76W011494A,239747445,Today(武汉大学珞珈店),湖北省,武汉市,cvs
20261408,ELEME,76W011041A,239740454,Today（余华岭佳园店）,湖北省,武汉市,cvs
20261408,ELEME,76W573440A,1107872090,奥特乐(武汉汉口城市广场店),湖北省,武汉市,mmkt
20261408,ELEME,76W269800A,1063597459,大润发（保利广场店）,湖北省,武汉市,hmkt
20261408,ELEME,76W001512A,239281464,大润发(蔡甸店),湖北省,武汉市,hmkt
20261408,ELEME,76W011667A,239750295,大润发(姑嫂树店),湖北省,武汉市,hmkt
20261408,ELEME,76W015183A,239807178,大润发(江汉店),湖北省,武汉市,hmkt
20261408,ELEME,76W004886A,239328308,盒马鲜生(太和里店),湖北省,武汉市,smkt
20261408,ELEME,76W217490A,769530362,黄商超市（阳逻万达店）,湖北省,武汉市,smkt
20261408,ELEME,76W115038A,401513285,可多（联投金色港湾店）,湖北省,武汉市,mmkt
20261408,ELEME,76W473499A,1097766356,可多便利（巴黎春天店）,湖北省,武汉市,mmkt
20261408,ELEME,76W252328A,1055035422,可多便利（碧桂园生态城东境店）,湖北省,武汉市,mmkt
20261408,ELEME,76W281081A,1068536114,可多便利（大悦城2店）,湖北省,武汉市,mmkt
20261408,ELEME,76W150939A,658914223,可多便利(东方雨林店),湖北省,武汉市,mmkt
20261408,ELEME,76W030617A,246450321,可多便利（东湖国际2店）,湖北省,武汉市,mmkt
20261408,ELEME,76W030567A,246433468,可多便利(海虹景店),湖北省,武汉市,mmkt
20261408,ELEME,76W296497A,1063591450,可多便利（汉桥城中花园店）,湖北省,武汉市,mmkt
20261408,ELEME,76W121473A,415029190,可多便利（花山碧桂园三店）,湖北省,武汉市,mmkt
20261408,ELEME,76W198089A,686336241,可多便利（江夏天地店）,湖北省,武汉市,mmkt
20261408,ELEME,76W039431A,264635040,可多便利（金地西岸故事店）,湖北省,武汉市,mmkt
20261408,ELEME,76W274427A,958975038,可多便利（兰亭大境店）,湖北省,武汉市,mmkt
20261408,ELEME,76W528844A,531967126,可多便利（揽胜汇店）,湖北省,武汉市,mmkt
20261408,ELEME,76W574219A,20003253187,可多便利(绿地光谷星河绘店),湖北省,武汉市,mmkt
20261408,ELEME,76W320442A,1074229295,可多便利（琴台华府店）,湖北省,武汉市,mmkt
20261408,ELEME,76W269717A,1063702146,可多便利(书院世家店),湖北省,武汉市,mmkt
20261408,ELEME,76W115128A,401608249,可多便利（水墨甲秀店）,湖北省,武汉市,mmkt
20261408,ELEME,76W129141A,447481341,可多便利（庭瑞新汉口店）,湖北省,武汉市,mmkt
20261408,ELEME,76W424842A,1071919255,可多便利（同安家园店）,湖北省,武汉市,mmkt
20261408,ELEME,76W050887A,269849358,可多便利(万科翡翠滨江店),湖北省,武汉市,mmkt
20261408,ELEME,76W002639A,239297253,可多便利（万科锦绣苑店）,湖北省,武汉市,mmkt
20261408,ELEME,76W150536A,661954482,可多便利(温馨苑二店),湖北省,武汉市,mmkt
20261408,ELEME,76W127724A,437677388,可多便利(徐东佳馨花园店),湖北省,武汉市,mmkt
20261408,ELEME,76W435235A,1076416445,可多便利（雅居乐国际花园店）,湖北省,武汉市,mmkt
20261408,ELEME,76W189276A,674149225,可多便利（禹洲朗廷元著店）,湖北省,武汉市,mmkt
20261408,ELEME,76W443881A,1093484136,可多便利（中建星光城店）,湖北省,武汉市,mmkt
20261408,ELEME,76W031391A,246648407,可多超市（碧桂园店）,湖北省,武汉市,mmkt
20261408,ELEME,76W022348A,240114141,可多超市（积玉桥店）,湖北省,武汉市,mmkt
20261408,ELEME,76W038229A,264583035,武商超市（白沙洲店）,湖北省,武汉市,smkt
20261408,ELEME,76W030847A,246550148,武商超市（百圣店）,湖北省,武汉市,smkt
20261408,ELEME,76W030840A,246545194,武商超市（常青花园店）,湖北省,武汉市,smkt
20261408,ELEME,76W474868A,1096976262,武商超市（歌笛湖店）,湖北省,武汉市,smkt
20261408,ELEME,76W122188A,425144404,武商超市（光谷之星店）,湖北省,武汉市,smkt
20261408,ELEME,76W030851A,246553121,武商超市(惠济店),湖北省,武汉市,smkt
20261408,ELEME,76W030810A,246516478,武商超市（龙庭店）,湖北省,武汉市,smkt
20261408,ELEME,76W029872A,240411031,武商超市（庙山店）,湖北省,武汉市,smkt
20261408,ELEME,76W082972A,301494284,武商超市（腾龙大道店）,湖北省,武汉市,smkt
20261408,ELEME,76W037846A,264555274,武商超市（武汉国际广场店）,湖北省,武汉市,smkt
20261408,ELEME,76W094245A,330405440,新力有家便利店(泰富城店),湖北省,武汉市,cvs
20261408,ELEME,76W018573A,240079438,新力有家便利店(香澜水岸店),湖北省,武汉市,cvs
20261408,ELEME,76W042819A,265942054,有家便利店（海伦广场店）,湖北省,武汉市,cvs
20261408,ELEME,76W080553A,299253186,有家便利店(建港武商店),湖北省,武汉市,cvs
20261408,ELEME,76W274447A,557389011,有家便利店（珞珈雅苑店）,湖北省,武汉市,cvs
20261408,ELEME,76W132559A,531150393,有家便利店（旅游学校店）,湖北省,武汉市,cvs
20261408,ELEME,76W136830A,546047143,有家便利店（融创智谷二店）,湖北省,武汉市,cvs
20261408,ELEME,76W226787A,708588034,有家便利店（湘隆店）,湖北省,武汉市,cvs
20261408,ELEME,76W136838A,546054096,有家便利店（印力中心二店）,湖北省,武汉市,cvs
20261408,ELEME,76W075659A,291385189,中百仓储(蔡甸奓山店),湖北省,武汉市,smkt
20261408,ELEME,76W085236A,307337080,中百仓储(大成路店),湖北省,武汉市,smkt
20261408,ELEME,76W527881A,291439064,中百仓储(大洲店),湖北省,武汉市,hmkt
20261408,ELEME,76W085680A,307674235,中百仓储(丹水池店),湖北省,武汉市,smkt
20261408,ELEME,76W075542A,291352497,中百仓储(傅家坡店),湖北省,武汉市,smkt
20261408,ELEME,76W207337A,709770200,中百仓储(光谷流芳天地店),湖北省,武汉市,smkt
20261408,ELEME,76W527773A,277055035,中百仓储(金银湖店),湖北省,武汉市,hmkt
20261408,ELEME,76W055844A,276982498,中百仓储(庙山广信店),湖北省,武汉市,smkt
20261408,ELEME,76W075835A,291455016,中百仓储(沙湖店),湖北省,武汉市,smkt
20261408,ELEME,76W527878A,291415138,中百仓储(吴家山店),湖北省,武汉市,hmkt
20261408,ELEME,76W445385A,590948191,中百仓储(中南拂晓城店),湖北省,武汉市,smkt
20261408,ELEME,76W087883A,315584361,中百仓储超市(百步亭花园路店),湖北省,武汉市,smkt
20261408,ELEME,76W122834A,425911105,中百仓储超市(东湖城店),湖北省,武汉市,smkt
20261408,ELEME,76W110561A,386786376,中百仓储超市(沌口金凯店),湖北省,武汉市,smkt
20261408,ELEME,76W055904A,277048051,中百仓储超市(烽火店),湖北省,武汉市,smkt
20261408,ELEME,76W089859A,318098306,中百仓储超市(公安路店),湖北省,武汉市,smkt
20261408,ELEME,76W577175A,291458013,中百仓储超市(古田店),湖北省,武汉市,smkt
20261408,ELEME,76W055845A,276984485,中百仓储超市(关山城市广场店),湖北省,武汉市,smkt
20261408,ELEME,76W121671A,415249013,中百仓储超市(恒大城店),湖北省,武汉市,smkt
20261408,ELEME,76W075640A,291379210,中百仓储超市(花山店),湖北省,武汉市,smkt
20261408,ELEME,76W085324A,307395085,中百仓储超市(黄陂店),湖北省,武汉市,smkt
20261408,ELEME,76W077964A,292624319,中百仓储超市(黄陂横店店),湖北省,武汉市,smkt
20261408,ELEME,76W075707A,291403152,中百仓储超市(黄浦路店),湖北省,武汉市,smkt
20261408,ELEME,76W055860A,277005118,中百仓储超市(江夏店),湖北省,武汉市,smkt
20261408,ELEME,76W296450A,1066974382,中百仓储超市（联投花山郡店）,湖北省,武汉市,smkt
20261408,ELEME,76W055988A,277191193,中百仓储超市(南湖店),湖北省,武汉市,smkt
20261408,ELEME,76W528794A,317419262,中百仓储超市(水果湖店),湖北省,武汉市,hmkt
20261408,ELEME,76W075793A,291440069,中百仓储超市(天纵城店),湖北省,武汉市,smkt
20261408,ELEME,76W092786A,324087173,中百仓储超市(铁桥店),湖北省,武汉市,smkt
20261408,ELEME,76W092647A,323778432,中百仓储超市(庭瑞新汉口店),湖北省,武汉市,smkt
20261408,ELEME,76W527882A,291451050,中百仓储超市(沿港路店),湖北省,武汉市,smkt
20261408,ELEME,76W055868A,277008115,中百仓储超市(阳逻店),湖北省,武汉市,smkt
20261408,ELEME,76W075696A,291399150,中百仓储超市(长丰店),湖北省,武汉市,smkt
20261408,ELEME,76W078381A,292670262,中百仓储超市(竹叶山店),湖北省,武汉市,smkt
20261408,ELEME,76W092688A,323875048,中百仓储超市(紫微星购物广场店),湖北省,武汉市,smkt
20261408,ELEME,76W118942A,407979217,中百超市(德雅国际店),湖北省,武汉市,mmkt
20261408,ELEME,76W014255A,239791270,中百超市(复地东湖店),湖北省,武汉市,mmkt
20261408,ELEME,76W091424A,321446110,中百超市(金鹤园店),湖北省,武汉市,mmkt
20261408,ELEME,76W527902A,292603307,中百超市(君融天湖二店),湖北省,武汉市,smkt
20261408,ELEME,76W012475A,239765338,中百超市(蓝巢逸品店),湖北省,武汉市,mmkt
20261408,ELEME,76W038543A,264598033,中百超市(俪湖天地店),湖北省,武汉市,mmkt
20261408,ELEME,76W093270A,326957474,中百超市(天鹅湖大道店),湖北省,武汉市,mmkt
20261408,ELEME,76W005170A,239332129,中百超市(同济花园店),湖北省,武汉市,mmkt
20261408,ELEME,76W012932A,239771358,中百超市(兴达店),湖北省,武汉市,mmkt
20261408,ELEME,76W015194A,239807217,中百超市(熊廷弼店),湖北省,武汉市,mmkt
20261408,ELEME,76W527240A,239785069,中百超市(薛峰社区店),湖北省,武汉市,smkt
20261408,ELEME,76W015141A,239806221,中百超市(纸坊大街店),湖北省,武汉市,mmkt
20261408,ELEME,76W018680A,240081029,中百超市硬折扣店(东湖景园店),湖北省,武汉市,mmkt
20261408,ELEME,76W004649A,239325204,中百罗森(保利城店),湖北省,武汉市,cvs
20261408,ELEME,76W013575A,239780345,中百罗森(铂金华府店),湖北省,武汉市,cvs
20261408,ELEME,76W100620A,361515123,中百罗森（大华公园世家店）,湖北省,武汉市,cvs
20261408,ELEME,76W106474A,373264111,中百罗森（福客茂店）,湖北省,武汉市,cvs
20261408,ELEME,76W437211A,1088817490,中百罗森(湖北文旅大厦店),湖北省,武汉市,cvs
20261408,ELEME,76W013164A,239775033,中百罗森(环球国际店),湖北省,武汉市,cvs
20261408,ELEME,76W013670A,239782026,中百罗森（积玉桥店）,湖北省,武汉市,cvs
20261408,ELEME,76W011492A,239747438,中百罗森（利济北路店）,湖北省,武汉市,cvs
20261408,ELEME,76W082521A,300925222,中百罗森(莲花湖中学店),湖北省,武汉市,cvs
20261408,ELEME,76W226773A,687475323,中百罗森（盘龙城万达广场店）,湖北省,武汉市,cvs
20261408,ELEME,76W013734A,239783034,中百罗森（球场街）,湖北省,武汉市,cvs
20261408,ELEME,76W008483A,239396022,中百罗森(双玺中心店),湖北省,武汉市,cvs
20261408,ELEME,76W012569A,239767060,中百罗森（台北一路店）,湖北省,武汉市,cvs
20261408,ELEME,76W015113A,239806123,中百罗森(万科嘉园店),湖北省,武汉市,cvs
20261408,ELEME,76W012365A,239764076,中百罗森（新华西店）,湖北省,武汉市,cvs
20261408,ELEME,76W013270A,239776258,中百罗森（长江日报店）,湖北省,武汉市,cvs
20261408,ELEME,76W013376A,239778102,中百罗森（中南二路店）,湖北省,武汉市,cvs
20261408,ELEME,76W197955A,678537041,中百罗森（左岭新城店）,湖北省,武汉市,cvs
20261408,ELEME,76W001634A,239283226,中商超市（庙山店）,湖北省,武汉市,smkt
20261408,ELEME,76W000329A,239262249,中商徐东平价广场（徐东店）,湖北省,武汉市,smkt
20261408,ELEME,76W000623A,239267263,中商优品汇（雄楚店）,湖北省,武汉市,smkt
20261408,ELEME,76W127556A,437519239,711便利店(禾盛京广中心店),陕西省,西安市,cvs
20261408,ELEME,76W576630A,20012042152,KKV(西安MOMOPARK店),陕西省,西安市,mmkt
20261408,ELEME,76W221245A,813968199,KKV（西安大悦城店）,陕西省,西安市,mmkt
20261408,ELEME,76W221325A,814114349,KKV（西安凯德广场新地城店）,陕西省,西安市,mmkt
20261408,ELEME,76W014603A,239797206,大润发(大唐西市店),陕西省,西安市,hmkt
20261408,ELEME,76W155047A,661546135,松林超市（光华公五店）,陕西省,西安市,mmkt
20261408,ELEME,76W020888A,240103060,唐久(首创国际城店),陕西省,西安市,cvs
20261408,ELEME,76W155073A,662193118,唐久便利（北航科技园店）,陕西省,西安市,cvs
20261408,ELEME,76W108441A,376688077,唐久便利（城西客运店）,陕西省,西安市,cvs
20261408,ELEME,76W140273A,557914237,唐久便利（翠华路钟研所店）,陕西省,西安市,cvs
20261408,ELEME,76W121641A,415224058,唐久便利（电子二路店）,陕西省,西安市,cvs
20261408,ELEME,76W290856A,1066843002,唐久便利（芙蓉新天地店）,陕西省,西安市,cvs
20261408,ELEME,76W191706A,686735498,唐久便利（海亮时代店）,陕西省,西安市,cvs
20261408,ELEME,76W018882A,240083409,唐久便利(汉城南路宏府鹍翔九天店),陕西省,西安市,cvs
20261408,ELEME,76W074931A,290739208,唐久便利(鸿基紫韵店),陕西省,西安市,cvs
20261408,ELEME,76W020052A,240096293,唐久便利(华远锦悦店),陕西省,西安市,cvs
20261408,ELEME,76W290905A,1066474391,唐久便利（金地湖城大境天锦北门店）,陕西省,西安市,cvs
20261408,ELEME,76W017614A,240067435,唐久便利(凯旋门店),陕西省,西安市,cvs
20261408,ELEME,76W275965A,1067247011,唐久便利（浪琴湾南门店）,陕西省,西安市,cvs
20261408,ELEME,76W050906A,269876209,唐久便利（劳动南路旭景名园店）,陕西省,西安市,cvs
20261408,ELEME,76W248533A,398958476,唐久便利（李家村购物中心店）,陕西省,西安市,cvs
20261408,ELEME,76W154718A,646919364,唐久便利(立丰国际购物中心店),陕西省,西安市,cvs
20261408,ELEME,76W290908A,1061755274,唐久便利（曲江观邸西门店）,陕西省,西安市,cvs
20261408,ELEME,76W106358A,373198331,唐久便利（曲江华侨城天鹅堡店）,陕西省,西安市,cvs
20261408,ELEME,76W132908A,531564288,唐久便利（曲江万科翡翠国际店）,陕西省,西安市,cvs
20261408,ELEME,76W019055A,240085368,唐久便利（融侨城店）,陕西省,西安市,cvs
20261408,ELEME,76W181618A,673645013,唐久便利（水晶卡巴拉店）,陕西省,西安市,cvs
20261408,ELEME,76W018173A,240074431,唐久便利（太华路万达公馆店）,陕西省,西安市,cvs
20261408,ELEME,76W248547A,1055292154,唐久便利（天朗蔚蓝东庭店）,陕西省,西安市,cvs
20261408,ELEME,76W154917A,612082206,唐久便利(铁一中友谊路店),陕西省,西安市,cvs
20261408,ELEME,76W074826A,290681252,唐久便利(万象城1店),陕西省,西安市,cvs
20261408,ELEME,76W095504A,331521329,唐久便利（万象城东口店）,陕西省,西安市,cvs
20261408,ELEME,76W117143A,405378003,唐久便利(蔚蓝锦城店),陕西省,西安市,cvs
20261408,ELEME,76W229294A,912467472,唐久便利（文景小区西区颐园店）,陕西省,西安市,cvs
20261408,ELEME,76W243977A,1020629106,唐久便利（雅居乐铂琅峯店）,陕西省,西安市,cvs
20261408,ELEME,76W207118A,709718228,唐久便利（御锦城九珑湾店）,陕西省,西安市,cvs
20261408,ELEME,76W016874A,240057458,唐久便利(长乐中路华东数码城店),陕西省,西安市,cvs
20261408,ELEME,76W221314A,861064206,唐久便利(中建开元壹号店),陕西省,西安市,cvs
20261408,ELEME,76W154938A,659749189,唐久便利（中建群星汇店）,陕西省,西安市,cvs
20261408,ELEME,76W019582A,240091360,唐久便利(紫薇田园都市店),陕西省,西安市,cvs
20261408,ELEME,76W000480A,239264397,大润发(西双版纳店),云南省,西双版纳傣族自治州,hmkt
20261408,ELEME,76W176043A,607344304,大兴量贩（佛照街店）,云南省,西双版纳傣族自治州,smkt
20261408,ELEME,76W067141A,284747012,大兴量贩（富比仕店）,云南省,西双版纳傣族自治州,smkt
20261408,ELEME,76W246002A,1042741231,雅斯超市(仙桃银泰商城店),湖北省,仙桃市,smkt
20261408,ELEME,76W087535A,309465020,武商超市（咸宁店）,湖北省,咸宁市,smkt
20261408,ELEME,76W127292A,437219236,中百仓储超市(汉地尚街店),湖北省,咸宁市,smkt
20261408,ELEME,76W055892A,277036068,中百仓储超市(通城店),湖北省,咸宁市,smkt
20261408,ELEME,76W055875A,277013084,中百仓储超市(咸安店),湖北省,咸宁市,smkt
20261408,ELEME,76W472906A,1099476384,唐久便利(咸阳北平街店),陕西省,咸阳市,cvs
20261408,ELEME,76W403357A,1085124246,唐久便利(咸阳启迪商业街店),陕西省,咸阳市,cvs
20261408,ELEME,76W299475A,1071428070,唐久便利（咸阳渭滨苑东门店）,陕西省,咸阳市,cvs
20261408,ELEME,76W462078A,1096127220,唐久便利(咸阳渭水华庭店),陕西省,咸阳市,cvs
20261408,ELEME,76W241550A,996435281,邻里生活购物中心（翰林居店）,湖南省,湘潭市,mmkt
20261408,ELEME,76W305314A,1071555241,佳惠超市（吉首大汉店）,湖南省,湘西土家族苗族自治州,smkt
20261408,ELEME,76W172274A,655644026,好邻居(悦活荟店),湖北省,襄阳市,smkt
20261408,ELEME,76W085398A,307439158,武商超市（襄城购物广场店）,湖北省,襄阳市,hmkt
20261408,ELEME,76W079585A,294334327,中百仓储(谷城店),湖北省,襄阳市,smkt
20261408,ELEME,76W527770A,277042052,中百仓储(枣阳店),湖北省,襄阳市,hmkt
20261408,ELEME,76W500889A,1102988282,中百罗森（谷城旺恒广场店）,湖北省,襄阳市,cvs
20261408,ELEME,76W405312A,1085948158,中百罗森（襄阳南漳水镜广场店）,湖北省,襄阳市,cvs
20261408,ELEME,76W261441A,1060395247,中百罗森（襄阳檀溪路店）,湖北省,襄阳市,cvs
20261408,ELEME,76W255468A,1058638426,中百罗森（宜城襄大步行街店）,湖北省,襄阳市,cvs
20261408,ELEME,76W010340A,239730292,大润发(孝感店),湖北省,孝感市,hmkt
20261408,ELEME,76W527771A,277043052,中百仓储(孝感店),湖北省,孝感市,hmkt
20261408,ELEME,76W055843A,276980459,中百仓储(孝感马口店),湖北省,孝感市,smkt
20261408,ELEME,76W078266A,292659275,中百仓储(孝感孝昌店),湖北省,孝感市,smkt
20261408,ELEME,76W075765A,291421125,中百仓储超市(孝感大悟店),湖北省,孝感市,smkt
20261408,ELEME,76W528757A,277023089,中百仓储超市(孝感应城店),湖北省,孝感市,hmkt
20261408,ELEME,76W193261A,687368429,中百罗森（孝感万达广场店）,湖北省,孝感市,cvs
20261408,ELEME,76W045952A,266220030,华美超级商场（团结路店）,山西省,忻州市,smkt
20261408,ELEME,76W194116A,677945284,金虎便利（3710代县二环店）,山西省,忻州市,cvs
20261408,ELEME,76W259082A,1060105036,乐豆家(暨阳上亿广场0550店),江西省,新余市,mmkt
20261408,ELEME,76W419796A,1090253284,百家来超市（红军广场店）,河南省,信阳市,smkt
20261408,ELEME,76W223134A,831291108,百家来生活超市（明港店）,河南省,信阳市,smkt
20261408,ELEME,76W223137A,831184160,百家来生活广场（科教路店）,河南省,信阳市,smkt
20261408,ELEME,76W223128A,831267107,百家顺生活超市（龙飞山城店）,河南省,信阳市,mmkt
20261408,ELEME,76W529211A,831316107,百家顺生活超市（运动城店）,河南省,信阳市,mmkt
20261408,ELEME,76W255400A,1057729209,大商新玛特超市（东方红大道店）,河南省,信阳市,smkt
20261408,ELEME,76W221584A,828460029,KKV（邢台天一广场店）,河北省,邢台市,mmkt
20261408,ELEME,76W083528A,302004125,北国超市（邢台店）,河北省,邢台市,smkt
20261408,ELEME,76W117184A,405461041,家乐园超市（公园东街店）,河北省,邢台市,smkt
20261408,ELEME,76W259823A,1062406327,罗森便利店（邢台市逗号立方店）,河北省,邢台市,cvs
20261408,ELEME,76W520393A,1106002021,罗森便利店(邢台燕云台店),河北省,邢台市,cvs
20261408,ELEME,76W011734A,239751316,大润发(南关欣欣店),江苏省,徐州市,hmkt
20261408,ELEME,76W175150A,662699357,邻几便利店（宣城国购广场店）,安徽省,宣城市,cvs
20261408,ELEME,76W500626A,1100134003,邻几便利店（宣州领尚花城店）,安徽省,宣城市,cvs
20261408,ELEME,76W573081A,1104517297,奥特乐(雅安卓达广场店),四川省,雅安市,mmkt
20261408,ELEME,76W178635A,661744123,711便利店(福山人医店),山东省,烟台市,cvs
20261408,ELEME,76W130444A,524644080,711便利店(鹿鸣北区店),山东省,烟台市,cvs
20261408,ELEME,76W178599A,593256152,711便利店(万达广场店),山东省,烟台市,cvs
20261408,ELEME,76W443537A,1093290062,711便利店（烟台龙口碧桂园龙游台店）,山东省,烟台市,cvs
20261408,ELEME,76W320288A,1076494431,711便利店（烟台龙口振华商厦店）,山东省,烟台市,cvs
20261408,ELEME,76W226710A,820266296,KKV（烟台芝罘大悦城主力店）,山东省,烟台市,mmkt
20261408,ELEME,76W001820A,239285422,大润发(福海路店),山东省,烟台市,hmkt
20261408,ELEME,76W010063A,239726321,大润发(衡山店),山东省,烟台市,hmkt
20261408,ELEME,76W014378A,239793186,大润发(莱阳店),山东省,烟台市,hmkt
20261408,ELEME,76W010610A,239734316,大润发(芝罘店),山东省,烟台市,hmkt
20261408,ELEME,76W178747A,649945317,家家悦(海阳泰华店),山东省,烟台市,smkt
20261408,ELEME,76W226714A,860946456,家家悦（龙口渔港路店）,山东省,烟台市,smkt
20261408,ELEME,76W529751A,1077894488,家家悦（新桥广场店）,山东省,烟台市,mmkt
20261408,ELEME,76W296366A,1067644215,家家悦(烟台福山万科广场店),山东省,烟台市,smkt
20261408,ELEME,76W178640A,662487227,家家悦（烟台莱山万象汇店）,山东省,烟台市,smkt
20261408,ELEME,76W197818A,686747007,家家悦（烟台龙口保利广场店）,山东省,烟台市,smkt
20261408,ELEME,76W226727A,860960429,家家悦（招远金脉华府店）,山东省,烟台市,smkt
20261408,ELEME,76W226713A,861047167,家家悦(招远一店),山东省,烟台市,smkt
20261408,ELEME,76W217287A,593464227,家家悦(招远招金广场店),山东省,烟台市,smkt
20261408,ELEME,76W529849A,1096407064,家家悦（芝罘吾悦广场店）,山东省,烟台市,smkt
20261408,ELEME,76W252281A,1056124153,可好（七星街041582店）,山东省,烟台市,cvs
20261408,ELEME,76W178652A,264626032,振华超市（购物中心店）,山东省,烟台市,smkt
20261408,ELEME,76W528605A,264575257,振华超市（锦绣新城店）,山东省,烟台市,mmkt
20261408,ELEME,76W178736A,283103286,振华超市（蓬莱二店）,山东省,烟台市,smkt
20261408,ELEME,76W197808A,264602201,振华超市（蓁山屯店）,山东省,烟台市,smkt
20261408,ELEME,76W404229A,1087399012,每日隆便利店（金域蓝湾店）,吉林省,延边朝鲜族自治州,mmkt
20261408,ELEME,76W529614A,1072874234,每日隆便利店(南关市场店),吉林省,延边朝鲜族自治州,mmkt
20261408,ELEME,76W301779A,1072820301,每日隆便利店(商贸城店),吉林省,延边朝鲜族自治州,mmkt
20261408,ELEME,76W529332A,999302390,每日隆便利店(万豪家园店),吉林省,延边朝鲜族自治州,mmkt
20261408,ELEME,76W103134A,369214015,每日隆便利店（益华广场店）,吉林省,延边朝鲜族自治州,cvs
20261408,ELEME,76W012191A,239761351,大润发(滨海店),江苏省,盐城市,hmkt
20261408,ELEME,76W116892A,404723126,大润发(宝应店),江苏省,扬州市,hmkt
20261408,ELEME,76W012024A,239759339,大润发(维扬店),江苏省,扬州市,hmkt
20261408,ELEME,76W226889A,872295268,KKV（宜昌国贸大厦主力店）,湖北省,宜昌市,mmkt
20261408,ELEME,76W526966A,676333093,北山超市(和塘悦舍店),湖北省,宜昌市,smkt
20261408,ELEME,76W499885A,1102419056,北山生活超市（东湖二店）,湖北省,宜昌市,mmkt
20261408,ELEME,76W177748A,609931316,北山生活超市(港窑路二店),湖北省,宜昌市,mmkt
20261408,ELEME,76W102568A,366797291,北山生活超市（火车站店）,湖北省,宜昌市,mmkt
20261408,ELEME,76W526935A,425270391,北山生活超市（嘉明店）,湖北省,宜昌市,mmkt
20261408,ELEME,76W120413A,413912327,北山生活超市（九码头店）,湖北省,宜昌市,mmkt
20261408,ELEME,76W189385A,611803486,北山生活超市（康庄路店）,湖北省,宜昌市,mmkt
20261408,ELEME,76W527093A,239342321,北山生活超市(隆康路二店),湖北省,宜昌市,mmkt
20261408,ELEME,76W043025A,265955072,北山生活超市(南北天城店),湖北省,宜昌市,mmkt
20261408,ELEME,76W102901A,367384153,北山生活超市(青青家园店),湖北省,宜昌市,mmkt
20261408,ELEME,76W100119A,360822091,北山生活超市（体育馆店）,湖北省,宜昌市,mmkt
20261408,ELEME,76W527680A,265968011,北山生活超市(望州岗二店),湖北省,宜昌市,smkt
20261408,ELEME,76W528096A,364537111,北山生活超市(香山福久源店),湖北省,宜昌市,smkt
20261408,ELEME,76W527120A,239356191,北山生活超市（亚洲广场店）,湖北省,宜昌市,mmkt
20261408,ELEME,76W042449A,265922119,北山生活超市(枝江青松店),湖北省,宜昌市,smkt
20261408,ELEME,76W577176A,300280317,北山生鲜超市(梧桐邑店),湖北省,宜昌市,mmkt
20261408,ELEME,76W177721A,577887099,雅斯超市(当阳店),湖北省,宜昌市,smkt
20261408,ELEME,76W498851A,1101912147,雅斯超市(宜都厚德苑店),湖北省,宜昌市,smkt
20261408,ELEME,76W177791A,577998010,雅斯超市(宜都雅斯广场店),湖北省,宜昌市,smkt
20261408,ELEME,76W177704A,536264426,雅斯超市(秭归店),湖北省,宜昌市,smkt
20261408,ELEME,76W177708A,671494270,中百罗森（CBD中央大街店）,湖北省,宜昌市,cvs
20261408,ELEME,76W226892A,831337026,中百罗森（盛世天下店）,湖北省,宜昌市,cvs
20261408,ELEME,76W177713A,592278380,中百罗森(十一中学店),湖北省,宜昌市,cvs
20261408,ELEME,76W495950A,1102731481,中百罗森（宜昌玫瑰园店）,湖北省,宜昌市,cvs
20261408,ELEME,76W218433A,775431264,好润佳（桃江店）,湖南省,益阳市,smkt
20261408,ELEME,76W272135A,1066065136,新佳宜便利店（益阳一方中心2292店）,湖南省,益阳市,cvs
20261408,ELEME,76W012264A,239762329,大润发(营口店),辽宁省,营口市,hmkt
20261408,ELEME,76W004579A,239324235,昆仑好客(盼盼路店),辽宁省,营口市,cvs
20261408,ELEME,76W112489A,397359037,真实惠便民店（东珠美地店）,辽宁省,营口市,mmkt
20261408,ELEME,76W109715A,382570335,真实惠便民店（批发市场店）,辽宁省,营口市,mmkt
20261408,ELEME,76W109970A,385641088,真实惠便民店（什字街店）,辽宁省,营口市,mmkt
20261408,ELEME,76W042278A,265906372,真实惠购物广场（鲅鱼圈店）,辽宁省,营口市,smkt
20261408,ELEME,76W143664A,573088035,真实惠购物广场（南轩店）,辽宁省,营口市,smkt
20261408,ELEME,76W221548A,872218440,KKV（永州万达广场主力店）,湖南省,永州市,mmkt
20261408,ELEME,76W291227A,1068942106,卜蜂莲花（春天广场店）,湖南省,永州市,hmkt
20261408,ELEME,76W291221A,1068982331,卜蜂莲花(中邦店),湖南省,永州市,hmkt
20261408,ELEME,76W223373A,820273269,KKV（玉林万达广场主力店）,广西壮族自治区,玉林市,mmkt
20261408,ELEME,76W000595A,239266414,大润发(玉林店),广西壮族自治区,玉林市,hmkt
20261408,ELEME,76W529964A,1101018193,大润发半日达（玉林店）,广西壮族自治区,玉林市,smkt
20261408,ELEME,76W572696A,1061544135,KKV(玉溪万达广场店),云南省,玉溪市,mmkt
20261408,ELEME,76W012477A,239765340,之佳便利(澄江人民西路店),云南省,玉溪市,cvs
20261408,ELEME,76W010830A,239737316,大润发(岳阳店),湖南省,岳阳市,hmkt
20261408,ELEME,76W221356A,872283483,KKV（运城苏宁广场主力店）,山西省,运城市,mmkt
20261408,ELEME,76W276086A,1068436222,唐久便利（运城鑫地理想城店）,山西省,运城市,cvs
20261408,ELEME,76W443524A,1093285304,可好（滕州君瑞城133519店）,山东省,枣庄市,cvs
20261408,ELEME,76W105701A,372364295,壹度便利（和谐康城店）,山东省,枣庄市,mmkt
20261408,ELEME,76W226744A,814470276,KKV（湛江DSC鼎盛广场主力店）,广东省,湛江市,mmkt
20261408,ELEME,76W011146A,239742340,大润发(赤坎店),广东省,湛江市,hmkt
20261408,ELEME,76W076594A,292288028,梅尼超市(桑植店),湖南省,张家界市,smkt
20261408,ELEME,76W528781A,291734264,梅尼超市（武陵源店）,湖南省,张家界市,mmkt
20261408,ELEME,76W057621A,280005126,梅尼超市（西溪坪店）,湖南省,张家界市,mmkt
20261408,ELEME,76W438884A,1090693452,超市发（赐儿山店）,河北省,张家口市,mmkt
20261408,ELEME,76W047508A,266650428,超市发(大新门店),河北省,张家口市,smkt
20261408,ELEME,76W417266A,1090804247,超市发(观桥店),河北省,张家口市,mmkt
20261408,ELEME,76W417263A,1090719416,超市发（联通店）,河北省,张家口市,mmkt
20261408,ELEME,76W221203A,853281188,超市发（林园路店）,河北省,张家口市,smkt
20261408,ELEME,76W419033A,1090749430,超市发(煤气公司店),河北省,张家口市,mmkt
20261408,ELEME,76W445128A,274689438,超市发（平安路店）,河北省,张家口市,mmkt
20261408,ELEME,76W417270A,1090806205,超市发（胜利北路店）,河北省,张家口市,mmkt
20261408,ELEME,76W059950A,281463246,超市发(新一中店),河北省,张家口市,smkt
20261408,ELEME,76W164786A,672126499,吉龙超市（钟楼店）,河北省,张家口市,smkt
20261408,ELEME,76W453322A,1085252271,罗森便利店（张家口北方学院西校区店）,河北省,张家口市,cvs
20261408,ELEME,76W301408A,1072954043,罗森便利店（张家口怀来新东方店）,河北省,张家口市,cvs
20261408,ELEME,76W248489A,1055573129,罗森便利店（张家口容辰庄园店）,河北省,张家口市,cvs
20261408,ELEME,76W529799A,1094792027,恒晟超市（漳浦大亭店）,福建省,漳州市,mmkt
20261408,ELEME,76W529326A,916823001,恒晟超市（漳浦印石店）,福建省,漳州市,mmkt
20261408,ELEME,76W220652A,828447057,KKV(长春红旗万达广场店),吉林省,长春市,mmkt
20261408,ELEME,76W220650A,817263466,KKV(长春宽城万达广场主力店),吉林省,长春市,mmkt
20261408,ELEME,76W576600A,20011914287,KKV(长春摩天活力城MALL店),吉林省,长春市,mmkt
20261408,ELEME,76W220640A,830831439,KKV（长春这有山主力店）,吉林省,长春市,mmkt
20261408,ELEME,76W460232A,1095473195,KKV（长春重庆路活力城主力店）,吉林省,长春市,mmkt
20261408,ELEME,76W528189A,406013250,大润发(super活力城店),吉林省,长春市,smkt
20261408,ELEME,76W010611A,239734317,大润发(长春店),吉林省,长春市,hmkt
20261408,ELEME,76W529703A,1087181090,大润发（长春活力汇店）,吉林省,长春市,smkt
20261408,ELEME,76W275332A,1067912166,吉优客超市(爱尚北湖店),吉林省,长春市,cvs
20261408,ELEME,76W403557A,1086346347,吉优客超市(保利拉菲店),吉林省,长春市,cvs
20261408,ELEME,76W137992A,552971099,吉优客超市(朝阳桥店),吉林省,长春市,cvs
20261408,ELEME,76W191128A,676002420,吉优客超市(车城万达店),吉林省,长春市,cvs
20261408,ELEME,76W118629A,407416255,吉优客超市(东岭北街店),吉林省,长春市,cvs
20261408,ELEME,76W300418A,1071829048,吉优客超市(东田青年城店),吉林省,长春市,cvs
20261408,ELEME,76W306590A,1071585176,吉优客超市(翡翠花溪店),吉林省,长春市,cvs
20261408,ELEME,76W098081A,355962342,吉优客超市(桂林路店),吉林省,长春市,cvs
20261408,ELEME,76W238311A,989712019,吉优客超市(合肥路店),吉林省,长春市,cvs
20261408,ELEME,76W208773A,813801041,吉优客超市(恒丰时代店),吉林省,长春市,cvs
20261408,ELEME,76W483467A,1101575076,吉优客超市(红星美凯龙店),吉林省,长春市,cvs
20261408,ELEME,76W241369A,953106144,吉优客超市(湖光路店),吉林省,长春市,cvs
20261408,ELEME,76W238318A,974170289,吉优客超市(华润橡树湾店),吉林省,长春市,cvs
20261408,ELEME,76W265693A,1062997091,吉优客超市(锦绣东方店),吉林省,长春市,cvs
20261408,ELEME,76W434865A,1072786302,吉优客超市(吴中国际店),吉林省,长春市,cvs
20261408,ELEME,76W253170A,1057550390,吉优客超市(物贸大厦店),吉林省,长春市,cvs
20261408,ELEME,76W208718A,726876445,吉优客超市(西宸之光店),吉林省,长春市,cvs
20261408,ELEME,76W147629A,664432120,吉优客超市(洋浦一号店),吉林省,长春市,cvs
20261408,ELEME,76W248321A,1055254398,吉优客超市(益田翠堤店),吉林省,长春市,cvs
20261408,ELEME,76W199717A,707366013,吉优客超市(园丁花园店),吉林省,长春市,cvs
20261408,ELEME,76W484714A,1100856053,吉优客超市(远创城市广场店),吉林省,长春市,cvs
20261408,ELEME,76W147662A,654106364,吉优客超市(远创紫樾台店),吉林省,长春市,cvs
20261408,ELEME,76W265688A,1060196160,吉优客超市(中海寰宇天下店),吉林省,长春市,cvs
20261408,ELEME,76W498919A,1097339018,吉优客超市(中海橡树园店),吉林省,长春市,cvs
20261408,ELEME,76W220641A,827155471,家得乐超市（德惠店）,吉林省,长春市,smkt
20261408,ELEME,76W220648A,827052486,家得乐超市(德惠新东方店),吉林省,长春市,smkt
20261408,ELEME,76W572970A,1094184279,满客隆连锁超市,吉林省,长春市,smkt
20261408,ELEME,76W018700A,240081146,新天地超市(大兴路店),吉林省,长春市,cvs
20261408,ELEME,76W180718A,671607020,新天地超市(德惠四中店),吉林省,长春市,cvs
20261408,ELEME,76W116695A,404511139,新天地超市(电台街壹店),吉林省,长春市,cvs
20261408,ELEME,76W037670A,264542158,新天地超市(东岭南街一店),吉林省,长春市,cvs
20261408,ELEME,76W191097A,677872047,新天地超市(都市邻里店),吉林省,长春市,cvs
20261408,ELEME,76W290174A,1055972477,新天地超市(抚松路二店),吉林省,长春市,cvs
20261408,ELEME,76W147693A,651674017,新天地超市(富奥花园店),吉林省,长春市,cvs
20261408,ELEME,76W577080A,292308478,新天地超市(富民大街店),吉林省,长春市,mmkt
20261408,ELEME,76W077499A,292561055,新天地超市(高格蓝湾店),吉林省,长春市,cvs
20261408,ELEME,76W290129A,1056027229,新天地超市（高新慧园店）,吉林省,长春市,cvs
20261408,ELEME,76W180715A,674052321,新天地超市(恒大雅苑店),吉林省,长春市,cvs
20261408,ELEME,76W275305A,1062447451,新天地超市（恒盛豪庭店）,吉林省,长春市,cvs
20261408,ELEME,76W017429A,240065237,新天地超市(湖光路店),吉林省,长春市,cvs
20261408,ELEME,76W018479A,240078231,新天地超市(湖光路贰店),吉林省,长春市,cvs
20261408,ELEME,76W017297A,240063238,新天地超市(吉林大路店),吉林省,长春市,cvs
20261408,ELEME,76W147824A,655739038,新天地超市(吉森漫桦林店),吉林省,长春市,cvs
20261408,ELEME,76W016331A,240048365,新天地超市(集安路店),吉林省,长春市,cvs
20261408,ELEME,76W147796A,649272151,新天地超市(佳泰缔景城店),吉林省,长春市,cvs
20261408,ELEME,76W037896A,264560078,新天地超市(健民街店),吉林省,长春市,cvs
20261408,ELEME,76W243641A,1024619341,新天地超市(金城路店),吉林省,长春市,cvs
20261408,ELEME,76W104949A,371766092,新天地超市(金色橄榄城店),吉林省,长春市,cvs
20261408,ELEME,76W576189A,20011329462,新天地超市(九台香墅湾店),吉林省,长春市,cvs
20261408,ELEME,76W147604A,668841125,新天地超市(居然世界里店),吉林省,长春市,cvs
20261408,ELEME,76W416481A,1088342361,新天地超市（蓝天花园店）,吉林省,长春市,cvs
20261408,ELEME,76W020026A,240096104,新天地超市(乐东路店),吉林省,长春市,cvs
20261408,ELEME,76W018538A,240079160,新天地超市(乐群街店),吉林省,长春市,cvs
20261408,ELEME,76W434405A,1069014001,新天地超市（龙腾香格里店）,吉林省,长春市,cvs
20261408,ELEME,76W099665A,360404238,新天地超市(龙腾苑店),吉林省,长春市,cvs
20261408,ELEME,76W017508A,240066219,新天地超市（平阳街一店）,吉林省,长春市,cvs
20261408,ELEME,76W017304A,240063283,新天地超市(乾安路贰店),吉林省,长春市,cvs
20261408,ELEME,76W090621A,320820113,新天地超市(庆丰路店),吉林省,长春市,cvs
20261408,ELEME,76W270377A,1065080212,新天地超市（荣鼎康城店）,吉林省,长春市,cvs
20261408,ELEME,76W016982A,240059266,新天地超市(荣光路店),吉林省,长春市,cvs
20261408,ELEME,76W253174A,1057414302,新天地超市（三马路贰店）,吉林省,长春市,cvs
20261408,ELEME,76W038283A,264587152,新天地超市(胜利大街一店),吉林省,长春市,cvs
20261408,ELEME,76W199722A,708328170,新天地超市(首创大路店),吉林省,长春市,cvs
20261408,ELEME,76W037643A,264540251,新天地超市(泰来街二店),吉林省,长春市,cvs
20261408,ELEME,76W037514A,264528291,新天地超市（天茂店）,吉林省,长春市,cvs
20261408,ELEME,76W507553A,264546163,新天地超市（万象府店）,吉林省,长春市,cvs
20261408,ELEME,76W103911A,370545187,新天地超市(卫星家园店),吉林省,长春市,cvs
20261408,ELEME,76W147825A,583977052,新天地超市(吴中桃花源店),吉林省,长春市,cvs
20261408,ELEME,76W037361A,264512446,新天地超市(武汉路店),吉林省,长春市,cvs
20261408,ELEME,76W019952A,240095271,新天地超市(西朝阳店),吉林省,长春市,cvs
20261408,ELEME,76W125918A,433222264,新天地超市(西康路店),吉林省,长春市,cvs
20261408,ELEME,76W020107A,240097037,新天地超市(小南店),吉林省,长春市,cvs
20261408,ELEME,76W147858A,657181128,新天地超市(新星宇左岸店),吉林省,长春市,cvs
20261408,ELEME,76W019489A,240090310,新天地超市(兴隆路店),吉林省,长春市,cvs
20261408,ELEME,76W019932A,240095077,新天地超市(一匡街店),吉林省,长春市,cvs
20261408,ELEME,76W016386A,240049296,新天地超市(义和路店),吉林省,长春市,cvs
20261408,ELEME,76W019874A,240094346,新天地超市(永长路店),吉林省,长春市,cvs
20261408,ELEME,76W511377A,1105060136,新天地超市（榆树华郡名仕店）,吉林省,长春市,cvs
20261408,ELEME,76W018150A,240074191,新天地超市(园丁一店),吉林省,长春市,cvs
20261408,ELEME,76W191102A,675548228,新天地超市(月伴林湾店),吉林省,长春市,cvs
20261408,ELEME,76W018555A,240079356,新天地超市(长春裕民路二店),吉林省,长春市,cvs
20261408,ELEME,76W018480A,240078232,新天地超市(长沈龙翔店),吉林省,长春市,cvs
20261408,ELEME,76W016259A,240047323,新天地超市(长新街店),吉林省,长春市,cvs
20261408,ELEME,76W018861A,240083204,新天地超市(长新街贰店),吉林省,长春市,cvs
20261408,ELEME,76W111907A,396456251,新天地超市(中海国际店),吉林省,长春市,cvs
20261408,ELEME,76W019481A,240090178,新天地超市(中顺福苑店),吉林省,长春市,cvs
20261408,ELEME,76W060381A,281514403,亚泰超市（经开店）,吉林省,长春市,smkt
20261408,ELEME,76W527788A,281808124,亚泰超市（樱花店）,吉林省,长春市,hmkt
20261408,ELEME,76W119403A,409306061,7-ELEVEn(绿地中心店),湖南省,长沙市,cvs
20261408,ELEME,76W222968A,830902272,KKV（宁乡星河cococity店）,湖南省,长沙市,mmkt
20261408,ELEME,76W222939A,830921249,KKV（长沙步步高梅溪新天地主力店）,湖南省,长沙市,mmkt
20261408,ELEME,76W405129A,1086508017,KKV（长沙春天百货店）,湖南省,长沙市,mmkt
20261408,ELEME,76W570103A,20004398185,KKV(长沙德思勤城市广场店B1层),湖南省,长沙市,mmkt
20261408,ELEME,76W222883A,830986096,KKV（长沙荟聚主力店）,湖南省,长沙市,mmkt
20261408,ELEME,76W422028A,1088648219,KKV(长沙龙湖芙蓉天街店),湖南省,长沙市,mmkt
20261408,ELEME,76W222888A,830782481,KKV（长沙天心国金街主力店）,湖南省,长沙市,mmkt
20261408,ELEME,76W575723A,20010472208,KKV(长沙万象城店),湖南省,长沙市,mmkt
20261408,ELEME,76W222980A,830888279,KKV(长沙星沙万象汇主力店),湖南省,长沙市,mmkt
20261408,ELEME,76W571123A,20005455450,KKV(长沙星沙永旺梦乐城店),湖南省,长沙市,mmkt
20261408,ELEME,76W244842A,1018365275,KKV(长沙友阿奥特莱斯购物公园店),湖南省,长沙市,mmkt
20261408,ELEME,76W222936A,814181271,KKV（长沙友阿城市奥莱喜乐地店）,湖南省,长沙市,mmkt
20261408,ELEME,76W575629A,20010054120,KKV(长沙月亮岛龙湖天街店),湖南省,长沙市,mmkt
20261408,ELEME,76W001944A,239287191,Today（华美欧店）,湖南省,长沙市,cvs
20261408,ELEME,76W072180A,288488496,卜蜂莲花(富兴店),湖南省,长沙市,hmkt
20261408,ELEME,76W009579A,239709409,大润发(芙蓉店),湖南省,长沙市,hmkt
20261408,ELEME,76W010066A,239726324,大润发(浏阳店),湖南省,长沙市,hmkt
20261408,ELEME,76W010413A,239731284,大润发(天心店),湖南省,长沙市,hmkt
20261408,ELEME,76W125181A,431648224,大润发(雨花店),湖南省,长沙市,hmkt
20261408,ELEME,76W211350A,776318139,好润佳（芙蓉店）,湖南省,长沙市,hmkt
20261408,ELEME,76W211434A,786725453,好润佳（江山帝景店）,湖南省,长沙市,smkt
20261408,ELEME,76W521323A,1106718160,好润佳(开福店),湖南省,长沙市,smkt
20261408,ELEME,76W211400A,775460173,好润佳（树木岭店）,湖南省,长沙市,smkt
20261408,ELEME,76W122728A,425610007,盒马鲜生(高升店),湖南省,长沙市,smkt
20261408,ELEME,76W055008A,274978198,盒马鲜生(华创店),湖南省,长沙市,smkt
20261408,ELEME,76W218901A,708764363,盒马鲜生(佳兆业店),湖南省,长沙市,smkt
20261408,ELEME,76W171390A,654042415,盒马鲜生(梅溪青秀店),湖南省,长沙市,smkt
20261408,ELEME,76W039137A,264622394,盒马鲜生（南门口1662店）,湖南省,长沙市,smkt
20261408,ELEME,76W222952A,758632402,盒马鲜生(润和国际店),湖南省,长沙市,smkt
20261408,ELEME,76W117842A,406547003,盒马鲜生（王府井店）,湖南省,长沙市,smkt
20261408,ELEME,76W004352A,239321355,盒马鲜生(喜盈门店),湖南省,长沙市,smkt
20261408,ELEME,76W533893A,1109347056,盒马鲜生(星沙万象汇店),湖南省,长沙市,smkt
20261408,ELEME,76W140156A,557753052,梅尼超市(君悦香邸店),湖南省,长沙市,smkt
20261408,ELEME,76W140659A,564545036,梅尼超市(水岸天际店),湖南省,长沙市,mmkt
20261408,ELEME,76W528356A,557673094,梅尼超市(天际岭店),湖南省,长沙市,mmkt
20261408,ELEME,76W100370A,361044026,天恒超市(古曲路店),湖南省,长沙市,smkt
20261408,ELEME,76W573285A,360885332,天恒超市(幸福桥店),湖南省,长沙市,mmkt
20261408,ELEME,76W529848A,1096824355,天猫超市(万家丽路店),湖南省,长沙市,mmkt
20261408,ELEME,76W571551A,20005935095,通程佳惠超市(天麓店),湖南省,长沙市,smkt
20261408,ELEME,76W459285A,1094362094,通程佳惠超市（星沙店）,湖南省,长沙市,smkt
20261408,ELEME,76W019643A,240092105,新佳宜（1533长城万富汇店）,湖南省,长沙市,cvs
20261408,ELEME,76W006499A,239350163,新佳宜(复地星光天地三1683店),湖南省,长沙市,cvs
20261408,ELEME,76W129486A,482654006,新佳宜(观园1967店),湖南省,长沙市,cvs
20261408,ELEME,76W137021A,546273015,新佳宜（景城苑0619店）,湖南省,长沙市,cvs
20261408,ELEME,76W032105A,246681235,新佳宜(绿地之窗1705店),湖南省,长沙市,cvs
20261408,ELEME,76W527204A,239769338,新佳宜（同发1306店）,湖南省,长沙市,mmkt
20261408,ELEME,76W487924A,1098538071,新佳宜便利店（101公馆2502店）,湖南省,长沙市,cvs
20261408,ELEME,76W316523A,1075698297,新佳宜便利店（爱家梅溪府2222店）,湖南省,长沙市,cvs
20261408,ELEME,76W458971A,1095228356,新佳宜便利店（富兴时代2012店）,湖南省,长沙市,cvs
20261408,ELEME,76W304426A,1075660310,新佳宜便利店(梅溪华府2261店),湖南省,长沙市,cvs
20261408,ELEME,76W439728A,1091201402,新佳宜便利店（万科金域缇香2421店）,湖南省,长沙市,cvs
20261408,ELEME,76W439552A,1091160423,新佳宜便利店（湘府华城2428店）,湖南省,长沙市,cvs
20261408,ELEME,76W316482A,1076373420,新佳宜便利店(阳光小镇2283店),湖南省,长沙市,cvs
20261408,ELEME,76W244888A,800859011,新佳宜超市(楚天熙苑0161店),湖南省,长沙市,cvs
20261408,ELEME,76W292625A,650318272,新佳宜超市（建发央玺1962店）,湖南省,长沙市,cvs
20261408,ELEME,76W277380A,1055595447,新佳宜超市（京武中心2100店）,湖南省,长沙市,cvs
20261408,ELEME,76W211481A,813788068,新佳宜超市（乐尚城1890店）,湖南省,长沙市,cvs
20261408,ELEME,76W183464A,674274386,新佳宜超市（润和国广1896店）,湖南省,长沙市,cvs
20261408,ELEME,76W433268A,1042957255,新佳宜超市（圣威斯大堂2178店）,湖南省,长沙市,cvs
20261408,ELEME,76W249645A,1055553454,新佳宜超市（时代星城2169店）,湖南省,长沙市,cvs
20261408,ELEME,76W244841A,1017683218,新佳宜超市(鑫苑名家1489店),湖南省,长沙市,cvs
20261408,ELEME,76W529573A,587649007,新佳宜超市(渔人码头2002店),湖南省,长沙市,mmkt
20261408,ELEME,76W231268A,937777438,新佳宜超市(紫鑫御湖湾1799店),湖南省,长沙市,cvs
20261408,ELEME,76W211397A,755650130,谊品生鲜超市(保利香槟国际店),湖南省,长沙市,mmkt
20261408,ELEME,76W211375A,709276228,谊品生鲜超市(荣盛花语城店),湖南省,长沙市,mmkt
20261408,ELEME,76W576070A,20011154156,谊品生鲜超市(长安郡店),湖南省,长沙市,mmkt
20261408,ELEME,76W040514A,265456472,金威超市（城南店）,山西省,长治市,smkt
20261408,ELEME,76W193784A,678220103,金威超市(双子店),山西省,长治市,smkt
20261408,ELEME,76W038769A,264608496,金威超市（太西店）,山西省,长治市,smkt
20261408,ELEME,76W102768A,367058274,金威超市（襄垣店）,山西省,长治市,smkt
20261408,ELEME,76W212602A,814134432,吉客隆（红星店）,云南省,昭通市,smkt
20261408,ELEME,76W118572A,407322367,之佳便利（昭通昭苑小区店）,云南省,昭通市,cvs
20261408,ELEME,76W226337A,872343154,KKV（肇庆四会吾悦广场主力店）,广东省,肇庆市,mmkt
20261408,ELEME,76W001450A,239280436,大润发(南环店),江苏省,镇江市,hmkt
20261408,ELEME,76W224206A,813998120,KKV（郑州熙地港店）,河南省,郑州市,mmkt
20261408,ELEME,76W519463A,1107416379,KKV（郑州正弘汇店）,河南省,郑州市,mmkt
20261408,ELEME,76W195041A,686452423,盒马鲜生（富田新天地店）,河南省,郑州市,smkt
20261408,ELEME,76W458503A,1093942252,盒马鲜生(国贸360店),河南省,郑州市,smkt
20261408,ELEME,76W241161A,920691323,盒马鲜生（锦艺城王府井店）,河南省,郑州市,smkt
20261408,ELEME,76W195015A,687518022,盒马鲜生（绿地新田广场店）,河南省,郑州市,smkt
20261408,ELEME,76W568239A,20002399194,华豫佰佳超市(公园里店),河南省,郑州市,smkt
20261408,ELEME,76W568196A,20002378495,华豫佰佳超市(海马公园店),河南省,郑州市,smkt
20261408,ELEME,76W575674A,20010326297,鲜风生活(尚座中心店),河南省,郑州市,smkt
20261408,ELEME,76W536523A,1085853107,鲜风生活(熙地港购物中心店),河南省,郑州市,smkt
20261408,ELEME,76W568984A,20003154214,鲜风生活(印象汇店),河南省,郑州市,smkt
20261408,ELEME,76W224323A,434700360,悦来悦喜(宝瑞路店),河南省,郑州市,mmkt
20261408,ELEME,76W100504A,361236067,悦来悦喜（姚寨路店）,河南省,郑州市,mmkt
20261408,ELEME,76W222692A,828295443,KKV（中山百汇时代广场店）,广东省,中山市,mmkt
20261408,ELEME,76W222696A,830973042,KKV(中山汇丰城主力店),广东省,中山市,mmkt
20261408,ELEME,76W222667A,814233071,KKV（中山万民城MOCITY店）,广东省,中山市,mmkt
20261408,ELEME,76W011385A,239746319,大润发(石岐店),广东省,中山市,hmkt
20261408,ELEME,76W009932A,239717411,大润发(小榄店),广东省,中山市,hmkt
20261408,ELEME,76W011008A,239740321,大润发(中山西区店),广东省,中山市,hmkt
20261408,ELEME,76W404993A,1083993232,壹加壹超市（槎桥店）,广东省,中山市,mmkt
20261408,ELEME,76W527114A,239354143,壹加壹超市（东升店）,广东省,中山市,hmkt
20261408,ELEME,76W225149A,837778292,KKV（重庆巴南万达广场主力店）,重庆市,重庆市,mmkt
20261408,ELEME,76W406452A,1086487071,KKV(重庆北碚吾悦广场店),重庆市,重庆市,mmkt
20261408,ELEME,76W234239A,872223451,KKV(重庆大悦城主力店),重庆市,重庆市,mmkt
20261408,ELEME,76W225193A,825789339,KKV(重庆观音桥大融城主力店),重庆市,重庆市,mmkt
20261408,ELEME,76W225133A,846208137,KKV(重庆光环购物公园店),重庆市,重庆市,mmkt
20261408,ELEME,76W225154A,861002381,KKV(重庆龙湖U城天街店),重庆市,重庆市,mmkt
20261408,ELEME,76W571405A,20005804497,KKV(重庆龙湖北城天街主力店),重庆市,重庆市,mmkt
20261408,ELEME,76W279568A,1068530162,KKV（重庆龙湖高新天街店）,重庆市,重庆市,mmkt
20261408,ELEME,76W225039A,868899483,KKV(重庆龙湖时代天街店),重庆市,重庆市,mmkt
20261408,ELEME,76W568432A,20002638406,KKV(重庆龙湖云领天街店),重庆市,重庆市,mmkt
20261408,ELEME,76W225148A,813580358,KKV（重庆南坪万达广场店）,重庆市,重庆市,mmkt
20261408,ELEME,76W225136A,872352093,KKV(重庆融创假日国际广场主力店),重庆市,重庆市,mmkt
20261408,ELEME,76W225067A,830936201,KKV（重庆融创茂店）,重庆市,重庆市,mmkt
20261408,ELEME,76W495675A,1102632042,KKV（重庆万州万达店）,重庆市,重庆市,mmkt
20261408,ELEME,76W225124A,837618409,KKV(重庆渝北爱融荟城主力店),重庆市,重庆市,mmkt
20261408,ELEME,76W256823A,1058978153,奥特乐(巴南华熙店),重庆市,重庆市,mmkt
20261408,ELEME,76W256836A,1058835360,奥特乐（大渡口万达店）,重庆市,重庆市,mmkt
20261408,ELEME,76W256793A,1058922204,奥特乐(国泰广场店),重庆市,重庆市,mmkt
20261408,ELEME,76W263113A,1058835264,奥特乐(金开爱琴海店),重庆市,重庆市,mmkt
20261408,ELEME,76W256797A,1058858236,奥特乐（南坪万达店）,重庆市,重庆市,mmkt
20261408,ELEME,76W256800A,1058928209,奥特乐(英利大融城店),重庆市,重庆市,mmkt
20261408,ELEME,76W423801A,1088093210,奥特乐（重庆合川财富广场店）,重庆市,重庆市,mmkt
20261408,ELEME,76W420797A,1087924307,奥特乐(重庆江津爱琴海店),重庆市,重庆市,mmkt
20261408,ELEME,76W294888A,1061527404,奥特乐(重庆江津万达店),重庆市,重庆市,mmkt
20261408,ELEME,76W573389A,1104273112,奥特乐(重庆九龙坡喜盈门范城店),重庆市,重庆市,mmkt
20261408,ELEME,76W526507A,1107519360,奥特乐（重庆永川爱情广场店）,重庆市,重庆市,mmkt
20261408,ELEME,76W436881A,1088110214,奥特乐(重庆永川奥特莱斯店),重庆市,重庆市,mmkt
20261408,ELEME,76W256778A,1058889214,奥特乐(重庆渝北桃源天地店),重庆市,重庆市,mmkt
20261408,ELEME,76W423852A,1090788378,奥特乐（重庆长寿凯谊世纪店）,重庆市,重庆市,mmkt
20261408,ELEME,76W015005A,239804171,大润发(合川店),重庆市,重庆市,hmkt
20261408,ELEME,76W493648A,1092915098,家益超市（北滨一号店）,重庆市,重庆市,mmkt
20261408,ELEME,76W495422A,1092918098,家益超市（北山桥头店）,重庆市,重庆市,mmkt
20261408,ELEME,76W104422A,371132327,家益超市（第一城店）,重庆市,重庆市,mmkt
20261408,ELEME,76W510819A,1101493128,家益超市（金成源山店）,重庆市,重庆市,mmkt
20261408,ELEME,76W072253A,288515046,家益超市(枇杷坪二店),重庆市,重庆市,mmkt
20261408,ELEME,76W497321A,1101494120,家益超市（青龙石店）,重庆市,重庆市,mmkt
20261408,ELEME,76W499036A,1101498144,家益超市（天湖美郡店）,重庆市,重庆市,mmkt
20261408,ELEME,76W506894A,1101322174,家益超市（天生天城店）,重庆市,重庆市,mmkt
20261408,ELEME,76W496616A,1101346180,家益超市（长龙家园店）,重庆市,重庆市,mmkt
20261408,ELEME,76W107930A,375006081,生活无忧（重庆涪陵泽胜店）,重庆市,重庆市,mmkt
20261408,ELEME,76W130448A,524646219,逸民超市,重庆市,重庆市,mmkt
20261408,ELEME,76W116674A,404499159,华之友（白泉店）,浙江省,舟山市,smkt
20261408,ELEME,76W108275A,375946124,华之友(兴建路店),浙江省,舟山市,smkt
20261408,ELEME,76W161377A,239338457,正斌超市(舟山店),浙江省,舟山市,smkt
20261408,ELEME,76W244758A,1018392121,万果园超市68(馥泽园店),河南省,周口市,mmkt
20261408,ELEME,76W405043A,1083569401,壹度便利（21505天安世家店）,河南省,周口市,mmkt
20261408,ELEME,76W123536A,428200072,壹度便利（东方信苑店）,河南省,周口市,mmkt
20261408,ELEME,76W405041A,1083446141,壹度便利(鹿邑鸣鹿店),河南省,周口市,mmkt
20261408,ELEME,76W113950A,399621363,壹度便利（鹿邑欧洲城店）,河南省,周口市,mmkt
20261408,ELEME,76W170706A,592454086,壹度便利（鹿邑仙源路店）,河南省,周口市,mmkt
20261408,ELEME,76W114119A,399743284,壹度便利(卫真路栾台路店),河南省,周口市,mmkt
20261408,ELEME,76W418227A,1084892094,壹度便利(项城万安街店),河南省,周口市,mmkt
20261408,ELEME,76W114151A,399776208,壹度便利(运河上郡店),河南省,周口市,mmkt
20261408,ELEME,76W213824A,813784486,欢乐爱家(大华店),河南省,驻马店市,smkt
20261408,ELEME,76W213829A,813778187,欢乐爱家(皇家一里店),河南省,驻马店市,smkt
20261408,ELEME,76W233611A,893639346,欢乐爱家(平舆购物中心店),河南省,驻马店市,smkt
20261408,ELEME,76W444524A,1094015115,欢乐爱家(平舆华鼎店),河南省,驻马店市,smkt
20261408,ELEME,76W224663A,861045236,欢乐爱家(遂平生活广场店),河南省,驻马店市,smkt
20261408,ELEME,76W529942A,1097312161,欢乐爱家(体育场店),河南省,驻马店市,mmkt
20261408,ELEME,76W256032A,1011486108,老邻居超市（资阳康乐路店）,四川省,资阳市,mmkt
20261408,ELEME,76W225629A,820229313,KKV（淄博万达广场主力店）,山东省,淄博市,mmkt
20261408,ELEME,76W225643A,830817488,KKV(淄博万象汇主力店),山东省,淄博市,mmkt
20261408,ELEME,76W177253A,647965071,奥德隆利群购物中心店,山东省,淄博市,smkt
20261408,ELEME,76W010541A,239733321,大润发(淄博店),山东省,淄博市,hmkt
20261408,ELEME,76W257147A,1058212078,大商新玛特超市（中润大道店）,山东省,淄博市,smkt
20261408,ELEME,76W196369A,676511451,家家悦(张店联通路店),山东省,淄博市,smkt
20261408,ELEME,76W196341A,687375267,家家悦（淄博经开区吾悦广场店）,山东省,淄博市,smkt
20261408,ELEME,76W196348A,676321217,家家悦(淄博周村店),山东省,淄博市,smkt
20261408,ELEME,76W274062A,1065882472,可好（周村区东街061742店）,山东省,淄博市,cvs
20261408,ELEME,76W241942A,979837446,可好（淄城东路061731店）,山东省,淄博市,cvs
20261408,ELEME,76W220063A,852737198,KKV（自贡华商爱琴海购物公园主力店）,四川省,自贡市,mmkt
20261408,ELEME,76W119867A,410213138,24客（东欣彩虹城店）,贵州省,遵义市,cvs
20261408,ELEME,76W528202A,409486217,24客(上海路店),贵州省,遵义市,mmkt
20261408,ELEME,76W526927A,583300448,24客（珠海路店）,贵州省,遵义市,mmkt
20261408,ELEME,76W224567A,814080333,KKV（遵义亨特城市广场店）,贵州省,遵义市,mmkt
20261408,ELEME,76W001314A,239278374,大润发(播州店),贵州省,遵义市,hmkt
20261408,ELEME,76W012533A,239766320,大润发(红花岗店),贵州省,遵义市,hmkt
20261408,ELEME,76W423263A,1090042290,凯辉便利（时代广场店）,贵州省,遵义市,cvs
20261408,MEITUAN,76W020108C,1047363384942930,金叶便利,河南省,安阳市,mmkt
20261408,MEITUAN,76W009656C,1048063464604322,佳泰乐仓储超市（中港广场店）,辽宁省,鞍山市,smkt
20261408,MEITUAN,76W023598C,1075057407582570,佳泰乐超市（烈士山店）,辽宁省,鞍山市,smkt
20261408,MEITUAN,76W022977C,1026799104999421,罗森便利店（2003鞍山景子街店）,辽宁省,鞍山市,cvs
20261408,MEITUAN,76W023389C,864294772449942,金文汇便利店（一中店）,吉林省,白城市,cvs
20261408,MEITUAN,76W023416C,975229482726747,物尔美超市（英伦店）,吉林省,白城市,mmkt
20261408,MEITUAN,76W025261C,J0Pof0X3rBpP8wJgp9U9hQI,大润发,广西壮族自治区,百色市,hmkt
20261408,MEITUAN,76W025320C,gyVCOj3nkfxzu0a11ZUqtQI,大润发,安徽省,蚌埠市,hmkt
20261408,MEITUAN,76W010676C,940161001226657,LAWSON罗森（涿州市医院店）,河北省,保定市,cvs
20261408,MEITUAN,76W010229C,885730880671040,杰出便利（世家花园店）,河北省,保定市,cvs
20261408,MEITUAN,76W025254C,CyDJbmXLrfQ6TbMSZ037MQI,可好,河北省,保定市,mmkt
20261408,MEITUAN,76W023820C,903065442206817,红叶超市(龚家庄小区连锁店),云南省,保山市,mmkt
20261408,MEITUAN,76W014928C,854497878458533,711便利店（百子湾东里店）,北京市,北京市,cvs
20261408,MEITUAN,76W021992C,902464094952875,711便利店（古城长安中心店）,北京市,北京市,cvs
20261408,MEITUAN,76W021997C,1017831230613651,KKV（北京京西大悦城店）,北京市,北京市,mmkt
20261408,MEITUAN,76W010446C,940586202991375,便利蜂（瑞海二区店）,北京市,北京市,cvs
20261408,MEITUAN,76W005141C,1093040350664126,便利蜂（时间国际A座店）,北京市,北京市,cvs
20261408,MEITUAN,76W003364C,1005234039226869,便利蜂(望京SOHO2号塔B座店),北京市,北京市,cvs
20261408,MEITUAN,76W014967C,905251507070406,便利蜂（雍和大厦店）,北京市,北京市,cvs
20261408,MEITUAN,76W012629C,992271839403808,罗森（火器营地铁站店）,北京市,北京市,cvs
20261408,MEITUAN,76W025356C,wY6jkllOXWvWljtQ_BrdpgI,物美大卖场物美多点,北京市,北京市,hmkt
20261408,MEITUAN,76W025355C,wOJUESn3aBB-Idg5ajR_RQI,物美品超市多点,北京市,北京市,smkt
20261408,MEITUAN,76W015223C,947969251788774,天天便利（沧州金龙广场店）,河北省,沧州市,cvs
20261408,MEITUAN,76W022579C,938017855122312,大润发（常德店）,湖南省,常德市,hmkt
20261408,MEITUAN,76W024328C,854751322444533,好店店便利店（星汇蓝湾店）,湖南省,常德市,mmkt
20261408,MEITUAN,76W025244C,928126576391861,好润佳,湖南省,常德市,smkt
20261408,MEITUAN,76W018797C,859596004689514,好润佳（花源店）,湖南省,常德市,smkt
20261408,MEITUAN,76W022527C,1124350714571960,大润发(关河店),江苏省,常州市,hmkt
20261408,MEITUAN,76W025033C,dSZQC55Bb20v-AJAaEtUgQI,佳惠超市（凌源店）,辽宁省,朝阳市,smkt
20261408,MEITUAN,76W025329C,k7wJvLzg2ySVR-jQGRdYJQI,美喜福便利店,湖南省,郴州市,mmkt
20261408,MEITUAN,76W022057C,1097653156998527,KKV（成都青白江万达广场主力店）,四川省,成都市,mmkt
20261408,MEITUAN,76W018857C,997022094947899,奥特乐（招商大魔方店）,四川省,成都市,mmkt
20261408,MEITUAN,76W022062C,1045387699949841,红旗连锁（青白江城厢首府店）,四川省,成都市,mmkt
20261408,MEITUAN,76W022063C,1032099071149599,红旗连锁（新希望店）,四川省,成都市,mmkt
20261408,MEITUAN,76W025292C,Vp9AUYW1WfMv-rqpM_jHAgI,舞东风,四川省,成都市,mmkt
20261408,MEITUAN,76W003220C,998817358116605,四方街超市（宾川店）,云南省,大理白族自治州,mmkt
20261408,MEITUAN,76W017431C,1084119715062445,KKV(大连开发区安盛主力店),辽宁省,大连市,mmkt
20261408,MEITUAN,76W024145C,885443191402715,百年惠超市·忠奇百货,辽宁省,大连市,mmkt
20261408,MEITUAN,76W025300C,ZAozdCQETFCZbmC0172HvgI,比优特超市,辽宁省,大连市,smkt
20261408,MEITUAN,76W018821C,859583140888864,比优特超市（大连金州店）,辽宁省,大连市,smkt
20261408,MEITUAN,76W025105C,906896479499091,大红福锦绣邻里生活中心（锦绣店）,辽宁省,大连市,mmkt
20261408,MEITUAN,76W025317C,fjNMdbEeXk7N9dzaSw_P3QI,嗨特购,辽宁省,大连市,mmkt
20261408,MEITUAN,76W014403C,1020043084781396,金叶春天,辽宁省,大连市,mmkt
20261408,MEITUAN,76W023576C,896197789547339,金叶春天便利店,辽宁省,大连市,mmkt
20261408,MEITUAN,76W020294C,929762910334128,金叶春天便利店,辽宁省,大连市,mmkt
20261408,MEITUAN,76W023575C,929762958961840,金叶春天便利店,辽宁省,大连市,mmkt
20261408,MEITUAN,76W025086C,yxS7437kG066HfNroTuRlgI,金叶春天便利店,辽宁省,大连市,mmkt
20261408,MEITUAN,76W024529C,972158507559408,金叶春天便利优加便利店,辽宁省,大连市,mmkt
20261408,MEITUAN,76W014438C,904078980990369,罗森便利店（1230西安路福佳店）,辽宁省,大连市,cvs
20261408,MEITUAN,76W022425C,1065775909740987,罗森便利店（1357金马路港西店）,辽宁省,大连市,cvs
20261408,MEITUAN,76W023583C,904465601575605,新隆嘉超市,辽宁省,大连市,mmkt
20261408,MEITUAN,76W022435C,1001707882589579,元初食品（壹品星海店）,辽宁省,大连市,mmkt
20261408,MEITUAN,76W024358C,1052586138674636,元初食品（中南路店）,辽宁省,大连市,mmkt
20261408,MEITUAN,76W023261C,871763720476333,庆果生鲜超市(希望店),黑龙江省,大庆市,mmkt
20261408,MEITUAN,76W024364C,1055304854792870,庆果生鲜生活超市（绿色家园店）,黑龙江省,大庆市,mmkt
20261408,MEITUAN,76W025282C,RvjPZeIRzjXTfc17MlryCAI,易捷便利店,黑龙江省,大庆市,cvs
20261408,MEITUAN,76W025291C,VjV8ghXLq94FS7GPB4zxNwI,好特卖,山西省,大同市,mmkt
20261408,MEITUAN,76W025237C,7EKx6l3zTSfASoPdT1484AI,罗森,辽宁省,丹东市,cvs
20261408,MEITUAN,76W022114C,1064070831272773,711便利店（奥莱广场店）,山东省,德州市,cvs
20261408,MEITUAN,76W008812C,874924742981150,可好（万达广场173805店）,山东省,东营市,cvs
20261408,MEITUAN,76W021055C,923676905266526,银座商城（东营东城店）,山东省,东营市,hmkt
20261408,MEITUAN,76W007313C,881564749295894,享买乐（花园店）,湖北省,恩施土家族苗族自治州,mmkt
20261408,MEITUAN,76W023334C,1013312957867348,中百仓储超市（利川御景壹号店）,湖北省,恩施土家族苗族自治州,smkt
20261408,MEITUAN,76W005259C,1098164246655418,中百仓储咸丰购物广场,湖北省,恩施土家族苗族自治州,smkt
20261408,MEITUAN,76W023335C,1015207038466597,中百精选超市（恩施和润城店）,湖北省,恩施土家族苗族自治州,smkt
20261408,MEITUAN,76W025333C,l4bb-XHlWzkq-n9yPvhPbQI,天和超市,广西壮族自治区,防城港市,smkt
20261408,MEITUAN,76W025251C,B3LknahIt6B49WZqRaxphAI,大润发,广东省,佛山市,hmkt
20261408,MEITUAN,76W018976C,1010083074661434,罗森便利店（0501抚顺百货大楼分店）,辽宁省,抚顺市,cvs
20261408,MEITUAN,76W023581C,1039671172051715,新隆嘉超市（长春街店）,辽宁省,抚顺市,smkt
20261408,MEITUAN,76W025313C,dQ_4O3gb5lihWeWvkQTZQwI,大润发,辽宁省,阜新市,hmkt
20261408,MEITUAN,76W025286C,U5RPciKvW6fpwfdRGgJGDAI,新玛特超市,辽宁省,阜新市,mmkt
20261408,MEITUAN,76W025264C,KRq5QEMKj0rhtvUEVVqQhAI,鹏泰百货,江西省,赣州市,hmkt
20261408,MEITUAN,76W014520C,1095720427583102,KKV（贵阳世纪金源店）,贵州省,贵阳市,mmkt
20261408,MEITUAN,76W023996C,879808196043520,奥特乐(贵阳云岩银海元隆广场店),贵州省,贵阳市,mmkt
20261408,MEITUAN,76W025341C,on-KY9T_xVAvk2oI4jP-YQI,云聚仓批发超市,贵州省,贵阳市,mmkt
20261408,MEITUAN,76W024008C,1012960772156452,中意多便利店(帝景传说2店),贵州省,贵阳市,mmkt
20261408,MEITUAN,76W024007C,859540245345343,中意多便利店(观府壹号店),贵州省,贵阳市,mmkt
20261408,MEITUAN,76W025068C,0-IllsQ0hyvxTzSWRZhHfwI,KKV（哈尔滨红博西城红场主力店）,黑龙江省,哈尔滨市,mmkt
20261408,MEITUAN,76W024051C,932859630332967,比优特超市（国展店）,黑龙江省,哈尔滨市,smkt
20261408,MEITUAN,76W011478C,1007630642469659,比优特超市(体育公园店),黑龙江省,哈尔滨市,smkt
20261408,MEITUAN,76W009457C,899672344496185,比优特超市(五常店),黑龙江省,哈尔滨市,smkt
20261408,MEITUAN,76W023268C,935453790619111,比优特生活超市(信恒店),黑龙江省,哈尔滨市,smkt
20261408,MEITUAN,76W024046C,1009700892028009,地利生鲜,黑龙江省,哈尔滨市,mmkt
20261408,MEITUAN,76W022924C,968245792379752,舫舟优选小月亮超市（汇锦店）,黑龙江省,哈尔滨市,mmkt
20261408,MEITUAN,76W024348C,939954916318164,哈尔信食品超市(新建店),黑龙江省,哈尔滨市,mmkt
20261408,MEITUAN,76W025301C,ZRlioF5WZyVZ2Y9QqHSF7QI,家得乐超市,黑龙江省,哈尔滨市,smkt
20261408,MEITUAN,76W015527C,889531926737483,家得乐超市（东泰金谷店）,黑龙江省,哈尔滨市,smkt
20261408,MEITUAN,76W023274C,1041333324390137,家得乐超市（锦锈华城店）,黑龙江省,哈尔滨市,smkt
20261408,MEITUAN,76W025280C,Qv2Kc1ms91oAVcE-TMyYbAI,昆仑好客,黑龙江省,哈尔滨市,cvs
20261408,MEITUAN,76W023244C,983733517905044,融惠微利便利店,黑龙江省,哈尔滨市,cvs
20261408,MEITUAN,76W025270C,MuzxDX8ldFpvUG9twOe5AAI,融惠微利便利店,黑龙江省,哈尔滨市,cvs
20261408,MEITUAN,76W025235C,6fwc1HkxjzdWc_U-pdULLQI,融惠微利便利店,黑龙江省,哈尔滨市,mmkt
20261408,MEITUAN,76W024036C,848489292704153,融惠微利便利店（安埠店）,黑龙江省,哈尔滨市,cvs
20261408,MEITUAN,76W012261C,983458566549023,融惠微利便利店（东都店）,黑龙江省,哈尔滨市,cvs
20261408,MEITUAN,76W007649C,1028405386120522,融惠微利便利店（东风店）,黑龙江省,哈尔滨市,cvs
20261408,MEITUAN,76W021035C,938447296114950,融惠微利便利店(恒大丁香郡店),黑龙江省,哈尔滨市,cvs
20261408,MEITUAN,76W012277C,1086267198750741,融惠微利便利店（花元店),黑龙江省,哈尔滨市,cvs
20261408,MEITUAN,76W024039C,1014485483781727,融惠微利便利店（家合城店）,黑龙江省,哈尔滨市,cvs
20261408,MEITUAN,76W021076C,1047981848748622,融惠微利便利店（中民店）,黑龙江省,哈尔滨市,cvs
20261408,MEITUAN,76W001980C,939499564793999,融惠微利超市（河松店）,黑龙江省,哈尔滨市,cvs
20261408,MEITUAN,76W009071C,919192970898575,融惠微利超市（建文店）,黑龙江省,哈尔滨市,cvs
20261408,MEITUAN,76W021067C,992662669972551,融惠微利超市（南新店）,黑龙江省,哈尔滨市,cvs
20261408,MEITUAN,76W024037C,914240947057930,微利超市（大桥店）,黑龙江省,哈尔滨市,cvs
20261408,MEITUAN,76W023238C,1083595802512819,微利超市（旭升店）,黑龙江省,哈尔滨市,cvs
20261408,MEITUAN,76W025288C,UaI_ApUDbW9lLTQVjbdi3gI,新大地超市,黑龙江省,哈尔滨市,cvs
20261408,MEITUAN,76W023251C,1062438793609204,新天地超市,黑龙江省,哈尔滨市,cvs
20261408,MEITUAN,76W025239C,7adrlcUtzZlttsiPb3uYrgI,新天地超市,黑龙江省,哈尔滨市,cvs
20261408,MEITUAN,76W025243C,8lqGD0HTEWxvNhD9aCDZSQI,新天地超市,黑龙江省,哈尔滨市,cvs
20261408,MEITUAN,76W025276C,PSgd8N307tIHcXNrmHY4kgI,新天地超市,黑龙江省,哈尔滨市,cvs
20261408,MEITUAN,76W024041C,922323988888067,新天地超市(安阳店）,黑龙江省,哈尔滨市,cvs
20261408,MEITUAN,76W023248C,1095037595375563,新天地超市（滨才店）,黑龙江省,哈尔滨市,cvs
20261408,MEITUAN,76W008524C,909868596900377,新天地超市(谷丰店),黑龙江省,哈尔滨市,cvs
20261408,MEITUAN,76W024042C,910972403482204,新天地超市（果园街店）,黑龙江省,哈尔滨市,cvs
20261408,MEITUAN,76W023253C,890983699163643,新天地超市(华鸿店）,黑龙江省,哈尔滨市,cvs
20261408,MEITUAN,76W009870C,959247835875209,新天地超市(龙信家园店),黑龙江省,哈尔滨市,cvs
20261408,MEITUAN,76W023255C,925266128123555,新天地超市（民益店）,黑龙江省,哈尔滨市,cvs
20261408,MEITUAN,76W023250C,876221896584981,新天地超市（群力远大贰店）,黑龙江省,哈尔滨市,cvs
20261408,MEITUAN,76W023247C,1121344270044719,新天地超市（湿地写字间店）,黑龙江省,哈尔滨市,cvs
20261408,MEITUAN,76W023252C,1123461688919731,新天地超市（天邑澜山店）,黑龙江省,哈尔滨市,cvs
20261408,MEITUAN,76W024043C,873528902400989,新天地超市（乡政店）,黑龙江省,哈尔滨市,cvs
20261408,MEITUAN,76W024044C,917801401484284,新天地超市（新苑店）,黑龙江省,哈尔滨市,cvs
20261408,MEITUAN,76W023254C,894823399947905,新天地超市(信恒店),黑龙江省,哈尔滨市,cvs
20261408,MEITUAN,76W024040C,1101926649475316,新天地超市（中北春城店）,黑龙江省,哈尔滨市,cvs
20261408,MEITUAN,76W025354C,vmF3FCaiZKdgqkWNUn1LpgI,一氏生鲜连锁超市,黑龙江省,哈尔滨市,mmkt
20261408,MEITUAN,76W025321C,i1SWbs8S09MhC1XSSYUYlgI,易捷便利店,黑龙江省,哈尔滨市,cvs
20261408,MEITUAN,76W025256C,D_ga0DopYwojqK6j2YcCiwI,永辉超市,黑龙江省,哈尔滨市,smkt
20261408,MEITUAN,76W022923C,1105040500728328,中央红超市（学府路店）,黑龙江省,哈尔滨市,smkt
20261408,MEITUAN,76W014228C,953814702257127,中央红金源,黑龙江省,哈尔滨市,smkt
20261408,MEITUAN,76W021259C,1116074271781376,时刻便利店（0355峰峰总院店）,河北省,邯郸市,mmkt
20261408,MEITUAN,76W021032C,856834327566001,时刻便利店（凤丽0513店）,河北省,邯郸市,mmkt
20261408,MEITUAN,76W025359C,yMX-5zt7Tc8Kq28lDeSIwAI,物尔美超市,浙江省,杭州市,mmkt
20261408,MEITUAN,76W025331C,kq7Jo7QEVpZ0fwmrF-UnawI,消闲果儿零食,浙江省,杭州市,mmkt
20261408,MEITUAN,76W025267C,L_5gk12kAkRSe6pFuhuNMQI,驿佰购便利店,浙江省,杭州市,mmkt
20261408,MEITUAN,76W025322C,idqHFAGslnX-udUrjqbcAQI,左邻右舍,浙江省,杭州市,mmkt
20261408,MEITUAN,76W018749C,1048110734499306,邻几（滨湖旭辉御府店）,安徽省,合肥市,cvs
20261408,MEITUAN,76W006917C,1113888120183750,邻几（桐城南路店）,安徽省,合肥市,cvs
20261408,MEITUAN,76W010703C,1030982379692332,邻几（伟华大厦店）,安徽省,合肥市,cvs
20261408,MEITUAN,76W022086C,994646962185123,邻几便利店（L砂之船店）,安徽省,合肥市,cvs
20261408,MEITUAN,76W025347C,t0R9BexjmsjjnHnLDPUtNAI,中央红（中央红超市）,黑龙江省,黑河市,smkt
20261408,MEITUAN,76W024021C,1117259758005015,KKV（衡水怡然城购物中心主力店）,河北省,衡水市,mmkt
20261408,MEITUAN,76W023352C,980061320993295,KKV（衡阳杉杉奥莱店）,湖南省,衡阳市,mmkt
20261408,MEITUAN,76W024351C,954983006992524,佳福乐生活超市(东江店),湖南省,衡阳市,mmkt
20261408,MEITUAN,76W025295C,W9zjNT8KHsOm81042XJ2MAI,生源时尚生活超市,湖南省,衡阳市,mmkt
20261408,MEITUAN,76W025238C,7KYQVMdTbzYAyC_KtekuDgI,小林子联邦超市,湖南省,衡阳市,smkt
20261408,MEITUAN,76W025165C,1100651117732422,东伟生鲜,辽宁省,葫芦岛市,mmkt
20261408,MEITUAN,76W025349C,u9NUHeEYcQ2IRTfqUsfvrQI,东伟生鲜连锁超市,辽宁省,葫芦岛市,smkt
20261408,MEITUAN,76W025252C,CUqmJJ4THjKdZiIy_4ovdAI,浙北便利连锁便利店,浙江省,湖州市,mmkt
20261408,MEITUAN,76W023355C,952002299616906,好家丰便利店（天星阁28001店）,湖南省,怀化市,mmkt
20261408,MEITUAN,76W023372C,936415863302794,佳惠超市(南湖花园中方店),湖南省,怀化市,smkt
20261408,MEITUAN,76W025247C,998684300854179,佳惠鲜天下,湖南省,怀化市,smkt
20261408,MEITUAN,76W023360C,879876913798751,佳惠鲜天下（碧桂园店）,湖南省,怀化市,mmkt
20261408,MEITUAN,76W023361C,1098147151792925,佳惠鲜天下（通道阳光新城店）,湖南省,怀化市,mmkt
20261408,MEITUAN,76W023362C,1076676610248313,佳惠鲜天下（学府花园店）,湖南省,怀化市,mmkt
20261408,MEITUAN,76W022661C,1047084252914969,大润发(淮阴店),江苏省,淮安市,hmkt
20261408,MEITUAN,76W025334C,l8hC7F6abhjo_o1eq9vRWAI,好又多购物广场,湖北省,黄冈市,smkt
20261408,MEITUAN,76W023292C,916315416308636,黄商超市（黄州玉环店）,湖北省,黄冈市,mmkt
20261408,MEITUAN,76W010974C,1007042232017691,黄商购物中心（团风团黄大道店）,湖北省,黄冈市,smkt
20261408,MEITUAN,76W023300C,988702795144522,中百超市硬折扣店（黄石开发区店）,湖北省,黄石市,mmkt
20261408,MEITUAN,76W025338C,o1zQlj_vXOZiAHIgC_o3PAI,物尔美超市,黑龙江省,鸡西市,smkt
20261408,MEITUAN,76W022004C,904332389869027,KKV（吉林财富购物广场店）,吉林省,吉林市,mmkt
20261408,MEITUAN,76W025245C,92nlgWo4yMDoI2iAZCM-igI,大润发,吉林省,吉林市,hmkt
20261408,MEITUAN,76W025277C,P_7jAbUZexoxghAg1sdBTwI,万客隆超市,吉林省,吉林市,smkt
20261408,MEITUAN,76W024096C,890966519346843,旺角生鲜超市（卓越方舟店NO:009）,吉林省,吉林市,mmkt
20261408,MEITUAN,76W025225C,1111787967937908,新天地超市,吉林省,吉林市,cvs
20261408,MEITUAN,76W025226C,1112857414785396,新天地超市,吉林省,吉林市,cvs
20261408,MEITUAN,76W024093C,960489154940261,新天地超市（吉林江山府店）,吉林省,吉林市,cvs
20261408,MEITUAN,76W022883C,861730603420977,新天地超市（吉林万利城店）,吉林省,吉林市,cvs
20261408,MEITUAN,76W024365C,1093998215102678,众汇VIP生鲜平价超市,吉林省,吉林市,mmkt
20261408,MEITUAN,76W012496C,1016486865058439,711便利店（舜泰广场店）,山东省,济南市,cvs
20261408,MEITUAN,76W024157C,1115430100142803,橙子便利（汇隆广场店）,山东省,济南市,cvs
20261408,MEITUAN,76W025248C,9O-c9cepBej9JV3kDyYH2wI,大润发,浙江省,嘉兴市,hmkt
20261408,MEITUAN,76W025339C,oO1NfQSwmRsua1zTVyHpJgI,KKV,浙江省,金华市,mmkt
20261408,MEITUAN,76W025342C,pXJov4i1r6ncp6g6j_xLqwI,福泰隆超市,浙江省,金华市,mmkt
20261408,MEITUAN,76W025257C,FcmzwFGnbuoNAU38aKStrgI,物全家美连锁生活超市,浙江省,金华市,mmkt
20261408,MEITUAN,76W025259C,Hgvj2WalYQQK8Ii68JrqxgI,驿佰购便利店,浙江省,金华市,mmkt
20261408,MEITUAN,76W025231C,4PWvI3bbEtn3WBafv7HLoAI,左邻右舍助兴烟酒,浙江省,金华市,mmkt
20261408,MEITUAN,76W023584C,1041844425485405,鑫大刚生鲜超市（教委店）,辽宁省,锦州市,mmkt
20261408,MEITUAN,76W023689C,939168937233668,红旗超市,山西省,晋城市,mmkt
20261408,MEITUAN,76W020677C,1006990692373993,神利便利,山西省,晋城市,cvs
20261408,MEITUAN,76W025236C,7BQxCHqKhCWpQcMY5fPhTwI,嗨特购,山西省,晋中市,mmkt
20261408,MEITUAN,76W015125C,1088036725230509,金虎便利（3343祁县昭馀明珠店）,山西省,晋中市,cvs
20261408,MEITUAN,76W025350C,uMdKj7jYoZPGDXa_4kyplgI,天润发玛特,湖北省,荆门市,smkt
20261408,MEITUAN,76W025332C,ktA1Z3ErORWGKhGMG0wbgwI,大佰汇超市,湖北省,荆州市,mmkt
20261408,MEITUAN,76W025328C,k2_vr-yuThyFRo7qL5S_3AI,大佰汇超市,湖北省,荆州市,smkt
20261408,MEITUAN,76W025289C,V-iPSkt6XnKEwel5QfPESAI,永汇超市,湖北省,荆州市,mmkt
20261408,MEITUAN,76W024138C,871613396706928,唯唯熊（长虹金域12店）,江西省,景德镇市,mmkt
20261408,MEITUAN,76W025340C,oQwwCkiQPrJ72g-2ztYKUQI,联盛综合超市,江西省,九江市,smkt
20261408,MEITUAN,76W025311C,dDRpvWcYZVDTGXbw7Nwm7AI,大润发,河南省,开封市,hmkt
20261408,MEITUAN,76W008174C,956932848496188,壹度便利（皇家华韵店）,河南省,开封市,mmkt
20261408,MEITUAN,76W025146C,963358193136878,KKV,云南省,昆明市,smkt
20261408,MEITUAN,76W023819C,1103374126963853,KKV(昆明广福路爱琴海购物公园店),云南省,昆明市,mmkt
20261408,MEITUAN,76W025263C,Jga0ugzSUHsL3zprlHcIHwI,春城里生鲜超市,云南省,昆明市,mmkt
20261408,MEITUAN,76W025064C,jG5eERrDK2e-B4998GcyZwI,日新达,云南省,昆明市,mmkt
20261408,MEITUAN,76W009716C,951821837429333,日新达（高教店）,云南省,昆明市,mmkt
20261408,MEITUAN,76W024025C,1020794792461758,好又多超市（刘其营店）,河北省,廊坊市,mmkt
20261408,MEITUAN,76W025315C,fGylsjqUoCoH_BaiKRTQ-AI,大润发,四川省,乐山市,hmkt
20261408,MEITUAN,76W025318C,g-7-CMHuZHxAsk6ccbuySwI,丽客隆超市,云南省,丽江市,smkt
20261408,MEITUAN,76W025094C,1075400931410261,丽客隆超市(束河店),云南省,丽江市,mmkt
20261408,MEITUAN,76W022881C,1085657356011365,吉时汇便利店(春城店),吉林省,辽源市,cvs
20261408,MEITUAN,76W025275C,OxuzUWkvXbx7AbAx20AWDAI,大张超市,河南省,洛阳市,smkt
20261408,MEITUAN,76W025232C,4trsnbzorM0MRyvLKJgXsQI,丹尼斯超市,河南省,洛阳市,mmkt
20261408,MEITUAN,76W023219C,1008807537040155,丹尼斯超市(北航店),河南省,洛阳市,mmkt
20261408,MEITUAN,76W025308C,binKaO2TfsWyPjWpwJrO0QI,新玛特超市,河南省,洛阳市,smkt
20261408,MEITUAN,76W022472C,1092559325759951,邻几（马鞍山万达公寓店）,安徽省,马鞍山市,cvs
20261408,MEITUAN,76W022069C,1111062050762042,宏远上铖（彭山凯鑫华府店）,四川省,眉山市,mmkt
20261408,MEITUAN,76W025316C,fMZ1tI9kfB-mZrpK9br6BAI,德麦盛生活超市,四川省,绵阳市,smkt
20261408,MEITUAN,76W023256C,1125175380956487,KKV(牡丹江万达广场主力店）,黑龙江省,牡丹江市,mmkt
20261408,MEITUAN,76W025299C,YrdLzBYIpDioVEKNer3pygI,傲矫龙生鲜大市场,黑龙江省,牡丹江市,smkt
20261408,MEITUAN,76W025255C,DZkVjS_79K_ZBgwsJnMkgQI,大润发,黑龙江省,牡丹江市,hmkt
20261408,MEITUAN,76W025127C,919794339844412,好日子生鲜超市(凯旋店),黑龙江省,牡丹江市,mmkt
20261408,MEITUAN,76W020134C,1029874285816173,KKV（南昌经开旭辉广场店）,江西省,南昌市,mmkt
20261408,MEITUAN,76W023469C,1025652398753712,好邻居生活超市,江西省,南昌市,mmkt
20261408,MEITUAN,76W024136C,1030574431289917,好邻居生活超市(建设西路二店),江西省,南昌市,mmkt
20261408,MEITUAN,76W023470C,944391617525162,万事达超市,江西省,南昌市,mmkt
20261408,MEITUAN,76W024137C,1063443816054267,旺中旺生活超市（莱卡店）,江西省,南昌市,mmkt
20261408,MEITUAN,76W014272C,1071286352803943,KKV（南充王府井购物中心主力店）,四川省,南充市,mmkt
20261408,MEITUAN,76W018968C,890300725890062,LAWSON罗森（259208南京新华西路店）,江苏省,南京市,cvs
20261408,MEITUAN,76W025260C,IAmSBUiH1r2bmaHvG75_HwI,好润多购物中心,江苏省,南通市,smkt
20261408,MEITUAN,76W024280C,1027890078466012,小小超市(海湖府社区店),浙江省,宁波市,mmkt
20261408,MEITUAN,76W025258C,GJy1UgLV9u63DSK9YCDqdQI,新江厦,浙江省,宁波市,smkt
20261408,MEITUAN,76W025217C,-EIyaROWBsnRWRAvUZjeqwI,驿佰购便利店,浙江省,宁波市,mmkt
20261408,MEITUAN,76W023570C,946783914296775,滨河百货超市(晟华苑五期店),辽宁省,盘锦市,mmkt
20261408,MEITUAN,76W025125C,1124836078527440,百姓量贩（巴黎街店）,河南省,濮阳市,mmkt
20261408,MEITUAN,76W024032C,1019587904937323,绿城超市（黄河路店）,河南省,濮阳市,mmkt
20261408,MEITUAN,76W025224C,1078098246206551,大兴量贩,云南省,普洱市,smkt
20261408,MEITUAN,76W023830C,1084755443753907,大兴量贩（普洱店）,云南省,普洱市,smkt
20261408,MEITUAN,76W025298C,X_JBR88TcY_VrpF4UE8lhQI,天生祥,云南省,普洱市,hmkt
20261408,MEITUAN,76W025284C,SSvMtoL2jeAjDqjmJhNZuQI,大润发,贵州省,黔西南布依族苗族自治州,hmkt
20261408,MEITUAN,76W025269C,M4rGBjdVz-yLUWqq9yjvDAI,KKV,山东省,青岛市,smkt
20261408,MEITUAN,76W022894C,940564714964365,可好（黄岛城市阳台010292店）,山东省,青岛市,cvs
20261408,MEITUAN,76W009998C,889012235705511,可好（汇通金融大厦010197店）,山东省,青岛市,cvs
20261408,MEITUAN,76W023636C,1027026788221701,客好万家购物中心(南岭店),山东省,青岛市,mmkt
20261408,MEITUAN,76W005527C,1110585292039790,优同便利店（依山半岛店）,山东省,青岛市,cvs
20261408,MEITUAN,76W008535C,845040360505450,优同便利店（正阳公馆店）,山东省,青岛市,cvs
20261408,MEITUAN,76W004381C,1056163761438927,友客(金水路军体中心店),山东省,青岛市,cvs
20261408,MEITUAN,76W005376C,1103481416131166,友客（平度福州路店）,山东省,青岛市,cvs
20261408,MEITUAN,76W009006C,1116069976754659,友客便利店（丹江路店）,山东省,青岛市,cvs
20261408,MEITUAN,76W025279C,QDrglBJsjd69N--kEPSeLgI,满家欢,广东省,清远市,smkt
20261408,MEITUAN,76W025290C,VKEMkqxNABLhor_0MSuiGAI,上海华联超市,云南省,曲靖市,smkt
20261408,MEITUAN,76W025353C,vdyG-YJmJ9Il5cxPAscoHQI,左邻右舍,浙江省,衢州市,mmkt
20261408,MEITUAN,76W025262C,JE5y1NSKmVIHLcrHwJ_O_AI,大润发,福建省,泉州市,hmkt
20261408,MEITUAN,76W025266C,Kv5Xld7Hyh3Yf_ijqZLZ3wI,中闽百汇商场,福建省,厦门市,smkt
20261408,MEITUAN,76W022515C,903091161967206,KKV（商丘港汇万达广场KKV主次力店）,河南省,商丘市,mmkt
20261408,MEITUAN,76W024895C,926868077461350,安奇乐易（睢阳店）,河南省,商丘市,smkt
20261408,MEITUAN,76W024346C,923543846271792,壹度便利（白云公馆店）,河南省,商丘市,mmkt
20261408,MEITUAN,76W025306C,bWJq9HgkAD40v2Oz5tCLEgI,KKV,上海市,上海市,smkt
20261408,MEITUAN,76W024233C,1022959454424066,KKV(上海金桥LALAPORT主力店),上海市,上海市,mmkt
20261408,MEITUAN,76W025283C,SOiKo9Fvj8AZGpgsywKNeAI,大润发,上海市,上海市,hmkt
20261408,MEITUAN,76W025297C,WgDuLvc-GGA6S9DKBvkTtQI,大润发,上海市,上海市,hmkt
20261408,MEITUAN,76W022741C,1069834696444234,大润发(曹安店),上海市,上海市,hmkt
20261408,MEITUAN,76W022744C,916951044201491,大润发（大渡河店）,上海市,上海市,hmkt
20261408,MEITUAN,76W022747C,920941063382074,大润发(华漕店),上海市,上海市,hmkt
20261408,MEITUAN,76W022750C,1079395291936206,大润发(美兰湖店),上海市,上海市,hmkt
20261408,MEITUAN,76W022753C,1020528472013643,大润发(南翔店),上海市,上海市,hmkt
20261408,MEITUAN,76W022756C,894763237739809,大润发(泗泾店),上海市,上海市,hmkt
20261408,MEITUAN,76W022759C,999620569296784,大润发(闸北店),上海市,上海市,hmkt
20261408,MEITUAN,76W023749C,1019983042093152,大润发(张江店),上海市,上海市,hmkt
20261408,MEITUAN,76W022762C,884227683049085,大润发(中原店),上海市,上海市,hmkt
20261408,MEITUAN,76W023079C,1033374698219072,联华超市（堡镇店）,上海市,上海市,mmkt
20261408,MEITUAN,76W009648C,1116357739597439,联华超市（临江店）,上海市,上海市,mmkt
20261408,MEITUAN,76W008264C,853819273720722,联华超市（卫清店）,上海市,上海市,mmkt
20261408,MEITUAN,76W025172C,FU2VQGSCQtApr5np5XMLVwI,联华超市（新闸店）,上海市,上海市,mmkt
20261408,MEITUAN,76W009219C,870268998411368,联华超市（杨园店）,上海市,上海市,mmkt
20261408,MEITUAN,76W025122C,1107149316490048,联华超市（张杨店）,上海市,上海市,mmkt
20261408,MEITUAN,76W023752C,996682844535760,世纪联华,上海市,上海市,hmkt
20261408,MEITUAN,76W025055C,-zlpMfGue0Yp5USepbbdTAI,供销超市（若耶明珠店）,浙江省,绍兴市,mmkt
20261408,MEITUAN,76W025345C,qCCarxFuhKqvqizBnd2hAAI,KKV,辽宁省,沈阳市,mmkt
20261408,MEITUAN,76W022436C,872034254910798,KKV（沈阳奥体万达广场店）,辽宁省,沈阳市,mmkt
20261408,MEITUAN,76W025242C,8YPTmRZPiEoEccZLZ1HERAI,百家乐超市,辽宁省,沈阳市,mmkt
20261408,MEITUAN,76W021106C,863023388666792,百家乐超市（砂山店）,辽宁省,沈阳市,cvs
20261408,MEITUAN,76W023569C,874181787179998,北园超市（道义大街店）,辽宁省,沈阳市,mmkt
20261408,MEITUAN,76W025152C,857092112308963,北园超市（鸭绿江店）,辽宁省,沈阳市,mmkt
20261408,MEITUAN,76W025309C,c1oHA9wPAxlD2U_doYYAyQI,集品无忧批发部,辽宁省,沈阳市,cvs
20261408,MEITUAN,76W024154C,1034074829638783,家得乐超市(新民店）,辽宁省,沈阳市,smkt
20261408,MEITUAN,76W025246C,992310569393976,乐享万德福便利店,辽宁省,沈阳市,cvs
20261408,MEITUAN,76W023504C,1100689772411646,乐享万德福便利店（丁香湖店）,辽宁省,沈阳市,cvs
20261408,MEITUAN,76W013847C,895467558400448,罗森便利店（3059皇姑居然之家店）,辽宁省,沈阳市,cvs
20261408,MEITUAN,76W000072C,847561494872498,罗森便利店（3100中金启城分店）,辽宁省,沈阳市,cvs
20261408,MEITUAN,76W013572C,1085975148590366,罗森便利店（3175沈北华强城店）,辽宁省,沈阳市,cvs
20261408,MEITUAN,76W024149C,886319364754196,新隆嘉超市（黄河大街店）,辽宁省,沈阳市,mmkt
20261408,MEITUAN,76W023539C,859978330299562,新天地,辽宁省,沈阳市,cvs
20261408,MEITUAN,76W025240C,7er3AgOO-n3j8_sQJXnrkgI,新天地,辽宁省,沈阳市,mmkt
20261408,MEITUAN,76W011476C,992924674459330,新天地(奉天街二店),辽宁省,沈阳市,cvs
20261408,MEITUAN,76W023026C,1030690321861952,新天地便利店(苍山路店),辽宁省,沈阳市,cvs
20261408,MEITUAN,76W023046C,1000728630015762,新天地便利店(万象汇店),辽宁省,沈阳市,cvs
20261408,MEITUAN,76W025253C,ChpfzPX_G62P6v3F05hcDAI,新天地超市,辽宁省,沈阳市,cvs
20261408,MEITUAN,76W010701C,997249706539183,新天地超市（青年居易店）,辽宁省,沈阳市,cvs
20261408,MEITUAN,76W011278C,1007291340090587,新天地超市(长白西路店),辽宁省,沈阳市,cvs
20261408,MEITUAN,76W025138C,857852321511147,鑫大刚生鲜超市（开发区店）,辽宁省,沈阳市,mmkt
20261408,MEITUAN,76W024531C,1098190103233346,鑫大刚生鲜超市（中海城店）,辽宁省,沈阳市,mmkt
20261408,MEITUAN,76W023586C,1087504222822388,阳光百分百,辽宁省,沈阳市,mmkt
20261408,MEITUAN,76W025327C,jv2s-jzLvs2uZ0HVDLKEbQI,阳光小玛特便利店,辽宁省,沈阳市,mmkt
20261408,MEITUAN,76W023587C,1056979890266865,营安隆连锁超市（怡家店）,辽宁省,沈阳市,mmkt
20261408,MEITUAN,76W023057C,1103395551752177,佐客（朗香邸店）,辽宁省,沈阳市,cvs
20261408,MEITUAN,76W025045C,Y18gZ0JW-V1bCyN1FjCaCgI,供销折扣店（竹山二店）,湖北省,十堰市,mmkt
20261408,MEITUAN,76W023319C,1095853639152154,好邻居超市(十堰万达店),湖北省,十堰市,smkt
20261408,MEITUAN,76W023320C,853325425887485,好邻居生活超市（五堰店）,湖北省,十堰市,smkt
20261408,MEITUAN,76W019172C,889338653208985,寿康永乐（十堰生活广场）,湖北省,十堰市,smkt
20261408,MEITUAN,76W025324C,j-r8Da_q_qSNOMwyMxnJ4wI,寿康永乐超市,湖北省,十堰市,mmkt
20261408,MEITUAN,76W013683C,859819343011966,36524便利店,河北省,石家庄市,cvs
20261408,MEITUAN,76W011785C,971071880859014,36524便利店（正定恒山路店）,河北省,石家庄市,cvs
20261408,MEITUAN,76W012141C,1075954982253127,LAWSON罗森便利店（石家庄金领大厦店）,河北省,石家庄市,cvs
20261408,MEITUAN,76W025281C,R04nEXS4FDNs1f_1aBxeLgI,尝鲜美食集合便利店,河北省,石家庄市,mmkt
20261408,MEITUAN,76W025222C,0jXY6MCWxIcAMXLE60PsRAI,天阳超市,河北省,石家庄市,smkt
20261408,MEITUAN,76W024054C,998177493010295,家乐购,黑龙江省,双鸭山市,smkt
20261408,MEITUAN,76W025091C,GpgQOBC1i-d4_KMm4T02aQI,百福超市,山西省,朔州市,smkt
20261408,MEITUAN,76W023388C,973133538706194,集市生活超市,吉林省,四平市,cvs
20261408,MEITUAN,76W025304C,aFBiH_T3bpWsuhJac0kEdQI,欧亚超市,吉林省,四平市,smkt
20261408,MEITUAN,76W025319C,gEJTkDFZARk4BESSFcUSpAI,潮卖铺便利店,吉林省,松原市,mmkt
20261408,MEITUAN,76W025250C,9QijgPIQQKOA_tc0rYjJxgI,大润发,吉林省,松原市,hmkt
20261408,MEITUAN,76W014106C,1008674319547412,KKV（苏州石路天虹CCMall主力店）,江苏省,苏州市,mmkt
20261408,MEITUAN,76W022786C,1070603495671259,大润发(盛泽店),江苏省,苏州市,hmkt
20261408,MEITUAN,76W022529C,876135966358652,大润发(吴中店),江苏省,苏州市,hmkt
20261408,MEITUAN,76W008135C,886379420734565,华辰超市（中兴春天店）,黑龙江省,绥化市,smkt
20261408,MEITUAN,76W015128C,935878924675946,KKV（太原万象钟楼街主力店）,山西省,太原市,mmkt
20261408,MEITUAN,76W024204C,982011236185130,家家利超市(太原富力城店),山西省,太原市,smkt
20261408,MEITUAN,76W025228C,4EOujirlCWmfVorFA0jyRwI,美特好超市,山西省,太原市,hmkt
20261408,MEITUAN,76W023677C,1053024225330473,唐久（5053钢裕巷惠泽园店）,山西省,太原市,cvs
20261408,MEITUAN,76W023666C,966880066309364,唐久便利（3113小吴路晋瑞苑店）,山西省,太原市,cvs
20261408,MEITUAN,76W023675C,916873762048442,唐久便利（3168绿军苑店）,山西省,太原市,cvs
20261408,MEITUAN,76W023201C,1119600513440904,LAWSON罗森（唐山遵化北街店）,河北省,唐山市,cvs
20261408,MEITUAN,76W025337C,naORlcuEZ4Q36OJnI-HWoAI,大润发,河北省,唐山市,hmkt
20261408,MEITUAN,76W025307C,bh5URdPjcLPL6bSZLWzSXgI,积极的生活批发超市,河北省,唐山市,mmkt
20261408,MEITUAN,76W023204C,983016258407399,罗森（唐山丰润祥润佳园店）,河北省,唐山市,cvs
20261408,MEITUAN,76W009108C,965015976939042,罗森（唐山煤医道店）,河北省,唐山市,cvs
20261408,MEITUAN,76W009251C,1012144653088767,罗森（唐山天元花园店）,河北省,唐山市,cvs
20261408,MEITUAN,76W013170C,1060317006309959,711便利店（滨海外事学院南门店）,天津市,天津市,cvs
20261408,MEITUAN,76W009057C,1017298613874582,711便利店（华苑智慧山店）,天津市,天津市,cvs
20261408,MEITUAN,76W013202C,1006230483133334,711便利店（平江道光华里店）,天津市,天津市,cvs
20261408,MEITUAN,76W011609C,1016495455009560,711便利店（上河城购物中心店）,天津市,天津市,cvs
20261408,MEITUAN,76W011122C,845852109371485,便利蜂（淮河南道店）,天津市,天津市,cvs
20261408,MEITUAN,76W024256C,884927795517841,便利蜂(御惠园店),天津市,天津市,cvs
20261408,MEITUAN,76W024954C,6v42lWrl8pK82HlbV3ZjTAI,物美多点,天津市,天津市,hmkt
20261408,MEITUAN,76W025273C,OCmwNGdPhOm9WhgGu6hniAI,叶波大润发生活超市,天津市,天津市,smkt
20261408,MEITUAN,76W025150C,847132083109063,欧亚超市,吉林省,通化市,hmkt
20261408,MEITUAN,76W025268C,M2FBWSEvxuoYZIA8J_RPhgI,欧亚超市,吉林省,通化市,smkt
20261408,MEITUAN,76W025274C,OetTUYuSjgEDLrp3pw0DFAI,品乐多生活超市,安徽省,铜陵市,smkt
20261408,MEITUAN,76W010801C,895484751434478,友客（阳光100凤凰社店）,山东省,潍坊市,cvs
20261408,MEITUAN,76W025302C,Zo2mkRZTps4I1ogl0wv93AI,一百超市,浙江省,温州市,mmkt
20261408,MEITUAN,76W025293C,VvlzNBipBXTcZwyuEXOh-AI,永丰超市,浙江省,温州市,mmkt
20261408,MEITUAN,76W019656C,858440658499253,大众超市（钻石广场店）,云南省,文山壮族苗族自治州,smkt
20261408,MEITUAN,76W024910C,1063134578370918,开友超市,云南省,文山壮族苗族自治州,mmkt
20261408,MEITUAN,76W012985C,1072420224133108,罗森(225210江阴新春江华庭店）,江苏省,无锡市,cvs
20261408,MEITUAN,76W013066C,862172985146836,罗森(8028新华路店),江苏省,无锡市,cvs
20261408,MEITUAN,76W000288C,857594538452666,可多（宝丰一路店）,湖北省,武汉市,mmkt
20261408,MEITUAN,76W023293C,1104679797003767,可多（天纵时代城店）,湖北省,武汉市,mmkt
20261408,MEITUAN,76W023315C,1098185806386376,武商超级生活馆（众圆店）,湖北省,武汉市,smkt
20261408,MEITUAN,76W023317C,886972199726961,武商超市（龙庭店）,湖北省,武汉市,smkt
20261408,MEITUAN,76W023312C,1093968148553239,武商超市（腾龙大道店）,湖北省,武汉市,smkt
20261408,MEITUAN,76W025287C,U7EGt8fQyTfVbhB2NsuXeQI,中百仓储,湖北省,武汉市,hmkt
20261408,MEITUAN,76W025249C,9QIVEPJro-R-4AwNZBPSUwI,中百仓储,湖北省,武汉市,smkt
20261408,MEITUAN,76W022931C,1076161140688977,中百仓储超市（蔡甸购物广场店）,湖北省,武汉市,smkt
20261408,MEITUAN,76W023330C,1076715264949399,中百仓储超市（长丰店）,湖北省,武汉市,smkt
20261408,MEITUAN,76W023333C,1105311157194928,中百仓储超市（竹叶山店）,湖北省,武汉市,smkt
20261408,MEITUAN,76W025312C,dGCdazt4XS8PJoEpUxOfVQI,中百超市,湖北省,武汉市,mmkt
20261408,MEITUAN,76W024788C,1094565149057717,中百超市(蔡甸正街店),湖北省,武汉市,mmkt
20261408,MEITUAN,76W024064C,1112737155700893,中百超市（津发小区店）,湖北省,武汉市,mmkt
20261408,MEITUAN,76W024349C,1004315001236181,中百超市邻里生鲜（紫阳店）,湖北省,武汉市,mmkt
20261408,MEITUAN,76W024350C,1089247979553333,中百超市硬折扣店（保利心语二店）,湖北省,武汉市,mmkt
20261408,MEITUAN,76W025101C,1054183781530761,中百超市硬折扣店（薛峰社区店）,湖北省,武汉市,mmkt
20261408,MEITUAN,76W007726C,1020051674748431,中百罗森（东湖国贸店）,湖北省,武汉市,cvs
20261408,MEITUAN,76W015457C,1051357704954670,KKV（西安高新万达广场主力店）,陕西省,西安市,mmkt
20261408,MEITUAN,76W024210C,1040379843371958,大润发（大唐西店）,陕西省,西安市,hmkt
20261408,MEITUAN,76W025305C,b-faPJMFtKgm6S0PThdGJQI,三禾超市,陕西省,西安市,smkt
20261408,MEITUAN,76W023718C,943055882800973,唐久便利（万象域T8店）,陕西省,西安市,cvs
20261408,MEITUAN,76W023316C,1003245554354675,武商超市,湖北省,咸宁市,smkt
20261408,MEITUAN,76W025351C,v6aK1uEu3868CnVexI2rpgI,中百仓储,湖北省,咸宁市,smkt
20261408,MEITUAN,76W025303C,a94f3xP91qIWDBBet8y97wI,佳惠超市,湖南省,湘西土家族苗族自治州,smkt
20261408,MEITUAN,76W023318C,1053367822676614,好邻居超市（谷城店）,湖北省,襄阳市,smkt
20261408,MEITUAN,76W023321C,917840129622917,好邻居购物广场（宜城店）,湖北省,襄阳市,smkt
20261408,MEITUAN,76W024072C,1037003997468929,悦活里（孝感万达店）,湖北省,孝感市,smkt
20261408,MEITUAN,76W025346C,sIVwGrM6NZiHRbRVafubzQI,中百仓储,湖北省,孝感市,smkt
20261408,MEITUAN,76W013174C,982449249238191,家家利超市(忻州大欣城店),山西省,忻州市,smkt
20261408,MEITUAN,76W013098C,871686337618547,金虎便利(2978世纪花苑店）,山西省,忻州市,cvs
20261408,MEITUAN,76W014489C,1083720269978132,百家来超市(龙都广场店),河南省,信阳市,smkt
20261408,MEITUAN,76W006101C,857573061961342,百家顺·生活超市（龙飞山城店）,河南省,信阳市,mmkt
20261408,MEITUAN,76W025360C,zcnKbPl73_YtrULFwfB9JQI,生活无忧,河南省,信阳市,mmkt
20261408,MEITUAN,76W025310C,cKzyTemnr2vEEyBLC2l-CgI,新大新生活超市,河南省,许昌市,smkt
20261408,MEITUAN,76W022882C,1067261968413722,每日隆便利店（东沃店）,吉林省,延边朝鲜族自治州,cvs
20261408,MEITUAN,76W009413C,1051649762295094,每日隆便利店(芳馨嘉苑店),吉林省,延边朝鲜族自治州,cvs
20261408,MEITUAN,76W004812C,1076388762452513,每日隆便利店(清水湾店),吉林省,延边朝鲜族自治州,cvs
20261408,MEITUAN,76W020210C,849979594765254,每日隆便利店（汪清北岸七区店）,吉林省,延边朝鲜族自治州,cvs
20261408,MEITUAN,76W004730C,1072720860394534,每日隆便利店(益华店),吉林省,延边朝鲜族自治州,cvs
20261408,MEITUAN,76W024092C,1086039638961167,新天地便利店（延吉延边大学壹店）,吉林省,延边朝鲜族自治州,cvs
20261408,MEITUAN,76W019628C,852612411308623,中心城大卖场(锦东花园店),吉林省,延边朝鲜族自治州,mmkt
20261408,MEITUAN,76W024330C,875556129173724,中心城大卖场(山后店),吉林省,延边朝鲜族自治州,mmkt
20261408,MEITUAN,76W022835C,890193392556841,大润发(盐南店),江苏省,盐城市,hmkt
20261408,MEITUAN,76W014645C,1107359788947909,十足便利店（文泽府邸店）,江苏省,盐城市,cvs
20261408,MEITUAN,76W022838C,1046440009660780,大润发(江都店),江苏省,扬州市,hmkt
20261408,MEITUAN,76W023676C,912922392190617,唐久便利店（3809阳泉日潭商业街店）,山西省,阳泉市,cvs
20261408,MEITUAN,76W017215C,898512690216752,北山生活超市（东山店）,湖北省,宜昌市,smkt
20261408,MEITUAN,76W025285C,U5ErPT1GpLSKuYaPEFdgCQI,国贸超市,湖北省,宜昌市,smkt
20261408,MEITUAN,76W025323C,ihzDlUSSIIrb3Bp70FumlQI,万富超市,湖北省,宜昌市,mmkt
20261408,MEITUAN,76W023326C,1006445304964966,雅斯超市（古夫店）,湖北省,宜昌市,smkt
20261408,MEITUAN,76W023324C,1114382128059960,雅斯超市（阳光花苑店）,湖北省,宜昌市,smkt
20261408,MEITUAN,76W023466C,856082794976049,KKV（宜春润达国际购物中心店）,江西省,宜春市,mmkt
20261408,MEITUAN,76W025219C,-g9cSdhCoSqf_YRJwuSAGgI,嗨特购,辽宁省,营口市,mmkt
20261408,MEITUAN,76W023514C,933203227757712,罗森便利店,辽宁省,营口市,cvs
20261408,MEITUAN,76W023588C,1007390197860041,真实惠生活超市(东珠美地店),辽宁省,营口市,mmkt
20261408,MEITUAN,76W025241C,893019513737242,真实惠生活广场,辽宁省,营口市,smkt
20261408,MEITUAN,76W024447C,865359924480538,天恒超市（新市店）,湖南省,岳阳市,mmkt
20261408,MEITUAN,76W022318C,1121494543849800,新佳宜便利店(岳阳天伦城银座2160店),湖南省,岳阳市,cvs
20261408,MEITUAN,76W024333C,853862229200123,KKV（运城苏宁广场店）,山西省,运城市,mmkt
20261408,MEITUAN,76W024086C,1003056527276680,suowei（锁味武陵源军地店）,湖南省,张家界市,mmkt
20261408,MEITUAN,76W023365C,1020154840777822,梅尼（聚龙店）,湖南省,张家界市,mmkt
20261408,MEITUAN,76W023366C,854210189369773,梅尼（南三店）,湖南省,张家界市,mmkt
20261408,MEITUAN,76W025074C,9odPkOIoGlvX6_d0f6jyAgI,KKV（长春红旗万达广场主力店）,吉林省,长春市,mmkt
20261408,MEITUAN,76W025358C,xKvGjUWCG77LAk374PHxAAI,吉优客24h超市,吉林省,长春市,cvs
20261408,MEITUAN,76W025335C,lG3fEDdRiYVo0dzO-9qLrAI,吉优客24h超市,吉林省,长春市,cvs
20261408,MEITUAN,76W023380C,868495250366674,吉优客超市（嘉元十方界店）,吉林省,长春市,cvs
20261408,MEITUAN,76W023383C,1104598192592804,吉优客超市（金碧阁店）,吉林省,长春市,cvs
20261408,MEITUAN,76W023385C,1113265436577682,吉优客超市（园丁花园店）,吉林省,长春市,cvs
20261408,MEITUAN,76W023381C,992306272613580,吉优客超市（中信城店）,吉林省,长春市,cvs
20261408,MEITUAN,76W025336C,mq-Z2GE3Es8fj8swi2c9cQI,家得乐超市,吉林省,长春市,smkt
20261408,MEITUAN,76W022008C,1072828246030931,欧亚超市(钜城店),吉林省,长春市,smkt
20261408,MEITUAN,76W022939C,861137898042081,欧亚超市(柳影路店),吉林省,长春市,smkt
20261408,MEITUAN,76W023425C,1028753365187357,欧亚超市（天富路店）,吉林省,长春市,smkt
20261408,MEITUAN,76W023426C,1045439313077426,欧亚超市(长新店),吉林省,长春市,smkt
20261408,MEITUAN,76W023423C,978790010598109,欧亚超市连锁(越野店),吉林省,长春市,smkt
20261408,MEITUAN,76W023424C,1050657698357402,欧亚购物中心（双阳购物中心店）,吉林省,长春市,smkt
20261408,MEITUAN,76W025234C,6IenJJuz7SzZfSMd2GnK4AI,新天地,吉林省,长春市,cvs
20261408,MEITUAN,76W025352C,vDq9ox3uawdK6WFWR5BpjwI,新天地便利店,吉林省,长春市,cvs
20261408,MEITUAN,76W025357C,xBn1Zp3eHw1IfbZ6cea1CwI,新天地便利店,吉林省,长春市,cvs
20261408,MEITUAN,76W023406C,942381572799329,新天地便利店（同德金街店）,吉林省,长春市,cvs
20261408,MEITUAN,76W023401C,868100113470102,新天地便利店（文昌路店）,吉林省,长春市,cvs
20261408,MEITUAN,76W022885C,982131408493617,新天地便利店(义和路店),吉林省,长春市,cvs
20261408,MEITUAN,76W005123C,1092194242094799,新天地便利店(支农大街店),吉林省,长春市,cvs
20261408,MEITUAN,76W023405C,1119557563689252,新天地便利店（中东红街叁店）,吉林省,长春市,cvs
20261408,MEITUAN,76W025221C,-wEskUhKPGf8DiAsdXIZVQI,新天地超市,吉林省,长春市,cvs
20261408,MEITUAN,76W025233C,585-QSkVPTAZl1xCnsZNhgI,新天地超市,吉林省,长春市,cvs
20261408,MEITUAN,76W025348C,u39CWqduzXCStjo89hn-jAI,新天地超市,吉林省,长春市,cvs
20261408,MEITUAN,76W025278C,Pk7Jja2DHKnyysq65XAT-AI,新天地超市,吉林省,长春市,cvs
20261408,MEITUAN,76W023395C,916744912989647,新天地超市（大禹奥城店）,吉林省,长春市,cvs
20261408,MEITUAN,76W023409C,884876255626079,新天地超市（电台街店）,吉林省,长春市,cvs
20261408,MEITUAN,76W009429C,898370969462437,新天地超市（恒大城店）,吉林省,长春市,cvs
20261408,MEITUAN,76W024091C,903632377807381,新天地超市（恒大名都店）,吉林省,长春市,cvs
20261408,MEITUAN,76W022884C,928693425343980,新天地超市（经纬路店）,吉林省,长春市,cvs
20261408,MEITUAN,76W009980C,941342117326980,新天地超市(开运福里店),吉林省,长春市,cvs
20261408,MEITUAN,76W023402C,1030449877174485,新天地超市（拾光里店）,吉林省,长春市,cvs
20261408,MEITUAN,76W024792C,985739267715725,新天地超市（万福街叁店）,吉林省,长春市,cvs
20261408,MEITUAN,76W013120C,930647648681133,新天地超市（万龙花园店）,吉林省,长春市,cvs
20261408,MEITUAN,76W023403C,951431068879431,新天地超市(西天光路分店),吉林省,长春市,cvs
20261408,MEITUAN,76W011869C,975865064788115,新天地超市（新星宇之洲贰店）,吉林省,长春市,cvs
20261408,MEITUAN,76W024090C,1115859596867455,新天地超市（英伦小镇贰店）,吉林省,长春市,cvs
20261408,MEITUAN,76W024791C,994891792855606,新天地超市（远大店）,吉林省,长春市,cvs
20261408,MEITUAN,76W023398C,949824751128908,新天地超市(长春澳海澜庭店),吉林省,长春市,cvs
20261408,MEITUAN,76W009091C,936415789735031,新天地超市（中海澜庭贰店）,吉林省,长春市,cvs
20261408,MEITUAN,76W023408C,1067846157482748,新天地超市（中新花园店）,吉林省,长春市,cvs
20261408,MEITUAN,76W025296C,WJZnY36sCUcyAOvjgVujfAI,新天地超市新天地,吉林省,长春市,cvs
20261408,MEITUAN,76W022526C,881556201474054,亚泰超市（新动力店）,吉林省,长春市,smkt
20261408,MEITUAN,76W024101C,1055940508090428,亚泰超市（樱花苑店）,吉林省,长春市,hmkt
20261408,MEITUAN,76W025330C,kVleFXDGmGLVQRXCoBvZZgI,远方超市,吉林省,长春市,mmkt
20261408,MEITUAN,76W023427C,894350953524003,远方超市（超达大路店）,吉林省,长春市,smkt
20261408,MEITUAN,76W023354C,923711350018313,KKV（长沙友阿奥特莱斯购物公园店）,湖南省,长沙市,mmkt
20261408,MEITUAN,76W023353C,1086039638988113,KKV（长沙友阿城市奥莱喜乐地店）,湖南省,长沙市,mmkt
20261408,MEITUAN,76W025294C,Vx2uHPh2Xrx4bPqtA-Z7GgI,零食优选,湖南省,长沙市,mmkt
20261408,MEITUAN,76W012093C,1058611904301005,新佳宜便利店（恒广前门1825店）,湖南省,长沙市,cvs
20261408,MEITUAN,76W025223C,1056790913394049,谊品生鲜,湖南省,长沙市,mmkt
20261408,MEITUAN,76W023369C,1004469620086694,谊品生鲜(金地三千府店),湖南省,长沙市,mmkt
20261408,MEITUAN,76W023368C,904517141161840,谊品生鲜超市（新城国际花都店）,湖南省,长沙市,mmkt
20261408,MEITUAN,76W025218C,-NbHvpRS8J3YmEy_WQXMvQI,美市多购物广场,山西省,长治市,smkt
20261408,MEITUAN,76W023671C,1115657733443749,唐久（3589长治容海苑店）,山西省,长治市,cvs
20261408,MEITUAN,76W022862C,895171261498082,大润发(京口店),江苏省,镇江市,hmkt
20261408,MEITUAN,76W025326C,jsu2qXxeLRzBTI099BQpHwI,丹尼斯全日鲜,河南省,郑州市,mmkt
20261408,MEITUAN,76W023220C,982844459767052,丹尼斯全日鲜(大尚店),河南省,郑州市,mmkt
20261408,MEITUAN,76W023221C,1103447141395040,丹尼斯全日鲜(国基店),河南省,郑州市,mmkt
20261408,MEITUAN,76W023229C,959668816202108,华豫佰佳超市(公园里店),河南省,郑州市,smkt
20261408,MEITUAN,76W025265C,KrOlg8BtOvrRSPpCDwnvygI,生活无憂,河南省,郑州市,mmkt
20261408,MEITUAN,76W025344C,pvkCbddr_hXLY6MzbIvWGwI,长申超市,河南省,郑州市,smkt
20261408,MEITUAN,76W025169C,JZwixIBdovVYR7mImE-edAI,KKV（运城苏宁广场店）,重庆市,重庆市,mmkt
20261408,MEITUAN,76W018886C,1028448349417827,KKV（重庆巴南万达广场主力店）,重庆市,重庆市,mmkt
20261408,MEITUAN,76W023852C,940719420512131,阿家超市（三亚湾店）,重庆市,重庆市,mmkt
20261408,MEITUAN,76W025314C,eGSVR0VTzi1IWSYwtVmxhQI,阿家购物广场,重庆市,重庆市,smkt
20261408,MEITUAN,76W018891C,1046049146710258,奥特乐(巴南华熙店),重庆市,重庆市,mmkt
20261408,MEITUAN,76W024292C,1123337134946225,奥特乐(垫江明悦天街店),重庆市,重庆市,mmkt
20261408,MEITUAN,76W024293C,899191381740567,奥特乐（观音桥阳光世纪店）,重庆市,重庆市,mmkt
20261408,MEITUAN,76W023854C,852449252629700,奥特乐(重庆江津爱琴海店),重庆市,重庆市,mmkt
20261408,MEITUAN,76W024827C,YrxQzW-vpmwlklJJ0URO7wI,大华超市,重庆市,重庆市,mmkt
20261408,MEITUAN,76W025229C,4Ftz-NVGKe-6A1zWAqYHNQI,风之彩生鲜便利,重庆市,重庆市,mmkt
20261408,MEITUAN,76W025271C,Nhq0jgevWzhnCzX4NMFHawI,家益超市,重庆市,重庆市,mmkt
20261408,MEITUAN,76W023861C,1098482159129885,家益超市（北滨上院店）,重庆市,重庆市,mmkt
20261408,MEITUAN,76W023863C,1066274199380864,家益超市（凤鸣店）,重庆市,重庆市,mmkt
20261408,MEITUAN,76W023860C,992344927336782,家益超市（红光店）,重庆市,重庆市,mmkt
20261408,MEITUAN,76W023862C,975010439350101,家益超市（清风柳庄店）,重庆市,重庆市,mmkt
20261408,MEITUAN,76W025230C,4M4CbKPw1r0oGpHuTgjo_QI,零小萌特价批发超市,重庆市,重庆市,mmkt
20261408,MEITUAN,76W006959C,1032537144661888,罗森（和煦路店）,重庆市,重庆市,cvs
20261408,MEITUAN,76W025325C,jeLCpxhCJsYzBy0HBTvPmQI,谊品谊品批发部,重庆市,重庆市,mmkt
20261408,MEITUAN,76W023091C,993465840352432,逸民超市（中昂星汇店）,重庆市,重庆市,mmkt
20261408,MEITUAN,76W025220C,-pGPbZPMiOE09EIwTIBdggI,永立生活超市,重庆市,重庆市,hmkt
20261408,MEITUAN,76W025272C,Nrcbxd36HomW0VyLUa_QMgI,万果园社区超市,河南省,周口市,mmkt
20261408,MEITUAN,76W022282C,1025115483363471,万果园社区超市（天鹅商厦09店）,河南省,周口市,mmkt
20261408,MEITUAN,76W024347C,1018892120254723,壹度便利（项城瑞元国际广场店）,河南省,周口市,mmkt
20261408,MEITUAN,76W023230C,1035784226644749,欢乐爱家（皇家一里店）,河南省,驻马店市,smkt
20261408,MEITUAN,76W025227C,1o5oXZngIUZ0SIdwZBpNPAI,奥特乐,贵州省,遵义市,mmkt
20261408,MEITUAN,76W025343C,pttPkLfJRrdqM2OtvyF5LAI,发到家·大润发RTMART,贵州省,遵义市,smkt
20261408,ELEME,76W472746A,1096677387,超盒算NB(浦东羽山乐坊店),上海市,上海市,smkt
20261408,ELEME,76W472577A,1096657061,超盒算NB(闵行华光广场店),上海市,上海市,smkt
20261408,ELEME,76W529834A,1096828047,超盒算NB(宝山向阳900店),上海市,上海市,mmkt
20261408,ELEME,76W472951A,1096677389,超盒算NB(金山石化店),上海市,上海市,smkt
20261408,ELEME,76W472855A,1096727285,超盒算NB(金山卫零路店),上海市,上海市,smkt
20261408,ELEME,76W129146A,447485194,盒马鲜生(弘阳广场店),江苏省,南京市,smkt
20261408,ELEME,76W042747A,265939015,盒马鲜生(江宁东山店),江苏省,南京市,smkt
20261408,ELEME,76W007082A,239358222,盒马鲜生(夫子庙店),江苏省,南京市,smkt
20261408,ELEME,76W522976A,1105808388,盒马鲜生(无锡滨湖万象汇店),江苏省,无锡市,smkt
20261408,ELEME,76W091896A,322205413,盒马鲜生(乐基广场店),江苏省,南京市,smkt
20261408,ELEME,76W474193A,1096766212,超盒算NB(金山枫泾市场店),上海市,上海市,smkt
20261408,ELEME,76W474100A,1096797163,超盒算NB(金山临源市场店),上海市,上海市,smkt
20261408,ELEME,76W474338A,1096785180,超盒算NB(宝山德都店),上海市,上海市,smkt
20261408,ELEME,76W474536A,1096798145,超盒算NB(闵行都市路店),上海市,上海市,smkt
20261408,ELEME,76W474374A,1096789177,超盒算NB(浦东百联临沂店),上海市,上海市,smkt
20261408,ELEME,76W529835A,1096693361,超盒算NB(金山朱泾城南店),上海市,上海市,smkt
20261408,ELEME,76W473070A,1099195202,超盒算NB(奉贤青村店),上海市,上海市,smkt
20261408,ELEME,76W473536A,1096761216,超盒算NB(金山金房大厦店),上海市,上海市,smkt
20261408,ELEME,76W474073A,1096719268,超盒算NB(宝山淞南建配龙店),上海市,上海市,smkt
20261408,ELEME,76W473704A,1096725270,超盒算NB(青浦华新店),上海市,上海市,smkt
20261408,ELEME,76W006285A,239347234,盒马鲜生(宝山新业坊店),上海市,上海市,smkt
20261408,ELEME,76W007363A,239362191,盒马鲜生(奥体中心店),江苏省,南京市,smkt
20261408,ELEME,76W264257A,828393135,盒马鲜生(麒麟麟珑汇店),江苏省,南京市,smkt
20261408,ELEME,76W571475A,20005874137,盒马鲜生(苏州尹山湖歌林公园店),江苏省,苏州市,smkt
20261408,ELEME,76W205958A,707029477,盒马鲜生(ITCMall店),江苏省,南京市,smkt
20261408,ELEME,76W117563A,406299493,盒马鲜生(龙蟠汇店),江苏省,南京市,smkt
20261408,ELEME,76W264185A,1061587039,盒马鲜生(南京金象城店),江苏省,南京市,smkt
20261408,ELEME,76W502499A,1101671036,盒马鲜生(mini亿丰时代广场店),上海市,上海市,smkt
20261408,ELEME,76W495293A,1102086122,超盒算NB(闵行浦江店),上海市,上海市,smkt
20261408,ELEME,76W475500A,1096833027,超盒算NB(杨浦国和店),上海市,上海市,smkt
20261408,ELEME,76W097755A,355162017,盒马鲜生(佳源广场店),江苏省,南京市,smkt
20261408,ELEME,76W272963A,1065323008,盒马鲜生(维璟印象城店),上海市,上海市,smkt
20261408,ELEME,76W501800A,1099185165,超盒算NB(松江思贤店),上海市,上海市,smkt
20261408,ELEME,76W500290A,1102081108,超盒算NB(青浦夏阳店),上海市,上海市,smkt
20261408,ELEME,76W508278A,1105036050,超盒算NB(浦东周家渡店),上海市,上海市,smkt
20261408,ELEME,76W512485A,1104926123,超盒算NB(青浦重固店),上海市,上海市,smkt
20261408,ELEME,76W511155A,1102133103,超盒算NB(普陀远洋广场店),上海市,上海市,smkt
20261408,ELEME,76W496661A,1102113111,超盒算NB(宝山罗南店),上海市,上海市,smkt
20261408,ELEME,76W495220A,1102049130,超盒算NB(宝山友谊路店),上海市,上海市,smkt
20261408,ELEME,76W499053A,1102042129,超盒算NB(浦东万祥店),上海市,上海市,smkt
20261408,ELEME,76W499906A,1101991147,超盒算NB(闵行江川路店),上海市,上海市,smkt
20261408,ELEME,76W499465A,1096706339,超盒算NB(闵行西环路店),上海市,上海市,smkt
20261408,ELEME,76W575230A,20008636496,超盒算NB(工业园万科美好广场店),江苏省,苏州市,mmkt
20261408,ELEME,76W574574A,20005298448,超盒算NB(静安沪太店),上海市,上海市,mmkt
20261408,ELEME,76W576705A,20012256104,超盒算NB(宝山大华虎城中心店),上海市,上海市,mmkt
20261408,ELEME,76W528208A,414712050,盒马鲜生(老西门南六店),上海市,上海市,mmkt
20261408,ELEME,76W576896A,20012878449,超盒算NB(虹口四川北路店),上海市,上海市,mmkt
20261408,ELEME,76W567046A,20000780386,超盒算NB(杨浦平凉路地铁站店),上海市,上海市,mmkt
20261408,ELEME,76W566076A,1112484323,超盒算NB(浦东惠南店),上海市,上海市,mmkt
20261408,ELEME,76W573590A,1111585287,超盒算NB(松江御上海店),上海市,上海市,mmkt
20261408,ELEME,76W569113A,20003252212,超盒算NB(黄浦香港名都店),上海市,上海市,mmkt
20261408,ELEME,76W529843A,1096694370,超盒算NB(宝山长江西路店),上海市,上海市,mmkt
20261408,ELEME,76W529847A,1096780170,超盒算NB(闵行报春路店),上海市,上海市,mmkt
20261408,ELEME,76W577097A,654981463,盒马鲜生(mini奉贤宝龙店),上海市,上海市,mmkt
20261408,ELEME,76W476788A,1096840012,超盒算NB(闵行山钢和润店),上海市,上海市,smkt
20261408,ELEME,76W474607A,1096744284,超盒算NB(松江新城地铁站店),上海市,上海市,smkt
20261408,ELEME,76W474557A,1096728276,超盒算NB(嘉定临洮路地铁站店),上海市,上海市,smkt
20261408,ELEME,76W529839A,1096801133,超盒算NB(浦东博华路店),上海市,上海市,mmkt
20261408,ELEME,76W475041A,1099091184,超盒算NB(松江九里亭店),上海市,上海市,smkt
20261408,ELEME,76W475007A,1096818106,超盒算NB(浦东棠人沣荟店),上海市,上海市,smkt
20261408,ELEME,76W477145A,1096768216,超盒算NB(普陀桃浦店),上海市,上海市,smkt
20261408,ELEME,76W477019A,1096721277,超盒算NB(奉贤西渡店),上海市,上海市,smkt
20261408,ELEME,76W477415A,1096687385,超盒算NB(嘉定菊园店),上海市,上海市,smkt
20261408,ELEME,76W478570A,1096835018,超盒算NB(浦东永泰路店),上海市,上海市,smkt
20261408,ELEME,76W049591A,268712454,盒马鲜生(苏州石湖店),江苏省,苏州市,smkt
20261408,ELEME,76W120931A,414464381,盒马鲜生(京东广场店),江苏省,无锡市,smkt
20261408,ELEME,76W476913A,1096722292,超盒算NB(闵行华漕U天地店),上海市,上海市,smkt
20261408,ELEME,76W038729A,264607086,盒马鲜生(八佰伴店),江苏省,无锡市,smkt
20261408,ELEME,76W528656A,239364141,盒马鲜生(湖南路店),江苏省,南京市,smkt
20261408,ELEME,76W236471A,786935163,盒马鲜生(金地广场店),江苏省,南京市,smkt
20261408,ELEME,76W236403A,786799482,盒马鲜生(浦口虹悦城店),江苏省,南京市,smkt
20261408,ELEME,76W309559A,1074675391,盒马鲜生(紫金广场店),江苏省,南京市,smkt
20261408,ELEME,76W280797A,1068862119,盒马鲜生(建邺吾悦店),江苏省,南京市,smkt
20261408,ELEME,76W058469A,281179333,盒马鲜生(盛博广场店),江苏省,苏州市,smkt
20261408,ELEME,76W055483A,275245094,盒马鲜生(打浦桥日月光店),上海市,上海市,smkt
20261408,ELEME,76W101620A,365342369,盒马鲜生(浦江城市广场店),上海市,上海市,smkt
20261408,ELEME,76W577195A,283150014,盒马鲜生(川沙路店),上海市,上海市,smkt
20261408,ELEME,76W577218A,1086790153,盒马鲜生(梅陇店),上海市,上海市,smkt
20261408,ELEME,76W577110A,694269185,盒马鲜生(陆家嘴滨江中心店),上海市,上海市,mmkt
20261408,ELEME,76W058671A,281194296,盒马鲜生(嘉定日月光店),上海市,上海市,smkt
20261408,ELEME,76W536513A,1107664316,盒马鲜生(青浦吾悦店),上海市,上海市,smkt
20261408,ELEME,76W577144A,1107211236,盒马鲜生(mini大融城店),上海市,上海市,mmkt
20261408,ELEME,76W472838A,1096623469,盒马鲜生(花漫里店),江苏省,南京市,smkt
20261408,ELEME,76W475880A,1098255237,盒马鲜生(夏都小镇店),上海市,上海市,smkt
20261408,ELEME,76W497766A,1101827213,盒马鲜生(mini临港宝龙广场店),上海市,上海市,smkt
20261408,ELEME,76W482827A,1099100347,盒马鲜生(中信泰富店),上海市,上海市,smkt
20261408,ELEME,76W053126A,272822480,盒马鲜生(馥邦国际店),上海市,上海市,smkt
20261408,ELEME,76W064282A,283128112,盒马鲜生(mini北洋泾店),上海市,上海市,smkt
20261408,ELEME,76W055052A,275013164,盒马鲜生(学则路店),江苏省,南京市,smkt
20261408,ELEME,76W577111A,688092409,盒马鲜生(金地喜悦荟店),上海市,上海市,mmkt
20261408,ELEME,76W049565A,268693495,盒马鲜生(曲阳商务中心店),上海市,上海市,smkt
20261408,ELEME,76W064227A,283122094,盒马鲜生(昆山万象汇店),江苏省,苏州市,smkt
20261408,ELEME,76W577173A,269037202,盒马鲜生(丁香国际店),上海市,上海市,mmkt
20261408,ELEME,76W006815A,239354241,盒马鲜生(太阳城店),江苏省,南京市,smkt
20261408,ELEME,76W201315A,694235270,盒马鲜生(苏航广场店),上海市,上海市,smkt
20261408,ELEME,76W004007A,239317256,盒马鲜生(金桥店),上海市,上海市,smkt
20261408,ELEME,76W577094A,447575053,盒马鲜生(保利时光里店),上海市,上海市,mmkt
20261408,ELEME,76W004918A,239329073,盒马鲜生(星空站),上海市,上海市,smkt
20261408,ELEME,76W006702A,239353002,盒马鲜生(昆山昆城店),江苏省,苏州市,smkt
20261408,ELEME,76W006391A,239349008,盒马鲜生(曹家渡店),上海市,上海市,smkt
20261408,ELEME,76W566477A,1114216233,盒马鲜生(常熟天虹店),江苏省,苏州市,smkt
20261408,ELEME,76W006108A,239345031,盒马鲜生(汇阳广场店),上海市,上海市,smkt
20261408,ELEME,76W004118A,239318436,盒马鲜生(大行宫店),江苏省,南京市,smkt
20261408,ELEME,76W005718A,239340056,盒马鲜生(苏州悠方店),江苏省,苏州市,smkt
20261408,ELEME,76W005425A,239336061,盒马鲜生(裕德路店),上海市,上海市,smkt
20261408,ELEME,76W577233A,20002305267,盒马鲜生(江桥万达店),上海市,上海市,smkt
20261408,ELEME,76W198395A,676668012,盒马鲜生(龙湖东吴天街店),江苏省,苏州市,smkt
20261408,ELEME,76W152372A,654947483,盒马鲜生(佘山店),上海市,上海市,smkt
20261408,ELEME,76W004846A,239328066,盒马鲜生(苏州易生活店),江苏省,苏州市,smkt
20261408,ELEME,76W577092A,433299014,盒马鲜生(汇宝店),上海市,上海市,mmkt
20261408,ELEME,76W007300A,239361171,盒马鲜生(恒生万鹂店),上海市,上海市,smkt
20261408,ELEME,76W577177A,321150384,盒马鲜生(世博源店),上海市,上海市,smkt
20261408,ELEME,76W042100A,265885364,盒马鲜生(长泰店),上海市,上海市,smkt
20261408,ELEME,76W003568A,239312326,盒马鲜生(虹桥店),上海市,上海市,smkt
20261408,ELEME,76W577227A,1108732179,盒马mini(LG壹城店),江苏省,南京市,smkt
20261408,ELEME,76W575867A,20010768402,盒马鲜生(PAC购物中心店),上海市,上海市,smkt
20261408,ELEME,76W575668A,20010319218,盒马鲜生(苏州印象城店),江苏省,苏州市,smkt
20261408,ELEME,76W055192A,275116021,盒马鲜生(胜太路同曦店),江苏省,南京市,smkt
20261408,ELEME,76W568096A,20002279426,盒马鲜生(宝山宝乐汇店),上海市,上海市,smkt
20261408,ELEME,76W007154A,239359201,盒马鲜生(五月花广场店),上海市,上海市,smkt
20261408,ELEME,76W002373A,239293496,盒马鲜生(苏州湖东邻里中心店),江苏省,苏州市,smkt
20261408,ELEME,76W576242A,20011435254,盒马鲜生(苏州盛泽天虹店),江苏省,苏州市,smkt
20261408,ELEME,76W003060A,239302481,盒马鲜生(平高店),上海市,上海市,smkt
20261408,ELEME,76W577220A,1098163383,盒马鲜生(马利来店),上海市,上海市,mmkt
20261408,ELEME,76W207159A,709527192,盒马鲜生(九亭贝尚湾店),上海市,上海市,smkt
20261408,ELEME,76W036337A,247026408,盒马鲜生(迈皋桥店),江苏省,南京市,smkt
20261408,ELEME,76W134922A,536264344,盒马鲜生(白马广场店),江苏省,南京市,smkt
20261408,ELEME,76W003224A,239305435,盒马鲜生(南翔店),上海市,上海市,smkt
20261408,ELEME,76W118187A,406878329,盒马鲜生(mini奉贤南桥店),上海市,上海市,smkt
20261408,ELEME,76W197575A,676646061,盒马鲜生(紫悦广场店),江苏省,南京市,smkt
20261408,ELEME,76W577091A,433129419,盒马鲜生(品尊国际店),上海市,上海市,smkt
20261408,ELEME,76W054945A,274935005,盒马鲜生(周浦永乐广场店),上海市,上海市,smkt
20261408,ELEME,76W006109A,239345032,盒马鲜生(189购物中心店),上海市,上海市,smkt
20261408,ELEME,76W002684A,239297483,盒马鲜生(星宝店),上海市,上海市,smkt
20261408,ELEME,76W577348A,20023457209,购满佳超市(回龙观店),北京市,北京市,dwh
20261408,ELEME,76W577300A,20019614437,购满佳超市(三元桥店),北京市,北京市,dwh
20261408,ELEME,76W577332A,20020638218,购满佳超市(宣武门店),北京市,北京市,dwh
20261408,ELEME,76W577370A,20033250007,购满佳超市(国贸店),北京市,北京市,dwh
20261408,ELEME,76W519487A,1105990157,购满佳超市(将台店),北京市,北京市,dwh
20261408,ELEME,76W566742A,20000395290,惠邻百佳超市(北工大店),北京市,北京市,dwh
20261408,ELEME,76W577384A,20039204025,惠邻百佳超市(高碑店),北京市,北京市,dwh
20261408,ELEME,76W570599A,20005003249,惠邻百佳超市(上地店),北京市,北京市,dwh
20261408,ELEME,76W306853A,1073974218,惠邻百佳超市(十里堡店),北京市,北京市,dwh
20261408,ELEME,76W307173A,1073091128,惠邻百佳超市(天通苑店),北京市,北京市,dwh
20261408,ELEME,76W279245A,1067927152,惠邻百佳超市(定福庄店),北京市,北京市,dwh
20261408,ELEME,76W250906A,852572287,惠邻百佳超市(和平里店),北京市,北京市,dwh
20261408,ELEME,76W575779A,20010583204,惠邻百佳超市(黄村店),北京市,北京市,dwh
20261408,ELEME,76W406291A,1083439341,惠邻百佳超市(清河店),北京市,北京市,dwh
20261408,ELEME,76W440568A,1092191431,惠邻百佳超市(西三旗店),北京市,北京市,dwh
20261408,ELEME,76W476029A,1097837093,惠邻百佳超市(雅宝路店),北京市,北京市,dwh
20261408,ELEME,76W577303A,20019926376,惠邻百佳超市(朱辛庄店),北京市,北京市,dwh
20261408,ELEME,76W406335A,1086700376,惠邻百佳超市(总部基地店),北京市,北京市,dwh
20261408,ELEME,76W577365A,20030360337,惠邻百佳超市(北苑店),北京市,北京市,dwh
20261408,ELEME,76W250903A,849601392,惠邻百佳超市(管庄站),北京市,北京市,dwh
20261408,ELEME,76W568685A,20002912189,惠邻百佳超市(回龙观店),北京市,北京市,dwh
20261408,ELEME,76W250973A,1056501440,惠邻百佳超市(将台店),北京市,北京市,dwh
20261408,ELEME,76W577242A,1100512367,惠邻百佳超市(梨园店),北京市,北京市,dwh
20261408,ELEME,76W250877A,849764019,惠邻百佳超市(三里屯店),北京市,北京市,dwh
20261408,ELEME,76W250895A,849759024,惠邻百佳超市(通州万达店),北京市,北京市,dwh
20261408,ELEME,76W567653A,20001545176,惠邻百佳超市(安定门店),北京市,北京市,dwh
20261408,ELEME,76W577294A,20017690385,惠邻百佳超市(常营店),北京市,北京市,dwh
20261408,ELEME,76W250910A,1034853203,惠邻百佳超市(朝阳门店),北京市,北京市,dwh
20261408,ELEME,76W250922A,1033322460,惠邻百佳超市(东花市店),北京市,北京市,dwh
20261408,ELEME,76W250921A,1033417330,惠邻百佳超市(光华路店),北京市,北京市,dwh
20261408,ELEME,76W566903A,20000548175,惠邻百佳超市(三元桥店),北京市,北京市,dwh
20261408,ELEME,76W250911A,849742055,惠邻百佳超市(双井店),北京市,北京市,dwh
20261408,ELEME,76W577247A,20014579349,惠邻百佳超市(温都水城店),北京市,北京市,dwh
20261408,ELEME,76W575780A,20010584230,惠邻百佳超市(西红门店),北京市,北京市,dwh
20261408,ELEME,76W577343A,20021922083,惠邻百佳超市(新宫店),北京市,北京市,dwh
20261408,ELEME,76W577400A,20043617418,满佳喜超市(昌平店),北京市,北京市,dwh
20261408,ELEME,76W577403A,20044178028,满佳喜超市(新管庄科技园店),北京市,北京市,dwh
20261408,ELEME,76W577409A,20044955186,满佳喜超市(姚家园万象汇店),北京市,北京市,dwh
20261408,ELEME,76W577414A,20045812269,满佳喜超市(乐成中心店),北京市,北京市,dwh
20261408,ELEME,76W577413A,20045492075,满佳喜超市(潘家园店),北京市,北京市,dwh
20261408,ELEME,76W577385A,20039677491,淘宝便利店(积水潭店),北京市,北京市,dwh
20261408,ELEME,76W577382A,20038109020,淘宝便利店(曙光园店),北京市,北京市,dwh
20261408,ELEME,76W577391A,20042001296,淘宝便利店(南磨房店),北京市,北京市,dwh
20261408,ELEME,76W577396A,20043482453,淘宝便利店(良乡大学校园店),北京市,北京市,dwh
20261408,ELEME,76W577415A,20046010354,淘宝便利店(东单店),北京市,北京市,dwh
20261408,ELEME,76W268494A,1061766196,熊本便利店(三里屯店),北京市,北京市,dwh
20261408,ELEME,76W525591A,1107713338,熊本便利店(团结湖店),北京市,北京市,dwh
20261408,ELEME,76W568374A,20002534044,熊本便利店(东直门店),北京市,北京市,dwh
20261408,ELEME,76W268578A,1061683305,熊本便利店(方庄店),北京市,北京市,dwh
20261408,ELEME,76W566570A,20000147499,熊本便利店(首经贸店),北京市,北京市,dwh
20261408,ELEME,76W577404A,20044223207,满佳喜超市(青羊店),四川省,成都市,dwh
20261408,ELEME,76W577406A,20044832262,满佳喜超市(福地广场店),四川省,成都市,dwh
20261408,ELEME,76W577402A,20043728125,满佳喜超市(国泉生活广场店),四川省,成都市,dwh
20261408,ELEME,76W577412A,20045135450,满佳喜超市(龙泉驿区店),四川省,成都市,dwh
20261408,ELEME,76W577408A,20044883199,满佳喜超市(十陵街店),四川省,成都市,dwh
20261408,ELEME,76W577251A,20015504253,全好佳超市(二仙桥店),四川省,成都市,dwh
20261408,ELEME,76W571629A,20006030142,全好佳超市(红牌楼店),四川省,成都市,dwh
20261408,ELEME,76W522405A,1107385063,全好佳超市(华阳店),四川省,成都市,dwh
20261408,ELEME,76W577356A,20024982148,全好佳超市(金楠天街店),四川省,成都市,dwh
20261408,ELEME,76W312387A,1081228023,全好佳超市(九眼桥店),四川省,成都市,dwh
20261408,ELEME,76W577267A,20015631287,全好佳超市(天府新区店),四川省,成都市,dwh
20261408,ELEME,76W577282A,20015665078,全好佳超市(洗面桥店),四川省,成都市,dwh
20261408,ELEME,76W577273A,20015649173,全好佳超市(大源店),四川省,成都市,dwh
20261408,ELEME,76W568704A,20002932414,全好佳超市(海昌路店),四川省,成都市,dwh
20261408,ELEME,76W577270A,20015644216,全好佳超市(宽窄巷子店),四川省,成都市,dwh
20261408,ELEME,76W577279A,20015662094,全好佳超市(金牛万达店),四川省,成都市,dwh
20261408,ELEME,76W577271A,20015646189,全好佳超市(南门店),四川省,成都市,dwh
20261408,ELEME,76W577357A,20025028103,全好佳超市(天府广场店),四川省,成都市,dwh
20261408,ELEME,76W577276A,20015656131,全好佳超市(成华店),四川省,成都市,dwh
20261408,ELEME,76W577290A,20016780172,全好佳超市(春熙路店),四川省,成都市,dwh
20261408,ELEME,76W577269A,20015644215,全好佳超市(高新店),四川省,成都市,dwh
20261408,ELEME,76W577355A,20024903454,全好佳超市(金沙店),四川省,成都市,dwh
20261408,ELEME,76W577286A,20016287231,全好佳超市(西宸天街店),四川省,成都市,dwh
20261408,ELEME,76W577277A,20015659105,全好佳超市(空港店),四川省,成都市,dwh
20261408,ELEME,76W577275A,20015653130,全好佳超市(大丰店),四川省,成都市,dwh
20261408,ELEME,76W577347A,20023325034,全好佳超市(大丰二店),四川省,成都市,dwh
20261408,ELEME,76W577280A,20015662099,全好佳超市(动物园店),四川省,成都市,dwh
20261408,ELEME,76W577283A,20015677033,全好佳超市(龙泉店),四川省,成都市,dwh
20261408,ELEME,76W577351A,20024685010,全好佳超市(斑竹园店),四川省,成都市,dwh
20261408,ELEME,76W577266A,20015626339,全好佳超市(川师店),四川省,成都市,dwh
20261408,ELEME,76W577297A,20018448394,拾惠客24H超市(成都幸福路店),四川省,成都市,dwh
20261408,ELEME,76W577358A,20025416185,拾惠客24H超市(成都斑竹园镇店),四川省,成都市,dwh
20261408,ELEME,76W577296A,20017939405,拾惠客24H超市(成都赛云台东二路店),四川省,成都市,dwh
20261408,ELEME,76W577364A,20030129358,拾惠客24H超市(成都蜀龙大道南段店),四川省,成都市,dwh
20261408,ELEME,76W577359A,20025576377,拾惠客24H超市(成都西江大道店),四川省,成都市,dwh
20261408,ELEME,76W577394A,20043115118,淘宝便利店(海昌路店),四川省,成都市,dwh
20261408,ELEME,76W577352A,20024742123,淘宝便利店(桐梓林店),四川省,成都市,dwh
20261408,ELEME,76W577379A,20037378068,淘宝便利店(武侯店),四川省,成都市,dwh
20261408,ELEME,76W577378A,20035882146,淘宝便利店(营门口店),四川省,成都市,dwh
20261408,ELEME,76W577366A,20030690016,淘宝便利店(动物园店),四川省,成都市,dwh
20261408,ELEME,76W404075A,1084889167,淘宝便利店(南湖店),四川省,成都市,dwh
20261408,ELEME,76W459448A,1094805329,淘宝便利店(龙泉驿店),四川省,成都市,dwh
20261408,ELEME,76W577375A,20035261164,淘宝便利店(空港店),四川省,成都市,dwh
20261408,ELEME,76W577388A,20041074284,淘宝便利店(牛市口店),四川省,成都市,dwh
20261408,ELEME,76W577399A,20043586316,淘宝便利店(双店路店),四川省,成都市,dwh
20261408,ELEME,76W577255A,20015592144,优购哆超市(西宸天街店),四川省,成都市,dwh
20261408,ELEME,76W577287A,20016339209,优购哆超市(金牛万达店),四川省,成都市,dwh
20261408,ELEME,76W577293A,20017670282,优购哆超市(环球中心店),四川省,成都市,dwh
20261408,ELEME,76W577253A,20015585232,优购哆超市(春熙路店),四川省,成都市,dwh
20261408,ELEME,76W577301A,20019625110,优购哆超市(空港店),四川省,成都市,dwh
20261408,ELEME,76W477823A,1098031213,鲸GO生活超市(海珠中心店),广东省,广州市,dwh
20261408,ELEME,76W577342A,20021852375,鲸GO生活超市(京溪店),广东省,广州市,dwh
20261408,ELEME,76W577392A,20042623064,鲸GO生活超市(淘金店),广东省,广州市,dwh
20261408,ELEME,76W406643A,1085941284,鲸GO生活超市(番禺店),广东省,广州市,dwh
20261408,ELEME,76W577341A,20021767108,鲸GO生活超市(嘉禾店),广东省,广州市,dwh
20261408,ELEME,76W406672A,1086028420,鲸GO生活超市(太古汇店),广东省,广州市,dwh
20261408,ELEME,76W577246A,20014487071,鲸GO生活超市(天河公园店),广东省,广州市,dwh
20261408,ELEME,76W572495A,20008264035,鲸GO生活超市(花都店),广东省,广州市,dwh
20261408,ELEME,76W577354A,20024820298,鲸GO生活超市(市桥店),广东省,广州市,dwh
20261408,ELEME,76W577337A,20021434218,鲸GO生活超市(人和店),广东省,广州市,dwh
20261408,ELEME,76W577325A,20020537184,鲸选坐标超市(越秀店),广东省,广州市,dwh
20261408,ELEME,76W577311A,20020337234,鲸选坐标超市(体育西路店),广东省,广州市,dwh
20261408,ELEME,76W577316A,20020392124,鲸选坐标超市(白云店),广东省,广州市,dwh
20261408,ELEME,76W577327A,20020562154,鲸选坐标超市(南村店),广东省,广州市,dwh
20261408,ELEME,76W577314A,20020348208,鲸选坐标超市(天河北店),广东省,广州市,dwh
20261408,ELEME,76W577323A,20020494360,鲸选坐标超市(晓港店),广东省,广州市,dwh
20261408,ELEME,76W577324A,20020523213,鲸选坐标超市(永泰店),广东省,广州市,dwh
20261408,ELEME,76W577312A,20020347212,鲸选坐标超市(车陂店),广东省,广州市,dwh
20261408,ELEME,76W577319A,20020426117,鲸选坐标超市(大沙地店),广东省,广州市,dwh
20261408,ELEME,76W577317A,20020406162,鲸选坐标超市(东方汇店),广东省,广州市,dwh
20261408,ELEME,76W577321A,20020433079,鲸选坐标超市(海珠店),广东省,广州市,dwh
20261408,ELEME,76W577315A,20020354258,鲸选坐标超市(科学城店),广东省,广州市,dwh
20261408,ELEME,76W577322A,20020451072,鲸选坐标超市(龙归店),广东省,广州市,dwh
20261408,ELEME,76W577349A,20023938411,鲸选坐标超市(磨碟沙店),广东省,广州市,dwh
20261408,ELEME,76W577329A,20020594033,鲸选坐标超市(淘金店),广东省,广州市,dwh
20261408,ELEME,76W577313A,20020348206,鲸选坐标超市(同和店),广东省,广州市,dwh
20261408,ELEME,76W577309A,20020333322,鲸选坐标超市(万博店),广东省,广州市,dwh
20261408,ELEME,76W577305A,20020132267,鲸选坐标超市(万科云店),广东省,广州市,dwh
20261408,ELEME,76W577326A,20020547206,鲸选坐标超市(珠吉店),广东省,广州市,dwh
20261408,ELEME,76W577320A,20020430103,鲸选坐标超市(萝岗店),广东省,广州市,dwh
20261408,ELEME,76W577330A,20020605109,鲸选坐标超市(南洲店),广东省,广州市,dwh
20261408,ELEME,76W577308A,20020312498,鲸选坐标超市(石井店),广东省,广州市,dwh
20261408,ELEME,76W577328A,20020562191,鲸选坐标超市(市桥店),广东省,广州市,dwh
20261408,ELEME,76W577318A,20020420069,鲸选坐标超市(棠东店),广东省,广州市,dwh
20261408,ELEME,76W577307A,20020203131,鲸选坐标超市(五羊邨店),广东省,广州市,dwh
20261408,ELEME,76W577256A,20015595297,全好佳超市(北京路店),广东省,广州市,dwh
20261408,ELEME,76W577254A,20015589291,全好佳超市(海珠店),广东省,广州市,dwh
20261408,ELEME,76W577250A,20015467362,全好佳超市(棠下店),广东省,广州市,dwh
20261408,ELEME,76W406586A,1085687420,全好佳超市(广州店),广东省,广州市,dwh
20261408,ELEME,76W577249A,20015467289,全好佳超市(客村店),广东省,广州市,dwh
20261408,ELEME,76W577259A,20015608225,优购哆超市(嘉禾店),广东省,广州市,dwh
20261408,ELEME,76W577265A,20015616124,优购哆超市(南洲店),广东省,广州市,dwh
20261408,ELEME,76W577262A,20015615171,优购哆超市(钟村店),广东省,广州市,dwh
20261408,ELEME,76W577263A,20015615172,优购哆超市(东平店),广东省,广州市,dwh
20261408,ELEME,76W577261A,20015610181,优购哆超市(海珠店),广东省,广州市,dwh
20261408,ELEME,76W577264A,20015616123,优购哆超市(京溪店),广东省,广州市,dwh
20261408,ELEME,76W577257A,20015605234,优购哆超市(石牌店),广东省,广州市,dwh
20261408,ELEME,76W577260A,20015608228,优购哆超市(珠村店),广东省,广州市,dwh
20261408,ELEME,76W577258A,20015606228,优购哆超市(荔湾店),广东省,广州市,dwh
20261408,ELEME,76W577252A,20015582483,优购哆超市(番禺店),广东省,广州市,dwh
20261408,ELEME,76W577345A,20023035045,惠邻百佳超市(曹杨店),上海市,上海市,dwh
20261408,ELEME,76W577363A,20028548034,惠邻百佳超市(大场店),上海市,上海市,dwh
20261408,ELEME,76W577331A,20020627358,惠邻百佳超市(大宁店),上海市,上海市,dwh
20261408,ELEME,76W577333A,20020654009,惠邻百佳超市(生活广场店),上海市,上海市,dwh
20261408,ELEME,76W571721A,20006157310,惠邻百佳超市(四平路店),上海市,上海市,dwh
20261408,ELEME,76W577361A,20025842267,惠邻百佳超市(江桥万达店),上海市,上海市,dwh
20261408,ELEME,76W577360A,20025817330,惠邻百佳超市(娄山关路店),上海市,上海市,dwh
20261408,ELEME,76W577387A,20040182427,惠邻百佳超市(上海站店),上海市,上海市,dwh
20261408,ELEME,76W577369A,20031499321,惠邻百佳超市(宜山路店),上海市,上海市,dwh
20261408,ELEME,76W577367A,20030914050,惠邻百佳超市(漕河泾店),上海市,上海市,dwh
20261408,ELEME,76W120933A,414467086,京东便利店(白玉兰广场店),上海市,上海市,dwh
20261408,ELEME,76W316116A,1078164413,京东便利店(黄浦中心店),上海市,上海市,dwh
20261408,ELEME,76W564561A,20002661126,京东便利店(静安中心店),上海市,上海市,dwh
20261408,ELEME,76W577299A,20019157316,京东便利店(南京西路店),上海市,上海市,dwh
20261408,ELEME,76W143598A,573056057,京东便利店(浦东优选店),上海市,上海市,dwh
20261408,ELEME,76W564692A,20004453195,京东便利店(上海中心店),上海市,上海市,dwh
20261408,ELEME,76W089714A,317992124,京东便利店(徐汇店),上海市,上海市,dwh
20261408,ELEME,76W152288A,647121099,京东便利店(杨高路店),上海市,上海市,dwh
20261408,ELEME,76W577390A,20041870045,京东便利店(张江店),上海市,上海市,dwh
20261408,ELEME,76W141063A,567576052,京东便利店(中山北路店),上海市,上海市,dwh
20261408,ELEME,76W577243A,20010588332,京东便利店(中山南路店),上海市,上海市,dwh
20261408,ELEME,76W109261A,380043035,京东便利店(虹口店),上海市,上海市,dwh
20261408,ELEME,76W135811A,542457160,京东便利店(静安寺店),上海市,上海市,dwh
20261408,ELEME,76W147137A,582574331,京东便利店(浦东中心店),上海市,上海市,dwh
20261408,ELEME,76W577288A,20016611014,京东便利店(上海店),上海市,上海市,dwh
20261408,ELEME,76W577310A,20020335269,乐购汪(静安寺店),上海市,上海市,dwh
20261408,ELEME,76W577334A,20021177116,乐购汪生活超市(黄埔中心店),上海市,上海市,dwh
20261408,ELEME,76W577362A,20026435134,乐购汪生活超市(肇嘉浜中心店),上海市,上海市,dwh
20261408,ELEME,76W577284A,20015978307,乐购汪超市(长宁中心店),上海市,上海市,dwh
20261408,ELEME,76W577386A,20039884391,乐购汪生活超市(桂林公园店),上海市,上海市,dwh
20261408,ELEME,76W577350A,20024117173,乐购汪生活超市(人民广场店),上海市,上海市,dwh
20261408,ELEME,76W577336A,20021197026,乐购汪生活超市(徐家汇中心店),上海市,上海市,dwh
20261408,ELEME,76W570356A,20004645404,乐购汪(金桥中心店),上海市,上海市,dwh
20261408,ELEME,76W570351A,20004640393,乐购汪(南翔中心店),上海市,上海市,dwh
20261408,ELEME,76W571355A,20005715088,乐购汪(普陀真如店),上海市,上海市,dwh
20261408,ELEME,76W577295A,20017828379,全好佳超市(徐汇店),上海市,上海市,dwh
20261408,ELEME,76W577244A,20014038042,全好佳超市(长宁店),上海市,上海市,dwh
20261408,ELEME,76W577302A,20019840276,全好佳超市(真新店),上海市,上海市,dwh
20261408,ELEME,76W577389A,20041704188,全好佳超市(江桥店),上海市,上海市,dwh
20261408,ELEME,76W577353A,20024791404,全好佳超市(金沙江店),上海市,上海市,dwh
20261408,ELEME,76W577398A,20043568342,淘宝便利店(大华店),上海市,上海市,dwh
20261408,ELEME,76W577373A,20034765196,淘宝便利店(虹口店),上海市,上海市,dwh
20261408,ELEME,76W577374A,20035163273,淘宝便利店(闵行罗锦路中心店),上海市,上海市,dwh
20261408,ELEME,76W537962A,1110509234,淘宝便利店(普陀店),上海市,上海市,dwh
20261408,ELEME,76W577377A,20035717053,淘宝便利店(松江九亭店),上海市,上海市,dwh
20261408,ELEME,76W494037A,1103244295,淘宝便利店(杨浦店),上海市,上海市,dwh
20261408,ELEME,76W577395A,20043124096,淘宝便利店(虹梅路店),上海市,上海市,dwh
20261408,ELEME,76W577401A,20043656203,淘宝便利店(外环中心店),上海市,上海市,dwh
20261408,ELEME,76W577410A,20044965279,淘宝便利店(静安店),上海市,上海市,dwh
20261408,ELEME,76W577407A,20044863029,淘宝便利店(西站店),上海市,上海市,dwh
20261408,ELEME,76W577245A,20014273187,惠比熊超市(华科店),湖北省,武汉市,dwh
20261408,ELEME,76W567120A,20000918331,惠比熊超市(光谷店),湖北省,武汉市,dwh
20261408,ELEME,76W577381A,20037927287,惠比熊超市(虎泉店),湖北省,武汉市,dwh
20261408,ELEME,76W569592A,20003740166,惠比熊超市(江汉店),湖北省,武汉市,dwh
20261408,ELEME,76W565614A,1109413448,惠比熊超市(江夏店),湖北省,武汉市,dwh
20261408,ELEME,76W519896A,1102455215,惠比熊超市(街道口店),湖北省,武汉市,dwh
20261408,ELEME,76W577340A,20021665215,惠比熊超市(武昌店),湖北省,武汉市,dwh
20261408,ELEME,76W567360A,20001280488,惠比熊超市(汉口店),湖北省,武汉市,dwh
20261408,ELEME,76W577344A,20022864347,惠比熊超市(后湖店),湖北省,武汉市,dwh
20261408,ELEME,76W568138A,20002336385,惠比熊超市(南湖店),湖北省,武汉市,dwh
20261408,ELEME,76W453569A,1095243071,惠邻百佳超市(江汉北路店),湖北省,武汉市,dwh
20261408,ELEME,76W577292A,20017265475,惠邻百佳超市(王家湾店),湖北省,武汉市,dwh
20261408,ELEME,76W569191A,20003317367,惠邻百佳超市(石牌岭店),湖北省,武汉市,dwh
20261408,ELEME,76W577298A,20018681146,惠邻百佳超市(古田店),湖北省,武汉市,dwh
20261408,ELEME,76W577371A,20034337369,惠邻百佳超市(关南店),湖北省,武汉市,dwh
20261408,ELEME,76W252337A,849652234,惠邻百佳超市(洪山广场店),湖北省,武汉市,dwh
20261408,ELEME,76W575451A,20009335392,惠邻百佳超市(硚口店),湖北省,武汉市,dwh
20261408,ELEME,76W577338A,20021478329,惠邻百佳超市(常青花园店),湖北省,武汉市,dwh
20261408,ELEME,76W577335A,20021189184,惠邻百佳超市(东西湖店),湖北省,武汉市,dwh
20261408,ELEME,76W577248A,20014694435,惠邻百佳超市(二七店),湖北省,武汉市,dwh
20261408,ELEME,76W577274A,20015651163,全好佳超市(光谷创业街店),湖北省,武汉市,dwh
20261408,ELEME,76W577278A,20015661124,全好佳超市(光谷中心店),湖北省,武汉市,dwh
20261408,ELEME,76W577268A,20015640231,全好佳超市(南湖店),湖北省,武汉市,dwh
20261408,ELEME,76W577397A,20043567464,全好佳超市(徐东万象汇店),湖北省,武汉市,dwh
20261408,ELEME,76W577281A,20015662100,全好佳超市(洪山店),湖北省,武汉市,dwh
20261408,ELEME,76W577272A,20015648182,全好佳超市(江岸店),湖北省,武汉市,dwh
20261408,ELEME,76W577368A,20030997075,全好佳超市(四新店),湖北省,武汉市,dwh
20261408,ELEME,76W577304A,20020065493,全好佳超市(王家湾店),湖北省,武汉市,dwh
20261408,ELEME,76W577339A,20021638358,全好佳超市(后湖店),湖北省,武汉市,dwh
20261408,ELEME,76W577346A,20023063315,全好佳超市(江汉店),湖北省,武汉市,dwh
20261408,ELEME,76W577285A,20016238455,淘宝便利店(光谷店),湖北省,武汉市,dwh
20261408,ELEME,76W577306A,20020170331,淘宝便利店(街道口店),湖北省,武汉市,dwh
20261408,ELEME,76W577289A,20016724468,淘宝便利店(汉阳店),湖北省,武汉市,dwh
20261408,ELEME,76W577372A,20034559452,淘宝便利店(江岸店),湖北省,武汉市,dwh
20261408,ELEME,76W577380A,20037870298,淘宝便利店(硚口店),湖北省,武汉市,dwh
20261408,ELEME,76W577393A,20042988497,淘宝便利店(龙湖天街店),湖北省,武汉市,dwh
20261408,ELEME,76W577411A,20045045307,淘宝便利店(王家湾店),湖北省,武汉市,dwh
20261408,ELEME,76W577405A,20044712211,淘宝便利店(关山店),湖北省,武汉市,dwh
20261408,ELEME,76W577383A,20038244065,淘宝便利店(华师校园店),湖北省,武汉市,dwh
20261408,ELEME,76W577376A,20035617034,淘宝便利店(武传校园店),湖北省,武汉市,dwh
20261408,ELEME,76W577291A,20017161464,沃缤纷超市(鲁磨路店),湖北省,武汉市,dwh
20261408,ELEME,76W424881A,1077784036,沃缤纷超市(关山店),湖北省,武汉市,dwh
20261408,ELEME,76W573564A,1111028027,沃缤纷超市(江岸店),湖北省,武汉市,dwh
20261408,ELEME,76W534182A,1108775285,沃缤纷超市(南湖店),湖北省,武汉市,dwh
20261408,ELEME,76W568724A,20002943232,沃缤纷超市(杨家湾店),湖北省,武汉市,dwh
20261408,ELEME,76W574172A,20002962009,沃缤纷超市(后湖店),湖北省,武汉市,dwh
20261408,ELEME,76W569383A,20003475465,沃缤纷超市(黄家湖店),湖北省,武汉市,dwh
20261408,ELEME,76W568698A,20002924434,沃缤纷超市(软件园店),湖北省,武汉市,dwh
20261408,ELEME,76W568710A,20002935308,沃缤纷超市(武昌店),湖北省,武汉市,dwh
20261408,ELEME,76W460193A,1094510286,沃缤纷超市(白沙洲店),湖北省,武汉市,dwh
20261408,MEITUAN,76W025361C,vEzh79mJ5G1ozYwprnHhUAI,安心购超市（将台店）,北京市,北京市,dwh
20261408,MEITUAN,76W025362C,MBgZFqShy-6qt9wUK6z8fgI,安心购超市（望京店）,北京市,北京市,dwh
20261408,MEITUAN,76W025363C,1n32MihiAAzrpx9Y7AbnjAI,安心购超市（安慧里店）,北京市,北京市,dwh
20261408,MEITUAN,76W025364C,7hZMCgaa8b_S_PjVJLWZ9wI,安心购超市（宣武门店）,北京市,北京市,dwh
20261408,MEITUAN,76W025365C,et0Qm8NC1zP_WMb_rbCDewI,安心购超市（西直门店）,北京市,北京市,dwh
20261408,MEITUAN,76W025366C,Y692BCmrg3voMqO4cBKMxwI,安心购超市（通州店）,北京市,北京市,dwh
20261408,MEITUAN,76W025367C,omMnLpGtW4hnZnxb4N-BUAI,安心购超市（西红门店）,北京市,北京市,dwh
20261408,MEITUAN,76W025368C,V77rVAZvP_8MTlGDc8aVygI,安心购超市（国贸店）,北京市,北京市,dwh
20261408,MEITUAN,76W025369C,AIqvIz9tnHR24nRQfSjMkAI,安心购超市（回龙观店）,北京市,北京市,dwh
20261408,MEITUAN,76W025370C,A2A_ZTfCdn8CljLfN_wnFQI,安心购超市（马家堡店）,北京市,北京市,dwh
20261408,MEITUAN,76W025371C,ZMJHiyrh0hSH3s8g6C16NgI,惠宜选超市（回南路店）,北京市,北京市,dwh
20261408,MEITUAN,76W025372C,1oMFreDqq56YJMboU3AWnQI,乐购达超市（北工大店）,北京市,北京市,dwh
20261408,MEITUAN,76W025373C,o7zwAAslasqxFoJLtk_GlQI,乐购达超市（雅宝路店）,北京市,北京市,dwh
20261408,MEITUAN,76W025374C,_HPX6ykQwIkYLRL8zgoJ1gI,乐购达超市（上地店）,北京市,北京市,dwh
20261408,MEITUAN,76W025375C,mGj9wK_dbuBNBbh3Do6TFgI,乐购达超市（清河店）,北京市,北京市,dwh
20261408,MEITUAN,76W025376C,ITfSIPtCBaG6TEAlA_fWYQI,乐购达超市（管庄店）,北京市,北京市,dwh
20261408,MEITUAN,76W025377C,BmQIdOF7c4CuZA3DpElpzgI,乐购达超市（马家堡店）,北京市,北京市,dwh
20261408,MEITUAN,76W025378C,MY5biOxfUcOqvzPuMK9R0QI,乐购达超市（和平里店）,北京市,北京市,dwh
20261408,MEITUAN,76W025379C,1SM7-kuknWSjMbCpPBowbgI,乐购达超市（东花市店）,北京市,北京市,dwh
20261408,MEITUAN,76W025380C,nK0qYXCDkuArkn5RCo419wI,乐购达超市（方庄店）,北京市,北京市,dwh
20261408,MEITUAN,76W025381C,YYB7vOW5hHwIhDcpkEab_wI,乐购达超市（石榴庄店）,北京市,北京市,dwh
20261408,MEITUAN,76W025382C,-4L6Q2TpbV53Eluy1nEUDwI,乐购达超市(亚运村店）,北京市,北京市,dwh
20261408,MEITUAN,76W025383C,_Q-rSDAf5TmxK3J1rGfUmwI,乐购达超市（学院路店）,北京市,北京市,dwh
20261408,MEITUAN,76W025384C,stqLxSX2JBNqXIHLNCiKygI,乐购达超市（天通苑店）,北京市,北京市,dwh
20261408,MEITUAN,76W025385C,pFNpPZ6BTrvSN_pR4jGAWgI,乐购达超市（通州万达店）,北京市,北京市,dwh
20261408,MEITUAN,76W025386C,Qpne64DFConn55eyhpA0wgI,乐购达超市（十里堡店）,北京市,北京市,dwh
20261408,MEITUAN,76W025387C,C1Brmpoxf6DaV6fkOG9cVgI,乐购达超市（新街口店）,北京市,北京市,dwh
20261408,MEITUAN,76W025388C,S3n8at0cCuogl8pMmAcfBQI,乐购达超市（三里屯店）,北京市,北京市,dwh
20261408,MEITUAN,76W025389C,yIo1d9fNQI0RbVcIshcJ_wI,乐购达超市（将台店）,北京市,北京市,dwh
20261408,MEITUAN,76W025390C,bJuRExC42izz05IpAtDKTQI,乐购达超市（朝阳门店）,北京市,北京市,dwh
20261408,MEITUAN,76W025391C,_PkYBHBbF8loA-DXJA9EyAI,乐购达超市（农大店）,北京市,北京市,dwh
20261408,MEITUAN,76W025392C,2h47CeEnRTJx1QfRysomugI,小仓生活（耿庄店）,北京市,北京市,dwh
20261408,MEITUAN,76W025393C,Q6geN-8RCU_lKpAZTsL4egI,小仓生活（百子湾店）,北京市,北京市,dwh
20261408,MEITUAN,76W025394C,EpOMBlfZOzVp267tnrVa0gI,小仓生活（通州梨园店）,北京市,北京市,dwh
20261408,MEITUAN,76W025395C,P-4q2ADXVMCQI3NUIcqUcwI,小仓生活（通州果园店）,北京市,北京市,dwh
20261408,MEITUAN,76W025396C,I4ezXs_yDvbMOz-l0ePFegI,小仓生活（朝外soho店）,北京市,北京市,dwh
20261408,MEITUAN,76W025397C,4Jj3MVTWWIvE9e8h3Srx4wI,小仓生活（天通苑店）,北京市,北京市,dwh
20261408,MEITUAN,76W025398C,jXGWiAgoPCVeIvl8d2kpagI,小仓生活（阜成门店）,北京市,北京市,dwh
20261408,MEITUAN,76W025399C,pmSoLfxE_PAdt28zLjIbdgI,小仓生活（安慧北里店）,北京市,北京市,dwh
20261408,MEITUAN,76W025400C,_qYN0dcMvTJxG_n8sZ4lsQI,小仓生活（崇文门店）,北京市,北京市,dwh
20261408,MEITUAN,76W025401C,wT5yEbYCTowT-u8pHiu27gI,小仓生活（清河店）,北京市,北京市,dwh
20261408,MEITUAN,76W025402C,A9LCsZc5-8C9GjXohQ-HpgI,熊本便利店（平乐园店）,北京市,北京市,dwh
20261408,MEITUAN,76W025403C,T5s2mMpuGrMY6OfiXUQy9wI,熊本便利店（金融街店）,北京市,北京市,dwh
20261408,MEITUAN,76W025404C,YssF4S4APZhprarwJKgznAI,熊本便利店（三里屯店）,北京市,北京市,dwh
20261408,MEITUAN,76W025405C,l8TM_ZZ3GiSixKz4UJ6gFQI,熊本便利店（安贞桥店）,北京市,北京市,dwh
20261408,MEITUAN,76W025406C,_kjK8IpJm1osPy_44LLKBAI,熊本便利店（清河店）,北京市,北京市,dwh
20261408,MEITUAN,76W025407C,SnY9-g9qz9oZtrrpw2qvnwI,熊本便利店（广安门店）,北京市,北京市,dwh
20261408,MEITUAN,76W025408C,2tlM7JMH83lrc9JUa3emjQI,熊本便利店（方庄店）,北京市,北京市,dwh
20261408,MEITUAN,76W025409C,urMF6HYsStkn4Lnh0ML4kQI,熊本便利店（东直门店）,北京市,北京市,dwh
20261408,MEITUAN,76W025410C,nboaNi8rsEdXcWh2rJ8i5wI,熊本便利店（亚运村店）,北京市,北京市,dwh
20261408,MEITUAN,76W025411C,NozVxxo52JhiHc6xVdv73QI,熊本便利店（宣武门店）,北京市,北京市,dwh
20261408,MEITUAN,76W025412C,-vNWhrb3Kh2XlUN4IrXFJwI,佳佳超市（空港店）,四川省,成都市,dwh
20261408,MEITUAN,76W025413C,VCLM4jIw9K7kc_bLh2aR_QI,佳佳超市（洞子口店）,四川省,成都市,dwh
20261408,MEITUAN,76W025414C,gjvtFL7YZt9-lHxlfHj-lAI,佳佳超市（南门店）,四川省,成都市,dwh
20261408,MEITUAN,76W025415C,U0Fy5Sa_kjtt0J5_7UveGQI,佳佳超市（南湖店）,四川省,成都市,dwh
20261408,MEITUAN,76W025416C,VXFcccW5Ywrcd0X0OyUhrgI,佳佳超市（麓山店）,四川省,成都市,dwh
20261408,MEITUAN,76W025417C,DmspkxM7MCwuik2lsfdH2gI,松鼠便利(九里堤),四川省,成都市,dwh
20261408,MEITUAN,76W025418C,XQW69ZVQzprRNI88b6OutgI,松鼠便利(光华),四川省,成都市,dwh
20261408,MEITUAN,76W025419C,oPvYekldm6vEsOCrKhToXgI,松鼠便利(空港),四川省,成都市,dwh
20261408,MEITUAN,76W025420C,ADde_S91XxVNSPYWNwtPNAI,松鼠便利(大面),四川省,成都市,dwh
20261408,MEITUAN,76W025421C,CX9pLKKX53CDYgXk40odRAI,松鼠便利(驷马桥),四川省,成都市,dwh
20261408,MEITUAN,76W025422C,YNeMfkHuk6RO4fNgNwcWWwI,松鼠便利(高新),四川省,成都市,dwh
20261408,MEITUAN,76W025423C,CTvPS33lVbiWmLBZ4dHDbwI,松鼠便利(绿地468),四川省,成都市,dwh
20261408,MEITUAN,76W025424C,88k01lyRVa8Hl4f8K8rj1AI,松鼠便利(宽窄巷子),四川省,成都市,dwh
20261408,MEITUAN,76W025425C,MgR32qCqXeZ5sEP6IiHEjQI,松鼠便利(红牌楼),四川省,成都市,dwh
20261408,MEITUAN,76W025426C,jP7q69f4Y5WcKuKfalYN-gI,松鼠便利(建设路),四川省,成都市,dwh
20261408,MEITUAN,76W025427C,cXS1YQ-05uBTq5QWjJmTdQI,松鼠便利(成都东站),四川省,成都市,dwh
20261408,MEITUAN,76W025428C,-FFgXNiaMw69qwWKDi6yVQI,松鼠便利(金沙),四川省,成都市,dwh
20261408,MEITUAN,76W025429C,awWJQgZK4kdXSauGQZXYqAI,松鼠便利(海昌路),四川省,成都市,dwh
20261408,MEITUAN,76W025430C,w1TTy5Lq_8GSjvfKhSVzfwI,松鼠便利(书房),四川省,成都市,dwh
20261408,MEITUAN,76W025431C,acSNEkQA_hVF2x7K2zY3FAI,松鼠便利(龙泉驿),四川省,成都市,dwh
20261408,MEITUAN,76W025432C,zuv0_u7C6LSO9PKcHdce4wI,犀牛百货（双子塔店）,四川省,成都市,dwh
20261408,MEITUAN,76W025433C,sCX48lgtDlz8VZ78r6lxcQI,犀牛百货（成华店）,四川省,成都市,dwh
20261408,MEITUAN,76W025434C,Ff4nlPJfhpJNPzqsZ8g-oAI,犀牛百货（空港店）,四川省,成都市,dwh
20261408,MEITUAN,76W025435C,_3DjDNrRviXVVMIH-5LWzQI,犀牛百货（金牛店）,四川省,成都市,dwh
20261408,MEITUAN,76W025436C,YCkHLjGRPahbmSqb4IAAzgI,犀牛百货（洗面桥店）,四川省,成都市,dwh
20261408,MEITUAN,76W025437C,1DW5BNNVlXDqPdy6yLs8IAI,小柴购超市（西宸天街店）,四川省,成都市,dwh
20261408,MEITUAN,76W025438C,9yYDVAq8_VeEXx-dRH5DLQI,小柴购超市（十陵店）,四川省,成都市,dwh
20261408,MEITUAN,76W025439C,mQg66Wy3lNuiz8jzqa0unAI,小柴购超市（洗面桥店）,四川省,成都市,dwh
20261408,MEITUAN,76W025440C,Rafogd-TR38mZubXm9bxWgI,小柴购超市（高新店）,四川省,成都市,dwh
20261408,MEITUAN,76W025441C,n6-F7h6nyF_UemaNQuS9BQI,小柴购超市（成华店）,四川省,成都市,dwh
20261408,MEITUAN,76W025442C,QtR96GtaCZVF0x_7VxqtjgI,小柴购超市（华阳店）,四川省,成都市,dwh
20261408,MEITUAN,76W025443C,H4FipPUKh9w96BpyJmLuegI,小柴购超市（大源店）,四川省,成都市,dwh
20261408,MEITUAN,76W025444C,nDb5xEDQAhHZWuRVGUMWEgI,小柴购超市（怡心湖店）,四川省,成都市,dwh
20261408,MEITUAN,76W025445C,U3HYw2q0D4w67wGdvsYEkAI,小柴购超市（大丰二店）,四川省,成都市,dwh
20261408,MEITUAN,76W025446C,LwSOyVZnbRSj_cGUFQZBPAI,小柴购超市（宽窄巷子店）,四川省,成都市,dwh
20261408,MEITUAN,76W025447C,o4XUazrUKxatXtzxr5_iYwI,小柴购超市（五块石店）,四川省,成都市,dwh
20261408,MEITUAN,76W025448C,ZNrAg2vPYaOsgiYlaCgtSAI,小柴购超市（麓山国际店）,四川省,成都市,dwh
20261408,MEITUAN,76W025449C,adDfaVMsqDTPnfS3i9A-tAI,小柴购超市（龙泉店）,四川省,成都市,dwh
20261408,MEITUAN,76W025450C,daFiWTJqTc-kxA-oYtYXKAI,小柴购超市（斑竹园店）,四川省,成都市,dwh
20261408,MEITUAN,76W025451C,UVHrQndcrSvIVE6oP9EzZAI,小柴购超市（绿地468店）,四川省,成都市,dwh
20261408,MEITUAN,76W025452C,_29qSeRbJxxwbSY1gkOW3AI,熊猫很忙精品超市（金牛店）,四川省,成都市,dwh
20261408,MEITUAN,76W025453C,1uDG3JduI7mNLX1W4bRveQI,熊猫很忙超市（高新店）,四川省,成都市,dwh
20261408,MEITUAN,76W025454C,9QUuYSqclTu_bsfPm8iylwI,熊猫很忙精品超市（宽窄店）,四川省,成都市,dwh
20261408,MEITUAN,76W025455C,zZIMcvg0YWnvY74bLzps_AI,熊猫很忙便利超市（成华店）,四川省,成都市,dwh
20261408,MEITUAN,76W025456C,q7F65HfQBlhmRFZR8hcJ_QI,熊猫很忙超市（春熙路店）,四川省,成都市,dwh
20261408,MEITUAN,76W025457C,iH-uo48vMKSCORjc4FJ5SwI,优购哆超市(武侯店),四川省,成都市,dwh
20261408,MEITUAN,76W025458C,W--QJfuSpJNVX7-nLxWnsAI,优购哆超市（金牛店）,四川省,成都市,dwh
20261408,MEITUAN,76W025459C,5YW_bY8VkUFWxC46fdC5PgI,优购哆超市(西宸天街店),四川省,成都市,dwh
20261408,MEITUAN,76W025460C,HAMGPPsFPl4T-MMKtyRywAI,优购哆超市(春熙路店),四川省,成都市,dwh
20261408,MEITUAN,76W025461C,P51UHNAAP2zCn_tEU7N_AAI,优购哆超市(成华店),四川省,成都市,dwh
20261408,MEITUAN,76W025462C,vB-bwZpJCLDOSVrCIamp7gI,百汇精品超市（科学城店）,广东省,广州市,dwh
20261408,MEITUAN,76W025463C,b1-9okf7slkcclCyjOChxQI,百汇精品超市（嘉禾店）,广东省,广州市,dwh
20261408,MEITUAN,76W025464C,77QnN-Si8XCsQLuF0U6w1AI,百汇精品超市（天河北店）,广东省,广州市,dwh
20261408,MEITUAN,76W025465C,o-m48BNczigC9w0G8FIrIgI,百汇精品超市（五羊邨店）,广东省,广州市,dwh
20261408,MEITUAN,76W025466C,HaoaSGjPnub8n_ow2FtzhQI,百汇精品超市（市桥店）,广东省,广州市,dwh
20261408,MEITUAN,76W025467C,fzk4dBUK8DRdYI3yt91LPAI,百汇精品超市（祈福店）,广东省,广州市,dwh
20261408,MEITUAN,76W025468C,g105OTSHND3_ZZ-R9gxFsAI,百汇精品超市（体育西路店）,广东省,广州市,dwh
20261408,MEITUAN,76W025469C,VXVx_dbQ8aDgysMpA7O_4wI,百汇精品超市（龙归店）,广东省,广州市,dwh
20261408,MEITUAN,76W025470C,TdhwwqAENoVBb8Zzrt4RxAI,百汇精品超市（潭村店）,广东省,广州市,dwh
20261408,MEITUAN,76W025471C,92ATTf1vnFXxiMKJMDzfeAI,百汇精品超市（永泰店）,广东省,广州市,dwh
20261408,MEITUAN,76W025472C,40JnwDztzBjQQWAVM9d7uwI,松鼠便利（琶洲南店）,广东省,广州市,dwh
20261408,MEITUAN,76W025473C,GVGdl7pztBPJ5q5m6tsKcgI,松鼠便利（石井店）,广东省,广州市,dwh
20261408,MEITUAN,76W025474C,3kT-i98LF9OA_Vysv153_gI,松鼠便利（永平店）,广东省,广州市,dwh
20261408,MEITUAN,76W025475C,wYVPQsWaPu5i2sp862NbjgI,松鼠便利（江夏店）,广东省,广州市,dwh
20261408,MEITUAN,76W025476C,eZ3c3usOzbQpi0f2DtYVowI,松鼠便利（龙归店）,广东省,广州市,dwh
20261408,MEITUAN,76W025477C,q_Bg30cMwZ65CWQHoYOZ9wI,松鼠便利（黄埔萝岗店）,广东省,广州市,dwh
20261408,MEITUAN,76W025478C,jf1WZ5baZY11iewgLCf82wI,松鼠便利（动物园店）,广东省,广州市,dwh
20261408,MEITUAN,76W025479C,oS7LGUfJsUfQXkJ7a8dr5wI,松鼠便利（客村店）,广东省,广州市,dwh
20261408,MEITUAN,76W025480C,hefhEW9mxeL8IegeJEKdMAI,松鼠便利（燕塘店）,广东省,广州市,dwh
20261408,MEITUAN,76W025481C,jjYgotQZURooeqXNJXg6xwI,松鼠便利（华景店）,广东省,广州市,dwh
20261408,MEITUAN,76W025482C,5dneYVwV3-FkTA4ngcdjXQI,松鼠便利（永泰店）,广东省,广州市,dwh
20261408,MEITUAN,76W025483C,ClxPDES5wZxsleOA97gH_gI,松鼠便利（市桥店）,广东省,广州市,dwh
20261408,MEITUAN,76W025484C,Ank70uesF5fXu4At54-CVwI,松鼠便利（钟村店）,广东省,广州市,dwh
20261408,MEITUAN,76W025485C,Usd-YEL6CCrWZ1tCBMHGSAI,松鼠便利（番禺永旺店）,广东省,广州市,dwh
20261408,MEITUAN,76W025486C,RrZ_HvxmOXQjCfdVt252DwI,松鼠便利（科学城店）,广东省,广州市,dwh
20261408,MEITUAN,76W025487C,BUafa4Op9T_hz_ju2DSBvAI,小柴购超市（客村店）,广东省,广州市,dwh
20261408,MEITUAN,76W025488C,9b71aZ4xoHisU1wIfzMoSAI,小柴购超市（嘉禾望岗店）,广东省,广州市,dwh
20261408,MEITUAN,76W025489C,kR86_2y1I75bZSnDgxbZxQI,小柴购超市（北京路店）,广东省,广州市,dwh
20261408,MEITUAN,76W025490C,Df4Bd_PCyGftjcvMJpagwAI,小柴购超市（番禺店）,广东省,广州市,dwh
20261408,MEITUAN,76W025491C,uhxUsYRJQ6Jggr-2fyfoZAI,小柴购超市（棠下店）,广东省,广州市,dwh
20261408,MEITUAN,76W025492C,_GR_Y1Fgu91Arq9pcVLpfgI,熊猫很忙便利超市（客村店）,广东省,广州市,dwh
20261408,MEITUAN,76W025493C,fxSeLuUiP8xTDYs-ZDCkqAI,熊猫很忙超市（奥园广场店）,广东省,广州市,dwh
20261408,MEITUAN,76W025494C,K1BMH9zm1Nyn31XdwVf0MgI,熊猫很忙精品超市（石碁店）,广东省,广州市,dwh
20261408,MEITUAN,76W025495C,kLawRlzcgUt0kqGttJgR5gI,熊猫很忙精品超市（越秀店）,广东省,广州市,dwh
20261408,MEITUAN,76W025496C,48h7nXZV3oT1doiHYrhCsgI,熊猫很忙精品超市（珠城店）,广东省,广州市,dwh
20261408,MEITUAN,76W025497C,0uynhaxk6n185Ki26f_DXwI,熊猫很忙超市（海珠店）,广东省,广州市,dwh
20261408,MEITUAN,76W025498C,OP2dB5fQKb4G3nHrgb0mzgI,熊猫很忙超市（南洲店）,广东省,广州市,dwh
20261408,MEITUAN,76W025499C,HngRHBuUsyC-03VmnSxnmwI,熊猫很忙超市（番禺店）,广东省,广州市,dwh
20261408,MEITUAN,76W025500C,EXpUplPL6xi9Q_Oudna6LwI,熊猫很忙超市（萝岗店）,广东省,广州市,dwh
20261408,MEITUAN,76W025501C,nudyjD7MxuCBiWLBU7MJvAI,熊猫很忙便利超市（大沙店）,广东省,广州市,dwh
20261408,MEITUAN,76W025502C,ksCMpxBkKhSzBiDVzevVLAI,优购哆超市(京溪店),广东省,广州市,dwh
20261408,MEITUAN,76W025503C,LGR4adbxOoJJLT4ilYwJoQI,优购哆超市(南洲店),广东省,广州市,dwh
20261408,MEITUAN,76W025504C,fSLgT2bjb_8bnw5XMDJhNwI,优购哆生活超市(嘉禾店),广东省,广州市,dwh
20261408,MEITUAN,76W025505C,XbBns462-_h7L-cRYEOLQAI,优购哆超市(荔湾店),广东省,广州市,dwh
20261408,MEITUAN,76W025506C,X2FN1vneizebwFXTKeKMEgI,优购哆超市(钟村店),广东省,广州市,dwh
20261408,MEITUAN,76W025507C,t6G9OK51wU69SQifoW0uAQI,优购哆超市(番禺店),广东省,广州市,dwh
20261408,MEITUAN,76W025508C,3iSAx8nCQQnKRC4kyGj3gAI,优购哆生活超市（石牌店）,广东省,广州市,dwh
20261408,MEITUAN,76W025509C,dG94zSsXKDvPmFzJMp4FKwI,优购哆超市(珠村店),广东省,广州市,dwh
20261408,MEITUAN,76W025510C,v7khtPUnT8yliLtUMTtiJAI,优购哆超市(海珠店),广东省,广州市,dwh
20261408,MEITUAN,76W025511C,_Nszt0aTbMOYM-FuSW-p7QI,优购哆超市(石井店),广东省,广州市,dwh
20261408,MEITUAN,76W025512C,G3aRVcRccE7aTZKcqDAZcgI,安心购超市（爱琴海店）,上海市,上海市,dwh
20261408,MEITUAN,76W025513C,UU--LaBaRrVQWVIlLVbD4AI,安心购超市（金泽元店）,上海市,上海市,dwh
20261408,MEITUAN,76W025514C,sZ7wlqMXeVIh08pjwnlviwI,安心购超市（江浦路店）,上海市,上海市,dwh
20261408,MEITUAN,76W025515C,WcIajUaDLfUuZKfptLdO8QI,安心购超市（延安路店）,上海市,上海市,dwh
20261408,MEITUAN,76W025516C,wLDHz4BeudPhHJ6Cz3hVoAI,安心购超市（陆家嘴店）,上海市,上海市,dwh
20261408,MEITUAN,76W025517C,DnsQZRlWCkmIOwmexvJWdAI,乐购达超市（漕河泾店）,上海市,上海市,dwh
20261408,MEITUAN,76W025518C,ULzbRbxzeD__R-60uaskggI,乐购达超市（御桥店）,上海市,上海市,dwh
20261408,MEITUAN,76W025519C,08wJ6iKW5JG_I2PmTJci3QI,乐购达超市（大场店）,上海市,上海市,dwh
20261408,MEITUAN,76W025520C,qOESCnAFR44XZbpQpmeBwwI,乐购达超市（金桥店）,上海市,上海市,dwh
20261408,MEITUAN,76W025521C,aUDOwrhcQH5bVE3RNalV5AI,乐购达超市（上海南站店）,上海市,上海市,dwh
20261408,MEITUAN,76W025522C,JdaJFtaX48FI_1UaNlMk2wI,乐购达超市（三林店）,上海市,上海市,dwh
20261408,MEITUAN,76W025523C,5wXJdwJLr3YA9sX5KwzLxwI,乐购达超市（莘庄店）,上海市,上海市,dwh
20261408,MEITUAN,76W025524C,WCCqPZj-_HmI6kZYngboZAI,乐购达超市（大宁店）,上海市,上海市,dwh
20261408,MEITUAN,76W025525C,mLNJGPQ8dk0dcYh24S3q8AI,乐购达超市（江桥万达店）,上海市,上海市,dwh
20261408,MEITUAN,76W025526C,VdufFsKqNyuxImwUzpuW8wI,乐购达超市（陆家嘴店）,上海市,上海市,dwh
20261408,MEITUAN,76W025527C,Eaej-KTB26fpaYVtdeXFPwI,乐购达超市（七宝店）,上海市,上海市,dwh
20261408,MEITUAN,76W025528C,2Y9Gxfz4sw2tzYnq51jTmQI,乐购达超市（宜山路店）,上海市,上海市,dwh
20261408,MEITUAN,76W025529C,opEwAEzpjbEOJRs9MLShAwI,乐购达超市（上海站店）,上海市,上海市,dwh
20261408,MEITUAN,76W025530C,la9uMuRNbnlJpKuchheheAI,乐购达超市（四平路店）,上海市,上海市,dwh
20261408,MEITUAN,76W025531C,0DP0K3CBW9ee8DxFCphLvgI,乐购达超市（嘉善路店）,上海市,上海市,dwh
20261408,MEITUAN,76W025532C,S8kGpttzdI6Ra_PfFWnxdAI,乐购汪生活超市（桂林公园店）,上海市,上海市,dwh
20261408,MEITUAN,76W025533C,OMwWhQVkuSE60_GdtpUyWgI,乐购汪（金桥中心店）,上海市,上海市,dwh
20261408,MEITUAN,76W025534C,lJqIfMZHw7qF_1GQ-PdLnwI,乐购汪生活超市（静安寺店）,上海市,上海市,dwh
20261408,MEITUAN,76W025535C,ET3fCaoDTOkidy5dG08pdgI,乐购汪（塘桥中心店）,上海市,上海市,dwh
20261408,MEITUAN,76W025536C,tYw_zCMO8Ex5C49DtXDMGwI,乐购汪（南翔中心店）,上海市,上海市,dwh
20261408,MEITUAN,76W025537C,xk1mjhQrLogQPXAFHyJGUQI,满佳喜超市（申虹路店）,上海市,上海市,dwh
20261408,MEITUAN,76W025538C,-WZ6FekYvxrjrADxT8G6LwI,满佳喜超市（程家桥店）,上海市,上海市,dwh
20261408,MEITUAN,76W025539C,SNbTe-wqgzmmysBpQf9kvQI,满佳喜超市（九亭店）,上海市,上海市,dwh
20261408,MEITUAN,76W025540C,K7N3PKMgk3Czv1bWB2GPDgI,满佳喜超市（上海店）,上海市,上海市,dwh
20261408,MEITUAN,76W025541C,q8Tn1pyYPUP9QOPpNBBV5gI,满佳喜超市（嘉定中心店）,上海市,上海市,dwh
20261408,MEITUAN,76W025542C,7A4Gnz-FTGoHD_H6LsvY8gI,满佳喜超市（闵行店）,上海市,上海市,dwh
20261408,MEITUAN,76W025543C,dHUBPKBTNAJdrfEKIdLQRQI,满佳喜超市（宝山中心店）,上海市,上海市,dwh
20261408,MEITUAN,76W025544C,E5ufx76dpyXEBkMBgvdwYgI,满佳喜超市（上南路店）,上海市,上海市,dwh
20261408,MEITUAN,76W025545C,0QxTncGLrG-_u48dntlW_QI,满佳喜超市（西唐家宅店）,上海市,上海市,dwh
20261408,MEITUAN,76W025546C,hLUOFsOXG3qmV3nukf_x5wI,满佳喜超市（杨浦店）,上海市,上海市,dwh
20261408,MEITUAN,76W025547C,9dUd73377FuHlTUxqArdagI,松鼠便利(三林),上海市,上海市,dwh
20261408,MEITUAN,76W025548C,c8AMuEx9_0uzEeMdVLxRhAI,松鼠便利(大宁),上海市,上海市,dwh
20261408,MEITUAN,76W025549C,3P3W1sDoPYC60oh7KL-kvgI,松鼠便利(梅陇),上海市,上海市,dwh
20261408,MEITUAN,76W025550C,LtFFwVZniPJ-DxO0BDA5vgI,松鼠便利(万象城),上海市,上海市,dwh
20261408,MEITUAN,76W025551C,smR3F3UwXp6CES-Yuub-YgI,松鼠便利(肇嘉浜),上海市,上海市,dwh
20261408,MEITUAN,76W025552C,qWJTmK_L2Hb6B-0LyYbZAAI,松鼠便利(真新),上海市,上海市,dwh
20261408,MEITUAN,76W025553C,GjJkYd_t4MuG6lX43buHmgI,松鼠便利(虹口),上海市,上海市,dwh
20261408,MEITUAN,76W025554C,yzqsVe1X9_f0RtBmJOHcFgI,松鼠便利(虹桥),上海市,上海市,dwh
20261408,MEITUAN,76W025555C,p5ivqEXgBth-lQKRZ8EEWQI,松鼠便利(黄浦),上海市,上海市,dwh
20261408,MEITUAN,76W025556C,5puOSFUtTWthgIp07Sf_wwI,松鼠便利(静安),上海市,上海市,dwh
20261408,MEITUAN,76W025557C,WfEINgOHHn25IGssiPFjKwI,小柴购超市（中环广场店）,上海市,上海市,dwh
20261408,MEITUAN,76W025558C,XD64bUo7wItT9PZtgG7hbAI,小柴购超市（金沙江店）,上海市,上海市,dwh
20261408,MEITUAN,76W025559C,t3uL1COOs2_pODIjELqQmwI,小柴购超市（真新店）,上海市,上海市,dwh
20261408,MEITUAN,76W025560C,TraOWWlrF18zT8bVtxLI4QI,小柴购超市（江桥店）,上海市,上海市,dwh
20261408,MEITUAN,76W025561C,4UmuVUZflq-QZxYd1FguIgI,小柴购超市（七宝店）,上海市,上海市,dwh
20261408,MEITUAN,76W025562C,j2c_m5i5Vm3CsqWn0Ng2MwI,惠宜选MAX超市（武汉鹦鹉大道店）,湖北省,武汉市,dwh
20261408,MEITUAN,76W025563C,NrWptGNE6rZKwiojpYNBrgI,惠宜选MAX超市（武汉发展大道店）,湖北省,武汉市,dwh
20261408,MEITUAN,76W025564C,Em6oUhquMeWupvKT0GIO5AI,惠宜选MAX超市（武汉径河路店）,湖北省,武汉市,dwh
20261408,MEITUAN,76W025565C,iCf3c3EmD1NvUXgW9sl6dAI,惠宜选超市（武汉环湖中路店）,湖北省,武汉市,dwh
20261408,MEITUAN,76W025566C,gh3lVsyKNOgNSlF6q6gepQI,惠宜选超市（后湖店）,湖北省,武汉市,dwh
20261408,MEITUAN,76W025567C,r2PoaPLrbgFs_glbwoWmEQI,乐购达超市（王家湾店）,湖北省,武汉市,dwh
20261408,MEITUAN,76W025568C,pTKA9i7oJzL3F6MBBgpPNwI,乐购达超市（硚口店）,湖北省,武汉市,dwh
20261408,MEITUAN,76W025569C,lMuasR0TT7YpyAZlqnbBRAI,乐购达超市（万隆广场店）,湖北省,武汉市,dwh
20261408,MEITUAN,76W025570C,9z7zEKwS0G0LgzamqoMLnAI,乐购达超市（佛祖岭店）,湖北省,武汉市,dwh
20261408,MEITUAN,76W025571C,r6dyNhrLxVa_bOv3D6d0SQI,乐购达超市（东西湖店）,湖北省,武汉市,dwh
20261408,MEITUAN,76W025572C,tp8sQ1WUVKx2LxHRRG40kAI,乐购达超市（石牌岭店）,湖北省,武汉市,dwh
20261408,MEITUAN,76W025573C,0U3I3URb9bR23GoTdA4trwI,乐购达超市（二七店）,湖北省,武汉市,dwh
20261408,MEITUAN,76W025574C,GS9biabwKYPE0TUH35RdhwI,乐购达超市（洪山广场店）,湖北省,武汉市,dwh
20261408,MEITUAN,76W025575C,MWyuXqcK2ua6tM8vVQzZrQI,乐购达超市（汉阳店）,湖北省,武汉市,dwh
20261408,MEITUAN,76W025576C,73bIfHeJfbPBaG7gvsZURwI,乐购达超市（江汉北路店）,湖北省,武汉市,dwh
20261408,MEITUAN,76W025577C,uB18cknPgEf7OUDPy4eHYQI,乐购达超市（常青花园店）,湖北省,武汉市,dwh
20261408,MEITUAN,76W025578C,AXshh7wZCuCsM31qyBlwIAI,乐购达超市（徐东店）,湖北省,武汉市,dwh
20261408,MEITUAN,76W025579C,HmCL_b1pVz8Vxh-5uq7YMQI,乐购达超市（关南店）,湖北省,武汉市,dwh
20261408,MEITUAN,76W025580C,g2ZJN3uK20GUVfrF_u6z0QI,乐购达超市（光谷店）,湖北省,武汉市,dwh
20261408,MEITUAN,76W025581C,0PO5zXaDAJFhY8fhz7UDGQI,乐购达超市（古田店）,湖北省,武汉市,dwh
20261408,MEITUAN,76W025582C,VnhFwoTK_hAgU65jBHfAZwI,松鼠便利（汉口火车站店）,湖北省,武汉市,dwh
20261408,MEITUAN,76W025583C,IK5PYuSDZe-TZH8_bL8LeQI,松鼠便利（粮道街店）,湖北省,武汉市,dwh
20261408,MEITUAN,76W025584C,yf1oap87b9A1onUBwyV4IwI,松鼠便利（吉庆街店）,湖北省,武汉市,dwh
20261408,MEITUAN,76W025585C,layUOK1lEbT9ES_mAe62SQI,松鼠便利（泛悦南国广场店）,湖北省,武汉市,dwh
20261408,MEITUAN,76W025586C,47D7iWexZkstVR-8bVVSewI,松鼠便利（经开永旺店）,湖北省,武汉市,dwh
20261408,MEITUAN,76W025587C,Z7vHZs5OxeRl0C9QQp0wmgI,松鼠便利（烽火店）,湖北省,武汉市,dwh
20261408,MEITUAN,76W025588C,fpBuQ5Cgj26HKAkHcY1iqAI,松鼠便利（古田路店）,湖北省,武汉市,dwh
20261408,MEITUAN,76W025589C,1pbsaVc5CNn0Leg4I7dCtwI,松鼠便利（吴家山店）,湖北省,武汉市,dwh
20261408,MEITUAN,76W025590C,IpmVsVO25y_8l2D1gyjtPAI,松鼠便利（江汉路店）,湖北省,武汉市,dwh
20261408,MEITUAN,76W025591C,n9_i3Yc7GM1OdGVUqJo3TQI,松鼠便利（王家湾店）,湖北省,武汉市,dwh
20261408,MEITUAN,76W025592C,2njMlQDLP119BA8af-AilwI,松鼠便利（万松园店）,湖北省,武汉市,dwh
20261408,MEITUAN,76W025593C,yFy4qKcrrTWNzR6bnicOGwI,松鼠便利（香港路店）,湖北省,武汉市,dwh
20261408,MEITUAN,76W025594C,J6kOSKxaGoLUG0njwGAyZwI,松鼠便利（塔子湖店）,湖北省,武汉市,dwh
20261408,MEITUAN,76W025595C,5PWdHrostWLeN8fC2EGmbQI,松鼠便利（光谷步行街店）,湖北省,武汉市,dwh
20261408,MEITUAN,76W025596C,JQGQT4z4EwfeNHLNcTrXnQI,松鼠便利（光谷中心店）,湖北省,武汉市,dwh
20261408,MEITUAN,76W025597C,orWRVyRZEP_IOM5c1w1dMgI,小柴购超市（光谷创业街店）,湖北省,武汉市,dwh
20261408,MEITUAN,76W025598C,c-WV0ZEQm-9a6PaasnIafwI,小柴购超市（光谷中心店）,湖北省,武汉市,dwh
20261408,MEITUAN,76W025599C,cKKk-g0SawsTZ8XiZBJ5AwI,小柴购超市（南湖店）,湖北省,武汉市,dwh
20261408,MEITUAN,76W025600C,SXulvAzGZ9RX3E1bsFy2EwI,小柴购超市（江岸店）,湖北省,武汉市,dwh
20261408,MEITUAN,76W025601C,AatkgbHuxu2AA7reCEwZOAI,小柴购超市（王家湾店）,湖北省,武汉市,dwh
20261408,MEITUAN,76W025602C,iEFIEsJdZvr6KVzXvcOPJwI,小柴购超市（四新店）,湖北省,武汉市,dwh
20261408,MEITUAN,76W025603C,H5yuWvdfgc2QK5qpO_hwFQI,小柴购超市（白沙洲店）,湖北省,武汉市,dwh
20261408,MEITUAN,76W025604C,1mq7_ZhTINMcxbh3Hz0PjwI,小柴购超市（后湖店）,湖北省,武汉市,dwh
20261408,MEITUAN,76W025605C,OmVKYgoQfM101cvwLfUSKQI,小柴购超市（洪山店）,湖北省,武汉市,dwh
20261408,MEITUAN,76W025606C,EFsG5Puu6SEaJA60YeG6MQI,小柴购超市（江汉区店）,湖北省,武汉市,dwh
20261408,MEITUAN,76W025607C,mVZSRp3lo-S41LRpzLc81AI,熊猫很忙便利超市(汉阳店),湖北省,武汉市,dwh
20261408,MEITUAN,76W025608C,R5blKztBpk3F3nLzSTyLHwI,熊猫很忙便利超市（武昌店）,湖北省,武汉市,dwh
20261408,MEITUAN,76W025609C,hPPeJ9mCE60M6dj0D3CZBgI,熊猫很忙超市（汉口店）,湖北省,武汉市,dwh
20261408,MEITUAN,76W025610C,NeVBvgpTsnc6E4V05BSbVQI,熊猫很忙超市（白沙洲店）,湖北省,武汉市,dwh
