PERIODCODE,PLATFORMNAME,STOREID,SHOPID,STORENAME,PROVINCE,CITY,SHOPTYPE
20251411,ELEME,76W000001A,238755090,新一佳超市(振东新区和平路店),浙江省,嘉兴市,
20251411,ELEME,76W000039A,239252479,BC进口超市(天鹅湾店),北京市,北京市,
20251411,ELEME,76W000064A,239255337,北国超市(中华北店),河北省,石家庄市,smkt
20251411,ELEME,76W000071A,239255382,润宜佳生活超市(恒盛店),安徽省,合肥市,smkt
20251411,ELEME,76W000076A,239255404,美加美生活超市(翰林店),广西壮族自治区,南宁市,mmkt
20251411,ELEME,76W000086A,239256328,北国超市(西兴店),河北省,石家庄市,smkt
20251411,ELEME,76W000100A,239256446,美宜佳(环山路口E616店),广东省,汕头市,cvs
20251411,ELEME,76W000122A,239257351,美宜多生活超市(湾厦店),广东省,深圳市,mmkt
20251411,ELEME,76W000143A,239257486,麦德龙(淄博张店店),山东省,淄博市,
20251411,ELEME,76W000195A,239259294,婕妮王超市(丽都海润店),北京市,北京市,
20251411,ELEME,76W000196A,239259295,婕妮王超市(欧陆苑店),北京市,北京市,
20251411,ELEME,76W000200A,239259362,十足便利店(金华文荣医院店),浙江省,金华市,cvs
20251411,ELEME,76W000214A,239259412,麦德龙(常州天宁店),江苏省,常州市,
20251411,ELEME,76W000221A,239259460,菜鲜果美(北苑店),北京市,北京市,smkt
20251411,ELEME,76W000252A,239260364,麦德龙(昆明广福店),云南省,昆明市,
20251411,ELEME,76W000283A,239261222,世纪金花(文林路店),陕西省,咸阳市,smkt
20251411,ELEME,76W000341A,239262301,联华超市(江苏融锦苑店),江苏省,苏州市,mmkt
20251411,ELEME,76W000352A,239262337,麦德龙(苏州吴中店),江苏省,苏州市,
20251411,ELEME,76W000364A,239262386,婕妮璐超市(观湖国际店),北京市,北京市,
20251411,ELEME,76W000393A,239263281,卜蜂莲花(朝阳路店),北京市,北京市,hmkt
20251411,ELEME,76W000413A,239263363,麦德龙(深圳南山店),广东省,深圳市,
20251411,ELEME,76W000414A,239263364,麦德龙(合肥包河店),安徽省,合肥市,
20251411,ELEME,76W000441A,239263483,中百超市硬折扣店(新华西路店),湖北省,武汉市,mmkt
20251411,ELEME,76W000461A,239264317,十足便利店(江东四区店),浙江省,金华市,cvs
20251411,ELEME,76W000476A,239264370,麦德龙(天津滨海新区店),天津市,天津市,
20251411,ELEME,76W000482A,239264399,大润发(罗定店),广东省,云浮市,hmkt
20251411,ELEME,76W000495A,239264495,星星超市starmart(静安中心店),上海市,上海市,
20251411,ELEME,76W000527A,239265352,火星便利店(大悦城店),天津市,天津市,
20251411,ELEME,76W000559A,239266155,友客(大尧三路店),山东省,青岛市,cvs
20251411,ELEME,76W000580A,239266322,有家便利店(长沙QQ生活馆店),湖南省,长沙市,cvs
20251411,ELEME,76W000668A,239267486,可芯超市(广兰路店),上海市,上海市,
20251411,ELEME,76W000695A,239268323,华联超市(华阴店),上海市,上海市,mmkt
20251411,ELEME,76W000712A,239268402,橙子便利(高新万达三店),山东省,济南市,cvs
20251411,ELEME,76W000738A,239269220,每一天便利店(百合都市店),陕西省,宝鸡市,cvs
20251411,ELEME,76W000767A,239269390,永相逢(庄府店),福建省,泉州市,
20251411,ELEME,76W000809A,239270344,麦德龙(武汉汉阳店),湖北省,武汉市,
20251411,ELEME,76W000832A,239270467,佳美惠超市,浙江省,温州市,
20251411,ELEME,76W000889A,239271431,新佳宜(景江雅苑1665店),湖南省,长沙市,cvs
20251411,ELEME,76W000902A,239272159,世纪金花(中华路店),陕西省,咸阳市,smkt
20251411,ELEME,76W000906A,239272190,每一天便利店(盛世佳园店),陕西省,宝鸡市,cvs
20251411,ELEME,76W000926A,239272371,比优特超市(绥化万达店),黑龙江省,绥化市,smkt
20251411,ELEME,76W000974A,239273341,麦德龙(九江店),江西省,九江市,
20251411,ELEME,76W000982A,239273386,海港超市(群利店),浙江省,嘉兴市,mmkt
20251411,ELEME,76W000993A,239273434,大润发(海门店),江苏省,南通市,hmkt
20251411,ELEME,76W001021A,239274163,711(富力广场店),四川省,成都市,cvs
20251411,ELEME,76W001083A,239275161,绿叶子进口超市(盈科店),北京市,北京市,mmkt
20251411,ELEME,76W001093A,239275197,美宜多生活超市(甲岸店),广东省,深圳市,mmkt
20251411,ELEME,76W001115A,239275333,新力有家(汇景新城店),广东省,广州市,cvs
20251411,ELEME,76W001121A,239275343,麦德龙(常州武进店),江苏省,常州市,
20251411,ELEME,76W001161A,239276162,绿叶子进口超市(公园大道店),北京市,北京市,mmkt
20251411,ELEME,76W001194A,239276395,菜鲜果美(科荟店),北京市,北京市,smkt
20251411,ELEME,76W001246A,239277316,十足便利店(明珠广场店),浙江省,温州市,cvs
20251411,ELEME,76W001247A,239277322,麦德龙(宜兴店),江苏省,无锡市,
20251411,ELEME,76W001248A,239277323,永相逢(温陵店),福建省,泉州市,
20251411,ELEME,76W001249A,239277324,永相逢(泉秀店),福建省,泉州市,
20251411,ELEME,76W001253A,239277350,大润发(安溪店),福建省,泉州市,hmkt
20251411,ELEME,76W001305A,239278333,麦德龙(襄阳店),湖北省,襄阳市,
20251411,ELEME,76W001351A,239279218,美宜多生活超市(松坪山店),广东省,深圳市,mmkt
20251411,ELEME,76W001435A,239280374,大润发(新会店),广东省,江门市,hmkt
20251411,ELEME,76W001485A,239281327,华联超市(水城店),上海市,上海市,mmkt
20251411,ELEME,76W001491A,239281359,麦德龙(宜昌西陵店),湖北省,宜昌市,
20251411,ELEME,76W001493A,239281361,永相逢(宝洲店),福建省,泉州市,
20251411,ELEME,76W001518A,239282120,北国超市(简良店),河北省,石家庄市,smkt
20251411,ELEME,76W001526A,239282135,绿叶子进口超市(富力城店),北京市,北京市,cvs
20251411,ELEME,76W001545A,239282256,十足便利店(亲馨家园店),浙江省,绍兴市,cvs
20251411,ELEME,76W001572A,239282345,橙子便利(诚信大厦店),山东省,济南市,cvs
20251411,ELEME,76W001613A,239283115,北国超市(怀特店),河北省,石家庄市,smkt
20251411,ELEME,76W001627A,239283170,美宜多生活超市(南新店),广东省,深圳市,mmkt
20251411,ELEME,76W001649A,239283299,新佳宜(湖南师范大学2202店),湖南省,长沙市,cvs
20251411,ELEME,76W001658A,239283324,十足便利店(常州世贸中心店),江苏省,常州市,cvs
20251411,ELEME,76W001678A,239283446,之上便利店(南塘小区店),浙江省,温州市,cvs
20251411,ELEME,76W001696A,239284166,美宜佳(容桂桂花路9632店),广东省,佛山市,cvs
20251411,ELEME,76W001722A,239284315,麦德龙(广州天河店),广东省,广州市,
20251411,ELEME,76W001742A,239284412,大润发(寮步店),广东省,东莞市,hmkt
20251411,ELEME,76W001745A,239284422,大润发(闵行店),上海市,上海市,hmkt
20251411,ELEME,76W001801A,239285350,婕妮璐进口超市(三里屯店),北京市,北京市,
20251411,ELEME,76W001802A,239285359,橙子便利(汉峪金谷一店),山东省,济南市,cvs
20251411,ELEME,76W001832A,239285468,十足便利店(常州星河国际七区店),江苏省,常州市,cvs
20251411,ELEME,76W001878A,239286270,华联超市(崂山店),上海市,上海市,mmkt
20251411,ELEME,76W001934A,239287145,711(明宇科华路店),四川省,成都市,cvs
20251411,ELEME,76W001999A,239288134,美宜佳(东兴北路4651店),广东省,广州市,cvs
20251411,ELEME,76W002076A,239289117,京捷生鲜(双桥东路店),北京市,北京市,mmkt
20251411,ELEME,76W002109A,239289311,世纪联华(芜湖南瑞店),安徽省,芜湖市,hmkt
20251411,ELEME,76W002127A,239289392,阳光小玛特便利店(格林公寓店),辽宁省,沈阳市,mmkt
20251411,ELEME,76W002140A,239289438,大润发(兴宁店),广东省,梅州市,hmkt
20251411,ELEME,76W002182A,239290297,麦德龙(东莞万江店),广东省,东莞市,
20251411,ELEME,76W002189A,239290349,橙子便利(大明湖店),山东省,济南市,cvs
20251411,ELEME,76W002257A,239292253,天猫小店(万家乐超市利丰路店),浙江省,杭州市,
20251411,ELEME,76W002303A,239292495,盒马鲜生(新江湾店),上海市,上海市,smkt
20251411,ELEME,76W002337A,239293282,麦德龙(济南槐荫店),山东省,济南市,
20251411,ELEME,76W002359A,239293416,罗森(上海广纪路店),上海市,上海市,cvs
20251411,ELEME,76W002370A,239293483,天猫小店(可可超市湖南路店),安徽省,合肥市,
20251411,ELEME,76W002373A,239293496,盒马鲜生(苏州湖东邻里中心店),江苏省,苏州市,smkt
20251411,ELEME,76W002387A,239294147,元初食品(幸福e家店),辽宁省,大连市,mmkt
20251411,ELEME,76W002422A,239294356,阳光小玛特便利店(德庄店),辽宁省,沈阳市,mmkt
20251411,ELEME,76W002471A,239295192,华冠折扣超市长阳店,北京市,北京市,smkt
20251411,ELEME,76W002539A,239296107,罗森便利店(银泰城二店),四川省,成都市,cvs
20251411,ELEME,76W002576A,239296320,大润发(集美店),福建省,厦门市,hmkt
20251411,ELEME,76W002591A,239296406,心中客(万豪世家店),广东省,湛江市,
20251411,ELEME,76W002642A,239297263,永相逢(丰泽店),福建省,泉州市,
20251411,ELEME,76W002684A,239297483,盒马鲜生(星宝店),上海市,上海市,smkt
20251411,ELEME,76W002767A,239299068,京捷生鲜(方庄紫芳园六区店),北京市,北京市,mmkt
20251411,ELEME,76W002795A,239299239,麦德龙(张家港店),江苏省,苏州市,
20251411,ELEME,76W002808A,239299351,大润发(金鸡湖店),江苏省,苏州市,hmkt
20251411,ELEME,76W002847A,239300130,每一天便利店(店子街店),陕西省,宝鸡市,cvs
20251411,ELEME,76W002899A,239300391,天猫小店(国斌便利店紫丁香街店),浙江省,杭州市,
20251411,ELEME,76W002962A,239301345,AEON永旺超市(金银潭店),湖北省,武汉市,smkt
20251411,ELEME,76W003000A,239302125,BC进口超市(富力店),北京市,北京市,
20251411,ELEME,76W003022A,239302255,麦德龙(盐城盐都店),江苏省,盐城市,
20251411,ELEME,76W003023A,239302256,麦德龙(徐州店),江苏省,徐州市,
20251411,ELEME,76W003024A,239302257,永相逢(东街店),福建省,泉州市,
20251411,ELEME,76W003060A,239302481,盒马鲜生(平高店),上海市,上海市,smkt
20251411,ELEME,76W003066A,239303026,北国超市(益东店),河北省,石家庄市,smkt
20251411,ELEME,76W003130A,239303368,大润发(嘉定店),上海市,上海市,hmkt
20251411,ELEME,76W003176A,239305156,有家便利店(万坤图店),湖南省,长沙市,cvs
20251411,ELEME,76W003224A,239305435,盒马鲜生(南翔店),上海市,上海市,smkt
20251411,ELEME,76W003305A,239309394,营安隆连锁超市(洪湖街店),辽宁省,沈阳市,mmkt
20251411,ELEME,76W003315A,239309455,华润万家(三桥新街店),陕西省,西安市,hmkt
20251411,ELEME,76W003498A,239311472,之佳便利(文山巴厘岛分店),云南省,文山壮族苗族自治州,cvs
20251411,ELEME,76W003568A,239312326,盒马鲜生(虹桥店),上海市,上海市,smkt
20251411,ELEME,76W003691A,239313476,之佳便利(昭通春晖小区店),云南省,昭通市,cvs
20251411,ELEME,76W003711A,239314068,浙北超市(仁皇山店),浙江省,湖州市,smkt
20251411,ELEME,76W003792A,239315092,每一天便利店(银泰城3店),陕西省,宝鸡市,cvs
20251411,ELEME,76W003828A,239315286,中百超市(珞瑜东路二店),湖北省,武汉市,mmkt
20251411,ELEME,76W003903A,239316176,阳光小玛特便利店(嘉龙中心店),辽宁省,沈阳市,mmkt
20251411,ELEME,76W003904A,239316177,浩杰食品店,天津市,天津市,
20251411,ELEME,76W003939A,239316357,华润万家(临城店),浙江省,舟山市,
20251411,ELEME,76W003959A,239317024,麦德龙(长沙天心店),湖南省,长沙市,
20251411,ELEME,76W003989A,239317187,新天地超市(桃花苑店),吉林省,长春市,cvs
20251411,ELEME,76W004000A,239317225,新惠百货,广东省,广州市,
20251411,ELEME,76W004007A,239317256,盒马鲜生(金桥店),上海市,上海市,smkt
20251411,ELEME,76W004021A,239317359,华润万家便利超市(深圳碧波店),广东省,深圳市,mmkt
20251411,ELEME,76W004022A,239317379,JustFresh捷德鲜超市(西康店),上海市,上海市,
20251411,ELEME,76W004046A,239318014,大润发(钦州店),广西壮族自治区,钦州市,hmkt
20251411,ELEME,76W004047A,239318015,Today(南湖名都店),广西壮族自治区,南宁市,cvs
20251411,ELEME,76W004063A,239318108,可好(青山路010150店),山东省,青岛市,cvs
20251411,ELEME,76W004115A,239318416,天猫小店(嘉霖华禧店),广东省,深圳市,
20251411,ELEME,76W004118A,239318436,盒马鲜生(大行宫店),江苏省,南京市,smkt
20251411,ELEME,76W004159A,239319197,乐享万德福便利店(东建街店),辽宁省,沈阳市,cvs
20251411,ELEME,76W004160A,239319210,码上鲜(张浦店),江苏省,苏州市,smkt
20251411,ELEME,76W004174A,239319294,壹加壹超市(三乡顺昌店),广东省,中山市,smkt
20251411,ELEME,76W004228A,239320188,华润万家(礼貌东里店),天津市,天津市,cvs
20251411,ELEME,76W004249A,239320281,罗森便利店(京师科技大厦店),北京市,北京市,cvs
20251411,ELEME,76W004303A,239321108,盒马鲜生(盈嘉店),上海市,上海市,smkt
20251411,ELEME,76W004352A,239321355,盒马鲜生(喜盈门店),湖南省,长沙市,smkt
20251411,ELEME,76W004414A,239322198,华润万家便利超市(长庆店),江苏省,无锡市,mmkt
20251411,ELEME,76W004440A,239322324,盒马鲜生(澳堡时代店),陕西省,西安市,smkt
20251411,ELEME,76W004441A,239322325,盒马鲜生(杭州运河上街店),浙江省,杭州市,smkt
20251411,ELEME,76W004505A,239323269,罗森便利店(超市发科南路店),北京市,北京市,cvs
20251411,ELEME,76W004531A,239323399,天天便利(邢台邢州店),河北省,邢台市,cvs
20251411,ELEME,76W004568A,239324186,元初食品(滨海上城店),福建省,厦门市,mmkt
20251411,ELEME,76W004598A,239324323,盒马鲜生(太白店),陕西省,西安市,mmkt
20251411,ELEME,76W004611A,239324391,美宜多生活超市(臣田店),广东省,深圳市,mmkt
20251411,ELEME,76W004643A,239325180,华润万家(福堤园店),天津市,天津市,mmkt
20251411,ELEME,76W004649A,239325204,中百罗森(保利城店),湖北省,武汉市,cvs
20251411,ELEME,76W004658A,239325262,中百超市(南湖成功花园店),湖北省,武汉市,mmkt
20251411,ELEME,76W004671A,239325325,罗森便利店(天邻风景店),重庆市,重庆市,cvs
20251411,ELEME,76W004730A,239326206,华润万家(新余店),江西省,新余市,smkt
20251411,ELEME,76W004796A,239327183,华润万家(新塘店),广东省,广州市,hmkt
20251411,ELEME,76W004846A,239328066,盒马鲜生(苏州易生活店),江苏省,苏州市,smkt
20251411,ELEME,76W004861A,239328157,华润万家(沈阳道义店),辽宁省,沈阳市,hmkt
20251411,ELEME,76W004885A,239328307,盒马鲜生(白玉兰广场店),上海市,上海市,smkt
20251411,ELEME,76W004906A,239329022,可好(黄岛积米崖010147店),山东省,青岛市,cvs
20251411,ELEME,76W004917A,239329072,盒马鲜生(三林印象城店),上海市,上海市,smkt
20251411,ELEME,76W004918A,239329073,盒马鲜生(星空店),上海市,上海市,smkt
20251411,ELEME,76W004939A,239329175,华润万家(榆林明珠大道店),陕西省,榆林市,hmkt
20251411,ELEME,76W004952A,239329253,之佳便利(楚雄鹿城西路店),云南省,楚雄彝族自治州,cvs
20251411,ELEME,76W004959A,239329310,友客(胶州郑州东路财富公寓店),山东省,青岛市,cvs
20251411,ELEME,76W004993A,239330053,天猫小店(广盛魁超市万达店),浙江省,金华市,
20251411,ELEME,76W005009A,239330129,越仁百货-24h便利超市,上海市,上海市,
20251411,ELEME,76W005016A,239330182,JustFresh捷德鲜超市(延平店),上海市,上海市,
20251411,ELEME,76W005030A,239330281,盒马鲜生(杨高南路店),上海市,上海市,smkt
20251411,ELEME,76W005123A,239331304,711(新富力又一城店),北京市,北京市,cvs
20251411,ELEME,76W005165A,239332068,盒马鲜生(大宁店),上海市,上海市,smkt
20251411,ELEME,76W005180A,239332172,京东便利店(东方路店),上海市,上海市,
20251411,ELEME,76W005183A,239332177,华润万家(象山店),江西省,南昌市,smkt
20251411,ELEME,76W005187A,239332189,华润万家便利超市(广丰家园店),江苏省,无锡市,cvs
20251411,ELEME,76W005189A,239332250,之佳便利(文山阳光外滩分店),云南省,文山壮族苗族自治州,cvs
20251411,ELEME,76W005194A,239332287,可好(太平路010168店),山东省,青岛市,cvs
20251411,ELEME,76W005211A,239332496,JustFresh捷德鲜超市(永嘉店),上海市,上海市,
20251411,ELEME,76W005221A,239333052,新佳宜(云冷1号1621店),湖南省,长沙市,cvs
20251411,ELEME,76W005231A,239333135,罗森便利店(1136鹏程街益嘉广场店),辽宁省,大连市,cvs
20251411,ELEME,76W005243A,239333185,华润万家便利超市(凤城五路店),陕西省,西安市,mmkt
20251411,ELEME,76W005246A,239333198,老邻居(育仁南路店),四川省,成都市,mmkt
20251411,ELEME,76W005311A,239334150,罗森便利店(鲁能十三街区店),重庆市,重庆市,cvs
20251411,ELEME,76W005385A,239335140,营安隆连锁超市(民安店),辽宁省,沈阳市,mmkt
20251411,ELEME,76W005389A,239335198,blt精品超市(沈阳万象汇店),辽宁省,沈阳市,smkt
20251411,ELEME,76W005401A,239335320,罗森便利店(华润二十四城店),重庆市,重庆市,cvs
20251411,ELEME,76W005424A,239336049,华联超市(娟利店),上海市,上海市,mmkt
20251411,ELEME,76W005425A,239336061,盒马鲜生(裕德路店),上海市,上海市,smkt
20251411,ELEME,76W005444A,239336209,昆仑好客(金牛店),辽宁省,营口市,cvs
20251411,ELEME,76W005453A,239336276,盒马鲜生(皇庭广场店),广东省,深圳市,smkt
20251411,ELEME,76W005470A,239336431,美宜佳(华强广场皖00059店),安徽省,芜湖市,cvs
20251411,ELEME,76W005491A,239337052,天猫小店(清远路店),浙江省,温州市,
20251411,ELEME,76W005551A,239337456,罗森便利店(1013百年汇店),辽宁省,大连市,cvs
20251411,ELEME,76W005587A,239338149,华润万家(抚州赣东大道店),江西省,抚州市,hmkt
20251411,ELEME,76W005595A,239338182,老邻居(双成三路店),四川省,成都市,mmkt
20251411,ELEME,76W005635A,239339006,美宜佳(乾务牌坊K150店),广东省,珠海市,cvs
20251411,ELEME,76W005663A,239339187,国光超市(中央星城店),江西省,赣州市,smkt
20251411,ELEME,76W005718A,239340056,盒马鲜生(苏州悠方店),江苏省,苏州市,smkt
20251411,ELEME,76W005801A,239341143,华润万家(湖镜道店),天津市,天津市,mmkt
20251411,ELEME,76W005838A,239341380,联华超市(联明路店),上海市,上海市,cvs
20251411,ELEME,76W005883A,239342157,华润万家便利超市(弈盛花园店),江苏省,无锡市,mmkt
20251411,ELEME,76W005904A,239342278,盒马鲜生(财富中心店),重庆市,重庆市,smkt
20251411,ELEME,76W006002A,239343493,美宜佳(南华路渝00258店),重庆市,重庆市,cvs
20251411,ELEME,76W006007A,239344005,熊猫便利超市(海大店),广东省,湛江市,
20251411,ELEME,76W006040A,239344146,华润万家(岱山店),浙江省,舟山市,
20251411,ELEME,76W006053A,239344216,昆仑好客(欧洲花园店),辽宁省,丹东市,cvs
20251411,ELEME,76W006108A,239345031,盒马鲜生(汇阳广场店),上海市,上海市,smkt
20251411,ELEME,76W006109A,239345032,盒马鲜生(189购物中心店),上海市,上海市,smkt
20251411,ELEME,76W006127A,239345196,之佳便利(颐高数码城店),云南省,昆明市,cvs
20251411,ELEME,76W006139A,239345251,中百超市(吉林街店),湖北省,武汉市,mmkt
20251411,ELEME,76W006195A,239346140,美一天省钱超市(泉州总店),福建省,泉州市,
20251411,ELEME,76W006212A,239346263,盒马鲜生(中海右岸店),四川省,成都市,smkt
20251411,ELEME,76W006278A,239347194,之佳便利(文山普阳路分店),云南省,文山壮族苗族自治州,cvs
20251411,ELEME,76W006285A,239347234,盒马鲜生(宝山新业坊店),上海市,上海市,smkt
20251411,ELEME,76W006391A,239349008,盒马鲜生(曹家渡店),上海市,上海市,smkt
20251411,ELEME,76W006426A,239349208,中百超市(锦绣仙山店),湖北省,武汉市,mmkt
20251411,ELEME,76W006470A,239349489,美宜佳(汇泉四路闽01241店),福建省,漳州市,cvs
20251411,ELEME,76W006491A,239350125,天猫小店(樱花公园店),浙江省,宁波市,
20251411,ELEME,76W006510A,239350221,盒马鲜生(长岭北路店),贵州省,贵阳市,smkt
20251411,ELEME,76W006565A,239351050,711(西小口路一号店),北京市,北京市,cvs
20251411,ELEME,76W006577A,239351114,华润万家(丹东宝山店),辽宁省,丹东市,hmkt
20251411,ELEME,76W006655A,239352169,昆仑好客(王萍店),辽宁省,丹东市,cvs
20251411,ELEME,76W006656A,239352170,昆仑好客(义县城内店),辽宁省,锦州市,cvs
20251411,ELEME,76W006663A,239352194,北山生活超市(东门店),湖北省,宜昌市,smkt
20251411,ELEME,76W006702A,239353002,盒马鲜生(昆山昆城店),江苏省,苏州市,smkt
20251411,ELEME,76W006724A,239353137,中百罗森(华城广场店),湖北省,武汉市,cvs
20251411,ELEME,76W006738A,239353221,友客(东城国际海客会店),山东省,青岛市,cvs
20251411,ELEME,76W006786A,239354073,新天地超市(胜利大街贰店),吉林省,长春市,cvs
20251411,ELEME,76W006806A,239354213,中百超市(阳光小区店),湖北省,武汉市,mmkt
20251411,ELEME,76W006815A,239354241,盒马鲜生(太阳城店),江苏省,南京市,smkt
20251411,ELEME,76W006888A,239355365,海贩万家生活超市(子君店),云南省,昆明市,smkt
20251411,ELEME,76W007001A,239357082,华润万家(二马路店),天津市,天津市,mmkt
20251411,ELEME,76W007010A,239357174,之佳便利(蒙自学海路店),云南省,红河哈尼族彝族自治州,cvs
20251411,ELEME,76W007061A,239358085,华润万家(塘沽店),天津市,天津市,hmkt
20251411,ELEME,76W007082A,239358222,盒马鲜生(夫子庙店),江苏省,南京市,smkt
20251411,ELEME,76W007153A,239359200,盒马鲜生(东方懿徳店),上海市,上海市,smkt
20251411,ELEME,76W007154A,239359201,盒马鲜生(五月花广场店),上海市,上海市,smkt
20251411,ELEME,76W007194A,239360035,罗森便利店(1036富丽庭店),辽宁省,大连市,cvs
20251411,ELEME,76W007195A,239360037,罗森便利店(1073和平广场店),辽宁省,大连市,cvs
20251411,ELEME,76W007202A,239360070,华润万家(华苑路店),天津市,天津市,mmkt
20251411,ELEME,76W007224A,239360200,祥隆泰超市(红旗店),河北省,石家庄市,
20251411,ELEME,76W007235A,239360240,新力有家便利店(湖北艺术学院店),湖北省,武汉市,cvs
20251411,ELEME,76W007246A,239360329,美宜佳(虹桥三路M461店),广东省,珠海市,cvs
20251411,ELEME,76W007261A,239360440,新力有家(东风西路店),广东省,广州市,cvs
20251411,ELEME,76W007271A,239360469,美宜佳(后坑社区闽00621店),福建省,泉州市,cvs
20251411,ELEME,76W007300A,239361171,盒马鲜生(恒生万鹂店),上海市,上海市,smkt
20251411,ELEME,76W007303A,239361198,新力有家(机场路店),广东省,广州市,mmkt
20251411,ELEME,76W007351A,239362059,华润万家(临川店),江西省,抚州市,smkt
20251411,ELEME,76W007353A,239362102,益康食品店(堤口路店),山东省,济南市,mmkt
20251411,ELEME,76W007354A,239362108,利客来购物中心(B座李村店),山东省,青岛市,smkt
20251411,ELEME,76W007363A,239362191,盒马鲜生(奥体中心店),江苏省,南京市,smkt
20251411,ELEME,76W007372A,239362241,天天便利(邢台八克拉店),河北省,邢台市,cvs
20251411,ELEME,76W007426A,239363198,友客(金沙路湖清百合店),山东省,青岛市,cvs
20251411,ELEME,76W007512A,239365038,昆仑好客(中华路店),辽宁省,阜新市,cvs
20251411,ELEME,76W007524A,239365094,盒马鲜生(星光大道店),浙江省,杭州市,smkt
20251411,ELEME,76W007537A,239365162,7-Eleven便利店(朝阳汇-5024店),广东省,中山市,cvs
20251411,ELEME,76W007546A,239365250,美宜佳(世纪新城皖00013店),安徽省,合肥市,cvs
20251411,ELEME,76W007559A,239365357,好又多超市(平西店),江苏省,南通市,mmkt
20251411,ELEME,76W007604A,239366139,ALDI奥乐齐超市(静安店),上海市,上海市,mmkt
20251411,ELEME,76W007701A,239368077,新佳宜(万达1719店),湖南省,长沙市,cvs
20251411,ELEME,76W007718A,239368247,有家便利店(华大大厦店),湖北省,武汉市,cvs
20251411,ELEME,76W007749A,239369029,新天地超市(建安四道街店),黑龙江省,哈尔滨市,cvs
20251411,ELEME,76W007781A,239369275,新佳宜超市(保利西海1709店),湖南省,长沙市,cvs
20251411,ELEME,76W007795A,239370031,新天地超市(金街店),黑龙江省,哈尔滨市,cvs
20251411,ELEME,76W007896A,239372175,BC进口超市(新源里店),北京市,北京市,
20251411,ELEME,76W008002A,239375067,美宜佳,广东省,湛江市,cvs
20251411,ELEME,76W008097A,239378120,罗森便利店(鲁能四街区店),重庆市,重庆市,cvs
20251411,ELEME,76W008277A,239386050,如海超市(菊太路店),上海市,上海市,mmkt
20251411,ELEME,76W008369A,239390068,美宜佳(晟发名都商闽01240店),福建省,漳州市,cvs
20251411,ELEME,76W008483A,239396022,中百罗森(双玺中心店),湖北省,武汉市,cvs
20251411,ELEME,76W008615A,239403092,麦德龙(西安浐灞店),陕西省,西安市,
20251411,ELEME,76W008915A,239687363,大统华(江阴城中店),江苏省,无锡市,smkt
20251411,ELEME,76W009035A,239690456,大润发(武进店),江苏省,常州市,hmkt
20251411,ELEME,76W009097A,239695342,之佳便利(玉溪北苑店),云南省,玉溪市,cvs
20251411,ELEME,76W009120A,239695394,大润发(京口店),江苏省,镇江市,hmkt
20251411,ELEME,76W009136A,239695458,怡家乐(金益店),江苏省,苏州市,cvs
20251411,ELEME,76W009308A,239704419,罗森便利店(圣地阳光店),重庆市,重庆市,cvs
20251411,ELEME,76W009317A,239704438,大润发(赣州店),江西省,赣州市,hmkt
20251411,ELEME,76W009339A,239704497,罗森便利店(南台路店),四川省,成都市,cvs
20251411,ELEME,76W009377A,239705433,大润发(太仓店),江苏省,苏州市,hmkt
20251411,ELEME,76W009426A,239706417,大润发(广瑞路店),江苏省,无锡市,hmkt
20251411,ELEME,76W009449A,239707327,苏果生活超市(秦虹南路社区店),江苏省,南京市,smkt
20251411,ELEME,76W009472A,239707384,大润发(蒙山店),山东省,临沂市,hmkt
20251411,ELEME,76W009498A,239707482,元初食品(水晶湖郡店),福建省,厦门市,mmkt
20251411,ELEME,76W009520A,239708403,大润发(解放店),河南省,开封市,hmkt
20251411,ELEME,76W009552A,239708494,711(软件园三期店),四川省,成都市,cvs
20251411,ELEME,76W009579A,239709409,大润发(芙蓉店),湖南省,长沙市,hmkt
20251411,ELEME,76W009606A,239709495,美宜佳(MINI时代渝00022店),重庆市,重庆市,cvs
20251411,ELEME,76W009682A,239712390,大润发(春阳店),山东省,青岛市,hmkt
20251411,ELEME,76W009720A,239713397,罗森便利店(重庆大学店),重庆市,重庆市,cvs
20251411,ELEME,76W009721A,239713398,罗森便利店(千叶中央广场店),重庆市,重庆市,cvs
20251411,ELEME,76W009776A,239714378,大润发(广济店),江苏省,苏州市,hmkt
20251411,ELEME,76W009794A,239714464,怡家乐(太阳星辰花园店),江苏省,苏州市,cvs
20251411,ELEME,76W009848A,239716337,之佳便利(江东花城分店),云南省,昆明市,cvs
20251411,ELEME,76W009960A,239718332,之佳便利(高教小区分店),云南省,昆明市,cvs
20251411,ELEME,76W009976A,239718383,大润发(王庄店),福建省,福州市,hmkt
20251411,ELEME,76W010002A,239718481,元初食品(仙岳路店),福建省,厦门市,mmkt
20251411,ELEME,76W010045A,239720488,1+家超市(橡树林路1店),四川省,成都市,cvs
20251411,ELEME,76W010052A,239726269,之佳便利(曲靖文化路店),云南省,曲靖市,cvs
20251411,ELEME,76W010066A,239726324,大润发(浏阳店),湖南省,长沙市,hmkt
20251411,ELEME,76W010168A,239727376,罗森便利店(永丰桥店),四川省,成都市,cvs
20251411,ELEME,76W010169A,239727377,罗森便利店(高新国际店),四川省,成都市,cvs
20251411,ELEME,76W010237A,239728433,7-Eleven便利店(环球国际-3088店),广东省,佛山市,cvs
20251411,ELEME,76W010279A,239729289,大润发(东安店),黑龙江省,牡丹江市,hmkt
20251411,ELEME,76W010283A,239729296,大润发(龙文店),福建省,漳州市,hmkt
20251411,ELEME,76W010310A,239729414,7-Eleven便利店(聚时代-1051),广东省,广州市,cvs
20251411,ELEME,76W010314A,239729426,中百罗森(东亭上城店),湖北省,武汉市,cvs
20251411,ELEME,76W010316A,239729432,Today(洪山广场地铁站店),湖北省,武汉市,cvs
20251411,ELEME,76W010342A,239730296,大润发(厚街店),广东省,东莞市,hmkt
20251411,ELEME,76W010386A,239730441,7-Eleven便利店(城东名门-0429店),广东省,中山市,cvs
20251411,ELEME,76W010389A,239730445,中百罗森(江大泰合花园店),湖北省,武汉市,cvs
20251411,ELEME,76W010392A,239730452,Today(黄兴路店),湖北省,武汉市,cvs
20251411,ELEME,76W010407A,239731273,罗森便利店(金融城店),重庆市,重庆市,cvs
20251411,ELEME,76W010440A,239731424,7-Eleven便利店(联合广场0882店),广东省,深圳市,cvs
20251411,ELEME,76W010444A,239731433,中百罗森(光华路店),湖北省,武汉市,cvs
20251411,ELEME,76W010466A,239732309,大润发(大沽南路店),天津市,天津市,hmkt
20251411,ELEME,76W010495A,239732375,罗森便利店(西安南路店),四川省,成都市,cvs
20251411,ELEME,76W010504A,239732423,1+家超市(中德英伦城邦店),四川省,成都市,cvs
20251411,ELEME,76W010540A,239733320,大润发(华岩店),河北省,唐山市,hmkt
20251411,ELEME,76W010564A,239733383,罗森便利店(莱蒙都会店),四川省,成都市,cvs
20251411,ELEME,76W010568A,239733387,罗森便利店(东华门店),四川省,成都市,cvs
20251411,ELEME,76W010591A,239734247,世纪精品超市(八佰伴店),上海市,上海市,
20251411,ELEME,76W010611A,239734317,大润发(长春店),吉林省,长春市,hmkt
20251411,ELEME,76W010652A,239734462,7-Eleven便利店(溢彩荟-5002店),广东省,中山市,cvs
20251411,ELEME,76W010683A,239735329,大润发(皇姑店),辽宁省,沈阳市,hmkt
20251411,ELEME,76W010687A,239735340,大润发(盛泽店),江苏省,苏州市,hmkt
20251411,ELEME,76W010701A,239735377,罗森便利店(梨花街二店),四川省,成都市,cvs
20251411,ELEME,76W010702A,239735378,罗森便利店(过街楼店),四川省,成都市,cvs
20251411,ELEME,76W010704A,239735380,罗森便利店(青羊北路店),四川省,成都市,cvs
20251411,ELEME,76W010719A,239735453,7-Eleven便利店(多宝路-0226店),广东省,广州市,cvs
20251411,ELEME,76W010722A,239735456,7-Eleven便利店(番禺金海岸1046店),广东省,广州市,cvs
20251411,ELEME,76W010780A,239736412,文峰超市(城山路店),江苏省,南通市,mmkt
20251411,ELEME,76W010803A,239736488,Today(铁桥广场店),湖北省,武汉市,cvs
20251411,ELEME,76W010859A,239737446,中百罗森(第二师范学院店),湖北省,武汉市,cvs
20251411,ELEME,76W010863A,239737488,中百超市(江南春城店),湖北省,武汉市,mmkt
20251411,ELEME,76W010907A,239738330,罗森便利店(铂金城店),四川省,成都市,cvs
20251411,ELEME,76W010927A,239739211,零购超市(南泉北路店),上海市,上海市,
20251411,ELEME,76W010981A,239739498,十足便利店(嘉汇国贸店),浙江省,宁波市,cvs
20251411,ELEME,76W010995A,239740299,罗森便利店(皇冠东和店),重庆市,重庆市,cvs
20251411,ELEME,76W011105A,239741436,优同便利店(依山半岛店),山东省,青岛市,cvs
20251411,ELEME,76W011117A,239741462,Today(武丰佳园店),湖北省,武汉市,cvs
20251411,ELEME,76W011138A,239742322,罗森便利店(肿瘤医院店),重庆市,重庆市,cvs
20251411,ELEME,76W011144A,239742332,大润发(苏家屯店),辽宁省,沈阳市,hmkt
20251411,ELEME,76W011169A,239742445,7-Eleven便利店(体育西-0198),广东省,广州市,cvs
20251411,ELEME,76W011173A,239742452,中百罗森(汪家墩地铁站店),湖北省,武汉市,cvs
20251411,ELEME,76W011204A,239743306,大润发(桂城店),广东省,佛山市,hmkt
20251411,ELEME,76W011228A,239743350,罗森便利店(新鸿路口店),四川省,成都市,cvs
20251411,ELEME,76W011289A,239744394,7-Eleven便利店(大信二期-5016店),广东省,中山市,cvs
20251411,ELEME,76W011343A,239745400,7-Eleven便利店(岭南湾畔-1044),广东省,广州市,cvs
20251411,ELEME,76W011349A,239745411,中百罗森(武汉客厅店),湖北省,武汉市,cvs
20251411,ELEME,76W011358A,239745453,罗森便利店(汇美尚店),重庆市,重庆市,cvs
20251411,ELEME,76W011385A,239746319,大润发(石岐店),广东省,中山市,hmkt
20251411,ELEME,76W011409A,239746370,罗森便利店(锦城大道店),四川省,成都市,cvs
20251411,ELEME,76W011416A,239746410,元初食品(海天店),福建省,厦门市,mmkt
20251411,ELEME,76W011417A,239746411,元初食品(金域蓝湾店),福建省,厦门市,mmkt
20251411,ELEME,76W011421A,239746442,优同便利店(墨河嘉苑店),山东省,青岛市,cvs
20251411,ELEME,76W011424A,239746445,7-Eleven便利店(粤海大厦-0812),广东省,深圳市,cvs
20251411,ELEME,76W011494A,239747445,Today(武汉大学珞珈店),湖北省,武汉市,cvs
20251411,ELEME,76W011554A,239748372,罗森便利店(青羊万达店),四川省,成都市,cvs
20251411,ELEME,76W011555A,239748373,罗森便利店(财富中心店),四川省,成都市,cvs
20251411,ELEME,76W011559A,239748406,1+家超市(星雅俊园店),四川省,成都市,cvs
20251411,ELEME,76W011571A,239748458,Today(省委店),湖北省,武汉市,cvs
20251411,ELEME,76W011644A,239750232,大统华(嘉兴店),浙江省,嘉兴市,
20251411,ELEME,76W011671A,239750302,大润发(西乡塘店),广西壮族自治区,南宁市,hmkt
20251411,ELEME,76W011672A,239750303,大润发(先锋岛店),江苏省,盐城市,hmkt
20251411,ELEME,76W011692A,239750354,罗森便利店(益州大道中段店),四川省,成都市,cvs
20251411,ELEME,76W011698A,239750439,7-Eleven便利店(金翠园-7112店),广东省,深圳市,cvs
20251411,ELEME,76W011699A,239750447,中百罗森(中城国际店),湖北省,武汉市,cvs
20251411,ELEME,76W011756A,239751397,怡家乐(广建店),江苏省,苏州市,cvs
20251411,ELEME,76W011759A,239751414,1+家超市(会龙店),四川省,成都市,cvs
20251411,ELEME,76W011794A,239752287,罗森便利店(阳光今典店),重庆市,重庆市,cvs
20251411,ELEME,76W011801A,239752300,大润发(九江店),江西省,九江市,hmkt
20251411,ELEME,76W011825A,239752356,罗森便利店(香年广场店),四川省,成都市,cvs
20251411,ELEME,76W011894A,239753431,中百罗森(古田二路店),湖北省,武汉市,cvs
20251411,ELEME,76W011927A,239754319,大润发(平湖店),浙江省,嘉兴市,hmkt
20251411,ELEME,76W011928A,239754320,大润发(相山店),安徽省,淮北市,hmkt
20251411,ELEME,76W011929A,239754321,大润发(铜陵店),安徽省,铜陵市,hmkt
20251411,ELEME,76W011950A,239754407,711(鹭洲里店),四川省,成都市,cvs
20251411,ELEME,76W011956A,239754453,中百罗森(长城汇店),湖北省,武汉市,cvs
20251411,ELEME,76W012003A,239759239,悦来悦喜(御玺大厦店),河南省,郑州市,cvs
20251411,ELEME,76W012021A,239759326,麦德龙(郑州郑东店),河南省,郑州市,
20251411,ELEME,76W012060A,239760061,711(东方广场店),四川省,成都市,cvs
20251411,ELEME,76W012071A,239760119,中百罗森(江汉北路店),湖北省,武汉市,cvs
20251411,ELEME,76W012073A,239760121,中百罗森(拉德芳斯店),湖北省,武汉市,cvs
20251411,ELEME,76W012103A,239760343,麦德龙(镇江开发区店),江苏省,镇江市,
20251411,ELEME,76W012104A,239760344,麦德龙(天津红桥店),天津市,天津市,
20251411,ELEME,76W012107A,239760354,大润发(鼓楼店),江苏省,南京市,hmkt
20251411,ELEME,76W012110A,239760370,乐豆家(太华山庄0170店),江西省,南昌市,cvs
20251411,ELEME,76W012130A,239760436,中百超市(君安花园店),湖北省,武汉市,mmkt
20251411,ELEME,76W012158A,239761158,中百超市(锦绣人家店),湖北省,武汉市,mmkt
20251411,ELEME,76W012222A,239762047,元初食品(五缘尊府店),福建省,厦门市,mmkt
20251411,ELEME,76W012223A,239762048,元初食品(文屏路店),福建省,厦门市,mmkt
20251411,ELEME,76W012230A,239762083,7-Eleven便利店(树熊街-0263),广东省,广州市,cvs
20251411,ELEME,76W012243A,239762272,十足便利店(博纳大厦店),浙江省,宁波市,cvs
20251411,ELEME,76W012266A,239762331,大润发(大石桥店),辽宁省,营口市,hmkt
20251411,ELEME,76W012291A,239762419,中百超市(常青花园三店),湖北省,武汉市,mmkt
20251411,ELEME,76W012300A,239763059,7-Eleven便利店(中华广场1586店),广东省,广州市,cvs
20251411,ELEME,76W012311A,239763201,世纪联华(新昌世贸广场店),浙江省,绍兴市,smkt
20251411,ELEME,76W012315A,239763224,7-Eleven便利店(同德商场-0706店),广东省,深圳市,cvs
20251411,ELEME,76W012330A,239763256,麦德龙(成都青羊店),四川省,成都市,
20251411,ELEME,76W012364A,239764065,7-Eleven便利店(城市广场1-1039店),广东省,广州市,cvs
20251411,ELEME,76W012366A,239764077,中百罗森(汇丰总部店),湖北省,武汉市,cvs
20251411,ELEME,76W012370A,239764131,中百超市(紫阳店),湖北省,武汉市,mmkt
20251411,ELEME,76W012379A,239764243,世纪联华(杭州丁兰广场店),浙江省,杭州市,hmkt
20251411,ELEME,76W012400A,239764303,麦德龙(沈阳铁西店),辽宁省,沈阳市,
20251411,ELEME,76W012402A,239764316,大润发(清溪店),安徽省,合肥市,hmkt
20251411,ELEME,76W012403A,239764317,大润发(繁昌店),安徽省,芜湖市,hmkt
20251411,ELEME,76W012460A,239765266,Today(汉街一店),湖北省,武汉市,cvs
20251411,ELEME,76W012463A,239765281,大润发(莱州店),山东省,烟台市,hmkt
20251411,ELEME,76W012478A,239765341,之佳便利(金色维也纳店),云南省,昆明市,cvs
20251411,ELEME,76W012502A,239766105,罗森便利店(江津一中店),重庆市,重庆市,cvs
20251411,ELEME,76W012515A,239766263,十足便利店(慈溪永利大厦店),浙江省,宁波市,cvs
20251411,ELEME,76W012532A,239766302,麦德龙(宁波鄞州店),浙江省,宁波市,
20251411,ELEME,76W012560A,239767015,1+家超市(洛森堡店),四川省,成都市,cvs
20251411,ELEME,76W012579A,239767197,十足便利店(永裕路店),浙江省,温州市,cvs
20251411,ELEME,76W012581A,239767214,悦来悦喜便利店(华城店),河南省,郑州市,cvs
20251411,ELEME,76W012587A,239767238,世纪联华(杭州三墩店),浙江省,杭州市,smkt
20251411,ELEME,76W012590A,239767255,之上便利店(拱瑞店),浙江省,温州市,cvs
20251411,ELEME,76W012638A,239767417,捷客便利(玉泉店),陕西省,咸阳市,cvs
20251411,ELEME,76W012681A,239768266,麦德龙(无锡锡山店),江苏省,无锡市,
20251411,ELEME,76W012686A,239768304,中百超市(光华路三店),湖北省,武汉市,mmkt
20251411,ELEME,76W012710A,239769034,优同便利店(长城路店),山东省,青岛市,cvs
20251411,ELEME,76W012712A,239769036,7-Eleven便利店(时代玫瑰-0184),广东省,广州市,cvs
20251411,ELEME,76W012722A,239769054,中百罗森(上东汇店),湖北省,武汉市,cvs
20251411,ELEME,76W012729A,239769186,麦德龙(深圳罗湖店),广东省,深圳市,
20251411,ELEME,76W012758A,239769299,优同便利店(嵩山二路店),山东省,青岛市,cvs
20251411,ELEME,76W012761A,239769306,麦德龙(大连西岗店),辽宁省,大连市,
20251411,ELEME,76W012780A,239769381,7-Eleven便利店(瀚天科技-0490店),广东省,佛山市,cvs
20251411,ELEME,76W012810A,239770152,十足便利店(保利店),浙江省,宁波市,cvs
20251411,ELEME,76W012813A,239770205,世纪联华(武康中兴路店),浙江省,湖州市,hmkt
20251411,ELEME,76W012817A,239770230,中百罗森(胜利街店),湖北省,武汉市,cvs
20251411,ELEME,76W012853A,239770339,苏果生活超市(马鞍山湖东中路店),安徽省,马鞍山市,cvs
20251411,ELEME,76W012921A,239771323,优同便利店(凤凰城店),山东省,济南市,cvs
20251411,ELEME,76W012926A,239771339,之佳便利(华山南路店),云南省,昆明市,cvs
20251411,ELEME,76W012927A,239771340,7-Eleven便利店(天安中心-3035店),广东省,佛山市,cvs
20251411,ELEME,76W012943A,239772048,7-Eleven便利店(林和村1125店),广东省,广州市,cvs
20251411,ELEME,76W012963A,239772252,十足便利店(兴达路店),浙江省,温州市,cvs
20251411,ELEME,76W013013A,239773052,麦德龙(普陀店),上海市,上海市,
20251411,ELEME,76W013033A,239773227,7-Eleven便利店(芒果网大厦7091店),广东省,深圳市,cvs
20251411,ELEME,76W013057A,239773273,麦德龙(武汉洪山店),湖北省,武汉市,
20251411,ELEME,76W013058A,239773274,苏果生活超市(丁家庄店),江苏省,南京市,smkt
20251411,ELEME,76W013061A,239773285,大润发(南岗店),黑龙江省,哈尔滨市,hmkt
20251411,ELEME,76W013066A,239773318,大润发(高鑫广场店),浙江省,宁波市,hmkt
20251411,ELEME,76W013074A,239773340,悦来悦喜(瑞达路店),河南省,郑州市,cvs
20251411,ELEME,76W013078A,239773355,优同便利店(凯德店),山东省,青岛市,cvs
20251411,ELEME,76W013080A,239773362,中百超市(天泽一方店),湖北省,武汉市,mmkt
20251411,ELEME,76W013088A,239773379,7-Eleven便利店(萝岗新福港1130店),广东省,广州市,cvs
20251411,ELEME,76W013100A,239774044,中百罗森(徐家棚店),湖北省,武汉市,cvs
20251411,ELEME,76W013130A,239774248,十足便利店(集合广场店),浙江省,宁波市,cvs
20251411,ELEME,76W013131A,239774250,麦德龙(哈尔滨道里店),黑龙江省,哈尔滨市,
20251411,ELEME,76W013134A,239774266,大润发(春申店),上海市,上海市,hmkt
20251411,ELEME,76W013177A,239775138,十足便利店(总部壹号店),浙江省,宁波市,cvs
20251411,ELEME,76W013178A,239775194,世纪联华(航海路店),浙江省,杭州市,hmkt
20251411,ELEME,76W013215A,239775292,中百超市(金龙花园二店),湖北省,武汉市,mmkt
20251411,ELEME,76W013237A,239776035,Today(中央荣御店),湖北省,武汉市,cvs
20251411,ELEME,76W013268A,239776254,麦德龙(厦门湖里店),福建省,厦门市,
20251411,ELEME,76W013380A,239778174,世纪联华(临平丘山店),浙江省,杭州市,smkt
20251411,ELEME,76W013383A,239778203,7-Eleven便利店(淘金店-0510店),广东省,广州市,cvs
20251411,ELEME,76W013397A,239778238,麦德龙(泉州丰泽店),福建省,泉州市,
20251411,ELEME,76W013400A,239778256,大润发(大宁店),上海市,上海市,hmkt
20251411,ELEME,76W013410A,239778280,大润发(华阳店),四川省,成都市,hmkt
20251411,ELEME,76W013419A,239778311,之佳便利(鑫园小区店),云南省,昆明市,cvs
20251411,ELEME,76W013463A,239779218,悦来悦喜便利店(大学科技园三店),河南省,郑州市,cvs
20251411,ELEME,76W013557A,239780292,大润发(铂金店),吉林省,松原市,hmkt
20251411,ELEME,76W013604A,239781041,美宜佳便利店(紫莱W013店),湖北省,武汉市,cvs
20251411,ELEME,76W013631A,239781262,麦德龙(宁波海曙店),浙江省,宁波市,
20251411,ELEME,76W013632A,239781263,麦德龙(虹湾路店),上海市,上海市,
20251411,ELEME,76W013679A,239782213,中百罗森(创立方店),湖北省,武汉市,cvs
20251411,ELEME,76W013699A,239782252,麦德龙(浦东店),上海市,上海市,
20251411,ELEME,76W013712A,239782323,7-Eleven便利店(江南明居-0354店),广东省,佛山市,cvs
20251411,ELEME,76W013770A,239783267,大润发(大唐店),浙江省,绍兴市,hmkt
20251411,ELEME,76W013852A,239784247,苏果生活超市(汉中鸿运店),江苏省,南京市,cvs
20251411,ELEME,76W013861A,239784284,悦来悦喜便利店(嵩山大厦店),河南省,郑州市,cvs
20251411,ELEME,76W013900A,239785139,十足便利店(广化店),浙江省,温州市,cvs
20251411,ELEME,76W013904A,239785169,世纪联华(杭州丰庆路店),浙江省,杭州市,hmkt
20251411,ELEME,76W013961A,239786129,世纪联华(柯桥笛扬路店),浙江省,绍兴市,smkt
20251411,ELEME,76W013962A,239786146,十足便利店(瑞凤店),浙江省,温州市,cvs
20251411,ELEME,76W013969A,239786160,7-Eleven便利店(富华路-3004店),广东省,佛山市,cvs
20251411,ELEME,76W014015A,239787073,十足便利店(钻石广场店),浙江省,宁波市,cvs
20251411,ELEME,76W014016A,239787099,元初食品(嵩屿店),福建省,厦门市,mmkt
20251411,ELEME,76W014028A,239787141,美宜佳(国际家纺城渝00093店),重庆市,重庆市,cvs
20251411,ELEME,76W014050A,239787217,中百超市(黄石二中店),湖北省,黄石市,mmkt
20251411,ELEME,76W014055A,239787238,苏果生活超市(马鞍山珍珠园店),安徽省,马鞍山市,mmkt
20251411,ELEME,76W014077A,239788143,十足便利店(山水名都店),浙江省,温州市,cvs
20251411,ELEME,76W014105A,239788192,中百罗森(软件园居然之家店),湖北省,武汉市,cvs
20251411,ELEME,76W014107A,239788221,大润发(海盐店),浙江省,嘉兴市,hmkt
20251411,ELEME,76W014111A,239788245,大润发(胜利店),浙江省,绍兴市,hmkt
20251411,ELEME,76W014115A,239788280,优同便利店(蓝山湾二店),山东省,青岛市,cvs
20251411,ELEME,76W014128A,239789098,悦来悦喜便利店(世博店),河南省,郑州市,cvs
20251411,ELEME,76W014152A,239789189,麦德龙(南通崇川店),江苏省,南通市,
20251411,ELEME,76W014172A,239790073,十足便利店(东胜路店),浙江省,宁波市,cvs
20251411,ELEME,76W014173A,239790103,悦来悦喜便利店(现代城店),河南省,郑州市,cvs
20251411,ELEME,76W014175A,239790125,世纪联华(海盐新桥南路店),浙江省,嘉兴市,smkt
20251411,ELEME,76W014193A,239790190,麦德龙(嘉兴店),浙江省,嘉兴市,
20251411,ELEME,76W014206A,239790272,7-Eleven便利店(海景酒店-0736),广东省,深圳市,cvs
20251411,ELEME,76W014207A,239790273,7-Eleven便利店(百利广场-4201店),广东省,阳江市,cvs
20251411,ELEME,76W014225A,239791145,十足便利店(韵恒大厦店),浙江省,宁波市,cvs
20251411,ELEME,76W014240A,239791196,麦德龙(南昌青山湖店),江西省,南昌市,
20251411,ELEME,76W014245A,239791217,大润发(湾沚店),安徽省,芜湖市,hmkt
20251411,ELEME,76W014249A,239791230,乐豆家(麦迪逊广场0073店),江西省,南昌市,cvs
20251411,ELEME,76W014260A,239791277,7-Eleven便利店(汇通广场-1093店),广东省,广州市,cvs
20251411,ELEME,76W014277A,239791308,7-Eleven便利店(丽江南-0105店),广东省,广州市,cvs
20251411,ELEME,76W014309A,239792216,麦德龙(福州仓山店),福建省,福州市,
20251411,ELEME,76W014310A,239792217,麦德龙(西安雁塔店),陕西省,西安市,
20251411,ELEME,76W014311A,239792225,7-Eleven便利店(行政服务中心-3032店),广东省,佛山市,cvs
20251411,ELEME,76W014312A,239792226,7-Eleven便利店(兴华广场5220店),广东省,湛江市,cvs
20251411,ELEME,76W014315A,239792232,大润发(桐庐店),浙江省,杭州市,hmkt
20251411,ELEME,76W014379A,239793187,大润发(承德店),河北省,承德市,hmkt
20251411,ELEME,76W014398A,239793270,中百超市(芳草苑店),湖北省,武汉市,mmkt
20251411,ELEME,76W014401A,239793275,中百超市(中交江锦湾二店),湖北省,武汉市,mmkt
20251411,ELEME,76W014403A,239794061,十足便利店(江南一品店),浙江省,宁波市,cvs
20251411,ELEME,76W014429A,239794179,麦德龙(杭州金家渡店),浙江省,杭州市,
20251411,ELEME,76W014437A,239794217,中百罗森(光谷未来之光店),湖北省,武汉市,cvs
20251411,ELEME,76W014438A,239794219,中百罗森(钟家村店),湖北省,武汉市,cvs
20251411,ELEME,76W014465A,239795001,中百超市(后湖花园店),湖北省,武汉市,mmkt
20251411,ELEME,76W014466A,239795002,中百超市(黄浦公馆店),湖北省,武汉市,mmkt
20251411,ELEME,76W014494A,239795194,大润发(正阳店),四川省,南充市,hmkt
20251411,ELEME,76W014497A,239795197,大润发(临泉店),安徽省,阜阳市,hmkt
20251411,ELEME,76W014498A,239795198,大润发(璧山店),重庆市,重庆市,hmkt
20251411,ELEME,76W014525A,239796098,悦来悦喜便利店(商务内环路店),河南省,郑州市,cvs
20251411,ELEME,76W014549A,239796195,麦德龙(闵行店),上海市,上海市,
20251411,ELEME,76W014550A,239796196,麦德龙(台州开发区店),浙江省,台州市,
20251411,ELEME,76W014562A,239796293,中百超市(旅大街店),湖北省,武汉市,mmkt
20251411,ELEME,76W014582A,239797155,7-Eleven便利店(大北路-0193店),广东省,广州市,cvs
20251411,ELEME,76W014599A,239797191,麦德龙(长沙岳麓店),湖南省,长沙市,
20251411,ELEME,76W014600A,239797192,麦德龙(广州白云店),广东省,广州市,
20251411,ELEME,76W014604A,239797207,大润发(锡山店),江苏省,无锡市,hmkt
20251411,ELEME,76W014619A,239797269,之佳便利(水映长岛店),云南省,昆明市,cvs
20251411,ELEME,76W014620A,239797270,之佳便利(云上城店),云南省,昆明市,cvs
20251411,ELEME,76W014644A,239798150,7-Eleven便利店(棠石店-0530店),广东省,广州市,cvs
20251411,ELEME,76W014663A,239798189,麦德龙(嘉定店),上海市,上海市,
20251411,ELEME,76W014703A,239799140,十足便利店(余姚银泰店),浙江省,宁波市,cvs
20251411,ELEME,76W014723A,239799181,麦德龙(北京十里河店),北京市,北京市,
20251411,ELEME,76W014731A,239799219,中百超市(黄石阳光新干线店),湖北省,黄石市,mmkt
20251411,ELEME,76W014781A,239800159,麦德龙(松江店),上海市,上海市,
20251411,ELEME,76W014810A,239800254,7-Eleven便利店(宏汇城3318店),广东省,佛山市,cvs
20251411,ELEME,76W014845A,239801181,麦德龙(南京雨花店),江苏省,南京市,
20251411,ELEME,76W014846A,239801182,麦德龙(武汉硚口店),湖北省,武汉市,
20251411,ELEME,76W014882A,239802104,十足便利店(前庄店),浙江省,温州市,cvs
20251411,ELEME,76W014901A,239802157,麦德龙(株洲店),湖南省,株洲市,
20251411,ELEME,76W014923A,239802227,7-Eleven便利店(京鹏大厦7094店),广东省,深圳市,cvs
20251411,ELEME,76W014992A,239804131,7-Eleven便利店(紫荆街-0097店),广东省,广州市,cvs
20251411,ELEME,76W015004A,239804158,麦德龙(苏州高新区店),江苏省,苏州市,
20251411,ELEME,76W015006A,239804173,大润发(宁夏店),山东省,青岛市,hmkt
20251411,ELEME,76W015049A,239805140,Today(联投金色港湾店),湖北省,武汉市,cvs
20251411,ELEME,76W015066A,239805171,麦德龙(宁波慈溪店),浙江省,宁波市,
20251411,ELEME,76W015069A,239805184,大润发(关河店),江苏省,常州市,hmkt
20251411,ELEME,76W015079A,239805242,中百超市(黄鹂路店),湖北省,武汉市,mmkt
20251411,ELEME,76W015084A,239805247,之佳便利(西站店),云南省,昆明市,cvs
20251411,ELEME,76W015113A,239806123,中百罗森(万科嘉园店),湖北省,武汉市,cvs
20251411,ELEME,76W015115A,239806129,7-Eleven便利店(寺右南-0003店),广东省,广州市,cvs
20251411,ELEME,76W015116A,239806134,中百罗森(音乐学院店),湖北省,武汉市,cvs
20251411,ELEME,76W015137A,239806215,中百罗森(华园路店),湖北省,武汉市,cvs
20251411,ELEME,76W015160A,239807065,麦德龙(广州花都店),广东省,广州市,
20251411,ELEME,76W015161A,239807068,十足便利店(上涂店),浙江省,温州市,cvs
20251411,ELEME,76W015202A,239807255,之佳便利(曲靖火车站店),云南省,曲靖市,cvs
20251411,ELEME,76W015236A,239808148,麦德龙(绍兴店),浙江省,绍兴市,
20251411,ELEME,76W015270A,239808247,中百超市(珞桂小区店),湖北省,武汉市,mmkt
20251411,ELEME,76W015284A,239809128,十足便利店(楠江店),浙江省,温州市,cvs
20251411,ELEME,76W015306A,239809175,麦德龙(青岛四方店),山东省,青岛市,
20251411,ELEME,76W015313A,239809200,新佳宜(融科东南海1928店),湖南省,长沙市,cvs
20251411,ELEME,76W015375A,239810150,大润发(泰兴店),江苏省,泰州市,hmkt
20251411,ELEME,76W015378A,239810174,中百罗森(金桥壹号店),湖北省,武汉市,cvs
20251411,ELEME,76W015523A,239813069,世纪联华(萧然东路店),浙江省,杭州市,smkt
20251411,ELEME,76W015527A,239813095,7-Eleven便利店(富力金禧-1025店),广东省,广州市,cvs
20251411,ELEME,76W015543A,239813128,优同便利店(龙城店),山东省,青岛市,cvs
20251411,ELEME,76W015544A,239813131,麦德龙(青浦店),上海市,上海市,
20251411,ELEME,76W015545A,239813132,Metro麦德龙(金山店),上海市,上海市,
20251411,ELEME,76W015546A,239813133,麦德龙(沈阳浑南店),辽宁省,沈阳市,
20251411,ELEME,76W015547A,239813147,大润发(荣成店),山东省,威海市,hmkt
20251411,ELEME,76W015553A,239813179,中百超市(胜利街三店),湖北省,武汉市,mmkt
20251411,ELEME,76W015572A,239814018,十足便利店(龙霞店),浙江省,温州市,cvs
20251411,ELEME,76W015599A,239814118,麦德龙(南京下关店),江苏省,南京市,
20251411,ELEME,76W015609A,239814186,美宜佳(东西湖四明路43店),湖北省,武汉市,cvs
20251411,ELEME,76W015787A,240025455,美宜佳(凯旋城M250店),广东省,惠州市,cvs
20251411,ELEME,76W015806A,240029457,美宜佳(新市二街4050店),广东省,东莞市,cvs
20251411,ELEME,76W015850A,240034465,永辉超市(华发商都店),广东省,珠海市,
20251411,ELEME,76W015867A,240035498,百世邻里超市(回龙观店),北京市,北京市,
20251411,ELEME,76W015868A,240036431,可好(黄岛锦绣吉祥010121店),山东省,青岛市,cvs
20251411,ELEME,76W015906A,240039443,美宜佳(V01168常平大道店),广东省,东莞市,cvs
20251411,ELEME,76W015917A,240040412,可好(温哥华花园010062店),山东省,青岛市,cvs
20251411,ELEME,76W015940A,240041457,十足便利店(芙峰街店),浙江省,金华市,cvs
20251411,ELEME,76W015941A,240041458,十足便利店(处州街店),浙江省,丽水市,cvs
20251411,ELEME,76W015954A,240041500,联华超市(万源店),上海市,上海市,mmkt
20251411,ELEME,76W015977A,240042310,友客(井冈山一店),山东省,青岛市,cvs
20251411,ELEME,76W015996A,240042360,新天地超市(重工北街店),辽宁省,沈阳市,cvs
20251411,ELEME,76W016018A,240043255,十足便利店(括苍路店),浙江省,丽水市,cvs
20251411,ELEME,76W016019A,240043258,十足便利店(西溪山庄店),浙江省,台州市,cvs
20251411,ELEME,76W016053A,240043491,美好便利(泰兴黄桥文明店),江苏省,泰州市,cvs
20251411,ELEME,76W016064A,240044251,十足便利店(赵宅路二店),浙江省,金华市,cvs
20251411,ELEME,76W016116A,240045265,十足便利店(金城路店),浙江省,金华市,cvs
20251411,ELEME,76W016161A,240046141,美宜佳(和畅东M351店),广东省,惠州市,cvs
20251411,ELEME,76W016173A,240046245,十足便利店(管宁小区店),浙江省,绍兴市,cvs
20251411,ELEME,76W016179A,240046273,新力有家便利店(中建广场店),湖北省,武汉市,cvs
20251411,ELEME,76W016230A,240047235,十足便利店(椒联店),浙江省,台州市,cvs
20251411,ELEME,76W016238A,240047266,友客(夏塔路黄埠店),山东省,青岛市,cvs
20251411,ELEME,76W016253A,240047302,柴柴便利(高新店),陕西省,西安市,
20251411,ELEME,76W016294A,240048220,十足便利店(丹溪四区店),浙江省,金华市,cvs
20251411,ELEME,76W016313A,240048289,金中山超市(名汇广场店),福建省,厦门市,
20251411,ELEME,76W016334A,240048373,新天地超市(国民店),黑龙江省,哈尔滨市,cvs
20251411,ELEME,76W016345A,240048500,海润亿家超市(金福里店),天津市,天津市,
20251411,ELEME,76W016363A,240049220,十足便利店(鉴湖新村店),浙江省,绍兴市,cvs
20251411,ELEME,76W016366A,240049246,友客(开发区钱塘江路店),山东省,青岛市,cvs
20251411,ELEME,76W016433A,240050258,新力有家便利店(岳家嘴站二店),湖北省,武汉市,cvs
20251411,ELEME,76W016452A,240050342,麦德龙(江阴店),江苏省,无锡市,
20251411,ELEME,76W016453A,240050343,麦德龙(成都高新店),四川省,成都市,
20251411,ELEME,76W016462A,240050465,美好便利(靖江斜桥东阜店),江苏省,泰州市,cvs
20251411,ELEME,76W016554A,240052224,十足便利店(东方国际村店),浙江省,金华市,cvs
20251411,ELEME,76W016589A,240052471,新天地超市(东陵西路店),辽宁省,沈阳市,cvs
20251411,ELEME,76W016591A,240052473,新天地超市(铁百店),辽宁省,沈阳市,cvs
20251411,ELEME,76W016643A,240053479,可好(南京路010156店),山东省,青岛市,cvs
20251411,ELEME,76W016660A,240054231,新力有家便利店(循礼门店),湖北省,武汉市,cvs
20251411,ELEME,76W016671A,240054270,客之惠生活超市,陕西省,西安市,
20251411,ELEME,76W016687A,240054322,711(龙头公寓店),北京市,北京市,cvs
20251411,ELEME,76W016727A,240055222,新力有家便利店(蓝天碧水店),江西省,南昌市,cvs
20251411,ELEME,76W016745A,240055320,新天地超市(八一水韵城店),吉林省,长春市,cvs
20251411,ELEME,76W016746A,240055322,苏果生活超市(亚东文苑路店),江苏省,南京市,smkt
20251411,ELEME,76W016776A,240056225,新力有家便利店(明园九龙湾店),江西省,南昌市,cvs
20251411,ELEME,76W016785A,240056265,麦德好超市(佰富时代中心店),浙江省,杭州市,
20251411,ELEME,76W016786A,240056266,天猫小店(有壹家便利店),四川省,成都市,
20251411,ELEME,76W016799A,240056315,苏果生活超市(景佳村店),江苏省,南京市,smkt
20251411,ELEME,76W016815A,240056469,爱特点超市北岸尚城店,天津市,天津市,
20251411,ELEME,76W016830A,240057106,中百超市硬折扣店(华城新都店),湖北省,武汉市,mmkt
20251411,ELEME,76W016858A,240057281,新天地超市(育民店),黑龙江省,哈尔滨市,cvs
20251411,ELEME,76W016886A,240058068,可好(黄岛官厅010108店),山东省,青岛市,cvs
20251411,ELEME,76W016893A,240058154,十足便利店(丽阳国际店),浙江省,丽水市,cvs
20251411,ELEME,76W016895A,240058164,十足便利店(东辉中路店),浙江省,台州市,cvs
20251411,ELEME,76W016896A,240058193,友客(延安一路店),山东省,青岛市,cvs
20251411,ELEME,76W016913A,240058236,新天地超市(支农大街店),吉林省,长春市,cvs
20251411,ELEME,76W016914A,240058237,新天地超市(重庆路店),吉林省,长春市,cvs
20251411,ELEME,76W016936A,240058472,711(富力天越园店),天津市,天津市,cvs
20251411,ELEME,76W016982A,240059266,新天地超市(荣光路店),吉林省,长春市,cvs
20251411,ELEME,76W017039A,240060173,十足便利店(英阁小区店),浙江省,金华市,cvs
20251411,ELEME,76W017110A,240061059,怡家乐(悦湖店),江苏省,苏州市,cvs
20251411,ELEME,76W017124A,240061141,十足便利店(金华中山路店),浙江省,金华市,cvs
20251411,ELEME,76W017131A,240061164,友客(夏津路店),山东省,青岛市,cvs
20251411,ELEME,76W017133A,240061169,新力有家便利店(万科锦程店),湖北省,武汉市,cvs
20251411,ELEME,76W017147A,240061242,易木匠超市,四川省,成都市,
20251411,ELEME,76W017161A,240061388,新天地超市(万福街贰店),吉林省,长春市,cvs
20251411,ELEME,76W017211A,240062204,新力有家便利店(第一街区店),江西省,南昌市,cvs
20251411,ELEME,76W017273A,240063151,十足便利店(五洲店),浙江省,台州市,cvs
20251411,ELEME,76W017281A,240063183,友客(漳州路店),山东省,青岛市,cvs
20251411,ELEME,76W017302A,240063278,可好(闽江路010021店),山东省,青岛市,cvs
20251411,ELEME,76W017313A,240063426,多乐便利店,黑龙江省,大庆市,
20251411,ELEME,76W017338A,240064162,十足便利店(九龙二店),浙江省,台州市,cvs
20251411,ELEME,76W017397A,240065088,中百超市硬折扣店(积玉桥二店),湖北省,武汉市,mmkt
20251411,ELEME,76W017410A,240065160,十足便利店(赤城二店),浙江省,台州市,cvs
20251411,ELEME,76W017412A,240065186,新力有家便利店(国贸天琴湾店),江西省,南昌市,cvs
20251411,ELEME,76W017446A,240065400,新天地超市(沈营大街店),辽宁省,沈阳市,cvs
20251411,ELEME,76W017448A,240065402,新天地超市(林语家话店),辽宁省,沈阳市,cvs
20251411,ELEME,76W017451A,240065420,美宜佳(创世纪广场湘00519店),湖南省,长沙市,cvs
20251411,ELEME,76W017492A,240066174,友客(振华路西流店),山东省,青岛市,cvs
20251411,ELEME,76W017538A,240066427,可好(福辽立交桥010036店),山东省,青岛市,cvs
20251411,ELEME,76W017569A,240067121,十足便利店(君悦店),浙江省,台州市,cvs
20251411,ELEME,76W017577A,240067154,十足便利店(金桥店),浙江省,温州市,cvs
20251411,ELEME,76W017614A,240067435,唐久便利(凯旋门店),陕西省,西安市,cvs
20251411,ELEME,76W017625A,240067479,新天地超市(大庆店),辽宁省,沈阳市,cvs
20251411,ELEME,76W017714A,240069047,美宜佳[龙华龙苑店],广东省,深圳市,cvs
20251411,ELEME,76W017722A,240069148,友客(香港西路汉庭店),山东省,青岛市,cvs
20251411,ELEME,76W017726A,240069165,联华超市(延平店),上海市,上海市,mmkt
20251411,ELEME,76W017764A,240069410,新天地超市(飞跃路贰店),吉林省,长春市,cvs
20251411,ELEME,76W017780A,240069496,美宜佳(武广美寓湘00826店),湖南省,长沙市,cvs
20251411,ELEME,76W017880A,240071118,十足便利店(景元西苑店),浙江省,台州市,cvs
20251411,ELEME,76W017887A,240071152,友客(胶州市广州南路店),山东省,青岛市,cvs
20251411,ELEME,76W017910A,240071261,麦德龙(长沙开福店),湖南省,长沙市,
20251411,ELEME,76W017924A,240071412,美好便利(盐城中海世纪公馆店),江苏省,盐城市,cvs
20251411,ELEME,76W017940A,240071480,711(平安大厦店),天津市,天津市,cvs
20251411,ELEME,76W017979A,240072211,可好(香港花园010074店),山东省,青岛市,cvs
20251411,ELEME,76W018013A,240072398,唐久便利(小寨东路财经学院店),陕西省,西安市,cvs
20251411,ELEME,76W018047A,240073044,芙蓉兴盛(田盛街店),浙江省,湖州市,
20251411,ELEME,76W018062A,240073145,联华超市(钦州南路店),上海市,上海市,mmkt
20251411,ELEME,76W018085A,240073228,优享购超市(中北镇店),天津市,天津市,
20251411,ELEME,76W018091A,240073358,美好便利(无锡湖滨店),江苏省,无锡市,cvs
20251411,ELEME,76W018100A,240073415,啵啵兔超市望仙路店,浙江省,金华市,
20251411,ELEME,76W018129A,240074136,友客(东方影都店),山东省,青岛市,cvs
20251411,ELEME,76W018148A,240074189,新天地超市(园丁三店),吉林省,长春市,cvs
20251411,ELEME,76W018160A,240074351,新天地超市(滂江街店),辽宁省,沈阳市,cvs
20251411,ELEME,76W018180A,240074460,美宜佳(博泰赣00242店),江西省,南昌市,cvs
20251411,ELEME,76W018184A,240074471,新天地超市(富雅豪临店),辽宁省,沈阳市,cvs
20251411,ELEME,76W018192A,240075012,文峰超市(观音山店),江苏省,南通市,mmkt
20251411,ELEME,76W018205A,240075095,十足便利店(商会大厦店),浙江省,丽水市,cvs
20251411,ELEME,76W018215A,240075140,新力有家便利店(绿茵路二店),江西省,南昌市,cvs
20251411,ELEME,76W018315A,240076180,新天地超市(南六东店),辽宁省,沈阳市,cvs
20251411,ELEME,76W018458A,240078134,友客(北江支路店),山东省,青岛市,cvs
20251411,ELEME,76W018462A,240078164,美宜佳(海沧万科F309店),福建省,厦门市,cvs
20251411,ELEME,76W018551A,240079331,新天地超市(松花江东街店),辽宁省,沈阳市,cvs
20251411,ELEME,76W018572A,240079437,美宜佳(丁公路地铁赣00171店),江西省,南昌市,cvs
20251411,ELEME,76W018573A,240079438,新力有家便利店(香澜水岸店),湖北省,武汉市,cvs
20251411,ELEME,76W018608A,240080132,新力有家便利店(中创大厦店),江西省,南昌市,cvs
20251411,ELEME,76W018609A,240080133,新力有家便利店(民德路一店),江西省,南昌市,cvs
20251411,ELEME,76W018680A,240081029,中百超市硬折扣店(东湖景园店),湖北省,武汉市,mmkt
20251411,ELEME,76W018681A,240081072,十足便利店(白鹭金滩店),浙江省,绍兴市,cvs
20251411,ELEME,76W018682A,240081073,十足便利店(官河横路店),浙江省,绍兴市,cvs
20251411,ELEME,76W018686A,240081099,友客(西吴路店),山东省,青岛市,cvs
20251411,ELEME,76W018715A,240081328,美好便利(靖江中天景园店),江苏省,泰州市,cvs
20251411,ELEME,76W018786A,240082163,柴柴便利(钟楼店),陕西省,西安市,
20251411,ELEME,76W018806A,240082363,麦客联华超市(西湖店),浙江省,杭州市,
20251411,ELEME,76W018855A,240083191,新力有家便利店(锐创中心店),湖北省,武汉市,cvs
20251411,ELEME,76W018865A,240083223,新天地超市(南十八店),黑龙江省,哈尔滨市,cvs
20251411,ELEME,76W018895A,240083457,新天地超市(南九中路店),辽宁省,沈阳市,cvs
20251411,ELEME,76W018901A,240083481,711(碧水家园店),天津市,天津市,cvs
20251411,ELEME,76W018941A,240084209,玉红超市,天津市,天津市,
20251411,ELEME,76W019026A,240085169,日新达生活超市(盛唐城店),云南省,昆明市,mmkt
20251411,ELEME,76W019028A,240085177,可好(天晟苑010090店),山东省,青岛市,cvs
20251411,ELEME,76W019041A,240085311,美好便利(江阴渡江店),江苏省,无锡市,cvs
20251411,ELEME,76W019058A,240085376,乐事购便利店,北京市,北京市,
20251411,ELEME,76W019088A,240086039,十足便利店(城南新村店),浙江省,绍兴市,cvs
20251411,ELEME,76W019097A,240086078,友客(浮山后四小区店),山东省,青岛市,cvs
20251411,ELEME,76W019115A,240086175,苏果生活超市(来凤街标超店),江苏省,南京市,mmkt
20251411,ELEME,76W019122A,240086305,新天地超市(黄海路店),辽宁省,沈阳市,cvs
20251411,ELEME,76W019143A,240086390,美宜佳(吾悦广场苏00011店),江苏省,苏州市,cvs
20251411,ELEME,76W019176A,240087068,十分便利店(观日路店),福建省,厦门市,cvs
20251411,ELEME,76W019177A,240087071,友客(镇江路店),山东省,青岛市,cvs
20251411,ELEME,76W019201A,240087161,新力有家便利店(梦时代五店),江西省,南昌市,cvs
20251411,ELEME,76W019271A,240088083,新力有家便利店(武汉客厅店),湖北省,武汉市,cvs
20251411,ELEME,76W019282A,240088117,天猫小店(光谷店),湖北省,武汉市,
20251411,ELEME,76W019288A,240088159,美宜佳(电子城F001店),福建省,厦门市,cvs
20251411,ELEME,76W019299A,240088304,新天地超市(长白西路二店),辽宁省,沈阳市,cvs
20251411,ELEME,76W019300A,240088305,新天地超市(中山路店),辽宁省,沈阳市,cvs
20251411,ELEME,76W019356A,240089058,新力有家便利店(coco悦城店),江西省,南昌市,cvs
20251411,ELEME,76W019405A,240089381,711(中山路亚得商厦店),天津市,天津市,cvs
20251411,ELEME,76W019443A,240089500,凯裕超市,浙江省,温州市,
20251411,ELEME,76W019478A,240090166,711(四惠力源里北街店),北京市,北京市,cvs
20251411,ELEME,76W019489A,240090310,新天地超市(兴隆路店),吉林省,长春市,cvs
20251411,ELEME,76W019502A,240090375,唐久便利(天坛西路店),陕西省,西安市,cvs
20251411,ELEME,76W019582A,240091360,唐久便利(紫薇田园都市店),陕西省,西安市,cvs
20251411,ELEME,76W019608A,240091478,罗森便利店(1157郭东街金寓花园店),辽宁省,大连市,cvs
20251411,ELEME,76W019626A,240092067,友客(仙霞岭店),山东省,青岛市,cvs
20251411,ELEME,76W019628A,240092070,新力有家便利店(光谷世贸店),湖北省,武汉市,cvs
20251411,ELEME,76W019709A,240093019,十足便利店(椒江一店),浙江省,台州市,cvs
20251411,ELEME,76W019716A,240093051,联华超市(黄河店),上海市,上海市,mmkt
20251411,ELEME,76W019735A,240093091,新天地超市(建设街一店),吉林省,长春市,cvs
20251411,ELEME,76W019747A,240093149,新天地超市(北安店),黑龙江省,哈尔滨市,cvs
20251411,ELEME,76W019874A,240094346,新天地超市(永长路店),吉林省,长春市,cvs
20251411,ELEME,76W019920A,240095035,联华超市(桃浦店),上海市,上海市,mmkt
20251411,ELEME,76W019933A,240095099,大胖超市,山东省,青岛市,
20251411,ELEME,76W019943A,240095240,新天地超市(大南街店),辽宁省,沈阳市,cvs
20251411,ELEME,76W019971A,240095378,新天地超市(明廉店),辽宁省,沈阳市,cvs
20251411,ELEME,76W019998A,240096003,友客(台东三路店),山东省,青岛市,cvs
20251411,ELEME,76W020015A,240096052,新天地超市(硅谷大街店),吉林省,长春市,cvs
20251411,ELEME,76W020124A,240097100,麦德龙(昆明北辰店),云南省,昆明市,
20251411,ELEME,76W020229A,240098134,新力有家便利店(泛海六店),湖北省,武汉市,cvs
20251411,ELEME,76W020261A,240098281,极客生活超市(江汉店),湖北省,武汉市,
20251411,ELEME,76W020263A,240098286,南浦李红便利店(市府路店),浙江省,温州市,
20251411,ELEME,76W020310A,240098401,好又多超市(临安店),浙江省,杭州市,
20251411,ELEME,76W020442A,240099436,渊博便利店,天津市,天津市,
20251411,ELEME,76W020558A,240100378,叁贰便利店(奥城店),天津市,天津市,
20251411,ELEME,76W020574A,240100431,全家超市(怡岛路店),浙江省,舟山市,
20251411,ELEME,76W020676A,240101323,百佳汇食品超市,黑龙江省,牡丹江市,
20251411,ELEME,76W020747A,240102088,新力有家便利店(积玉桥店),湖北省,武汉市,cvs
20251411,ELEME,76W020885A,240103046,金果超市(华苑店),江苏省,常州市,
20251411,ELEME,76W020888A,240103060,唐久(首创国际城店),陕西省,西安市,cvs
20251411,ELEME,76W020939A,240103221,星期六超市·(农大校内店),黑龙江省,大庆市,
20251411,ELEME,76W020945A,240103242,苏城生活精品生活超市,江苏省,苏州市,
20251411,ELEME,76W021019A,240103450,京东便利店,浙江省,杭州市,
20251411,ELEME,76W021051A,240104110,711(金地格林世界店),天津市,天津市,cvs
20251411,ELEME,76W021052A,240104111,711(天津第三中学店),天津市,天津市,cvs
20251411,ELEME,76W021095A,240104285,美琪便利店(松江路店),辽宁省,大连市,
20251411,ELEME,76W021098A,240104297,绿橙GreenMart超市(城西店),浙江省,杭州市,mmkt
20251411,ELEME,76W021250A,240105390,亿乐美商店,黑龙江省,大庆市,
20251411,ELEME,76W021272A,240105479,美宜佳(豫115郑州中南海知音店),河南省,郑州市,cvs
20251411,ELEME,76W021311A,240106164,新佳宜(麓谷小镇1596店),湖南省,长沙市,cvs
20251411,ELEME,76W021406A,240106471,百润购物超市,陕西省,西安市,
20251411,ELEME,76W021418A,240107029,711(凯德国贸店),天津市,天津市,cvs
20251411,ELEME,76W021465A,240107203,24h便利(酒吧街店),江苏省,无锡市,
20251411,ELEME,76W021781A,240109479,隆盛超市(九二路邮政局店),福建省,泉州市,
20251411,ELEME,76W021782A,240109498,天秀生活超市,北京市,北京市,
20251411,ELEME,76W021799A,240110062,新天地超市(军立店),黑龙江省,哈尔滨市,cvs
20251411,ELEME,76W021892A,240110408,快时多超市(宏苑路店),浙江省,嘉兴市,
20251411,ELEME,76W022002A,240111302,联合100便利超市,天津市,天津市,
20251411,ELEME,76W022027A,240111378,奇琦零食店(景德镇陶瓷大学店),江西省,景德镇市,
20251411,ELEME,76W022075A,240112083,711(金狮桥地铁站店),天津市,天津市,cvs
20251411,ELEME,76W022137A,240112329,华联盈创(湖北路店),天津市,天津市,
20251411,ELEME,76W022148A,240112379,华联超市(蒙古路店),上海市,上海市,mmkt
20251411,ELEME,76W022236A,240113226,罗森(中央花园店),江苏省,常州市,cvs
20251411,ELEME,76W022290A,240113366,铁锋区荣兴百货超市,黑龙江省,齐齐哈尔市,
20251411,ELEME,76W022299A,240113423,邻满旺便利(快乐惠阳明山庄店),湖南省,长沙市,
20251411,ELEME,76W022335A,240114107,罗森便利店(1121东城天下店),辽宁省,大连市,cvs
20251411,ELEME,76W022385A,240114267,十字口超市,浙江省,温州市,
20251411,ELEME,76W022438A,240114483,美宜佳便利店(金海湾店),福建省,厦门市,cvs
20251411,ELEME,76W022457A,240115067,711(河东万达广场东侧店),天津市,天津市,cvs
20251411,ELEME,76W022630A,240116250,世纪家联,浙江省,温州市,
20251411,ELEME,76W022693A,240116477,华润万家(翠竹店),广东省,深圳市,hmkt
20251411,ELEME,76W022818A,240118019,苏果生活超市(扬州甘泉路店),江苏省,扬州市,mmkt
20251411,ELEME,76W022872A,240118230,宅小熊超市(余北大街店),浙江省,嘉兴市,
20251411,ELEME,76W022950A,240119063,711(下瓦房店),天津市,天津市,cvs
20251411,ELEME,76W023072A,240120102,罗森便利店(1091泉水欧尚广场店),辽宁省,大连市,cvs
20251411,ELEME,76W023155A,240120386,美宜佳(现代美居闽01001店),福建省,泉州市,cvs
20251411,ELEME,76W023157A,240120394,世纪忠迅超市(海宁店),浙江省,嘉兴市,
20251411,ELEME,76W023189A,240121024,新天地超市(大发店),黑龙江省,哈尔滨市,cvs
20251411,ELEME,76W023245A,240121238,俞引娣副食品店,浙江省,杭州市,
20251411,ELEME,76W023253A,240121254,佳而美超市(振兴中路店),浙江省,嘉兴市,
20251411,ELEME,76W023330A,240122065,711(若比邻商业中心店),天津市,天津市,cvs
20251411,ELEME,76W023411A,240122329,丰华百货超市,黑龙江省,齐齐哈尔市,
20251411,ELEME,76W023417A,240122374,快乐惠超市(银馨家园店),湖南省,长沙市,
20251411,ELEME,76W023448A,240122496,罗森便利店(房山燕化医院店),北京市,北京市,cvs
20251411,ELEME,76W023452A,240123006,新天地超市(复华店),黑龙江省,哈尔滨市,cvs
20251411,ELEME,76W023511A,240123244,天猫小店(龙居超市花园路店),天津市,天津市,
20251411,ELEME,76W023542A,240123340,源元满满超市,黑龙江省,牡丹江市,
20251411,ELEME,76W023543A,240123341,好尚好食品超市,黑龙江省,牡丹江市,
20251411,ELEME,76W023700A,240125020,711(南北大街天津湾店),天津市,天津市,cvs
20251411,ELEME,76W023703A,240125040,李博士便利店,山东省,青岛市,
20251411,ELEME,76W023744A,240125168,世纪华联(凯旋店),浙江省,杭州市,
20251411,ELEME,76W023765A,240125238,优晨便利店,天津市,天津市,
20251411,ELEME,76W023786A,240125290,邻里超市(杨浦店),上海市,上海市,
20251411,ELEME,76W023788A,240125300,哆哆超市(盛世豪庭店),浙江省,嘉兴市,
20251411,ELEME,76W023796A,240125349,美宜佳(美一城F215店),福建省,漳州市,cvs
20251411,ELEME,76W023799A,240125359,美宜佳(官龙名苑店),广东省,深圳市,cvs
20251411,ELEME,76W023821A,240125450,新天地超市(西塔街店),辽宁省,沈阳市,cvs
20251411,ELEME,76W023844A,240126051,好又多超市,上海市,上海市,
20251411,ELEME,76W023860A,240126085,LAWSON罗森(汉江东路店),江苏省,常州市,cvs
20251411,ELEME,76W023862A,240126089,非常超市,浙江省,温州市,
20251411,ELEME,76W023900A,240126218,熊橙橙便利店(天津鲁能店),天津市,天津市,
20251411,ELEME,76W023915A,240126269,明日轩超市(工人街店),河北省,石家庄市,
20251411,ELEME,76W023949A,240126433,华润万家(深盐店),广东省,深圳市,hmkt
20251411,ELEME,76W023962A,240126491,华润万家(天津万科新城店),天津市,天津市,mmkt
20251411,ELEME,76W023985A,240127079,世纪华品乐超市(华东师大店),上海市,上海市,
20251411,ELEME,76W023997A,240127113,乐常购超市(花园店),江苏省,常州市,
20251411,ELEME,76W024016A,240127173,罗森便利店(二七剧场路店),北京市,北京市,cvs
20251411,ELEME,76W024024A,240127197,德胜便利超市(灵溪镇店),浙江省,温州市,
20251411,ELEME,76W024070A,240127326,美宜佳(时代中心10718店),广东省,揭阳市,cvs
20251411,ELEME,76W024074A,240127353,家利多生活超市(南郊公园店),湖南省,长沙市,
20251411,ELEME,76W024201A,240128407,711(林萃东路东侧店),北京市,北京市,cvs
20251411,ELEME,76W024239A,240129126,新天地超市(吉林青年路店),吉林省,吉林市,cvs
20251411,ELEME,76W024251A,240129171,邻里便利(新塘路店),浙江省,杭州市,
20251411,ELEME,76W024290A,240129310,天猫小店(红鑫便利店星桥店),浙江省,杭州市,
20251411,ELEME,76W024293A,240129318,有佳便利店,浙江省,金华市,
20251411,ELEME,76W024340A,240130053,惠美悠选超市(古美路店),上海市,上海市,
20251411,ELEME,76W024353A,240130090,友客(万科生态城店),山东省,青岛市,cvs
20251411,ELEME,76W024357A,240130103,家美超市(亭江路店),福建省,福州市,
20251411,ELEME,76W024382A,240130179,天猫小店(百信超市西环路店),福建省,福州市,
20251411,ELEME,76W024472A,240131079,天天超市,浙江省,温州市,
20251411,ELEME,76W024540A,240131314,时代超市,浙江省,嘉兴市,
20251411,ELEME,76W024611A,240132092,东门便利超市(人民路店),浙江省,温州市,
20251411,ELEME,76W024626A,240132134,美宜佳便利店(泰禾店),福建省,泉州市,cvs
20251411,ELEME,76W024629A,240132143,百世邻里(老庄景苑店),浙江省,嘉兴市,
20251411,ELEME,76W024647A,240132193,丽仙副食品(康乐店),浙江省,温州市,
20251411,ELEME,76W024696A,240132375,好又多超市(迈皋桥和燕路店),江苏省,南京市,
20251411,ELEME,76W024776A,240133216,华联生活超市,天津市,天津市,
20251411,ELEME,76W024788A,240133266,高云超市,浙江省,舟山市,
20251411,ELEME,76W024798A,240133320,飞你家超市,浙江省,嘉兴市,
20251411,ELEME,76W024820A,240133419,711(平安里西大街店),北京市,北京市,cvs
20251411,ELEME,76W024840A,240134036,罗森便利店(1093开发区海湾城店),辽宁省,大连市,cvs
20251411,ELEME,76W024857A,240134084,中心酒行,浙江省,温州市,
20251411,ELEME,76W024860A,240134090,友客(海岸路中海蓝庭店),山东省,青岛市,cvs
20251411,ELEME,76W024991A,240135135,如海超市(浦东店),上海市,上海市,mmkt
20251411,ELEME,76W025040A,240135319,芙蓉兴盛连锁超市(车站南路店),湖南省,长沙市,
20251411,ELEME,76W025088A,240136056,叮咚叮咚便利店,黑龙江省,大庆市,
20251411,ELEME,76W025116A,240136166,好优多超市(钱项店),浙江省,温州市,
20251411,ELEME,76W025176A,240136408,711(海淀黄庄东站店),北京市,北京市,cvs
20251411,ELEME,76W025205A,240137026,罗森便利店(1151三八广场成功大厦店),辽宁省,大连市,cvs
20251411,ELEME,76W025229A,240137103,美琦购物超市(义乌北苑店),浙江省,金华市,
20251411,ELEME,76W025262A,240137204,喜多多,广东省,广州市,smkt
20251411,ELEME,76W025270A,240137222,金叶春天便利心欣超市店,辽宁省,大连市,mmkt
20251411,ELEME,76W025299A,240137326,华友超市,浙江省,嘉兴市,
20251411,ELEME,76W025300A,240137333,711(林业大学北路店),北京市,北京市,cvs
20251411,ELEME,76W025366A,240138065,新河便利店,浙江省,温州市,
20251411,ELEME,76W025470A,240138407,711(月泉路店),北京市,北京市,cvs
20251411,ELEME,76W025494A,240139023,citydia迪亚天天(徐汇店),上海市,上海市,mmkt
20251411,ELEME,76W025520A,240139103,新好又多超市(鸳鸯北路店),浙江省,宁波市,
20251411,ELEME,76W025578A,240139291,世纪精品超市(控江路店),上海市,上海市,
20251411,ELEME,76W025599A,240139383,美好便利(扬州运河世家店),江苏省,扬州市,cvs
20251411,ELEME,76W025603A,240139403,711(安德路洲际大厦店),北京市,北京市,cvs
20251411,ELEME,76W025622A,240140015,罗森便利店(1122华润凯旋门二期店),辽宁省,大连市,cvs
20251411,ELEME,76W025658A,240140118,苏迪便利(紫金城店),江苏省,常州市,
20251411,ELEME,76W025723A,240140385,711(海淀区西小口二号店),北京市,北京市,cvs
20251411,ELEME,76W025726A,240140406,华润万家(彩田店),广东省,深圳市,hmkt
20251411,ELEME,76W025788A,240141162,又一佳便利店(红桥店),天津市,天津市,
20251411,ELEME,76W025864A,240142044,奥林生活超市,黑龙江省,大庆市,
20251411,ELEME,76W026033A,240143141,君之购便利店(中街店),辽宁省,沈阳市,
20251411,ELEME,76W026041A,240143157,福润达超市,陕西省,咸阳市,
20251411,ELEME,76W026058A,240143229,爱购便利店(金晶大道店),山东省,淄博市,
20251411,ELEME,76W026190A,240144284,顺蓝超市,浙江省,舟山市,
20251411,ELEME,76W026231A,240145043,昊轩便利店(安阳店),浙江省,温州市,
20251411,ELEME,76W026261A,240145179,青春便利店,辽宁省,大连市,
20251411,ELEME,76W026286A,240145246,美宜佳(东凯国际桂00081号店),广西壮族自治区,南宁市,cvs
20251411,ELEME,76W026291A,240145253,申客隆超市,上海市,上海市,mmkt
20251411,ELEME,76W026340A,240146032,乐佳家便利店(渭塘店),江苏省,苏州市,
20251411,ELEME,76W026348A,240146073,新天地超市(吉林青岛街店),吉林省,吉林市,cvs
20251411,ELEME,76W026515A,240147261,全佳临·百姓超市(秀灵店),广西壮族自治区,南宁市,
20251411,ELEME,76W026597A,240148174,荣鑫超市,四川省,成都市,
20251411,ELEME,76W026637A,240148328,711(百子湾路东南侧店),北京市,北京市,cvs
20251411,ELEME,76W026731A,240149273,佳惠源生活超市,广东省,深圳市,
20251411,ELEME,76W026778A,240150075,民丰批发超市(银都店),浙江省,温州市,
20251411,ELEME,76W026827A,240150232,世纪华联超市(闻安路店),浙江省,杭州市,
20251411,ELEME,76W026924A,240151166,梓欣便利店(黄家碶路店),浙江省,舟山市,
20251411,ELEME,76W026974A,240151347,苏果生活超市(马鞍山军民路店),安徽省,马鞍山市,mmkt
20251411,ELEME,76W027010A,240152096,金天俊超市,天津市,天津市,
20251411,ELEME,76W027173A,240154173,百世邻里超市(万达广场店),江苏省,苏州市,
20251411,ELEME,76W027385A,240160046,711(东直门北小街西侧店),北京市,北京市,cvs
20251411,ELEME,76W027421A,240161048,永军超市,浙江省,温州市,
20251411,ELEME,76W027471A,240163048,飞牛便利超市(穗丰店),浙江省,湖州市,
20251411,ELEME,76W027475A,240163098,罗森便利店(奥林匹克公园店),北京市,北京市,cvs
20251411,ELEME,76W027494A,240164056,华润万家(南联店),广东省,深圳市,hmkt
20251411,ELEME,76W027542A,240167013,711(北京丰台区太平桥店),北京市,北京市,cvs
20251411,ELEME,76W027582A,240169010,N多超市,浙江省,湖州市,
20251411,ELEME,76W027589A,240169061,永丰超市,黑龙江省,齐齐哈尔市,
20251411,ELEME,76W027596A,240170022,Ole精品超市(宝能太古店),广东省,深圳市,smkt
20251411,ELEME,76W027744A,240186069,汐汐家便利店,天津市,天津市,
20251411,ELEME,76W027784A,240347312,7-ELEVEn(中山路店),山东省,青岛市,cvs
20251411,ELEME,76W027812A,240348360,邻几(L清华启迪店),安徽省,合肥市,cvs
20251411,ELEME,76W027834A,240349284,邻几(瑶海万达广场店),安徽省,合肥市,cvs
20251411,ELEME,76W027845A,240349402,苏果生活超市(应天西路店),江苏省,南京市,mmkt
20251411,ELEME,76W027870A,240350367,邻几(赭山西路店),安徽省,芜湖市,cvs
20251411,ELEME,76W027900A,240351409,十足便利店(巨溪车站店),浙江省,温州市,cvs
20251411,ELEME,76W027901A,240351421,十足便利店(金信店),浙江省,温州市,cvs
20251411,ELEME,76W027935A,240352386,邻几便利店(凤凰国际店),安徽省,合肥市,cvs
20251411,ELEME,76W027937A,240352399,十足便利店(银沙路店),浙江省,杭州市,cvs
20251411,ELEME,76W027970A,240353396,十足便利店(雪山店),浙江省,温州市,cvs
20251411,ELEME,76W027973A,240353401,超市发(半壁店店),北京市,北京市,smkt
20251411,ELEME,76W027988A,240354276,邻几便利店(阜阳北路店),安徽省,合肥市,cvs
20251411,ELEME,76W027995A,240354371,邻几便利店(武里山天街店),安徽省,合肥市,cvs
20251411,ELEME,76W028003A,240354457,华润苏果(盘金华府店),江苏省,南京市,smkt
20251411,ELEME,76W028007A,240355108,旺旺超市,吉林省,吉林市,
20251411,ELEME,76W028039A,240355410,华润苏果(江东南路店),江苏省,南京市,hmkt
20251411,ELEME,76W028066A,240356321,万嘉便利(马尾凯隆店),福建省,福州市,cvs
20251411,ELEME,76W028138A,240358370,十足便利店(金平路店),浙江省,杭州市,cvs
20251411,ELEME,76W028157A,240359240,邻几便利店(boss中心店),安徽省,合肥市,cvs
20251411,ELEME,76W028167A,240359329,百姓超市(水漈店),福建省,泉州市,mmkt
20251411,ELEME,76W028198A,240360271,十足便利店(厚仁路店),浙江省,杭州市,cvs
20251411,ELEME,76W028240A,240361311,万嘉便利(元帅店),福建省,福州市,cvs
20251411,ELEME,76W028294A,240363239,巷邻便利店(元一名城店),安徽省,合肥市,cvs
20251411,ELEME,76W028310A,240363379,银座商城(济南洪楼店),山东省,济南市,hmkt
20251411,ELEME,76W028324A,240363477,7-ELEVEn(江西路店),山东省,青岛市,cvs
20251411,ELEME,76W028366A,240365225,华润苏果(泰州兴化中央购物广场店),江苏省,泰州市,hmkt
20251411,ELEME,76W028373A,240365249,十足便利店(海运国际店),浙江省,杭州市,cvs
20251411,ELEME,76W028410A,240366356,苏果生活超市(土城头店),江苏省,南京市,mmkt
20251411,ELEME,76W028447A,240367405,唐久便利(1822文源西巷口店),山西省,太原市,cvs
20251411,ELEME,76W028451A,240367446,六意便利店(王庄公主塔店),福建省,福州市,cvs
20251411,ELEME,76W028458A,240367467,1+家便利超市(南湖世纪店),四川省,成都市,cvs
20251411,ELEME,76W028495A,240369194,华润苏果(金陵尚府社区店),江苏省,南京市,smkt
20251411,ELEME,76W028502A,240369206,邻几便利店(金龙国际店),安徽省,合肥市,cvs
20251411,ELEME,76W028522A,240369375,十分便利店(观音山店),福建省,厦门市,cvs
20251411,ELEME,76W028527A,240369408,唐久便利(111坞城路店),山西省,太原市,cvs
20251411,ELEME,76W028557A,240370370,可多便利(23地块店),湖北省,武汉市,mmkt
20251411,ELEME,76W028616A,240372312,7-ELEVEN(南京路2号店),山东省,青岛市,cvs
20251411,ELEME,76W028619A,240372336,华润苏果(格致路社区店),江苏省,南京市,smkt
20251411,ELEME,76W028633A,240372387,好的便利(洪武南路三代店),江苏省,南京市,cvs
20251411,ELEME,76W028637A,240372406,武商超市(锦绣龙城店),湖北省,武汉市,smkt
20251411,ELEME,76W028638A,240372408,武商超市(沌口店),湖北省,武汉市,smkt
20251411,ELEME,76W028670A,240373330,十足便利店(清莲小区店),浙江省,温州市,cvs
20251411,ELEME,76W028675A,240373371,华润苏果(淮安北京路店),江苏省,淮安市,hmkt
20251411,ELEME,76W028678A,240373406,唐久便利(2339千峰南路鑫美天地店),山西省,太原市,cvs
20251411,ELEME,76W028688A,240374211,华润苏果(庐山路购物中心店),江苏省,南京市,hmkt
20251411,ELEME,76W028755A,240376176,华润苏果(高淳天河店),江苏省,南京市,hmkt
20251411,ELEME,76W028811A,240377358,六意便利店(安德大厦店),福建省,福州市,cvs
20251411,ELEME,76W028844A,240378311,苏果生活超市(德安花园店),江苏省,南京市,mmkt
20251411,ELEME,76W028868A,240379179,大红福超市(美林园店),辽宁省,大连市,mmkt
20251411,ELEME,76W028883A,240379263,万嘉便利(晨光店),福建省,福州市,cvs
20251411,ELEME,76W028904A,240379372,华润苏果(姜堰亚方大厦店),江苏省,泰州市,hmkt
20251411,ELEME,76W028906A,240379424,美宜佳(西丽店),广东省,深圳市,cvs
20251411,ELEME,76W028951A,240381244,可好(营口路市场010005店),山东省,青岛市,cvs
20251411,ELEME,76W028973A,240381398,邻几便利店(紫金公馆店),安徽省,合肥市,cvs
20251411,ELEME,76W029075A,240384338,十足便利店(杭州中医院店),浙江省,杭州市,cvs
20251411,ELEME,76W029096A,240385153,华润苏果(花园路购物广场),江苏省,南京市,hmkt
20251411,ELEME,76W029104A,240385266,超市发(魏公村店),北京市,北京市,smkt
20251411,ELEME,76W029106A,240385309,万嘉便利(贵安店),福建省,福州市,cvs
20251411,ELEME,76W029135A,240386274,邻几便利店(中星城店),安徽省,合肥市,cvs
20251411,ELEME,76W029144A,240386385,邻几便利店(中侨中心店),安徽省,合肥市,cvs
20251411,ELEME,76W029156A,240387190,苏果生活超市(南昌路店),江苏省,南京市,smkt
20251411,ELEME,76W029170A,240387264,佐客(方明街店),辽宁省,沈阳市,cvs
20251411,ELEME,76W029185A,240387410,十足便利店(杭州钱塘之星店),浙江省,杭州市,cvs
20251411,ELEME,76W029257A,240389360,好的便利(大光路三代店),江苏省,南京市,cvs
20251411,ELEME,76W029264A,240389480,美宜佳(卫校广场F407店),福建省,厦门市,cvs
20251411,ELEME,76W029282A,240390275,邻几便利店(缤购店),安徽省,合肥市,cvs
20251411,ELEME,76W029304A,240391208,可好(玉金花园010118店),山东省,青岛市,cvs
20251411,ELEME,76W029347A,240392269,邻几(L和地蓝湾店),安徽省,合肥市,cvs
20251411,ELEME,76W029377A,240393157,华润苏果(汪家村购物广场店),江苏省,南京市,hmkt
20251411,ELEME,76W029386A,240393240,万嘉便利(桂香街店),福建省,福州市,cvs
20251411,ELEME,76W029389A,240393256,邻几(Y万科金域店),安徽省,合肥市,cvs
20251411,ELEME,76W029426A,240394239,万嘉便利(豪柏店),福建省,福州市,cvs
20251411,ELEME,76W029429A,240394247,邻几便利店(柏岭大厦店),安徽省,合肥市,cvs
20251411,ELEME,76W029457A,240395154,华润苏果(晓庄国际购物广场店),江苏省,南京市,hmkt
20251411,ELEME,76W029484A,240395408,7-ELEVEn(新世界广场店),山东省,青岛市,cvs
20251411,ELEME,76W029488A,240395444,百姓超市(清源店),福建省,泉州市,mmkt
20251411,ELEME,76W029577A,240398167,7-ELEVEn(国贸大厦店),山东省,青岛市,cvs
20251411,ELEME,76W029589A,240398280,十足便利店(玉苍路店),浙江省,温州市,cvs
20251411,ELEME,76W029609A,240399158,华润苏果(清凉门购物中心店),江苏省,南京市,hmkt
20251411,ELEME,76W029624A,240399295,超市发(清河店),北京市,北京市,smkt
20251411,ELEME,76W029626A,240399298,十分便利店(莲花店),福建省,厦门市,cvs
20251411,ELEME,76W029637A,240399377,唐久便利(1022太钢二中店),山西省,太原市,cvs
20251411,ELEME,76W029663A,240400241,如云超市(禹洲店),安徽省,合肥市,
20251411,ELEME,76W029670A,240400299,十足便利店(平阳车站店),浙江省,温州市,cvs
20251411,ELEME,76W029674A,240400317,十足便利店(锦昌文华店),浙江省,杭州市,cvs
20251411,ELEME,76W029717A,240401300,华润苏果(宿州汴河路社区店),安徽省,宿州市,smkt
20251411,ELEME,76W029818A,240407020,百家乐超市(红霞店),辽宁省,沈阳市,cvs
20251411,ELEME,76W029822A,240407053,百姓超市(和昌店),福建省,泉州市,mmkt
20251411,ELEME,76W029871A,240411026,六意24小时便利店(东泰禾三店),福建省,福州市,cvs
20251411,ELEME,76W030014A,240430023,吉优客超市(中海净月华庭店),吉林省,长春市,cvs
20251411,ELEME,76W030150A,240940307,裕家超市(环球西路店),浙江省,温州市,
20251411,ELEME,76W030364A,245463432,华润万家便利超市(丰乐店),广东省,江门市,mmkt
20251411,ELEME,76W030384A,245473495,罗森便利店(1051金地艺境店),辽宁省,大连市,cvs
20251411,ELEME,76W030385A,245474224,之佳便利(开远临江北路店),云南省,红河哈尼族彝族自治州,cvs
20251411,ELEME,76W030437A,245502059,银座商城(济南花园店),山东省,济南市,smkt
20251411,ELEME,76W030465A,245772426,Today(武汉新天地店),湖北省,武汉市,cvs
20251411,ELEME,76W030535A,246416406,711便利店(市南软件园店),山东省,青岛市,cvs
20251411,ELEME,76W030565A,246433176,众客邻24h精品超市(新站店),安徽省,合肥市,
20251411,ELEME,76W030567A,246433468,可多便利(海虹景店),湖北省,武汉市,mmkt
20251411,ELEME,76W030719A,246482405,卜蜂莲花(星沙店),湖南省,长沙市,smkt
20251411,ELEME,76W030743A,246488141,7-Eleven便利店(盈信广场-0048),广东省,广州市,cvs
20251411,ELEME,76W030800A,246514299,好的便利(万达东坊三代店),江苏省,南京市,cvs
20251411,ELEME,76W030815A,246522044,超市发(农大店),北京市,北京市,smkt
20251411,ELEME,76W030875A,246576072,浙北便利(东白鱼潭店),浙江省,湖州市,mmkt
20251411,ELEME,76W030880A,246582361,百家乐超市(振兴店),辽宁省,沈阳市,mmkt
20251411,ELEME,76W030941A,246614382,罗森便利店(超市发天通苑西区店),北京市,北京市,cvs
20251411,ELEME,76W030943A,246614433,百姓超市(城西店),福建省,泉州市,mmkt
20251411,ELEME,76W030949A,246616374,罗森便利店(超市发甘家口店),北京市,北京市,cvs
20251411,ELEME,76W031029A,246628500,华润万家(东丽湖店),天津市,天津市,smkt
20251411,ELEME,76W031048A,246630486,华润万家(转塘店),浙江省,杭州市,smkt
20251411,ELEME,76W031070A,246631469,华润万家便利超市(上宝花园店),广东省,珠海市,mmkt
20251411,ELEME,76W031092A,246633425,华润万家便利超市(迎春路店),江苏省,苏州市,mmkt
20251411,ELEME,76W031098A,246633472,华润万家便利超市(芭堤店),广东省,广州市,mmkt
20251411,ELEME,76W031112A,246634458,华润万家便利超市(沁园店),广东省,珠海市,mmkt
20251411,ELEME,76W031167A,246637428,武商超市(黄石团城山店),湖北省,黄石市,smkt
20251411,ELEME,76W031193A,246639415,华润万家便利超市(百丽名苑店),广东省,深圳市,mmkt
20251411,ELEME,76W031209A,246640396,华润万家(淮安道店),天津市,天津市,cvs
20251411,ELEME,76W031236A,246641389,华润万家便利超市(香瑞园店),广东省,深圳市,mmkt
20251411,ELEME,76W031248A,246642318,华润万家便利超市(金塘店),江苏省,苏州市,mmkt
20251411,ELEME,76W031273A,246643368,华润万家便利超市(如意街店),广东省,珠海市,mmkt
20251411,ELEME,76W031287A,246644327,华润万家(江南路店),浙江省,宁波市,smkt
20251411,ELEME,76W031294A,246644390,美宜佳(奎峰路607号闽01102店),福建省,泉州市,cvs
20251411,ELEME,76W031309A,246645350,华润万家便利超市(罗村大道南店),广东省,佛山市,mmkt
20251411,ELEME,76W031337A,246646307,华润万家(太奥广场店),陕西省,西安市,hmkt
20251411,ELEME,76W031340A,246646313,华润万家便利超市(公园南路店),陕西省,西安市,mmkt
20251411,ELEME,76W031403A,246649295,华润万家(广田里店),天津市,天津市,cvs
20251411,ELEME,76W031428A,246650295,华润万家便利超市(何山2号店),江苏省,苏州市,cvs
20251411,ELEME,76W031453A,246651472,Ole精品超市(长沙国金店),湖南省,长沙市,smkt
20251411,ELEME,76W031534A,246655288,华润万家乐购(都汇大厦店),广东省,深圳市,smkt
20251411,ELEME,76W031555A,246656243,华润万家(咸水沽店),天津市,天津市,hmkt
20251411,ELEME,76W031609A,246658273,萬家LiFE(半岛城邦2店),广东省,深圳市,mmkt
20251411,ELEME,76W031610A,246658327,乐事购便利店(青秀万达店),广西壮族自治区,南宁市,
20251411,ELEME,76W031618A,246658499,老邻居(大庆店),四川省,成都市,mmkt
20251411,ELEME,76W031626A,246659198,华润万家(马山店),江苏省,无锡市,smkt
20251411,ELEME,76W031627A,246659205,华润万家便利超市(渡村2店),江苏省,苏州市,mmkt
20251411,ELEME,76W031664A,246660407,Ole精品超市(厦门万象城店),福建省,厦门市,smkt
20251411,ELEME,76W031676A,246661242,华润万家乐购express(广东路二店),天津市,天津市,mmkt
20251411,ELEME,76W031701A,246662230,华润万家便利超市(金涛园店),广东省,珠海市,mmkt
20251411,ELEME,76W031817A,246667155,华润万家(雅致里店),天津市,天津市,mmkt
20251411,ELEME,76W031841A,246668152,华润万家便利超市(周庄店),江苏省,苏州市,mmkt
20251411,ELEME,76W031850A,246668358,Ole精品超市(上海静安嘉里店),上海市,上海市,smkt
20251411,ELEME,76W031880A,246670116,华润万家便利超市(苏安店),江苏省,苏州市,mmkt
20251411,ELEME,76W031883A,246670125,华润万家便利超市(荣巷店),江苏省,无锡市,mmkt
20251411,ELEME,76W031885A,246670143,华润万家便利超市(育才路店),陕西省,西安市,mmkt
20251411,ELEME,76W031889A,246670186,美宜佳(银湖路F150店),福建省,厦门市,cvs
20251411,ELEME,76W031893A,246670368,友客(辽阳西路店),山东省,青岛市,cvs
20251411,ELEME,76W031939A,246673076,华润万家(兴平市金城路店),陕西省,咸阳市,hmkt
20251411,ELEME,76W031940A,246673077,华润万家便利超市(紫薇田园都市店),陕西省,西安市,mmkt
20251411,ELEME,76W031987A,246675276,Ole精品超市(深圳深业上城店),广东省,深圳市,smkt
20251411,ELEME,76W032055A,246679051,华润万家便利超市(夏湾市场店),广东省,珠海市,mmkt
20251411,ELEME,76W032111A,246682007,华润万家(襄阳道店),天津市,天津市,cvs
20251411,ELEME,76W032133A,246683026,华润万家便利超市(梅一店),广东省,深圳市,mmkt
20251411,ELEME,76W032164A,246684157,Ole精品超市(上海港汇店),上海市,上海市,smkt
20251411,ELEME,76W032193A,246685322,美宜佳(融悦华庭苏00028店),江苏省,南通市,cvs
20251411,ELEME,76W032213A,246686209,美宜佳(豫49解放路店),河南省,新乡市,cvs
20251411,ELEME,76W032231A,246688288,唐久便利(149飞云国际店),山西省,太原市,cvs
20251411,ELEME,76W032250A,246690084,Ole精品超市(天津恒隆店),天津市,天津市,smkt
20251411,ELEME,76W032252A,246690086,Ole精品超市(济南恒隆店),山东省,济南市,smkt
20251411,ELEME,76W032255A,246690169,老邻居(李家沱店),四川省,成都市,mmkt
20251411,ELEME,76W032261A,246690267,柴柴便利(大明宫店),陕西省,西安市,
20251411,ELEME,76W032351A,246699033,Ole精品超市(重庆解放碑店),重庆市,重庆市,smkt
20251411,ELEME,76W032364A,246700007,Ole精品超市(深圳欢乐海岸店),广东省,深圳市,smkt
20251411,ELEME,76W032366A,246700084,老邻居(双耀一路店),四川省,成都市,mmkt
20251411,ELEME,76W032422A,246705180,罗森便利店(超市发半壁店),北京市,北京市,cvs
20251411,ELEME,76W032439A,246706445,友客(城阳区南流路天一店),山东省,青岛市,cvs
20251411,ELEME,76W032445A,246707046,老邻居(北站东二路店),四川省,成都市,mmkt
20251411,ELEME,76W032446A,246707151,世纪华联超市(蛇口道店),天津市,天津市,
20251411,ELEME,76W032504A,246713383,友客(黄岛保税区天智店),山东省,青岛市,cvs
20251411,ELEME,76W032681A,246731227,友客(敦化路店),山东省,青岛市,cvs
20251411,ELEME,76W032722A,246736077,苏果便利(扬州石塔桥北店),江苏省,扬州市,mmkt
20251411,ELEME,76W032776A,246742026,苏果便利(扬州玉器街店),江苏省,扬州市,cvs
20251411,ELEME,76W032790A,246743098,友客(标山路店),山东省,青岛市,cvs
20251411,ELEME,76W032819A,246746159,美好便利(靖江新桥二店),江苏省,泰州市,cvs
20251411,ELEME,76W032952A,246762003,快乐惠超市(开福店),湖南省,长沙市,
20251411,ELEME,76W032967A,246764378,苏果便利(徐州风尚米兰店),江苏省,徐州市,mmkt
20251411,ELEME,76W032972A,246765399,邻几便利店(立基大厦店),安徽省,合肥市,cvs
20251411,ELEME,76W032983A,246766354,苏果便利(连云港海昌南路店),江苏省,连云港市,cvs
20251411,ELEME,76W033087A,246779264,仲家汇生活超市(阳光威萨店),山东省,济南市,cvs
20251411,ELEME,76W033096A,246780392,阳光乐购超市,北京市,北京市,
20251411,ELEME,76W033114A,246782488,好邻居便利店,福建省,厦门市,
20251411,ELEME,76W033123A,246784181,苏果便利(徐州幸福家园店),江苏省,徐州市,cvs
20251411,ELEME,76W033295A,246804172,美宜佳(集中区医院闽01171店),福建省,厦门市,cvs
20251411,ELEME,76W033519A,246828435,左邻右舍超市(崇贤店),浙江省,杭州市,mmkt
20251411,ELEME,76W033893A,246858075,巷邻便利店(杏花国际广场店),安徽省,合肥市,cvs
20251411,ELEME,76W033992A,246863384,清萍酒商行超市,浙江省,湖州市,
20251411,ELEME,76W034192A,246874096,怡莱超市(银河路店),浙江省,宁波市,
20251411,ELEME,76W034306A,246880125,美宜佳(国贸中心苏00048店),江苏省,苏州市,cvs
20251411,ELEME,76W034344A,246881497,好又多超市(武汉店),湖北省,武汉市,
20251411,ELEME,76W034377A,246883331,十足便利店(绍兴盾安工厂店),浙江省,绍兴市,cvs
20251411,ELEME,76W034391A,246884165,美宜佳(沙嘴一坊3888店),广东省,深圳市,cvs
20251411,ELEME,76W034456A,246887151,家福美超市,黑龙江省,牡丹江市,
20251411,ELEME,76W034517A,246890096,梦之岛便利超市,广西壮族自治区,南宁市,
20251411,ELEME,76W034703A,246900109,吉优客超市(新奥蓝城店),吉林省,长春市,cvs
20251411,ELEME,76W034820A,246907013,联合一百(温江店),四川省,成都市,
20251411,ELEME,76W034953A,246916165,芙蓉兴盛便利超市,福建省,福州市,
20251411,ELEME,76W035001A,246919486,CasaDailyshop精选超市,上海市,上海市,
20251411,ELEME,76W035060A,246924007,美宜佳(国华大厦粤12009店),广东省,深圳市,cvs
20251411,ELEME,76W035108A,246926318,美宜佳(新桥8646店),广东省,深圳市,cvs
20251411,ELEME,76W035246A,246936139,万象生活超市,黑龙江省,大庆市,
20251411,ELEME,76W035531A,246956126,丽群超市(义乌店),浙江省,金华市,
20251411,ELEME,76W035671A,246964109,绿谷超市,浙江省,台州市,
20251411,ELEME,76W035725A,246966456,京东便利店(交大店),上海市,上海市,
20251411,ELEME,76W035752A,246969058,速囤(天府店),四川省,成都市,
20251411,ELEME,76W036026A,246988159,邻几便利店(武里山路天街二店),安徽省,合肥市,cvs
20251411,ELEME,76W036052A,246991168,邻几便利店(置地投资广场店),安徽省,合肥市,cvs
20251411,ELEME,76W036094A,246994284,友客(青大三路保利中心店),山东省,青岛市,cvs
20251411,ELEME,76W036222A,247007193,友客(香港中路汀TOWN店),山东省,青岛市,cvs
20251411,ELEME,76W036271A,247014066,邻几便利店(万达太白金街一店),安徽省,马鞍山市,cvs
20251411,ELEME,76W036274A,247015056,新力有家便利店(万寿宫店),江西省,南昌市,cvs
20251411,ELEME,76W036292A,247019046,巷邻便利店(新西茗阁店),安徽省,合肥市,cvs
20251411,ELEME,76W036293A,247019047,邻几便利店(芜湖凤凰美食街二店),安徽省,芜湖市,cvs
20251411,ELEME,76W036297A,247019499,盒马鲜生(长宁来福士店),上海市,上海市,smkt
20251411,ELEME,76W036320A,247023492,美宜佳便利店(宜昌樵湖二路537店),湖北省,宜昌市,cvs
20251411,ELEME,76W036337A,247026408,盒马鲜生(迈皋桥店),江苏省,南京市,smkt
20251411,ELEME,76W036393A,247036347,盒马鲜生(我格广场店),上海市,上海市,smkt
20251411,ELEME,76W036519A,248480492,润宜佳生活超市(海棠别院店),安徽省,合肥市,smkt
20251411,ELEME,76W036548A,248691336,罗森(古美西路2467店),上海市,上海市,cvs
20251411,ELEME,76W036549A,248692298,罗森(国顺东路店),上海市,上海市,cvs
20251411,ELEME,76W036585A,248727044,罗森(环镇南路店),上海市,上海市,cvs
20251411,ELEME,76W036656A,249738025,塞北福满家超市(玉田广场店),河北省,唐山市,
20251411,ELEME,76W036790A,256212402,金虎便利(3056轴承厂店),山西省,晋中市,cvs
20251411,ELEME,76W036910A,263971364,比优特超市(抚顺店),辽宁省,抚顺市,smkt
20251411,ELEME,76W036993A,264132468,联华超市(杭州静安花苑店),浙江省,杭州市,smkt
20251411,ELEME,76W037027A,264187034,世纪联华(杭州朝晖店),浙江省,杭州市,smkt
20251411,ELEME,76W037030A,264198158,十足便利店(泰兴店),浙江省,台州市,cvs
20251411,ELEME,76W037067A,264342405,7-Eleven便利店(茶园新天地1162店),广东省,广州市,cvs
20251411,ELEME,76W037129A,264390348,美宜佳(豫22洛龙学子街店),河南省,洛阳市,cvs
20251411,ELEME,76W037170A,264425411,华清超市,河北省,唐山市,
20251411,ELEME,76W037305A,264503415,十足便利店(信达香格里店),浙江省,嘉兴市,cvs
20251411,ELEME,76W037344A,264509484,好的便利(来凤三代店),江苏省,南京市,cvs
20251411,ELEME,76W037428A,264520182,联盛超市(永修白鹤店),江西省,九江市,smkt
20251411,ELEME,76W037439A,264522126,大统华(紫竹园店),江苏省,镇江市,mmkt
20251411,ELEME,76W037516A,264528344,麦德龙(青岛黄岛店),山东省,青岛市,
20251411,ELEME,76W037518A,264528403,新天地超市(东岭北街贰店),吉林省,长春市,cvs
20251411,ELEME,76W037653A,264541143,中百超市(常青五小区店),湖北省,武汉市,mmkt
20251411,ELEME,76W037667A,264541464,美宜佳(万达三号门F091店),福建省,泉州市,cvs
20251411,ELEME,76W037670A,264542158,新天地超市(东岭南街一店),吉林省,长春市,cvs
20251411,ELEME,76W037671A,264542159,新天地超市(和平大街店),吉林省,长春市,cvs
20251411,ELEME,76W037678A,264542337,新天地超市(华亿红府店),吉林省,长春市,cvs
20251411,ELEME,76W037680A,264542339,新天地超市(飞跃中路店),吉林省,长春市,cvs
20251411,ELEME,76W037693A,264543204,红旗连锁(双流久居福店),四川省,成都市,mmkt
20251411,ELEME,76W037742A,264546248,比优特超市(肇东店),黑龙江省,绥化市,smkt
20251411,ELEME,76W037867A,264557275,武商超市(万隆店),湖北省,武汉市,smkt
20251411,ELEME,76W037874A,264558146,华运超市(国际花都店),安徽省,蚌埠市,mmkt
20251411,ELEME,76W038007A,264574220,711(崇文花市枣苑店),北京市,北京市,cvs
20251411,ELEME,76W038071A,264577077,新天地超市(艳粉街店),辽宁省,沈阳市,cvs
20251411,ELEME,76W038131A,264579225,苏果便利(淮安帝景豪庭店),江苏省,淮安市,cvs
20251411,ELEME,76W038152A,264580086,新天地超市(开运福里店),吉林省,长春市,cvs
20251411,ELEME,76W038155A,264580270,华润万家便利超市(天健城店),广东省,深圳市,mmkt
20251411,ELEME,76W038214A,264582321,百佳永辉(G1蜂汇广场店),广东省,东莞市,
20251411,ELEME,76W038543A,264598033,中百超市(俪湖天地店),湖北省,武汉市,mmkt
20251411,ELEME,76W038613A,264601002,新天地超市(平治街叁店),吉林省,长春市,cvs
20251411,ELEME,76W038729A,264607086,盒马鲜生(八佰伴店),江苏省,无锡市,smkt
20251411,ELEME,76W038747A,264607459,惠购食品超市,吉林省,延边朝鲜族自治州,
20251411,ELEME,76W038920A,264614468,大润发(安宁店),云南省,昆明市,hmkt
20251411,ELEME,76W039020A,264618139,昆仑好客(北镇店),辽宁省,锦州市,cvs
20251411,ELEME,76W039022A,264618162,永辉超市(厚街万达店),广东省,东莞市,
20251411,ELEME,76W039105A,264621287,金叶春天便利(葵丰路店),辽宁省,大连市,mmkt
20251411,ELEME,76W039131A,264622291,比优特超市(中央大街店),黑龙江省,哈尔滨市,smkt
20251411,ELEME,76W039138A,264622415,新天地超市(纳帕名门店),辽宁省,沈阳市,cvs
20251411,ELEME,76W039148A,264623173,华润万家便利超市(新世界康桥店),广东省,珠海市,mmkt
20251411,ELEME,76W039153A,264623226,中百超市硬折扣店(青和居店),湖北省,武汉市,mmkt
20251411,ELEME,76W039560A,264648057,美宜佳(南门口湘01225店),湖南省,永州市,cvs
20251411,ELEME,76W039609A,264653050,盒马鲜生(瑞鼎城店),云南省,昆明市,smkt
20251411,ELEME,76W039714A,264713287,美宜佳(两英商贸城店),广东省,汕头市,cvs
20251411,ELEME,76W039734A,264734303,比优特超市(林甸店),黑龙江省,大庆市,
20251411,ELEME,76W039790A,264777309,华宁超市(恒达店),福建省,宁德市,
20251411,ELEME,76W039827A,264800211,金威便利(炉坊巷店),山西省,长治市,mmkt
20251411,ELEME,76W039988A,264988262,美宜佳(24米街F259店),福建省,漳州市,cvs
20251411,ELEME,76W040286A,265263030,美多购物中心(胜利店),广东省,惠州市,
20251411,ELEME,76W040331A,265331379,全家人便利店,安徽省,铜陵市,
20251411,ELEME,76W040382A,265372095,汇盟源生活超市(万江共和店),江苏省,南京市,mmkt
20251411,ELEME,76W040446A,265409187,营安隆连锁超市(北三东路店),辽宁省,沈阳市,cvs
20251411,ELEME,76W040448A,265410426,百家福食品商店,黑龙江省,齐齐哈尔市,
20251411,ELEME,76W040580A,265470327,万福超市(龙港店),浙江省,温州市,
20251411,ELEME,76W040683A,265495243,美宜佳(金田路湘00771店),湖南省,郴州市,cvs
20251411,ELEME,76W040797A,265519166,平安超市,四川省,广安市,mmkt
20251411,ELEME,76W040803A,265520426,百万便利店,福建省,福州市,
20251411,ELEME,76W040834A,265526238,日月鑫食品商店,黑龙江省,齐齐哈尔市,
20251411,ELEME,76W040957A,265549268,华联超市(新耀华店),上海市,上海市,mmkt
20251411,ELEME,76W040958A,265550319,世纪联华(杨浦国和路店),上海市,上海市,hmkt
20251411,ELEME,76W041000A,265557209,华联超市(南桥店),上海市,上海市,mmkt
20251411,ELEME,76W041002A,265557294,世纪联华(鲁班店),上海市,上海市,hmkt
20251411,ELEME,76W041018A,265559273,世纪联华(顾村店),上海市,上海市,smkt
20251411,ELEME,76W041019A,265560311,世纪联华(中环店),上海市,上海市,hmkt
20251411,ELEME,76W041094A,265576089,银座商城(临沭店),山东省,临沂市,smkt
20251411,ELEME,76W041233A,265631443,盒马鲜生(金泰mini店),北京市,北京市,smkt
20251411,ELEME,76W041259A,265664214,盒马鲜生(悦峰店),浙江省,宁波市,smkt
20251411,ELEME,76W041269A,265674199,盒马鲜生(宝地店),上海市,上海市,smkt
20251411,ELEME,76W041496A,265737359,光明便利店,浙江省,湖州市,
20251411,ELEME,76W041502A,265739481,飞牛便利店(中南世纪雅苑店),江苏省,南京市,
20251411,ELEME,76W041560A,265754117,优加精选24h便利店(大丰店),江苏省,盐城市,
20251411,ELEME,76W041592A,265761093,盒子便利店(万生壹号店),江西省,赣州市,cvs
20251411,ELEME,76W041616A,265768418,京东便利店,江苏省,南京市,
20251411,ELEME,76W041634A,265772119,海百佳超市,黑龙江省,绥化市,
20251411,ELEME,76W041684A,265785357,美宜佳(交通路粤13886店),广东省,梅州市,cvs
20251411,ELEME,76W041806A,265839225,红阳超市,吉林省,白山市,
20251411,ELEME,76W041819A,265844125,新天地超市(城市之光店),辽宁省,沈阳市,cvs
20251411,ELEME,76W041830A,265845193,家家生鲜卖场,黑龙江省,佳木斯市,
20251411,ELEME,76W041838A,265847453,十足便利店(杭州滨康小区店),浙江省,杭州市,cvs
20251411,ELEME,76W041856A,265850479,618便利店(湖大店),湖北省,武汉市,
20251411,ELEME,76W041872A,265855469,美宜佳(恒大名都赣00578店),江西省,赣州市,cvs
20251411,ELEME,76W041951A,265870475,7-Eleven便利店(鹤山广场-4812店),广东省,江门市,cvs
20251411,ELEME,76W041964A,265871482,之佳便利(曲靖西苑小区店),云南省,曲靖市,cvs
20251411,ELEME,76W042011A,265876377,盒马鲜生(上海湾店),上海市,上海市,smkt
20251411,ELEME,76W042100A,265885364,盒马鲜生(长泰店),上海市,上海市,smkt
20251411,ELEME,76W042112A,265885464,昆仑好客(消防店),辽宁省,本溪市,cvs
20251411,ELEME,76W042122A,265886428,7-Eleven便利店(创维创新谷17088店),广东省,深圳市,cvs
20251411,ELEME,76W042440A,265921374,美多购物中心(大岭店),广东省,惠州市,
20251411,ELEME,76W042529A,265926049,1+家超市(柒公馆店),四川省,成都市,cvs
20251411,ELEME,76W042575A,265928261,美多购物中心(平山店),广东省,惠州市,
20251411,ELEME,76W042580A,265928312,民心超市,黑龙江省,绥化市,
20251411,ELEME,76W042604A,265931025,美宜佳(蔡甸健康新天地466店),湖北省,武汉市,cvs
20251411,ELEME,76W042673A,265934282,爱帮便利店,福建省,宁德市,
20251411,ELEME,76W042678A,265935016,美宜佳便利店(宜昌时代天骄527店),湖北省,宜昌市,cvs
20251411,ELEME,76W042723A,265937220,回头乐自选超市,吉林省,通化市,
20251411,ELEME,76W042747A,265939015,盒马鲜生(江宁东山店),江苏省,南京市,smkt
20251411,ELEME,76W042802A,265941077,北山生活超市(当阳工贸店),湖北省,宜昌市,smkt
20251411,ELEME,76W042811A,265941354,鑫诚超市,黑龙江省,佳木斯市,
20251411,ELEME,76W042823A,265942081,十足便利店(红星都会店),江苏省,无锡市,cvs
20251411,ELEME,76W042874A,265945053,顺众超市(南开黄河道店),天津市,天津市,mmkt
20251411,ELEME,76W042901A,265947019,十足便利店(杭州宝龙广场店),浙江省,杭州市,cvs
20251411,ELEME,76W042929A,265949025,壹度便利(春暖花开小区店),安徽省,蚌埠市,cvs
20251411,ELEME,76W042930A,265949030,银座商城(临沂南坊店),山东省,临沂市,smkt
20251411,ELEME,76W042971A,265951413,鹏程超市,黑龙江省,绥化市,
20251411,ELEME,76W042974A,265951425,联家超市(肥东店),安徽省,合肥市,smkt
20251411,ELEME,76W042991A,265953010,昆仑好客(桓仁经营部北岭店),辽宁省,本溪市,cvs
20251411,ELEME,76W043094A,265960044,北山生活超市(宜都购物广场店),湖北省,宜昌市,smkt
20251411,ELEME,76W043208A,265973130,万隆超市,黑龙江省,绥化市,
20251411,ELEME,76W043233A,265975219,海龙超市,辽宁省,朝阳市,
20251411,ELEME,76W043262A,265979222,美宜佳(巴蜀丽景渝00282店),重庆市,重庆市,cvs
20251411,ELEME,76W043294A,265986182,友谊超市,辽宁省,锦州市,
20251411,ELEME,76W043298A,265987070,80后平价超市,吉林省,通化市,
20251411,ELEME,76W043387A,265998470,天猫小店(零距离超市五里洲店),陕西省,西安市,
20251411,ELEME,76W043420A,266000235,红叶超市(御景东方店),云南省,保山市,mmkt
20251411,ELEME,76W043457A,266003093,美宜佳(云滨路渝00256店),重庆市,重庆市,cvs
20251411,ELEME,76W043503A,266005131,联华超市(国和店),上海市,上海市,mmkt
20251411,ELEME,76W043538A,266008440,天猫小店,浙江省,杭州市,
20251411,ELEME,76W043604A,266012035,兴海自选商店,辽宁省,大连市,
20251411,ELEME,76W043715A,266022293,好又多生活超市(耀华路店),上海市,上海市,
20251411,ELEME,76W043725A,266022336,佳惠超市(黔江大十字店),重庆市,重庆市,smkt
20251411,ELEME,76W043767A,266024330,好的超市(解放公园店),湖北省,武汉市,
20251411,ELEME,76W043816A,266027117,红叶超市(易乐上苑7店),云南省,保山市,mmkt
20251411,ELEME,76W043829A,266027327,Foreignlife洋生活进口食品超市(中潭路店),上海市,上海市,
20251411,ELEME,76W043917A,266031294,联华超市(栖山店),上海市,上海市,mmkt
20251411,ELEME,76W043997A,266035276,联华超市(果园店),上海市,上海市,mmkt
20251411,ELEME,76W044015A,266036118,祥运自选超市,辽宁省,沈阳市,
20251411,ELEME,76W044129A,266044259,联华超市(白鹤店),上海市,上海市,mmkt
20251411,ELEME,76W044201A,266048236,联华超市(青浦香花店),上海市,上海市,mmkt
20251411,ELEME,76W044225A,266051205,联华超市(枫林店),上海市,上海市,mmkt
20251411,ELEME,76W044259A,266054221,时汇超市,浙江省,杭州市,
20251411,ELEME,76W044332A,266057433,鑫裕宏副食商店,吉林省,四平市,
20251411,ELEME,76W044353A,266059215,联华超市(曹家渡店),上海市,上海市,mmkt
20251411,ELEME,76W044380A,266060188,联华超市(菊盛店),上海市,上海市,smkt
20251411,ELEME,76W044381A,266060189,联华超市(永清店),上海市,上海市,mmkt
20251411,ELEME,76W044480A,266064201,联华超市(百色店),上海市,上海市,mmkt
20251411,ELEME,76W044482A,266064204,联华超市(隆安店),上海市,上海市,mmkt
20251411,ELEME,76W044516A,266065208,联华超市(盘古店),上海市,上海市,mmkt
20251411,ELEME,76W044527A,266067205,天猫小店(美上商业中心店),浙江省,杭州市,
20251411,ELEME,76W044662A,266074195,联华超市(高桥店),上海市,上海市,mmkt
20251411,ELEME,76W044680A,266075204,联华超市(茶陵店),上海市,上海市,mmkt
20251411,ELEME,76W044735A,266077220,天猫小店(旺生便利店祥和三巷店),广东省,珠海市,
20251411,ELEME,76W044852A,266085221,大管家(丰华伊嘉园店),辽宁省,营口市,mmkt
20251411,ELEME,76W044855A,266085233,绿园便利自选超市,吉林省,白山市,
20251411,ELEME,76W044939A,266089235,惠民商城,辽宁省,朝阳市,
20251411,ELEME,76W045002A,266092201,北京便客超市(黄渠店),北京市,北京市,
20251411,ELEME,76W045088A,266096431,美乐超市(下西街店),四川省,成都市,
20251411,ELEME,76W045131A,266098326,欣欣商店,黑龙江省,牡丹江市,
20251411,ELEME,76W045323A,266108320,澜轩福邸便利店,辽宁省,辽阳市,
20251411,ELEME,76W045441A,266114026,联华超市(航头店),上海市,上海市,mmkt
20251411,ELEME,76W045453A,266114089,小鹿超市,湖南省,张家界市,
20251411,ELEME,76W045619A,266133381,一百超市(草塔店),浙江省,绍兴市,smkt
20251411,ELEME,76W045687A,266148031,好吃猫,安徽省,马鞍山市,
20251411,ELEME,76W045693A,266150288,国光(遂川东路二店),江西省,吉安市,smkt
20251411,ELEME,76W045742A,266159267,华美超级商场(七一店),山西省,忻州市,smkt
20251411,ELEME,76W045779A,266173311,悦园超市(鼎润新城店),辽宁省,鞍山市,
20251411,ELEME,76W045938A,266217492,盛兴元超市,辽宁省,铁岭市,
20251411,ELEME,76W046052A,266238280,嘉盛食杂自选超市,辽宁省,铁岭市,
20251411,ELEME,76W046198A,266274296,伊佳优选,广东省,汕头市,
20251411,ELEME,76W046287A,266293190,好日子生鲜超市(东京城店),黑龙江省,牡丹江市,smkt
20251411,ELEME,76W046429A,266320029,易购便利店(江景一号店),贵州省,遵义市,
20251411,ELEME,76W046439A,266321455,金裕超市,辽宁省,鞍山市,
20251411,ELEME,76W046483A,266329266,千喜超市,辽宁省,阜新市,
20251411,ELEME,76W046486A,266330007,蜗居便利店,福建省,泉州市,
20251411,ELEME,76W046687A,266377126,一点超市(武生院店),湖北省,武汉市,
20251411,ELEME,76W046741A,266387212,华联超市(眉州店),上海市,上海市,mmkt
20251411,ELEME,76W046746A,266388267,美宜佳(棉西路粤17726店),广东省,汕头市,cvs
20251411,ELEME,76W046845A,266406235,和顺超市,黑龙江省,牡丹江市,
20251411,ELEME,76W046889A,266421446,超市发(容辰店),河北省,张家口市,smkt
20251411,ELEME,76W046940A,266438369,天猫小店(纺工便利公园路店),江苏省,南通市,
20251411,ELEME,76W046951A,266439499,苏果便利(海安中坝北路店),江苏省,南通市,mmkt
20251411,ELEME,76W046989A,266453350,7-ELEVEn(青大路店),山东省,青岛市,cvs
20251411,ELEME,76W047017A,266461458,博利超市,吉林省,通化市,smkt
20251411,ELEME,76W047020A,266462233,宝霖超市(万霖花苑店),安徽省,阜阳市,
20251411,ELEME,76W047126A,266489205,丁香食杂经销处,黑龙江省,大庆市,
20251411,ELEME,76W047220A,266508139,常客隆超市,江西省,上饶市,
20251411,ELEME,76W047282A,266547043,美宜佳(春荣粤12891店),广东省,潮州市,cvs
20251411,ELEME,76W047340A,266586463,大嘴超市,辽宁省,大连市,
20251411,ELEME,76W047359A,266594466,杰出便利店(西苑二店),河北省,保定市,cvs
20251411,ELEME,76W047586A,266669176,爱尚天天生活广场(文化街店),山东省,聊城市,
20251411,ELEME,76W047670A,266702111,阳光小玛特便利店(银河国际店),辽宁省,沈阳市,cvs
20251411,ELEME,76W047774A,266745169,佳美嘉超市(平价店),吉林省,四平市,
20251411,ELEME,76W047819A,266764302,橙子便利(名泉广场店),山东省,济南市,cvs
20251411,ELEME,76W047969A,266822188,7-ELEVEn(中联自由港湾店),山东省,青岛市,cvs
20251411,ELEME,76W048074A,266864231,十足便利店(常州凤凰名城店),江苏省,常州市,cvs
20251411,ELEME,76W048142A,266933107,京欣隆生活超市(马泉营店),北京市,北京市,
20251411,ELEME,76W048147A,266936188,仲家汇生活超市(济泰店),山东省,济南市,cvs
20251411,ELEME,76W048184A,266987396,海豚购(牛市口店),四川省,成都市,
20251411,ELEME,76W048200A,267008042,罗森(当代华府店),浙江省,嘉兴市,cvs
20251411,ELEME,76W048384A,267314278,新力有家便利店(喜盈门店),湖南省,长沙市,cvs
20251411,ELEME,76W048464A,267416301,美宜佳(诏安一中闽01321店),福建省,漳州市,cvs
20251411,ELEME,76W048513A,267465237,美宜佳(家园小区闽01295店),福建省,龙岩市,cvs
20251411,ELEME,76W048571A,267531285,联华超市(花园店),上海市,上海市,mmkt
20251411,ELEME,76W048573A,267535301,优同便利店(龙樾湾店),山东省,青岛市,cvs
20251411,ELEME,76W048658A,267623083,罗森(联创公园店),浙江省,杭州市,cvs
20251411,ELEME,76W048680A,267634414,万嘉便利(万家广场2号楼店),福建省,福州市,cvs
20251411,ELEME,76W048700A,267644334,罗森便利店(海王星店),重庆市,重庆市,cvs
20251411,ELEME,76W048735A,267660386,万嘉便利(甘蔗海京楼店),福建省,福州市,cvs
20251411,ELEME,76W048766A,267677473,罗森(金融硅谷店),浙江省,宁波市,cvs
20251411,ELEME,76W048828A,267722064,罗森(金色广场店),浙江省,宁波市,cvs
20251411,ELEME,76W049067A,268111217,芙蓉兴盛(环城北路店),浙江省,湖州市,
20251411,ELEME,76W049151A,268180285,杜悦超市(紫金山路店),山东省,青岛市,
20251411,ELEME,76W049209A,268228196,李记超市,辽宁省,沈阳市,
20251411,ELEME,76W049229A,268242100,十足便利店(21世纪码头店),浙江省,宁波市,cvs
20251411,ELEME,76W049293A,268284063,美宜佳(西门路苏00093店),江苏省,苏州市,cvs
20251411,ELEME,76W049398A,268374358,十分便利店(新景中心店),福建省,厦门市,cvs
20251411,ELEME,76W049536A,268619215,天福(两英店),广东省,汕头市,cvs
20251411,ELEME,76W049552A,268679472,华联便利店(悦士庭店),浙江省,宁波市,
20251411,ELEME,76W049561A,268690499,盒马鲜生(嘉定城中店),上海市,上海市,smkt
20251411,ELEME,76W049565A,268693495,盒马鲜生(曲阳商务中心店),上海市,上海市,smkt
20251411,ELEME,76W049591A,268712454,盒马鲜生(苏州石湖店),江苏省,苏州市,smkt
20251411,ELEME,76W049611A,268742020,天生祥(孟连店),云南省,普洱市,smkt
20251411,ELEME,76W049758A,268900366,中百超市(孝感环城路店),湖北省,孝感市,mmkt
20251411,ELEME,76W049869A,268944006,中百超市(孝感孝天路店),湖北省,孝感市,mmkt
20251411,ELEME,76W049892A,268952088,十足便利店(温州中和村店),浙江省,温州市,cvs
20251411,ELEME,76W049919A,268962098,红旗连锁(双流富豪时代店),四川省,成都市,mmkt
20251411,ELEME,76W049951A,268970245,方圆几里生活便利店,上海市,上海市,
20251411,ELEME,76W049960A,268973081,中百超市(孝感火车站店),湖北省,孝感市,mmkt
20251411,ELEME,76W049981A,268978078,红旗连锁(华西店),四川省,成都市,mmkt
20251411,ELEME,76W049995A,268982075,联华超市(万航店),上海市,上海市,mmkt
20251411,ELEME,76W050120A,269019122,十足便利店(温州龙城锦园店),浙江省,温州市,cvs
20251411,ELEME,76W050150A,269036185,新天地超市(溪湖林语店),辽宁省,沈阳市,cvs
20251411,ELEME,76W050161A,269040209,新天地超市(红都店),辽宁省,沈阳市,cvs
20251411,ELEME,76W050203A,269055115,苏果便利·搜04领红包(仪征浦东店),江苏省,扬州市,mmkt
20251411,ELEME,76W050205A,269055229,美宜佳(粤14879店),广东省,广州市,cvs
20251411,ELEME,76W050324A,269109087,十足便利店(温州寨下村店),浙江省,温州市,cvs
20251411,ELEME,76W050381A,269157445,中百仓储超市(唐家墩店),湖北省,武汉市,hmkt
20251411,ELEME,76W050397A,269169217,橙子便利(绿城兰悦二店),山东省,济南市,cvs
20251411,ELEME,76W050398A,269169219,之上便利店(白鹿人才公寓店),浙江省,温州市,cvs
20251411,ELEME,76W050483A,269223472,悦来悦喜(万科雅梅苑店),河南省,郑州市,cvs
20251411,ELEME,76W050555A,269542460,十足便利店(金都花园店),浙江省,温州市,cvs
20251411,ELEME,76W050578A,269599095,中百罗森(新世界中心店),湖北省,武汉市,cvs
20251411,ELEME,76W050580A,269601089,世纪华联超市,浙江省,杭州市,
20251411,ELEME,76W050622A,269668427,中商超市(石化店),湖北省,荆门市,smkt
20251411,ELEME,76W050626A,269671390,美宜佳(东方海岸湘01192店),湖南省,湘潭市,cvs
20251411,ELEME,76W050655A,269687025,罗森便利店(浦项中心店),北京市,北京市,cvs
20251411,ELEME,76W050835A,269779006,唐久便利(宫园中央店),陕西省,西安市,cvs
20251411,ELEME,76W050967A,270035252,711(永泰庄北路店),北京市,北京市,cvs
20251411,ELEME,76W050980A,270056445,联华超市(屏风街店),浙江省,杭州市,mmkt
20251411,ELEME,76W051021A,270129482,珊珊便利(东方芙蓉二店),湖南省,长沙市,cvs
20251411,ELEME,76W051034A,270143483,珊珊便利(绿地中心一店),湖南省,长沙市,cvs
20251411,ELEME,76W051066A,270179027,珊珊便利(四0二大厦店),湖南省,长沙市,cvs
20251411,ELEME,76W051087A,270196001,珊珊便利(云集大厦店),湖南省,长沙市,cvs
20251411,ELEME,76W051192A,270355240,银座商城(枣庄薛城店),山东省,枣庄市,smkt
20251411,ELEME,76W051202A,270372053,新百隆超市(诸城店),山东省,潍坊市,
20251411,ELEME,76W051418A,271139021,家馨生鲜超市,黑龙江省,牡丹江市,
20251411,ELEME,76W051437A,271205318,联华超市(兰坪店),上海市,上海市,mmkt
20251411,ELEME,76W051533A,271506367,罗森(塘园路店),上海市,上海市,cvs
20251411,ELEME,76W051567A,271537122,美宜佳(蛇口大厦店),广东省,深圳市,cvs
20251411,ELEME,76W051646A,271586287,罗森便利店(紫薇路店),上海市,上海市,cvs
20251411,ELEME,76W051687A,271626172,罗森(2889梅川路95号店),上海市,上海市,cvs
20251411,ELEME,76W051693A,271632096,罗森(兴梅路店),上海市,上海市,cvs
20251411,ELEME,76W051703A,271694182,罗森(智慧广场店),上海市,上海市,cvs
20251411,ELEME,76W051824A,271858225,悦来悦喜(思达数码大厦店),河南省,郑州市,cvs
20251411,ELEME,76W051826A,271858462,美宜佳(鹏城店),广东省,深圳市,cvs
20251411,ELEME,76W051850A,271876369,MannaStore,上海市,上海市,
20251411,ELEME,76W051908A,271914460,便利蜂(甘露家园18号楼店),北京市,北京市,cvs
20251411,ELEME,76W051958A,271943323,新力有家便利店(凯丰财大店),江西省,南昌市,cvs
20251411,ELEME,76W052070A,272025268,美宜佳(龙御天下闽01345店),福建省,龙岩市,cvs
20251411,ELEME,76W052079A,272035141,便利之星(抚远店),黑龙江省,佳木斯市,
20251411,ELEME,76W052120A,272055470,罗森(衡山路店),上海市,上海市,cvs
20251411,ELEME,76W052174A,272089271,佳美购超市(万象城店),江苏省,泰州市,
20251411,ELEME,76W052240A,272120112,美宜佳(华英名都G455店),广东省,肇庆市,cvs
20251411,ELEME,76W052354A,272212006,银泰西选(余姚银泰店),浙江省,宁波市,mmkt
20251411,ELEME,76W052757A,272634082,优同便利店(闽江路店),山东省,青岛市,cvs
20251411,ELEME,76W052767A,272637212,华润万家(中山石岐店),广东省,中山市,hmkt
20251411,ELEME,76W052783A,272640373,美宜佳(九一路闽01415店),福建省,龙岩市,cvs
20251411,ELEME,76W052803A,272649275,优同便利店(小港二路店),山东省,青岛市,cvs
20251411,ELEME,76W052869A,272684252,罗森(东冠路店),浙江省,杭州市,cvs
20251411,ELEME,76W052876A,272688279,罗森(秣陵路店),上海市,上海市,cvs
20251411,ELEME,76W052907A,272701231,罗森(天润中心店),浙江省,杭州市,cvs
20251411,ELEME,76W052916A,272704235,罗森(同丰路店),上海市,上海市,cvs
20251411,ELEME,76W052927A,272710207,罗森(1260达安花园店),上海市,上海市,cvs
20251411,ELEME,76W052940A,272714199,罗森(中山东路30号店),上海市,上海市,cvs
20251411,ELEME,76W052966A,272724385,全家爱超市(美立方店),北京市,北京市,cvs
20251411,ELEME,76W052995A,272738178,罗森(新华路店),上海市,上海市,cvs
20251411,ELEME,76W053021A,272747176,罗森(浦东大道店),上海市,上海市,cvs
20251411,ELEME,76W053126A,272822480,盒马鲜生(馥邦国际店),上海市,上海市,smkt
20251411,ELEME,76W053170A,272850276,盒马鲜生(大华虎城店),上海市,上海市,smkt
20251411,ELEME,76W053183A,272859247,盒马鲜生(香港中路店),山东省,青岛市,smkt
20251411,ELEME,76W053198A,272867305,罗森便利店(金融街店店),北京市,北京市,cvs
20251411,ELEME,76W053209A,272883045,中百超市(滠阳新邑店),湖北省,武汉市,mmkt
20251411,ELEME,76W053272A,272983330,罗森(古北路377号店),上海市,上海市,cvs
20251411,ELEME,76W053275A,272984455,中百超市(鄂州东兴华府店),湖北省,鄂州市,mmkt
20251411,ELEME,76W053323A,272997138,橙子便利(万科麓城店),山东省,济南市,cvs
20251411,ELEME,76W053417A,273031300,罗森(联杨路店),上海市,上海市,cvs
20251411,ELEME,76W053423A,273033314,中百超市(邾城大道店),湖北省,武汉市,mmkt
20251411,ELEME,76W053424A,273034078,橙子便利(荣盛国际二店),山东省,济南市,cvs
20251411,ELEME,76W053432A,273036323,中百超市(巢上城二店),湖北省,武汉市,mmkt
20251411,ELEME,76W053444A,273039294,罗森(万科城花店),上海市,上海市,cvs
20251411,ELEME,76W053451A,273041262,十足便利店(金华义乌宇业大厦店),浙江省,金华市,cvs
20251411,ELEME,76W053509A,273063237,罗森(疏影路997号店),上海市,上海市,cvs
20251411,ELEME,76W053564A,273088060,美宜佳(章贡尚青赣00728店),江西省,赣州市,cvs
20251411,ELEME,76W053603A,273191289,罗森便利店(1209开发区红星海时光海店),辽宁省,大连市,cvs
20251411,ELEME,76W053642A,273233086,华联超市(月罗路店),上海市,上海市,mmkt
20251411,ELEME,76W053691A,273295062,十足便利店(温州兴鳌西路店),浙江省,温州市,cvs
20251411,ELEME,76W053706A,273305040,十足便利店(温州高教园商务中心店),浙江省,温州市,cvs
20251411,ELEME,76W053856A,273513325,罗森(江南路店),上海市,上海市,cvs
20251411,ELEME,76W053890A,273570460,金百超市(金都百货北城商厦店),山东省,烟台市,
20251411,ELEME,76W053892A,273573466,中百罗森(华农梧桐路店),湖北省,武汉市,cvs
20251411,ELEME,76W053968A,274205258,罗森便利店(东四北大街店),北京市,北京市,cvs
20251411,ELEME,76W053974A,274220173,美宜佳(香雨蓝苑渝00345店),重庆市,重庆市,cvs
20251411,ELEME,76W053982A,274240083,华润万家乐购express(久仰里店),天津市,天津市,mmkt
20251411,ELEME,76W054219A,274624451,尚亿嘉超市,安徽省,芜湖市,
20251411,ELEME,76W054734A,274726035,千惠超市蔬菜水果(尚城国际店),河南省,郑州市,smkt
20251411,ELEME,76W054877A,274869049,华润万家(兴庆路店),陕西省,西安市,smkt
20251411,ELEME,76W054935A,274931073,佳泰乐超市(同胜店),辽宁省,鞍山市,smkt
20251411,ELEME,76W054945A,274935005,盒马鲜生(周浦永乐广场店),上海市,上海市,smkt
20251411,ELEME,76W055001A,274973042,盒马鲜生(御桥活力城店),上海市,上海市,smkt
20251411,ELEME,76W055002A,274973043,佳泰乐超市(丽景店),辽宁省,鞍山市,smkt
20251411,ELEME,76W055028A,274995025,佳泰乐超市(铁西店),辽宁省,鞍山市,smkt
20251411,ELEME,76W055052A,275013164,盒马鲜生(学则路店),江苏省,南京市,smkt
20251411,ELEME,76W055064A,275023025,罗森便利店(长江国际店),重庆市,重庆市,cvs
20251411,ELEME,76W055072A,275029241,佳泰乐超市(岫岩店),辽宁省,鞍山市,smkt
20251411,ELEME,76W055110A,275063222,盒马鲜生(幸福城店),广东省,深圳市,smkt
20251411,ELEME,76W055131A,275076171,优同便利店(珠江路店),山东省,青岛市,cvs
20251411,ELEME,76W055192A,275116021,盒马鲜生(胜太路同曦店),江苏省,南京市,smkt
20251411,ELEME,76W055261A,275155377,美宜佳(新联新丰0874店),广东省,东莞市,cvs
20251411,ELEME,76W055381A,275204359,美宜佳(金泽豪庭8612店),广东省,广州市,cvs
20251411,ELEME,76W055394A,275207045,美宜佳(东西湖金银湖路365店),湖北省,武汉市,cvs
20251411,ELEME,76W055403A,275212030,罗森(双桥路店),上海市,上海市,cvs
20251411,ELEME,76W055418A,275216089,美宜佳(岳潭坊1004店),广东省,东莞市,cvs
20251411,ELEME,76W055462A,275231018,罗森(1860泰兴路店),上海市,上海市,cvs
20251411,ELEME,76W055465A,275232022,罗森(碧波路573号店),上海市,上海市,cvs
20251411,ELEME,76W055482A,275236439,盒马鲜生(星座广场店),陕西省,西安市,smkt
20251411,ELEME,76W055483A,275245094,盒马鲜生(打浦桥日月光店),上海市,上海市,smkt
20251411,ELEME,76W055588A,275368439,陶鲁超市(保利华庭西门店),山东省,济南市,mmkt
20251411,ELEME,76W055627A,275411405,元初食品(美地雅登店),福建省,厦门市,mmkt
20251411,ELEME,76W055714A,276188208,中源百货超市,浙江省,温州市,
20251411,ELEME,76W055721A,276195345,巷邻便利店(南翔汽车城店),安徽省,合肥市,cvs
20251411,ELEME,76W055825A,276369059,美宜佳(翰林壹号皖00072店),安徽省,六安市,cvs
20251411,ELEME,76W055826A,276370041,邻几便利店(加侨悦山国际店),安徽省,合肥市,cvs
20251411,ELEME,76W055841A,276942487,十足便利店(温州南瓯景园店),浙江省,温州市,cvs
20251411,ELEME,76W055845A,276984485,中百仓储超市(关山城市广场店),湖北省,武汉市,smkt
20251411,ELEME,76W055846A,276993159,中百仓储(孝感安陆店),湖北省,孝感市,smkt
20251411,ELEME,76W055849A,276995157,中百仓储(宝塔店),湖北省,黄冈市,smkt
20251411,ELEME,76W055873A,277010101,中百仓储(咸宁博仁店),湖北省,咸宁市,smkt
20251411,ELEME,76W055878A,277018115,中百仓储超市(嘉鱼店),湖北省,咸宁市,smkt
20251411,ELEME,76W055888A,277034215,美宜佳(东景粤12258店),广东省,东莞市,cvs
20251411,ELEME,76W055895A,277039206,美宜佳(甘竹村A005店),广东省,广州市,cvs
20251411,ELEME,76W055904A,277048051,中百仓储超市(烽火店),湖北省,武汉市,smkt
20251411,ELEME,76W055945A,277133022,夏商百货(三元店),福建省,三明市,smkt
20251411,ELEME,76W055972A,277170190,家品生活超市,黑龙江省,大庆市,
20251411,ELEME,76W055981A,277180032,罗森便利店(1100红旗东路兰丰巷店),辽宁省,大连市,cvs
20251411,ELEME,76W056006A,277221079,华润万家便利超市(胥江湾店),江苏省,苏州市,mmkt
20251411,ELEME,76W056032A,277260013,天猫小店(水湘人家超市水湘路店),浙江省,杭州市,
20251411,ELEME,76W056189A,278374001,美特好三晋超市,天津市,天津市,mmkt
20251411,ELEME,76W056253A,279475500,全家爱便利店(惠新西街店),北京市,北京市,cvs
20251411,ELEME,76W056290A,279733320,向球便利店(德辉商业街店),福建省,泉州市,
20251411,ELEME,76W056305A,279745383,罗森(下沙科技园店),浙江省,杭州市,cvs
20251411,ELEME,76W056337A,279758390,罗森(安顺路店),上海市,上海市,cvs
20251411,ELEME,76W056379A,279783328,罗森(沁春路店),上海市,上海市,cvs
20251411,ELEME,76W056500A,279822345,壹度便利(六合锦园北门店),河南省,商丘市,mmkt
20251411,ELEME,76W056778A,279864302,金百超市(金都百货中心店),山东省,烟台市,
20251411,ELEME,76W057055A,279900462,梅尼超市(南庄坪一店),湖南省,张家界市,smkt
20251411,ELEME,76W057118A,279909059,美宜佳(龙江华庭渝00361店),重庆市,重庆市,cvs
20251411,ELEME,76W057144A,279911019,美宜佳(金科阳光小镇渝00383店),重庆市,重庆市,cvs
20251411,ELEME,76W057254A,279933147,美好便利(靖江新建北路店),江苏省,泰州市,cvs
20251411,ELEME,76W057662A,280017086,梅尼超市(购物中心店),湖南省,张家界市,smkt
20251411,ELEME,76W057814A,281071490,艾拉进口食品超市(中潭路店),上海市,上海市,
20251411,ELEME,76W057911A,281110455,邻几便利店(兰亭公寓店),安徽省,合肥市,cvs
20251411,ELEME,76W058232A,281156414,杰出便利店(京南一品店),河北省,保定市,cvs
20251411,ELEME,76W058418A,281175102,邻几便利店(芜湖万达中心店),安徽省,芜湖市,cvs
20251411,ELEME,76W058469A,281179333,盒马鲜生(盛博广场店),江苏省,苏州市,smkt
20251411,ELEME,76W058671A,281194296,盒马鲜生(嘉定日月光店),上海市,上海市,smkt
20251411,ELEME,76W058753A,281200165,坚强百货(上犹店),江西省,赣州市,smkt
20251411,ELEME,76W059065A,281226148,超好超市(3店),江苏省,南京市,
20251411,ELEME,76W059380A,281384164,CityBazaar城集生活(西城红场店),黑龙江省,哈尔滨市,
20251411,ELEME,76W059405A,281389193,CityBazaar城集生活(松浦店),黑龙江省,哈尔滨市,
20251411,ELEME,76W059512A,281404331,联盛超市(小池店),湖北省,黄冈市,
20251411,ELEME,76W059517A,281405177,家得乐超市(阿城印象城店),黑龙江省,哈尔滨市,smkt
20251411,ELEME,76W059523A,281406120,聖君超市(新区生活广场店),河南省,安阳市,
20251411,ELEME,76W059629A,281420122,十足便利店(湖州赞成学士府店),浙江省,湖州市,cvs
20251411,ELEME,76W059713A,281431138,兴旺超市(三羊街店),河北省,邢台市,
20251411,ELEME,76W059725A,281432180,711便利店(文艺北路店),陕西省,西安市,cvs
20251411,ELEME,76W059997A,281467313,711便利店(绿地蓝海店),陕西省,西安市,cvs
20251411,ELEME,76W060347A,281512224,罗森便利店(1060旺达成仁街店),辽宁省,大连市,cvs
20251411,ELEME,76W060534A,281525416,橙子便利(财富壹号广场3号楼店),山东省,济南市,cvs
20251411,ELEME,76W061046A,281564393,十足便利店(泰富广场店),浙江省,宁波市,cvs
20251411,ELEME,76W061451A,281592053,十足便利店(温州状元店),浙江省,温州市,cvs
20251411,ELEME,76W061869A,281836105,罗森便利店(壹方中心店),广东省,深圳市,cvs
20251411,ELEME,76W062146A,281859382,唐久便利(1516桃园三巷店),山西省,太原市,cvs
20251411,ELEME,76W062679A,281914165,艳平自选超市(24小时领上店),辽宁省,大连市,
20251411,ELEME,76W062866A,281938275,联盛超市(修水店),江西省,九江市,smkt
20251411,ELEME,76W063547A,283035462,飞牛便利全赢便利(莫城店),江苏省,苏州市,
20251411,ELEME,76W063790A,283080403,罗森(海宁尚东公寓店),浙江省,嘉兴市,cvs
20251411,ELEME,76W064043A,283107160,盒马鲜生(光华店),四川省,成都市,smkt
20251411,ELEME,76W064093A,283111079,罗森(扬州兴城东路店),江苏省,扬州市,cvs
20251411,ELEME,76W064227A,283122094,盒马鲜生(昆山万象汇店),江苏省,苏州市,smkt
20251411,ELEME,76W064282A,283128112,盒马鲜生(mini北洋泾店),上海市,上海市,smkt
20251411,ELEME,76W064478A,283146264,德百超市(运河广场店),山东省,德州市,smkt
20251411,ELEME,76W064507A,283148441,十足便利店(苏州领汇广场店),江苏省,苏州市,cvs
20251411,ELEME,76W064883A,283193002,龙江好日子生鲜超市(八面通店),黑龙江省,牡丹江市,smkt
20251411,ELEME,76W064930A,283205069,十足便利店(苏州领寓广场店),江苏省,苏州市,cvs
20251411,ELEME,76W065044A,283334476,方信超市,辽宁省,丹东市,
20251411,ELEME,76W065497A,283400117,德隆超市(学院店),河北省,衡水市,mmkt
20251411,ELEME,76W066180A,284557357,有家便利店(唯品同创汇店),广东省,广州市,cvs
20251411,ELEME,76W067285A,284815220,PRINCESUPER王子超市(潍坊西路店),上海市,上海市,
20251411,ELEME,76W067297A,284818120,罗森(常州湖塘桥路店),江苏省,常州市,cvs
20251411,ELEME,76W067431A,284853085,美宜佳(开成湘01550店),湖南省,娄底市,cvs
20251411,ELEME,76W067507A,284869087,美宜佳(剧院湘01601店),湖南省,郴州市,cvs
20251411,ELEME,76W067529A,284874079,美宜佳(新天地店湘01576店),湖南省,永州市,cvs
20251411,ELEME,76W067815A,286111382,挺拇指超市(富康店),广东省,东莞市,
20251411,ELEME,76W067831A,286113364,优购超市(港河路),浙江省,温州市,
20251411,ELEME,76W068044A,286149259,中商罗森(南熏门桥店),安徽省,合肥市,cvs
20251411,ELEME,76W068120A,286166397,九州超市(天顺家园店),山东省,临沂市,smkt
20251411,ELEME,76W068170A,286178302,挺拇指超市(横沥店),广东省,东莞市,
20251411,ELEME,76W068221A,286191031,十足便利店(温州蒲江北路店),浙江省,温州市,cvs
20251411,ELEME,76W068294A,286244063,麦德龙(南昌红谷店),江西省,南昌市,
20251411,ELEME,76W068388A,286318145,全佳临·乐佳超市,黑龙江省,哈尔滨市,
20251411,ELEME,76W068448A,286336487,美宜佳(湖心街湖心铭典F289店),福建省,泉州市,cvs
20251411,ELEME,76W068473A,286343462,美宜佳(龙津花园闽01398店),福建省,龙岩市,cvs
20251411,ELEME,76W068530A,286364460,美宜佳(龙湖春江郦城闽01420店),福建省,厦门市,cvs
20251411,ELEME,76W068593A,286381177,十足便利店(杭州心意广场店),浙江省,杭州市,cvs
20251411,ELEME,76W068666A,286400156,十足便利店(杭州置地大厦店),浙江省,杭州市,cvs
20251411,ELEME,76W068674A,286403152,十足便利店(杭州丹桂街店),浙江省,杭州市,cvs
20251411,ELEME,76W068685A,286405139,十足便利店(杭州四季星座店),浙江省,杭州市,cvs
20251411,ELEME,76W068776A,286489253,凯辉便利(澜山壹号店),贵州省,贵阳市,cvs
20251411,ELEME,76W068843A,286527094,联华超市(平安店),上海市,上海市,mmkt
20251411,ELEME,76W068956A,286590168,凯辉便利(金朱东路店),贵州省,贵阳市,cvs
20251411,ELEME,76W069001A,286608025,联华超市(松江人民店),上海市,上海市,mmkt
20251411,ELEME,76W069003A,286608131,罗森便利店(深南道68号店),广东省,深圳市,cvs
20251411,ELEME,76W069121A,287778489,九州超市(半程店),山东省,临沂市,smkt
20251411,ELEME,76W069183A,287818036,顺客隆(保利店),广东省,佛山市,mmkt
20251411,ELEME,76W069315A,287848135,乐享万德福便利店(宁山中路店),辽宁省,沈阳市,cvs
20251411,ELEME,76W069737A,287929050,GOODSHOP朗朗进口生鲜超市,上海市,上海市,
20251411,ELEME,76W069826A,287944326,王子超市PRINCE SUPER,上海市,上海市,
20251411,ELEME,76W069916A,287965327,嘉美源生活超市(河西店),天津市,天津市,
20251411,ELEME,76W070228A,288038480,倍客优超市(中央大道店),辽宁省,大连市,
20251411,ELEME,76W070268A,288046296,中百罗森(梦工场店),湖北省,武汉市,cvs
20251411,ELEME,76W070761A,288132006,倍客优市集(凯丹店),辽宁省,大连市,
20251411,ELEME,76W070834A,288140240,优客家便利店(珠江太阳城店),重庆市,重庆市,cvs
20251411,ELEME,76W070866A,288146080,心美优品进口生活超市(光明1号店),广东省,揭阳市,
20251411,ELEME,76W071068A,288172242,美宜佳(华颢豪庭粤19760店),广东省,中山市,cvs
20251411,ELEME,76W071253A,288200039,麦德龙(广州番禺店),广东省,广州市,
20251411,ELEME,76W071254A,288200052,美宜佳(新科路粤15319店),广东省,东莞市,cvs
20251411,ELEME,76W071276A,288203056,美宜佳(鲜食V00100香槟时代店),广东省,东莞市,cvs
20251411,ELEME,76W071340A,288213088,美宜佳(御景湾粤14815店),广东省,佛山市,cvs
20251411,ELEME,76W071343A,288213091,美宜佳(天安一街粤12099店),广东省,东莞市,cvs
20251411,ELEME,76W071371A,288217498,红旗连锁(大邑顺平街店),四川省,成都市,mmkt
20251411,ELEME,76W071450A,288237359,红旗连锁(2500德阳枕水小镇店),四川省,德阳市,mmkt
20251411,ELEME,76W071624A,288274241,十足便利店(温州市场南路店),浙江省,温州市,cvs
20251411,ELEME,76W072276A,288551009,家益超市(米妮店),重庆市,重庆市,mmkt
20251411,ELEME,76W072315A,288598087,罗森(曹杨路267号店),上海市,上海市,cvs
20251411,ELEME,76W072341A,288602403,胜佳超市(海安店),广东省,广州市,mmkt
20251411,ELEME,76W072396A,288617008,十足便利店(二医店),浙江省,绍兴市,cvs
20251411,ELEME,76W072417A,288621182,罗森便利店(3009五爱市场店),辽宁省,沈阳市,cvs
20251411,ELEME,76W072485A,288632360,胜佳超市(犀牛店),广东省,广州市,mmkt
20251411,ELEME,76W072542A,288647193,惠利多超市(神仙树店),四川省,成都市,smkt
20251411,ELEME,76W072566A,288651351,胜佳超市(文化里店),广东省,广州市,mmkt
20251411,ELEME,76W072592A,288658210,昆仑好客(交通路店),辽宁省,鞍山市,cvs
20251411,ELEME,76W072660A,288671301,盒马鲜生(大融城店),山东省,青岛市,mmkt
20251411,ELEME,76W072698A,288679426,联华超市(莲园路店),上海市,上海市,mmkt
20251411,ELEME,76W072716A,288683110,罗森便利店(3012铁西新玛特店),辽宁省,沈阳市,cvs
20251411,ELEME,76W072818A,288702283,胜佳超市(文德南店),广东省,广州市,mmkt
20251411,ELEME,76W072901A,288734017,多多熊万象超市,辽宁省,葫芦岛市,
20251411,ELEME,76W072939A,288748498,倍客优超市(黑石礁店),辽宁省,大连市,
20251411,ELEME,76W073041A,288802379,国光超市(会昌店),江西省,赣州市,smkt
20251411,ELEME,76W073142A,288841383,美宜佳(赤岗公交站粤19285店),广东省,广州市,cvs
20251411,ELEME,76W073150A,288843263,美宜佳(泉州晋江东环路店F447店),福建省,泉州市,cvs
20251411,ELEME,76W073378A,288909363,麦德龙(昆山店),江苏省,苏州市,
20251411,ELEME,76W073418A,288920216,唐久便利(2258康宁街真武西路店),山西省,太原市,cvs
20251411,ELEME,76W073449A,288936452,美宜佳(和谐花园皖00091店),安徽省,合肥市,cvs
20251411,ELEME,76W073548A,288971489,鹏程超市,山东省,青岛市,
20251411,ELEME,76W073900A,290036376,佳惠超市(顺天店),湖南省,怀化市,smkt
20251411,ELEME,76W073961A,290056317,黄商超市(武穴向阳店),湖北省,黄冈市,smkt
20251411,ELEME,76W074003A,290067308,新力有家便利店(群光中心店),湖北省,武汉市,cvs
20251411,ELEME,76W074070A,290085227,罗森(云屏路店),上海市,上海市,cvs
20251411,ELEME,76W074183A,290123140,鸿洋超市,吉林省,通化市,
20251411,ELEME,76W074248A,290163225,一百购物(恒大影城店),江西省,宜春市,smkt
20251411,ELEME,76W074333A,290204422,美一天省钱超市(桥南总店),福建省,泉州市,
20251411,ELEME,76W074423A,290246468,美宜佳(潜江福星城607店),湖北省,省直辖县级行政区划,cvs
20251411,ELEME,76W074428A,290252240,1+家超市(蓉西阳光店),四川省,成都市,cvs
20251411,ELEME,76W074523A,290366083,罗森便利店(嘉州协信中心店),重庆市,重庆市,cvs
20251411,ELEME,76W074664A,290432015,罗森便利店(协信城立方店),重庆市,重庆市,cvs
20251411,ELEME,76W074715A,290589395,劲松超市PinesShop(明月路店),上海市,上海市,
20251411,ELEME,76W074762A,290643421,中百罗森(新世界百货店),湖南省,长沙市,cvs
20251411,ELEME,76W074834A,290686410,麦德龙(扬州邗江店),江苏省,扬州市,
20251411,ELEME,76W074931A,290739208,唐久便利(鸿基紫韵店),陕西省,西安市,cvs
20251411,ELEME,76W074934A,290742310,麦德龙(芜湖弋江店),安徽省,芜湖市,
20251411,ELEME,76W075036A,290819408,美宜佳(华南工业1529店),广东省,东莞市,cvs
20251411,ELEME,76W075225A,291076031,客云批发超市,黑龙江省,佳木斯市,
20251411,ELEME,76W075231A,291084180,美宜佳(岭南小区粤39603店),广东省,中山市,cvs
20251411,ELEME,76W075364A,291224245,顺客隆(湖畔湾店),广东省,佛山市,mmkt
20251411,ELEME,76W075396A,291259210,邻几便利店(信地城市广场店),安徽省,合肥市,cvs
20251411,ELEME,76W075457A,291314147,巷邻便利店(蚌埠琥珀新天地店),安徽省,蚌埠市,cvs
20251411,ELEME,76W075632A,291377217,美宜佳(下郭路粤13975店),广东省,茂名市,cvs
20251411,ELEME,76W075700A,291401164,享买乐(舞阳广场店),湖北省,恩施土家族苗族自治州,smkt
20251411,ELEME,76W075701A,291402100,罗森便利店(1231小平岛波菲蓝岛店),辽宁省,大连市,cvs
20251411,ELEME,76W075712A,291405167,美宜佳(九龙城A008店),广东省,云浮市,cvs
20251411,ELEME,76W075778A,291428110,美宜佳(瑞和园北门M579店),广东省,惠州市,cvs
20251411,ELEME,76W075792A,291440067,美宜佳(建设路粤18970店),广东省,湛江市,cvs
20251411,ELEME,76W075803A,291443059,美宜佳(光明路E189店),广东省,茂名市,cvs
20251411,ELEME,76W075817A,291448006,美宜佳(文林路口K805店),广东省,云浮市,cvs
20251411,ELEME,76W075824A,291450331,十足便利店(温州雁湖店),浙江省,温州市,cvs
20251411,ELEME,76W075831A,291454022,美宜佳(老城北D792店),广东省,梅州市,cvs
20251411,ELEME,76W075838A,291456020,美宜佳(海悦酒店粤16806店),广东省,潮州市,cvs
20251411,ELEME,76W075841A,291458012,黄商超市(大悟店),湖北省,孝感市,
20251411,ELEME,76W075975A,291634429,华辰超市(绥棱店),黑龙江省,绥化市,smkt
20251411,ELEME,76W076048A,291674437,华辰超市(商厦店),黑龙江省,绥化市,smkt
20251411,ELEME,76W076083A,291692334,黄商超市(罗田居然之家店),湖北省,黄冈市,smkt
20251411,ELEME,76W076128A,291746236,麦德龙(北京立水桥店),北京市,北京市,
20251411,ELEME,76W076163A,291786345,金虎便利(2865府东街义虎路口店),山西省,吕梁市,cvs
20251411,ELEME,76W076177A,291801117,罗森便利店(壮志路店),重庆市,重庆市,cvs
20251411,ELEME,76W076185A,291818216,7-Eleven便利店(尚岛国际-1116店),广东省,广州市,cvs
20251411,ELEME,76W076216A,291837150,苏果便利(大丰上海花园店),江苏省,盐城市,cvs
20251411,ELEME,76W076218A,291838201,7-Eleven便利店(鹏兴花园7155店),广东省,深圳市,cvs
20251411,ELEME,76W076246A,291855399,梅尼超市(凤湾路口店),湖南省,张家界市,mmkt
20251411,ELEME,76W076273A,291876083,梅尼超市(宝塔岗店),湖南省,张家界市,mmkt
20251411,ELEME,76W076284A,291884062,苏果便利(马厂小区店),江苏省,泰州市,cvs
20251411,ELEME,76W076371A,291950054,金虎便利(3063太谷南山南路店),山西省,晋中市,cvs
20251411,ELEME,76W076372A,291950118,便利蜂(欣美街嘉悦广场2号楼店),北京市,北京市,cvs
20251411,ELEME,76W076374A,291953038,LAWSON罗森(发展大厦店),浙江省,宁波市,cvs
20251411,ELEME,76W076404A,292000008,便利蜂(世纪科贸大厦店),北京市,北京市,cvs
20251411,ELEME,76W076414A,292036169,美宜佳(海沧尚书房闽01421店),福建省,厦门市,cvs
20251411,ELEME,76W076493A,292164333,罗森便利店(爱琴海玫瑰天街店),重庆市,重庆市,cvs
20251411,ELEME,76W076506A,292176321,友客(星光岛金棕榈路店),山东省,青岛市,cvs
20251411,ELEME,76W076532A,292211452,美宜佳(水步新市路K800店),广东省,江门市,cvs
20251411,ELEME,76W076594A,292288028,梅尼超市(桑植店),湖南省,张家界市,smkt
20251411,ELEME,76W076633A,292303205,唐久便利(2623文锦世家店),山西省,太原市,cvs
20251411,ELEME,76W076647A,292308478,新天地超市(富民大街店),吉林省,长春市,cvs
20251411,ELEME,76W076649A,292309338,BC进口商品(CBD万达店),北京市,北京市,
20251411,ELEME,76W076758A,292341089,罗森便利店(康德国际店),重庆市,重庆市,cvs
20251411,ELEME,76W076790A,292347500,新天地超市(正阳街店),吉林省,长春市,cvs
20251411,ELEME,76W076935A,292388050,新佳宜超市(东云台1525店),湖南省,长沙市,cvs
20251411,ELEME,76W076937A,292388098,麦德龙(淮安店),江苏省,淮安市,
20251411,ELEME,76W076986A,292402294,麦德龙(临沂罗庄店),山东省,临沂市,
20251411,ELEME,76W077011A,292417049,麦德龙(重庆两江新区店),重庆市,重庆市,
20251411,ELEME,76W077016A,292419037,711(北花园中路店),北京市,北京市,cvs
20251411,ELEME,76W077054A,292435022,万嘉便利(长乐空港店),福建省,福州市,cvs
20251411,ELEME,76W077059A,292439195,麦德龙(烟台芝罘店),山东省,烟台市,
20251411,ELEME,76W077061A,292440249,麦德龙会员店(长春宽城店),吉林省,长春市,
20251411,ELEME,76W077099A,292464147,麦德龙(莆田荔城店),福建省,莆田市,
20251411,ELEME,76W077106A,292468335,友客(鹤山路世贸商都店),山东省,青岛市,cvs
20251411,ELEME,76W077119A,292476226,麦德龙(重庆九龙坡店),重庆市,重庆市,
20251411,ELEME,76W077140A,292490479,苏果便利(大丰健康西路店),江苏省,盐城市,cvs
20251411,ELEME,76W077146A,292492201,唐久便利(2031新桃北店),山西省,太原市,cvs
20251411,ELEME,76W077169A,292496476,胜佳超市(罗马家园店),广东省,广州市,mmkt
20251411,ELEME,76W077171A,292497357,壹度便利(星河湾东门店),安徽省,宿州市,cvs
20251411,ELEME,76W077306A,292524419,乐豆家(市立医院0202店),江西省,上饶市,cvs
20251411,ELEME,76W077415A,292543398,美宜佳(人和春天桂00442号店),广西壮族自治区,钦州市,cvs
20251411,ELEME,76W077499A,292561055,新天地超市(高格蓝湾店),吉林省,长春市,cvs
20251411,ELEME,76W077519A,292565332,罗森(上中西路店),上海市,上海市,cvs
20251411,ELEME,76W077591A,292580293,美宜佳(劳保厂斜对A319店),广东省,惠州市,cvs
20251411,ELEME,76W077654A,292590420,美宜佳(东安街中路桂03195号店),广西壮族自治区,桂林市,cvs
20251411,ELEME,76W077676A,292593005,LAWSON(黉街店),安徽省,合肥市,cvs
20251411,ELEME,76W077782A,292604367,美宜佳(悦豪粤18436店),广东省,东莞市,cvs
20251411,ELEME,76W077790A,292605335,罗森(塘桥地铁站店),上海市,上海市,cvs
20251411,ELEME,76W077865A,292612367,美宜佳(良庆团结路桂00585号店),广西壮族自治区,南宁市,cvs
20251411,ELEME,76W077915A,292619373,美宜佳(东兴西路A835店),广东省,东莞市,cvs
20251411,ELEME,76W077990A,292627203,罗森(南桥镇百联购物中心店),上海市,上海市,cvs
20251411,ELEME,76W078037A,292632292,中百超市(鄂州莲花池店),湖北省,鄂州市,mmkt
20251411,ELEME,76W078219A,292654255,罗森(真大路店),上海市,上海市,cvs
20251411,ELEME,76W078240A,292656260,每一天便利店(沿河街店),陕西省,宝鸡市,cvs
20251411,ELEME,76W078263A,292659245,华润苏果(全椒慈济店),安徽省,滁州市,hmkt
20251411,ELEME,76W078266A,292659275,中百仓储(孝感孝昌店),湖北省,孝感市,smkt
20251411,ELEME,76W078317A,292664270,美宜佳(亭江路步步高桂00118号店),广西壮族自治区,南宁市,cvs
20251411,ELEME,76W078338A,292666213,三江购物(黄鹂店),浙江省,宁波市,smkt
20251411,ELEME,76W078416A,292674203,三江购物(姚江店),浙江省,宁波市,smkt
20251411,ELEME,76W078424A,292674323,美宜佳(东堤湾畔4303店),广东省,东莞市,cvs
20251411,ELEME,76W078438A,292676237,中百超市(蔡姚路店),湖北省,武汉市,mmkt
20251411,ELEME,76W078474A,292680209,三江购物(恒威城店),浙江省,宁波市,smkt
20251411,ELEME,76W078490A,292682165,罗森(环城南路1067店),上海市,上海市,cvs
20251411,ELEME,76W078524A,292685179,罗森(广兰路店),上海市,上海市,cvs
20251411,ELEME,76W078534A,292686176,罗森(中潭路73号店),上海市,上海市,cvs
20251411,ELEME,76W078574A,292690156,三江购物(青林店),浙江省,宁波市,smkt
20251411,ELEME,76W078695A,292832055,罗森(汇暻广场店),上海市,上海市,cvs
20251411,ELEME,76W078787A,292913054,美宜佳(梨川B615店),广东省,东莞市,cvs
20251411,ELEME,76W078889A,293345242,顺天府超市(文慧园店),北京市,北京市,smkt
20251411,ELEME,76W078891A,293348150,新天地超市(泉园二店),辽宁省,沈阳市,cvs
20251411,ELEME,76W078896A,293350079,罗森(合川路2679号店),上海市,上海市,cvs
20251411,ELEME,76W078899A,293353168,罗森(航北路198号店),上海市,上海市,cvs
20251411,ELEME,76W078993A,293414292,罗森(浦江智谷店),上海市,上海市,cvs
20251411,ELEME,76W079151A,293553072,美宜佳(金铭福邸赣00241店),江西省,九江市,cvs
20251411,ELEME,76W079255A,293844222,美宜佳(人力资源大厦闽01422店),福建省,厦门市,cvs
20251411,ELEME,76W079442A,294221366,罗森(七莘路3333号店),上海市,上海市,cvs
20251411,ELEME,76W079450A,294227239,家家悦(临沂泰盛广场店),山东省,临沂市,smkt
20251411,ELEME,76W079451A,294227294,美宜佳(黄石黄石港延安路665店),湖北省,黄石市,cvs
20251411,ELEME,76W079477A,294247024,罗森(航东路店),上海市,上海市,cvs
20251411,ELEME,76W079628A,294370484,罗森(常发大厦店),江苏省,常州市,cvs
20251411,ELEME,76W079629A,294370490,Today(五象绿地一店),广西壮族自治区,南宁市,cvs
20251411,ELEME,76W079733A,294408084,天猫小店(旺福严选超市联安路店),广东省,珠海市,
20251411,ELEME,76W079754A,294413324,罗森(新华路180号店),江苏省,无锡市,cvs
20251411,ELEME,76W079826A,294452051,Today便利店(市民中心店),广西壮族自治区,南宁市,cvs
20251411,ELEME,76W079855A,294469014,美宜佳(V00032云升科技园店),广东省,广州市,cvs
20251411,ELEME,76W079859A,294473008,美宜佳(顺宝天誉E409店),广东省,肇庆市,cvs
20251411,ELEME,76W079915A,294564132,中百仓储(罗田店),湖北省,黄冈市,smkt
20251411,ELEME,76W079981A,294604175,华润万家乐购(香荔店),广东省,深圳市,mmkt
20251411,ELEME,76W080004A,294617169,美宜佳(永盛国际赣00268店),江西省,新余市,cvs
20251411,ELEME,76W080177A,294788352,和悦便利超市,辽宁省,锦州市,
20251411,ELEME,76W080263A,294825172,中百仓储(石首店),湖北省,荆州市,smkt
20251411,ELEME,76W080273A,294834057,中百仓储(麻城金桥店),湖北省,黄冈市,smkt
20251411,ELEME,76W080305A,294857109,多啦便利(高新店),陕西省,西安市,
20251411,ELEME,76W080623A,299336262,美宜佳(鄂州南浦路357店),湖北省,鄂州市,cvs
20251411,ELEME,76W080711A,299400440,便利蜂(马家堡西路36号院9号楼店),北京市,北京市,cvs
20251411,ELEME,76W080720A,299409008,诚和便利店,浙江省,杭州市,
20251411,ELEME,76W080759A,299430358,便利蜂(木樨园桥东店),北京市,北京市,cvs
20251411,ELEME,76W080804A,299450289,便利蜂(红桥区水游城店),天津市,天津市,cvs
20251411,ELEME,76W080845A,299471235,便利蜂(玉鼎大厦店),天津市,天津市,cvs
20251411,ELEME,76W080891A,299494022,7-Eleven便利店(富豪酒店-1270店),广东省,广州市,cvs
20251411,ELEME,76W080964A,299544149,美宜佳(丰园路粤10886店),广东省,东莞市,cvs
20251411,ELEME,76W080984A,299574053,罗森(松汇西路店),上海市,上海市,cvs
20251411,ELEME,76W081026A,299642361,华宁超市(水岸阳光店),福建省,宁德市,
20251411,ELEME,76W081069A,299664297,华润万家乐购express(南国大厦店),广东省,深圳市,mmkt
20251411,ELEME,76W081131A,299705387,罗森(无锡葛埭桥站二店),江苏省,无锡市,cvs
20251411,ELEME,76W081256A,299811494,罗森(谷阳北路店),上海市,上海市,cvs
20251411,ELEME,76W081490A,300061008,唯德里(安良店),广东省,深圳市,mmkt
20251411,ELEME,76W081627A,300176392,罗森便利店(财信沙滨城市店),重庆市,重庆市,cvs
20251411,ELEME,76W081745A,300234401,罗森(公元里店),浙江省,杭州市,cvs
20251411,ELEME,76W081785A,300283420,美好便利(靖江朝阳店),江苏省,泰州市,mmkt
20251411,ELEME,76W081858A,300362304,壹度便利(帝景公馆南门店),安徽省,宿州市,cvs
20251411,ELEME,76W082034A,300539484,中百罗森(长沙市府店),湖南省,长沙市,cvs
20251411,ELEME,76W082121A,300585083,罗森(大唐建工店),上海市,上海市,cvs
20251411,ELEME,76W082134A,300593317,十足便利店(台州马铺路八店),浙江省,台州市,cvs
20251411,ELEME,76W082146A,300598038,便利蜂(华汇大厦店),北京市,北京市,cvs
20251411,ELEME,76W082147A,300598265,罗森(瑞金大厦店),上海市,上海市,cvs
20251411,ELEME,76W082163A,300603261,罗森(罗锦路店),上海市,上海市,cvs
20251411,ELEME,76W082177A,300608270,罗森(零陵路店),上海市,上海市,cvs
20251411,ELEME,76W082186A,300611020,便利蜂(金融城1号楼店),江苏省,南京市,cvs
20251411,ELEME,76W082204A,300617210,罗森便利店(建新东路三店),重庆市,重庆市,cvs
20251411,ELEME,76W082205A,300617334,罗森(银城中路店),上海市,上海市,cvs
20251411,ELEME,76W082207A,300618236,罗森(丽园路店),上海市,上海市,cvs
20251411,ELEME,76W082238A,300629217,好的便利(六合龙脊路店),江苏省,南京市,cvs
20251411,ELEME,76W082242A,300630218,便利蜂(定泗路216号院24号楼店),北京市,北京市,cvs
20251411,ELEME,76W082287A,300645214,罗森(南码头路店),上海市,上海市,cvs
20251411,ELEME,76W082300A,300648200,罗森(天钥桥路店),上海市,上海市,cvs
20251411,ELEME,76W082361A,300670184,罗森(普安路177号店),上海市,上海市,cvs
20251411,ELEME,76W082407A,300688110,罗森(天一广场二店),浙江省,宁波市,cvs
20251411,ELEME,76W082521A,300925222,中百罗森(莲花湖中学店),湖北省,武汉市,cvs
20251411,ELEME,76W082522A,300925318,罗森(赤峰路425号店),上海市,上海市,cvs
20251411,ELEME,76W082652A,301074462,罗森(国华商业广场店),上海市,上海市,cvs
20251411,ELEME,76W082726A,301151333,美宜佳(东圃二马路E802店),广东省,广州市,cvs
20251411,ELEME,76W082859A,301353076,唐久便利(曲江旺座店),陕西省,西安市,cvs
20251411,ELEME,76W082860A,301353368,美宜佳(总站7423店),广东省,河源市,cvs
20251411,ELEME,76W083116A,301638331,罗森(国际会展中心店),浙江省,宁波市,cvs
20251411,ELEME,76W083128A,301645290,美宜佳(西浦光明路粤18573店),广东省,珠海市,cvs
20251411,ELEME,76W083137A,301650365,麦德龙(潍坊店),山东省,潍坊市,
20251411,ELEME,76W083163A,301669326,佳惠超市(兆隆店),湖南省,怀化市,smkt
20251411,ELEME,76W083189A,301686307,好的便利(仙境路店),江苏省,南京市,cvs
20251411,ELEME,76W083275A,301839194,便利蜂(外企大厦店),北京市,北京市,cvs
20251411,ELEME,76W083280A,301840214,便利蜂(酒仙桥路恒通商务园2店),北京市,北京市,cvs
20251411,ELEME,76W083288A,301847196,佳惠超市(邵东中天店),湖南省,邵阳市,smkt
20251411,ELEME,76W083342A,301874213,苏果便利(汇成上东便利店),安徽省,马鞍山市,mmkt
20251411,ELEME,76W083350A,301878231,罗森(西溪路二店),浙江省,杭州市,cvs
20251411,ELEME,76W083360A,301884201,便利蜂(玲珑天地A座店),北京市,北京市,cvs
20251411,ELEME,76W083419A,301906171,便利蜂(苹果社区C座店),北京市,北京市,cvs
20251411,ELEME,76W083430A,301911039,罗森(重庆南路227号店),上海市,上海市,cvs
20251411,ELEME,76W083525A,302000472,便利蜂(天元西路亚都天元居店),江苏省,南京市,cvs
20251411,ELEME,76W083542A,302016383,罗森(银亿环球中心店),浙江省,宁波市,cvs
20251411,ELEME,76W083594A,302120039,罗森(南京平江府店),江苏省,南京市,cvs
20251411,ELEME,76W083606A,302177083,百世邻里超市(李闸店),江苏省,苏州市,
20251411,ELEME,76W083794A,303667238,义信商厦,河北省,沧州市,
20251411,ELEME,76W083996A,303857029,美宜佳(留隍店),广东省,梅州市,cvs
20251411,ELEME,76W084031A,303871340,每日兴超市(檀悦店),浙江省,杭州市,
20251411,ELEME,76W084052A,303882498,新天地超市(川江街店),辽宁省,沈阳市,cvs
20251411,ELEME,76W084067A,303891380,美宜佳(大学城西路渝00475店),重庆市,重庆市,cvs
20251411,ELEME,76W084242A,304219389,罗森(胶州路1118弄店),上海市,上海市,cvs
20251411,ELEME,76W084251A,304230276,美宜佳(谷华路店),广东省,汕头市,cvs
20251411,ELEME,76W084281A,304378402,罗森(泰州迎春小区东风北路店),江苏省,泰州市,cvs
20251411,ELEME,76W084302A,304387321,罗森(南京文心街店),江苏省,南京市,cvs
20251411,ELEME,76W084340A,304408223,Codow可多(盘龙城万达店),湖北省,武汉市,mmkt
20251411,ELEME,76W084396A,304445139,罗森(杭州浙农科创园店),浙江省,杭州市,cvs
20251411,ELEME,76W084449A,304503360,罗森便利店(3029沈阳威斯汀酒店店),辽宁省,沈阳市,cvs
20251411,ELEME,76W084552A,304775303,华辰超市(安达店),黑龙江省,绥化市,smkt
20251411,ELEME,76W084627A,304908192,罗森(新文路店),浙江省,杭州市,cvs
20251411,ELEME,76W084663A,304997034,天福便利店(东城怡丰都市0015店),广东省,东莞市,cvs
20251411,ELEME,76W084664A,304998006,悦来悦喜(天下收藏店),河南省,郑州市,cvs
20251411,ELEME,76W084668A,305008164,罗森(祥园路店),浙江省,杭州市,cvs
20251411,ELEME,76W084782A,305168063,武商超市(人民广场店),湖北省,襄阳市,smkt
20251411,ELEME,76W084878A,305280040,悦来悦喜(江山商界店),河南省,郑州市,cvs
20251411,ELEME,76W084927A,305316374,美宜佳(杨坑一号赣00762店),江西省,赣州市,cvs
20251411,ELEME,76W084967A,305349313,联华超市(梅川路步行街店),上海市,上海市,mmkt
20251411,ELEME,76W085101A,305449291,武商超市(黄州店),湖北省,黄冈市,smkt
20251411,ELEME,76W085360A,307414438,杰出便利店(金昌小区店),河北省,保定市,cvs
20251411,ELEME,76W085369A,307421092,M29超市,浙江省,宁波市,
20251411,ELEME,76W085403A,307441308,之佳便利(建水福康路店),云南省,红河哈尼族彝族自治州,cvs
20251411,ELEME,76W085430A,307456483,美宜佳(保利城桂00749号店),广西壮族自治区,南宁市,cvs
20251411,ELEME,76W085534A,307499195,盒马鲜生(上滨店),上海市,上海市,smkt
20251411,ELEME,76W085678A,307672278,美宜佳(金科二期渝00515店),重庆市,重庆市,cvs
20251411,ELEME,76W085702A,307710292,元初食品(集源路店),福建省,厦门市,mmkt
20251411,ELEME,76W085716A,307721283,罗森(扬州世纪花园店),江苏省,扬州市,cvs
20251411,ELEME,76W086006A,307958275,罗森(镇江斜桥街店),江苏省,镇江市,cvs
20251411,ELEME,76W086008A,307959224,便利蜂(开发区滨海金融街店),天津市,天津市,cvs
20251411,ELEME,76W086092A,308008247,世纪优品超市(罗秀路店),上海市,上海市,
20251411,ELEME,76W086100A,308011277,罗森(苏州悠方购物中心店),江苏省,苏州市,cvs
20251411,ELEME,76W086197A,308071161,便利蜂(远洋新天地一期店),北京市,北京市,cvs
20251411,ELEME,76W086284A,308136498,美宜佳(保利东江首府粤14133店),广东省,广州市,cvs
20251411,ELEME,76W086338A,308181481,阳光小玛特便利店(380财库店),辽宁省,沈阳市,cvs
20251411,ELEME,76W086382A,308214499,九九超市(时代城店),江苏省,无锡市,
20251411,ELEME,76W086389A,308220468,美宜佳(梧侣南街闽01083店),福建省,厦门市,cvs
20251411,ELEME,76W086565A,308351048,中商罗森(宝业东城广场店),安徽省,合肥市,cvs
20251411,ELEME,76W086609A,308370044,美宜佳(闻莺B820店),广东省,云浮市,cvs
20251411,ELEME,76W086686A,308420297,便利蜂(友谊大厦7号楼店),天津市,天津市,cvs
20251411,ELEME,76W086690A,308424191,美宜佳(领行湘01566店),湖南省,株洲市,cvs
20251411,ELEME,76W086722A,308450258,便利蜂(枫丹天城店),天津市,天津市,cvs
20251411,ELEME,76W086741A,308460263,便利蜂(四季风情小区店),天津市,天津市,cvs
20251411,ELEME,76W086756A,308470214,麦德龙(重庆南岸店),重庆市,重庆市,
20251411,ELEME,76W086789A,308490238,美宜佳(夫贵妻荣湘01356店),湖南省,娄底市,cvs
20251411,ELEME,76W086918A,308655185,美宜佳(湘域中心湘01649店),湖南省,长沙市,cvs
20251411,ELEME,76W087062A,308905019,罗森(镇江爱民路店),江苏省,镇江市,cvs
20251411,ELEME,76W087081A,308919157,新天地超市(太平四道街店),黑龙江省,哈尔滨市,cvs
20251411,ELEME,76W087206A,309101351,新天地超市(民生店),黑龙江省,哈尔滨市,cvs
20251411,ELEME,76W087378A,309271237,之佳便利(建水翠屏路店),云南省,红河哈尼族彝族自治州,cvs
20251411,ELEME,76W087401A,309288033,麦德龙(深圳宝安店),广东省,深圳市,
20251411,ELEME,76W087427A,309324216,新天地超市(丽江路店),黑龙江省,哈尔滨市,cvs
20251411,ELEME,76W087481A,309400069,美宜佳(荆门掇刀万达华府266店),湖北省,荆门市,cvs
20251411,ELEME,76W087492A,309414082,新天地超市(安阳店),黑龙江省,哈尔滨市,cvs
20251411,ELEME,76W087586A,309507033,新天地超市(二商店店),黑龙江省,哈尔滨市,cvs
20251411,ELEME,76W087651A,309612403,美宜佳(丽城花园4988店),广东省,中山市,cvs
20251411,ELEME,76W087663A,309630003,罗森(东湖苑店),江苏省,苏州市,cvs
20251411,ELEME,76W087741A,309725117,阳光小玛特便利店(北文萃店),辽宁省,沈阳市,cvs
20251411,ELEME,76W087770A,309789149,美宜佳(凉粉桥粤21062店),广东省,珠海市,cvs
20251411,ELEME,76W087801A,309874018,家家乐(峨眉三台山店),四川省,乐山市,smkt
20251411,ELEME,76W087815A,309891131,麦德龙(成都锦江店),四川省,成都市,
20251411,ELEME,76W087846A,310098040,悦来悦喜(和昌澜景店),河南省,郑州市,cvs
20251411,ELEME,76W087903A,315647035,麦德龙(中山西区店),广东省,中山市,
20251411,ELEME,76W087982A,315862304,罗森便利店(中山三路店),重庆市,重庆市,cvs
20251411,ELEME,76W088083A,315975016,浙北超市(长兴东鱼坊店),浙江省,湖州市,smkt
20251411,ELEME,76W088393A,316304037,罗森便利店(1217华润凯旋门一期店),辽宁省,大连市,cvs
20251411,ELEME,76W088448A,316329382,便利蜂(俊安金融中心店),天津市,天津市,cvs
20251411,ELEME,76W088667A,316504109,罗森便利店(1150国合锦里店),辽宁省,大连市,cvs
20251411,ELEME,76W088723A,316574452,京东便利店(崧泽大道店),上海市,上海市,
20251411,ELEME,76W088824A,316786341,美宜佳(永兴D865店),广东省,中山市,cvs
20251411,ELEME,76W088840A,316799245,新天地超市(西一条店),吉林省,长春市,cvs
20251411,ELEME,76W089029A,317123405,新天地超市(建设街店),黑龙江省,哈尔滨市,cvs
20251411,ELEME,76W089090A,317196355,新天地超市(东辉店),黑龙江省,哈尔滨市,cvs
20251411,ELEME,76W089160A,317255132,世纪隆超市(都市花园店),四川省,达州市,smkt
20251411,ELEME,76W089524A,317775422,华联鲜超(康桥颐东店),山东省,济南市,mmkt
20251411,ELEME,76W089644A,317948387,罗森(台南西路店),上海市,上海市,cvs
20251411,ELEME,76W089673A,317967160,鑫丰旺超市,辽宁省,大连市,
20251411,ELEME,76W089714A,317992124,京东便利店(徐汇店),上海市,上海市,
20251411,ELEME,76W089726A,318001041,熊猫购·沃森便利(一中店),江苏省,常州市,
20251411,ELEME,76W089786A,318043025,华润万家(西安北郊店),陕西省,西安市,smkt
20251411,ELEME,76W089857A,318095430,新天地超市(临波路店),辽宁省,沈阳市,cvs
20251411,ELEME,76W089966A,318395044,罗森便利店(3036航大地铁店),辽宁省,沈阳市,cvs
20251411,ELEME,76W090094A,318510386,美宜佳(江南万达广场桂00292号店),广西壮族自治区,南宁市,cvs
20251411,ELEME,76W090181A,318562231,美宜佳(荆门掇刀万达广场422店),湖北省,荆门市,cvs
20251411,ELEME,76W090210A,318582493,美宜佳(玖和湘01646店),湖南省,邵阳市,cvs
20251411,ELEME,76W090219A,318586022,美宜佳(翠微广场赣00811店),江西省,赣州市,cvs
20251411,ELEME,76W090265A,318613348,美宜佳(高安鹏泰赣00840店),江西省,宜春市,cvs
20251411,ELEME,76W090300A,318633289,美宜佳(香洲水郡湘01627店),湖南省,怀化市,cvs
20251411,ELEME,76W090405A,318724107,美宜佳(汽车站湘01766店),湖南省,永州市,cvs
20251411,ELEME,76W090420A,318731113,美宜佳(滨湖豪庭湘01456店),湖南省,岳阳市,cvs
20251411,ELEME,76W090507A,318771116,美宜佳(都市花园桂00772号店),广西壮族自治区,南宁市,cvs
20251411,ELEME,76W090602A,320812051,美宜佳(宝峰欣城湘01686店),湖南省,常德市,cvs
20251411,ELEME,76W090709A,320857339,富佳圆超市,辽宁省,朝阳市,
20251411,ELEME,76W090742A,320881077,易太便利店(三德店),福建省,泉州市,cvs
20251411,ELEME,76W090789A,321014010,Jeffrygrocery顺成超市(高泾店),上海市,上海市,
20251411,ELEME,76W090830A,321037460,罗森(南京竹山路店),江苏省,南京市,cvs
20251411,ELEME,76W090855A,321047221,7-ELEVEn(中联店),山东省,青岛市,cvs
20251411,ELEME,76W090934A,321116332,万宏超市,浙江省,温州市,
20251411,ELEME,76W091144A,321240187,1+家24H超市(华康路店),四川省,成都市,cvs
20251411,ELEME,76W091180A,321290093,佳惠超市(安顺南航店),贵州省,安顺市,smkt
20251411,ELEME,76W091273A,321345314,新天地超市(锦绣花园店),辽宁省,沈阳市,cvs
20251411,ELEME,76W091372A,321414116,美宜佳(三千城繁华里桂00161号店),广西壮族自治区,贵港市,cvs
20251411,ELEME,76W091526A,321570403,美宜佳(宝塔路E349店),广东省,揭阳市,cvs
20251411,ELEME,76W091528A,321572167,卜蜂莲花(桂阳店),湖南省,郴州市,
20251411,ELEME,76W091634A,321647058,世纪华联(珠江道店),天津市,天津市,
20251411,ELEME,76W091657A,321671062,美宜佳(世纪桃花苑湘01746店),湖南省,长沙市,cvs
20251411,ELEME,76W091807A,322121435,中百超市(锦苑小区店),湖北省,武汉市,mmkt
20251411,ELEME,76W091896A,322205413,盒马鲜生(乐基广场店),江苏省,南京市,smkt
20251411,ELEME,76W091947A,322241281,美好便利(无锡溪岸景园店),江苏省,无锡市,cvs
20251411,ELEME,76W092033A,322329014,中百超市(老关新城店),湖北省,武汉市,mmkt
20251411,ELEME,76W092176A,322759025,悦来悦喜(新乡第一人民医院店),河南省,新乡市,cvs
20251411,ELEME,76W092251A,322908019,中百超市(左岸美邻店),湖北省,武汉市,mmkt
20251411,ELEME,76W092258A,322922055,唐久便利(2361爱家2号店),山西省,太原市,cvs
20251411,ELEME,76W092495A,323686068,谊品生鲜超市(太平洋城店),福建省,福州市,mmkt
20251411,ELEME,76W092524A,323703394,惠利佳便利超市,辽宁省,沈阳市,
20251411,ELEME,76W092535A,323711178,谊品生鲜超市(新产业园田埠路店),安徽省,合肥市,cvs
20251411,ELEME,76W092562A,323728495,May's Deli(高泾路店),上海市,上海市,
20251411,ELEME,76W092652A,323786134,中百超市(富康花园店),湖北省,武汉市,mmkt
20251411,ELEME,76W092709A,323913120,美宜佳(豫355宝龙广场店),河南省,洛阳市,cvs
20251411,ELEME,76W092717A,323927121,谊品生鲜超市(天盈首原店),重庆市,重庆市,cvs
20251411,ELEME,76W092967A,324409427,谊品生鲜超市(世贸茂悦府店),重庆市,重庆市,cvs
20251411,ELEME,76W093012A,324530284,谊品生鲜超市(时代壹佰店),重庆市,重庆市,cvs
20251411,ELEME,76W093065A,324594069,美宜佳(迎凯路桂00828号店),广西壮族自治区,南宁市,cvs
20251411,ELEME,76W093109A,324662008,谊品生鲜超市(星澜之悦店),湖南省,长沙市,mmkt
20251411,ELEME,76W093154A,324747050,凯辉便利(时代天街店),贵州省,遵义市,cvs
20251411,ELEME,76W093187A,326311287,华宁超市(凯兴店),福建省,宁德市,
20251411,ELEME,76W093219A,326469013,有家便利店(海信广场店),湖南省,长沙市,cvs
20251411,ELEME,76W093236A,326633037,小鹿镇(红郡店),浙江省,嘉兴市,
20251411,ELEME,76W093333A,327550148,美宜佳(章贡文苑赣00837店),江西省,赣州市,cvs
20251411,ELEME,76W093381A,329304460,好邻居超市(东门店),广东省,云浮市,
20251411,ELEME,76W093412A,329418338,美宜佳(汇景集团闽01471店),福建省,厦门市,cvs
20251411,ELEME,76W093758A,329975361,邻几(淮南龙湖中心店),安徽省,淮南市,cvs
20251411,ELEME,76W093824A,330013097,十足便利店(湖州天成大厦店),浙江省,湖州市,cvs
20251411,ELEME,76W094017A,330242248,美宜佳(党校闽01425店),福建省,漳州市,cvs
20251411,ELEME,76W094080A,330293065,罗森便利店(1248大连站宏孚桥一分店),辽宁省,大连市,cvs
20251411,ELEME,76W094178A,330368448,美宜佳(上边村桂00800号店),广西壮族自治区,桂林市,cvs
20251411,ELEME,76W094185A,330372417,美宜佳(华锦酒店桂00556号店),广西壮族自治区,玉林市,cvs
20251411,ELEME,76W094196A,330377033,美宜佳(咸宁通山西站330店),湖北省,咸宁市,cvs
20251411,ELEME,76W094245A,330405440,新力有家便利店(泰富城店),湖北省,武汉市,cvs
20251411,ELEME,76W094368A,330524059,罗森便利店(天津中山门店),天津市,天津市,cvs
20251411,ELEME,76W094398A,330591012,罗森便利店(亦城国际中心店),北京市,北京市,cvs
20251411,ELEME,76W094569A,330907159,中百罗森(雨花外国语店),湖南省,长沙市,cvs
20251411,ELEME,76W094604A,330934100,新天地超市(小南店),辽宁省,沈阳市,cvs
20251411,ELEME,76W094941A,331185265,唐久便利(世纪颐园店),陕西省,西安市,cvs
20251411,ELEME,76W095101A,331329168,美宜佳(腾飞建材城湘01801店),湖南省,永州市,cvs
20251411,ELEME,76W095121A,331345095,罗森(上海民耀路店),上海市,上海市,cvs
20251411,ELEME,76W095130A,331348353,武商超市(黄陂店),湖北省,武汉市,smkt
20251411,ELEME,76W095394A,331476384,罗森(庆安店),上海市,上海市,cvs
20251411,ELEME,76W095723A,331756072,壹度便利(新都市华庭东门店),安徽省,宿州市,cvs
20251411,ELEME,76W095764A,331884228,乐享万德福便利店(北方传媒店),辽宁省,沈阳市,cvs
20251411,ELEME,76W096000A,332029152,乐享万德福便利店(北陵大街店),辽宁省,沈阳市,cvs
20251411,ELEME,76W096161A,332159259,京京便利店,吉林省,长春市,
20251411,ELEME,76W096209A,332211374,美宜佳(鲜食V00031万博二路店),广东省,广州市,cvs
20251411,ELEME,76W096231A,332247318,壹度便利(滨湖蓝湾店),安徽省,蚌埠市,cvs
20251411,ELEME,76W096453A,345280112,优享购超市(海光寺店),天津市,天津市,
20251411,ELEME,76W096477A,350157022,世纪隆超市(巴中西城店),四川省,巴中市,smkt
20251411,ELEME,76W096518A,352654346,美宜佳(子悦山粤17176店),广东省,珠海市,cvs
20251411,ELEME,76W096558A,352691233,乐享万德福便利店(华航大厦店),辽宁省,沈阳市,cvs
20251411,ELEME,76W096674A,352848047,唐久便利(2289殷家堡小区店),山西省,太原市,cvs
20251411,ELEME,76W096708A,352891024,盒马鲜生(大坪店),重庆市,重庆市,smkt
20251411,ELEME,76W096722A,352903111,美宜佳(三千城花漾里桂00210号店),广西壮族自治区,贵港市,cvs
20251411,ELEME,76W096761A,352949205,美宜佳(咸宁咸安渔水路808店),湖北省,咸宁市,cvs
20251411,ELEME,76W096792A,352983035,唐久便利(2615兰亭西门店),山西省,太原市,cvs
20251411,ELEME,76W096940A,353125451,711便利店(汉神广场店),陕西省,西安市,cvs
20251411,ELEME,76W097005A,353204398,美宜佳(庙山公园闽01580店),福建省,漳州市,cvs
20251411,ELEME,76W097078A,353315326,速囤(芳草店),四川省,成都市,
20251411,ELEME,76W097083A,353320303,美宜佳(时华大厦桂02402号店),广西壮族自治区,南宁市,cvs
20251411,ELEME,76W097090A,353329233,美宜佳(玫瑰湾桂00789号店),广西壮族自治区,梧州市,cvs
20251411,ELEME,76W097091A,353331011,美宜佳(名仕家源闽01607店),福建省,南平市,cvs
20251411,ELEME,76W097122A,353445010,7-Eleven便利店(壹城中心7184店),广东省,深圳市,cvs
20251411,ELEME,76W097145A,353510046,万嘉便利(健康路店),福建省,福州市,cvs
20251411,ELEME,76W097236A,353680015,万嘉便利(上街中海寰宇店),福建省,福州市,cvs
20251411,ELEME,76W097592A,354903429,盒马鲜生(万象汇店),浙江省,宁波市,smkt
20251411,ELEME,76W097673A,355013366,美好便利(兴化金东门店),江苏省,泰州市,cvs
20251411,ELEME,76W097688A,355033500,乐享万德福便利店(华润二十四城店),辽宁省,沈阳市,mmkt
20251411,ELEME,76W097755A,355162017,盒马鲜生(佳源广场店),江苏省,南京市,smkt
20251411,ELEME,76W097768A,355194369,美宜佳(东山分校粤12222店),广东省,梅州市,cvs
20251411,ELEME,76W097780A,355244028,邻几(Q丰泽天怡花苑店),福建省,泉州市,cvs
20251411,ELEME,76W097983A,355766038,谊品生鲜超市(融汇半岛店),重庆市,重庆市,cvs
20251411,ELEME,76W098276A,356216408,美宜佳(泰园粤19991店),广东省,梅州市,cvs
20251411,ELEME,76W098285A,356228491,中百超市(海景北店),湖北省,武汉市,mmkt
20251411,ELEME,76W098377A,356362438,美宜佳(凰城华府渝00572店),重庆市,重庆市,cvs
20251411,ELEME,76W098511A,356497176,美宜佳(东邦城市花园三期渝00599店),重庆市,重庆市,cvs
20251411,ELEME,76W098568A,356562021,美宜佳(天骄路川00128店),四川省,南充市,mmkt
20251411,ELEME,76W098624A,356696026,美宜佳(万昌大厦渝00583店),重庆市,重庆市,cvs
20251411,ELEME,76W098748A,356800300,唐久便利(3106龙城北街龙城壹号店),山西省,太原市,cvs
20251411,ELEME,76W098849A,356854312,吉优客超市(春城大街店),吉林省,长春市,cvs
20251411,ELEME,76W098914A,356895121,速优24正品生活超市,山西省,太原市,
20251411,ELEME,76W099012A,356948195,谊品生鲜超市(中海右岸店),四川省,成都市,cvs
20251411,ELEME,76W099147A,357122190,美宜佳(V00157景城花园店),广东省,深圳市,cvs
20251411,ELEME,76W099222A,357255151,新天地超市(会展大街店),吉林省,长春市,cvs
20251411,ELEME,76W099391A,358381400,新天地超市(西中华叁店),吉林省,长春市,cvs
20251411,ELEME,76W099530A,359592395,可好(铜牛010201店),山东省,青岛市,cvs
20251411,ELEME,76W099598A,360048201,安可便利,辽宁省,沈阳市,
20251411,ELEME,76W099619A,360326366,金文汇便利店(明珠花园店),吉林省,白城市,cvs
20251411,ELEME,76W099690A,360449398,蓝桥玉竹百货超市,辽宁省,盘锦市,
20251411,ELEME,76W099831A,360545038,美宜佳(珠山新德园赣00885店),江西省,景德镇市,cvs
20251411,ELEME,76W100037A,360723082,美宜佳(樊城妇幼保健院800店),湖北省,襄阳市,cvs
20251411,ELEME,76W100327A,360998260,一百超市(牌头店),浙江省,绍兴市,smkt
20251411,ELEME,76W100466A,361122073,天恒超市(银杉路店),湖南省,长沙市,smkt
20251411,ELEME,76W100564A,361323010,罗森便利店(盘溪路店),重庆市,重庆市,cvs
20251411,ELEME,76W101182A,364713242,壹度便利(开封青年城店),河南省,开封市,cvs
20251411,ELEME,76W101303A,364920486,美宜佳(安置区赣00463店),江西省,赣州市,cvs
20251411,ELEME,76W101325A,364955207,美宜佳(玉梧大道桂00513号店),广西壮族自治区,梧州市,cvs
20251411,ELEME,76W101331A,364959192,麦德龙(苏州常熟店),江苏省,苏州市,
20251411,ELEME,76W101373A,365014365,罗森(南京聚宝山庄店),江苏省,南京市,cvs
20251411,ELEME,76W101465A,365148189,美宜佳(延安路桂00865号店),广西壮族自治区,北海市,cvs
20251411,ELEME,76W101553A,365284480,美宜佳便利店(纺织科创园苏00220店),江苏省,苏州市,cvs
20251411,ELEME,76W101556A,365287458,唐久便利(2859新生里店),山西省,太原市,cvs
20251411,ELEME,76W101607A,365334484,美宜佳(天鹅湖粤13051店),广东省,东莞市,cvs
20251411,ELEME,76W101620A,365342369,盒马鲜生(浦江城市广场店),上海市,上海市,smkt
20251411,ELEME,76W101693A,365471070,华润万家(长河店),浙江省,宁波市,smkt
20251411,ELEME,76W101864A,365680327,橙子便利(全运村中央广场店),山东省,济南市,cvs
20251411,ELEME,76W101938A,365770291,美宜佳(泽景大厦粤25883店),广东省,东莞市,cvs
20251411,ELEME,76W101952A,365781202,家益超市(周家坝二店),重庆市,重庆市,mmkt
20251411,ELEME,76W101975A,365799424,劝宝超市(泽润店),天津市,天津市,mmkt
20251411,ELEME,76W102168A,365977327,悦来悦喜(璞丽中心店),河南省,郑州市,cvs
20251411,ELEME,76W102197A,366000327,美宜佳便利店(东方花园苏00166店),江苏省,苏州市,cvs
20251411,ELEME,76W102286A,366176013,美好便利(金坛北贤路店),江苏省,常州市,cvs
20251411,ELEME,76W102299A,366257395,大润发(全福店),山东省,济南市,hmkt
20251411,ELEME,76W102306A,366281373,北京华联生活超市(民族大道店),广西壮族自治区,南宁市,hmkt
20251411,ELEME,76W102346A,366383240,美宜佳(基隆开发区桂00853号店),广西壮族自治区,柳州市,cvs
20251411,ELEME,76W102391A,366642448,罗森(嘉兴昌盛路店),浙江省,嘉兴市,cvs
20251411,ELEME,76W102420A,366673156,罗森(绍兴永乐路店),浙江省,绍兴市,cvs
20251411,ELEME,76W102441A,366689226,美宜佳便利店(佳源新天地苏00210店),江苏省,泰州市,cvs
20251411,ELEME,76W102451A,366699107,十足便利店(嘉兴吾悦华府店),浙江省,嘉兴市,cvs
20251411,ELEME,76W102506A,366747345,美宜佳(建瓯安泰闽01598店),福建省,南平市,cvs
20251411,ELEME,76W102543A,366780061,罗森(嘉兴平湖滨江店),浙江省,嘉兴市,cvs
20251411,ELEME,76W102567A,366797069,美宜佳(华宇广场粤20241店),广东省,广州市,cvs
20251411,ELEME,76W102582A,366812052,十足便利店(仙居世纪新村一店),浙江省,台州市,cvs
20251411,ELEME,76W102627A,366889089,大润发(都匀店),贵州省,黔南布依族苗族自治州,hmkt
20251411,ELEME,76W102746A,367036010,美宜佳(雄峰粤18292店),广东省,广州市,cvs
20251411,ELEME,76W102756A,367043033,唐久便利(2260槐桐别苑店),山西省,太原市,cvs
20251411,ELEME,76W102848A,367225046,Today(东方广场店),湖北省,武汉市,cvs
20251411,ELEME,76W102901A,367384153,北山生活超市(青青家园店),湖北省,宜昌市,mmkt
20251411,ELEME,76W102939A,367473140,便利蜂(华明镇低碳产业园b4号楼店),天津市,天津市,cvs
20251411,ELEME,76W102946A,367519150,乐豆家(民富路0500店),江西省,南昌市,cvs
20251411,ELEME,76W103083A,369109020,美宜佳(万江小享0091店),广东省,东莞市,cvs
20251411,ELEME,76W103109A,369172030,美宜佳(水库三街M565店),广东省,深圳市,cvs
20251411,ELEME,76W103158A,369240015,便利蜂(赛达新兴产业园店),天津市,天津市,cvs
20251411,ELEME,76W103331A,369861378,宏远上铖超市(公园一号店),四川省,眉山市,mmkt
20251411,ELEME,76W103430A,370017454,7-ELEVEn(金色家族店),湖南省,长沙市,cvs
20251411,ELEME,76W103538A,370140018,美宜佳(广场南路桂00808号店),广西壮族自治区,南宁市,cvs
20251411,ELEME,76W103584A,370215438,华润万家(统一西路店),陕西省,咸阳市,smkt
20251411,ELEME,76W103597A,370227406,美宜佳(格林春天3580店),广东省,珠海市,cvs
20251411,ELEME,76W103640A,370267320,新天地超市(吉林松江店),吉林省,吉林市,cvs
20251411,ELEME,76W103646A,370272147,凯辉便利(清华路店),贵州省,贵阳市,cvs
20251411,ELEME,76W103655A,370283299,凯辉便利(宅吉路店),贵州省,贵阳市,cvs
20251411,ELEME,76W103710A,370339432,新天地超市(吉林鞍山街二店),吉林省,吉林市,cvs
20251411,ELEME,76W103802A,370445167,新潮尚品超市,黑龙江省,大庆市,
20251411,ELEME,76W103815A,370459073,美宜佳(豫396牧野理想城店),河南省,新乡市,cvs
20251411,ELEME,76W103917A,370551169,悦来悦喜(天下城店),河南省,郑州市,cvs
20251411,ELEME,76W104187A,370909210,美宜佳(万科城赣00146店),江西省,南昌市,cvs
20251411,ELEME,76W104388A,371099346,罗森便利店(医科大学店),重庆市,重庆市,cvs
20251411,ELEME,76W104398A,371109177,十足便利店(横店万盛南街店),浙江省,金华市,cvs
20251411,ELEME,76W104455A,371160349,美宜佳(围新村粤12616店),广东省,深圳市,cvs
20251411,ELEME,76W104495A,371357473,友客(燕儿岛路鲁商首府店),山东省,青岛市,cvs
20251411,ELEME,76W104626A,371517471,十足便利店(台州仙居弘润店),浙江省,台州市,cvs
20251411,ELEME,76W104724A,371594128,旺哆好实惠生活超市(锦绣路店),浙江省,温州市,
20251411,ELEME,76W104761A,371625244,罗森(扬州万科城店),江苏省,扬州市,cvs
20251411,ELEME,76W104769A,371633028,十足便利店(台州天台杨家山店),浙江省,台州市,cvs
20251411,ELEME,76W105075A,371860062,之佳便利(昆明西城时代店),云南省,昆明市,cvs
20251411,ELEME,76W105131A,371906122,乐享万德福便利店(华润幸福里店),辽宁省,沈阳市,cvs
20251411,ELEME,76W105228A,371985075,新天地超市(龙信家园店),黑龙江省,哈尔滨市,cvs
20251411,ELEME,76W105315A,372059028,易太便利店(少林店),福建省,莆田市,cvs
20251411,ELEME,76W105330A,372072100,美宜佳(豫405息县商贸城店),河南省,信阳市,cvs
20251411,ELEME,76W105560A,372248097,柴柴便利(曲江店),陕西省,西安市,
20251411,ELEME,76W105882A,372537334,麦德龙(无锡惠山店),江苏省,无锡市,
20251411,ELEME,76W105908A,372560345,7-Eleven便利店(荷景花园-1336店),广东省,广州市,cvs
20251411,ELEME,76W105910A,372561223,海豚购(花牌坊店),四川省,成都市,
20251411,ELEME,76W105977A,372628243,麦德龙(重庆沙坪坝店),重庆市,重庆市,
20251411,ELEME,76W106174A,372894159,ALDI奥乐齐超市(世茂店),上海市,上海市,mmkt
20251411,ELEME,76W106185A,372906164,便利蜂(漕河泾浦江科技广场店),上海市,上海市,cvs
20251411,ELEME,76W106349A,373194327,7-ELEVEn(海大浮山校区店),山东省,青岛市,cvs
20251411,ELEME,76W106432A,373239141,美宜佳(满堂红渝00648店),重庆市,重庆市,cvs
20251411,ELEME,76W106512A,373283338,世纪惠家(泰达兰庭店),吉林省,延边朝鲜族自治州,
20251411,ELEME,76W106533A,373291212,美宜佳(龙华西A858店),广东省,云浮市,cvs
20251411,ELEME,76W106671A,373371312,便利蜂(华清嘉园12号楼店),北京市,北京市,cvs
20251411,ELEME,76W106688A,373376294,唐久便利(省防疫中心店),陕西省,西安市,cvs
20251411,ELEME,76W106692A,373378341,便利蜂(大兴金日产业园店),北京市,北京市,cvs
20251411,ELEME,76W107079A,373965399,融惠微利便利店(乡里店),黑龙江省,哈尔滨市,cvs
20251411,ELEME,76W107181A,374008456,美宜佳(城湖路桂00988号店),广西壮族自治区,贵港市,cvs
20251411,ELEME,76W107183A,374010216,谊品生鲜超市(将军新村店),湖北省,武汉市,cvs
20251411,ELEME,76W107201A,374021207,顺客隆(海琴湾店),广东省,佛山市,mmkt
20251411,ELEME,76W107259A,374048383,美宜佳(崀之韵广场湘01748店),湖南省,邵阳市,cvs
20251411,ELEME,76W107283A,374061222,谊品生鲜超市(鹦鹉花园店),湖北省,武汉市,cvs
20251411,ELEME,76W107294A,374067228,吉优客超市(我的家园店),吉林省,长春市,cvs
20251411,ELEME,76W107447A,374362122,7-Eleven便利店(铂涛大厦1241店),广东省,广州市,cvs
20251411,ELEME,76W107457A,374371119,Hello城市超市(定海店),浙江省,舟山市,
20251411,ELEME,76W107484A,374393089,美宜佳(奥林山水赣00906店),江西省,鹰潭市,cvs
20251411,ELEME,76W107506A,374417115,Hello城市超市(新城店),浙江省,舟山市,
20251411,ELEME,76W107622A,374500045,美宜佳(南朗卫生站粤15591店),广东省,中山市,cvs
20251411,ELEME,76W107631A,374505094,Hello城市超市(长峙岛店),浙江省,舟山市,
20251411,ELEME,76W107958A,375030065,凯辉便利(帝景传说店),贵州省,贵阳市,cvs
20251411,ELEME,76W107977A,375050063,罗森(苏州富仁坊巷店),江苏省,苏州市,cvs
20251411,ELEME,76W108046A,375156066,谊品生鲜超市(包河花园店),安徽省,合肥市,cvs
20251411,ELEME,76W108051A,375167091,谊品生鲜超市(森林公园店),安徽省,合肥市,cvs
20251411,ELEME,76W108077A,375352175,711便利店(银盛泰店),山东省,青岛市,cvs
20251411,ELEME,76W108216A,375804292,711(学海路店),江苏省,南京市,cvs
20251411,ELEME,76W108275A,375946124,华之友(兴建路店),浙江省,舟山市,smkt
20251411,ELEME,76W108303A,375994268,联华超市(香溢店),上海市,上海市,mmkt
20251411,ELEME,76W108319A,376032018,谊品批发超市(鸿运园店),安徽省,合肥市,cvs
20251411,ELEME,76W108356A,376099254,美宜佳(豫326开封河大一附院店),河南省,开封市,cvs
20251411,ELEME,76W108545A,376770067,悦来悦喜(洛阳泉舜186店),河南省,洛阳市,cvs
20251411,ELEME,76W108551A,376777073,美宜佳(庐阳国际赣00972店),江西省,九江市,cvs
20251411,ELEME,76W108645A,376852003,明珠超市(新开路店),河北省,廊坊市,smkt
20251411,ELEME,76W108786A,378774408,罗森便利店(民治横岭店),广东省,深圳市,cvs
20251411,ELEME,76W109261A,380043035,京东便利店(虹口店),上海市,上海市,
20251411,ELEME,76W109295A,380427301,万家和平价超市,辽宁省,朝阳市,
20251411,ELEME,76W109320A,380747062,佳优美璇便利店,江苏省,盐城市,
20251411,ELEME,76W109398A,381725455,仁宇超市,黑龙江省,佳木斯市,
20251411,ELEME,76W109419A,381816336,华见超市(智慧城店),广东省,广州市,
20251411,ELEME,76W109742A,382598151,美宜佳(美地公元湘01950店),湖南省,邵阳市,cvs
20251411,ELEME,76W109788A,382653058,美宜佳(人和西成粤22073店),广东省,广州市,cvs
20251411,ELEME,76W109866A,384810351,物美品超市(通州龙湖店),北京市,北京市,smkt
20251411,ELEME,76W109971A,385641171,谊品鲜超市(合肥胜利路店),安徽省,合肥市,cvs
20251411,ELEME,76W110298A,386416005,可森便利店,四川省,成都市,
20251411,ELEME,76W110331A,386484380,中百罗森(湖南师范大学店),湖南省,长沙市,cvs
20251411,ELEME,76W110345A,386499412,美宜佳(豫475禹州裕华大街店),河南省,许昌市,cvs
20251411,ELEME,76W110469A,386676346,中百罗森(长铁一中店),湖南省,长沙市,cvs
20251411,ELEME,76W110600A,387117211,美好便利(泰州高港港城花苑店),江苏省,泰州市,cvs
20251411,ELEME,76W110621A,387178138,Jeffrey星月市集,上海市,上海市,
20251411,ELEME,76W110725A,389434409,美宜佳(中医院湘01583店),湖南省,岳阳市,cvs
20251411,ELEME,76W110767A,389479293,物美品超市(蒲黄榆店),北京市,北京市,mmkt
20251411,ELEME,76W110776A,389490263,之佳便利(弥勒湖泉尚景店),云南省,红河哈尼族彝族自治州,cvs
20251411,ELEME,76W110780A,389497209,网红连锁超市(宝安店),广东省,深圳市,
20251411,ELEME,76W110802A,389547142,美宜佳(西场地铁站粤22558店),广东省,广州市,cvs
20251411,ELEME,76W110805A,389550143,罗森(祁华路店),上海市,上海市,cvs
20251411,ELEME,76W110812A,389554123,美宜佳(大龙城广场桂00162号店),广西壮族自治区,贵港市,cvs
20251411,ELEME,76W110815A,389559126,华运超市(聚云广场店),安徽省,蚌埠市,smkt
20251411,ELEME,76W110822A,389567151,罗森便利店(天津滨海新区第五医院店),天津市,天津市,cvs
20251411,ELEME,76W110890A,389630013,物美品超市(加州小镇店),北京市,北京市,mmkt
20251411,ELEME,76W111001A,390204045,美宜佳(恒大城桂00992号店),广西壮族自治区,贵港市,cvs
20251411,ELEME,76W111019A,390232265,十足便利店(南禅寺店),江苏省,无锡市,cvs
20251411,ELEME,76W111037A,390248024,物美品超市(丰台马家堡店),北京市,北京市,mmkt
20251411,ELEME,76W111063A,390287130,罗森便利店(江津朗苑店),重庆市,重庆市,cvs
20251411,ELEME,76W111086A,390731494,合家欢,广东省,中山市,cvs
20251411,ELEME,76W111229A,390962404,友客(市南区太平路店),山东省,青岛市,cvs
20251411,ELEME,76W111268A,390990343,海豚购(净居寺店),四川省,成都市,
20251411,ELEME,76W111283A,391001408,中百罗森(荆门钟祥实验高中店),湖北省,荆门市,cvs
20251411,ELEME,76W111379A,391109146,谊品鸵鸟闪购(万丰路店),重庆市,重庆市,cvs
20251411,ELEME,76W111406A,391160129,天福便利店(联丰小区店),湖南省,长沙市,cvs
20251411,ELEME,76W111422A,391198017,中百罗森(荆州港隆广场店),湖北省,荆州市,cvs
20251411,ELEME,76W111487A,391326258,橙子便利店,黑龙江省,牡丹江市,
20251411,ELEME,76W111670A,392149046,罗森(上海古北SOHO店),上海市,上海市,cvs
20251411,ELEME,76W111762A,394869124,优同便利店(地铁大厦店),山东省,青岛市,cvs
20251411,ELEME,76W111806A,395299415,壹度便利(玉兰公馆店),安徽省,宿州市,cvs
20251411,ELEME,76W111899A,396445406,美宜佳便利店(金碧辉煌浙00209店),浙江省,温州市,cvs
20251411,ELEME,76W111951A,396515239,美宜佳(星湖豪景粤18270店),广东省,汕头市,cvs
20251411,ELEME,76W111970A,396532274,易太便利店(苍林店),福建省,莆田市,cvs
20251411,ELEME,76W112085A,396632034,美宜佳便利店(前进南路苏00246店),江苏省,镇江市,cvs
20251411,ELEME,76W112347A,397046048,邻几便利店(新都会二店),安徽省,合肥市,cvs
20251411,ELEME,76W112372A,397127022,新天地超市(兴顺二店),吉林省,长春市,cvs
20251411,ELEME,76W112467A,397324003,邻几便利店(蔚蓝商务港店),安徽省,合肥市,cvs
20251411,ELEME,76W112476A,397333044,美宜佳(滨江E896店),广东省,珠海市,cvs
20251411,ELEME,76W112522A,397811462,百货大楼超市(东城店),山东省,济宁市,smkt
20251411,ELEME,76W112525A,397819454,美宜佳(宜昌伍家岗兴发广场890店),湖北省,宜昌市,cvs
20251411,ELEME,76W112597A,397935098,新佳宜超市(洋湖景园1938店),湖南省,长沙市,cvs
20251411,ELEME,76W112609A,397959435,明珠超市(固安店),河北省,廊坊市,smkt
20251411,ELEME,76W112674A,398055431,罗森(江都工农东路店),江苏省,扬州市,cvs
20251411,ELEME,76W112720A,398183072,中商罗森(新站广场店),安徽省,合肥市,cvs
20251411,ELEME,76W112725A,398211035,美宜佳(香洲怡华3031店),广东省,珠海市,cvs
20251411,ELEME,76W112730A,398243059,中商罗森(中建智立方店),安徽省,合肥市,cvs
20251411,ELEME,76W112811A,398429497,美宜佳(新阳街道桂00956号店),广西壮族自治区,南宁市,cvs
20251411,ELEME,76W112849A,398475382,唐久便利(白桦林居店),陕西省,西安市,cvs
20251411,ELEME,76W112860A,398494222,罗森(南京海峡城店),江苏省,南京市,cvs
20251411,ELEME,76W112887A,398526128,易太便利店(锦江店),福建省,莆田市,cvs
20251411,ELEME,76W113022A,398704200,凯辉便利(中天世纪新城3店),贵州省,贵阳市,cvs
20251411,ELEME,76W113068A,398786105,悦来悦喜(新郑人民医院一店),河南省,郑州市,cvs
20251411,ELEME,76W113160A,398891310,7-Eleven便利店(公交大厦-7266店),广东省,深圳市,cvs
20251411,ELEME,76W113629A,399187398,谊品生鲜超市(民安华福店),重庆市,重庆市,cvs
20251411,ELEME,76W113846A,399553127,钜晟超市,黑龙江省,大庆市,
20251411,ELEME,76W113900A,399591410,壹度便利(国宾天下北门店),安徽省,淮北市,cvs
20251411,ELEME,76W113967A,399634314,便利蜂(港城广场店),上海市,上海市,cvs
20251411,ELEME,76W114059A,399700051,谊品生鲜超市(润和长郡店),湖南省,长沙市,mmkt
20251411,ELEME,76W114135A,399754025,罗森(南京中华路店),江苏省,南京市,cvs
20251411,ELEME,76W114400A,400709158,可好(大崂路010217店),山东省,青岛市,cvs
20251411,ELEME,76W114429A,400741070,罗森(南京江北新区服务贸易大厦店),江苏省,南京市,cvs
20251411,ELEME,76W114443A,400757106,橙子便利(泰安宝盛广场店),山东省,泰安市,cvs
20251411,ELEME,76W114453A,400773118,京东便利店(青岛市南店),山东省,青岛市,
20251411,ELEME,76W114461A,400783033,美宜佳(荆州公安宏泰车站881店),湖北省,荆州市,cvs
20251411,ELEME,76W114564A,400913040,大统华(藕塘店),江苏省,无锡市,smkt
20251411,ELEME,76W114592A,400964137,乐豆家(吾悦广场0269店),江西省,上饶市,mmkt
20251411,ELEME,76W114626A,401018172,十足便利店(绍兴新江东路店),浙江省,绍兴市,cvs
20251411,ELEME,76W114746A,401170350,十足便利店(喜玛拉雅店),江苏省,南京市,cvs
20251411,ELEME,76W114775A,401196325,十足便利店(嘉兴海洲之星店),浙江省,嘉兴市,cvs
20251411,ELEME,76W114814A,401244214,美宜佳(联合社区B542店),广东省,广州市,cvs
20251411,ELEME,76W114868A,401307200,君阳超市,云南省,保山市,
20251411,ELEME,76W114946A,401405425,美宜佳(南城丽苑川00172店),四川省,达州市,cvs
20251411,ELEME,76W114977A,401442278,乐豆家(华侨城0288店),江西省,南昌市,mmkt
20251411,ELEME,76W114999A,401479330,罗森便利店(天津陈塘庄地铁站B口店),天津市,天津市,cvs
20251411,ELEME,76W115012A,401486273,邻几便利店(阜阳万象街店),安徽省,阜阳市,cvs
20251411,ELEME,76W115107A,401589220,乐豆家(丽城0267店),江西省,上饶市,cvs
20251411,ELEME,76W115270A,401808420,美宜佳(沙滩宝贝7067店),广东省,汕尾市,cvs
20251411,ELEME,76W115296A,401844249,美宜佳(金湾一路粤18621店),广东省,茂名市,cvs
20251411,ELEME,76W115742A,402945080,京东便利店(长宁店),上海市,上海市,
20251411,ELEME,76W115801A,403041085,可好(泰城路010238店),山东省,青岛市,cvs
20251411,ELEME,76W115824A,403071022,欢售狮(银泰城店),四川省,成都市,
20251411,ELEME,76W115826A,403072108,可好(凤凰SOHO020621店),山东省,济南市,cvs
20251411,ELEME,76W115851A,403107086,华润万家(西安明光路店),陕西省,西安市,smkt
20251411,ELEME,76W115875A,403183267,罗森(唐山银泰购物中心店),河北省,唐山市,cvs
20251411,ELEME,76W115940A,403316164,美宜佳(仙桃沙嘴新街931店),湖北省,省直辖县级行政区划,cvs
20251411,ELEME,76W116024A,403492496,优客家便利店(白象街店),重庆市,重庆市,cvs
20251411,ELEME,76W116040A,403548470,美宜佳(麦市街闽01689店),福建省,漳州市,cvs
20251411,ELEME,76W116071A,403605403,新天地超市(吉林造纸厂店),吉林省,吉林市,cvs
20251411,ELEME,76W116118A,403683048,大鲸超市(财经店),福建省,宁德市,
20251411,ELEME,76W116239A,403986033,罗森(宁波鄞州宝龙广场店),浙江省,宁波市,cvs
20251411,ELEME,76W116350A,404059029,罗森(杭州矽力杰大厦店),浙江省,杭州市,cvs
20251411,ELEME,76W116378A,404079027,中百罗森(长沙实验中学店),湖南省,长沙市,cvs
20251411,ELEME,76W116434A,404130086,中百超市(大花岭二店),湖北省,武汉市,mmkt
20251411,ELEME,76W116747A,404547160,Hello城市超市(东港凯虹店),浙江省,舟山市,
20251411,ELEME,76W116768A,404560182,家乐购超市(万达店),黑龙江省,佳木斯市,smkt
20251411,ELEME,76W116831A,404606177,凯辉便利(亿俊店),贵州省,遵义市,cvs
20251411,ELEME,76W116846A,404615121,新天地超市(交通学院店),吉林省,长春市,cvs
20251411,ELEME,76W116889A,404708002,罗森(3159北石路店),上海市,上海市,cvs
20251411,ELEME,76W116892A,404723126,大润发(宝应店),江苏省,扬州市,hmkt
20251411,ELEME,76W116931A,404847169,美宜佳(万象新城赣01551店),江西省,抚州市,cvs
20251411,ELEME,76W116943A,404881082,罗森(泰兴润洁店),江苏省,泰州市,cvs
20251411,ELEME,76W116974A,404949442,可多便利(桥机路店),湖北省,武汉市,cvs
20251411,ELEME,76W116996A,405000013,美宜佳(豫503红旗华彬2店),河南省,新乡市,cvs
20251411,ELEME,76W117097A,405249145,美宜佳(恒大名都桂00953号店),广西壮族自治区,北海市,cvs
20251411,ELEME,76W117165A,405419042,家乐园超市(开元店),河北省,邢台市,smkt
20251411,ELEME,76W117209A,405728484,邻几便利店(德盛广场三店),安徽省,芜湖市,cvs
20251411,ELEME,76W117504A,406257466,Apio艾彼悠(金虹桥店),上海市,上海市,
20251411,ELEME,76W117563A,406299493,盒马鲜生(龙蟠汇店),江苏省,南京市,smkt
20251411,ELEME,76W117610A,406334491,盒马鲜生(循礼门店),湖北省,武汉市,smkt
20251411,ELEME,76W117731A,406452496,美好便利(江阴绿园东路店),江苏省,无锡市,cvs
20251411,ELEME,76W117796A,406505010,罗森便利店(1330瓦房店新玛特旺角店),辽宁省,大连市,cvs
20251411,ELEME,76W118162A,406853377,美宜佳(铜盂金苑酒店店),广东省,汕头市,cvs
20251411,ELEME,76W118187A,406878329,盒马鲜生(mini奉贤南桥店),上海市,上海市,smkt
20251411,ELEME,76W118249A,406958269,盒马鲜生(mini复旦店),上海市,上海市,smkt
20251411,ELEME,76W118280A,406996090,景盛源超市(蜀冈万达店),江苏省,扬州市,
20251411,ELEME,76W118346A,407084200,十足便利店(杭州保亿中心店),浙江省,杭州市,cvs
20251411,ELEME,76W118368A,407101261,家家悦(李沧翠海宜居店),山东省,青岛市,smkt
20251411,ELEME,76W118401A,407133236,十足便利店(常州常发广场店),江苏省,常州市,cvs
20251411,ELEME,76W118491A,407225271,十足便利店(常州金城大厦店),江苏省,常州市,cvs
20251411,ELEME,76W118493A,407231464,京东便利店(西藏中路店),上海市,上海市,
20251411,ELEME,76W118510A,407241235,十足便利店(常州凯尔锋度店),江苏省,常州市,cvs
20251411,ELEME,76W118603A,407387089,新天地超市(长江街二店),辽宁省,沈阳市,cvs
20251411,ELEME,76W118710A,407527257,之佳便利(安宁兴屯小区店),云南省,昆明市,cvs
20251411,ELEME,76W118711A,407530073,信誉楼百货(晋州店),河北省,石家庄市,smkt
20251411,ELEME,76W118732A,407749461,吉优客超市(磐石路店),吉林省,长春市,cvs
20251411,ELEME,76W118745A,407773405,松林超市(陕汽万寿店),陕西省,西安市,mmkt
20251411,ELEME,76W118759A,407787326,京东便利店(1号仓店),山东省,青岛市,
20251411,ELEME,76W118903A,407942354,松林超市(烟草南湖店),陕西省,西安市,mmkt
20251411,ELEME,76W118968A,408029359,松林超市(金泰假日店),陕西省,西安市,mmkt
20251411,ELEME,76W119078A,408320098,711(花园城店),四川省,成都市,cvs
20251411,ELEME,76W119286A,409049496,罗森便利店(缤果城假日大道店),重庆市,重庆市,cvs
20251411,ELEME,76W119401A,409302091,罗森(南京新城人才大厦店),江苏省,南京市,cvs
20251411,ELEME,76W119726A,410093421,罗森(6923杭州文景路店),浙江省,杭州市,cvs
20251411,ELEME,76W120263A,412937447,美宜佳(马山小区东粤19976店),广东省,深圳市,cvs
20251411,ELEME,76W120293A,413008053,美宜佳(温馨七七桂01108号店),广西壮族自治区,柳州市,cvs
20251411,ELEME,76W120336A,413788459,新天地超市(东田青年城店),吉林省,长春市,cvs
20251411,ELEME,76W120455A,413960234,罗森(科技产业园店),安徽省,芜湖市,cvs
20251411,ELEME,76W120483A,413996305,橙子便利(泰安东岳大街店),山东省,泰安市,cvs
20251411,ELEME,76W120504A,414011252,美宜佳(厚道路西粤21338店),广东省,东莞市,cvs
20251411,ELEME,76W120512A,414017258,可好(华强领秀城113105店),山东省,临沂市,cvs
20251411,ELEME,76W120583A,414067051,美宜佳(欢悦里渝00665店),重庆市,重庆市,cvs
20251411,ELEME,76W120650A,414113435,新天地超市(鑫丰国际店),辽宁省,沈阳市,cvs
20251411,ELEME,76W120657A,414118232,新天地超市(杏林店),辽宁省,沈阳市,cvs
20251411,ELEME,76W120680A,414134483,雨田超市(姚庄店),浙江省,嘉兴市,
20251411,ELEME,76W120703A,414148305,京东便利店(青阳店),福建省,泉州市,
20251411,ELEME,76W120710A,414152448,美宜佳(基西路粤20926店),广东省,东莞市,cvs
20251411,ELEME,76W120712A,414154480,7-ELEVEn(黄兴广场店),湖南省,长沙市,cvs
20251411,ELEME,76W120732A,414169227,美宜佳(新天地川00180店),四川省,达州市,cvs
20251411,ELEME,76W120850A,414277048,有家便利店(同成广场二店),湖北省,武汉市,cvs
20251411,ELEME,76W120913A,414445073,24客(清镇红树东方店),贵州省,贵阳市,cvs
20251411,ELEME,76W120931A,414464381,盒马鲜生(京东广场店),江苏省,无锡市,smkt
20251411,ELEME,76W120933A,414467086,京东便利店(白玉兰广场店),上海市,上海市,
20251411,ELEME,76W121159A,414689217,美宜佳(老陶院赣01033店),江西省,景德镇市,cvs
20251411,ELEME,76W121218A,414737239,新天地超市(海棠花园店),辽宁省,沈阳市,cvs
20251411,ELEME,76W121254A,414774170,美宜佳(阳明西路赣01040店),江西省,吉安市,cvs
20251411,ELEME,76W121362A,414864168,美宜佳(创业南路赣00718店),江西省,上饶市,cvs
20251411,ELEME,76W121429A,414964267,新天地超市(江东街店),辽宁省,沈阳市,cvs
20251411,ELEME,76W121502A,415074479,家得乐超市(哈尔滨远东店),黑龙江省,哈尔滨市,smkt
20251411,ELEME,76W121598A,415175230,美宜佳(公明田寮路B106店),广东省,深圳市,cvs
20251411,ELEME,76W121840A,424418030,便利蜂(通用国际中心店),北京市,北京市,cvs
20251411,ELEME,76W121845A,424429027,便利蜂(东直门交通枢纽店),北京市,北京市,cvs
20251411,ELEME,76W121964A,424885450,美宜佳便利店(苏00308城中城店),江苏省,无锡市,cvs
20251411,ELEME,76W122059A,425015499,新天地超市(南七西路店),辽宁省,沈阳市,cvs
20251411,ELEME,76W122401A,425359390,盒马鲜生(东站万象汇店),浙江省,杭州市,smkt
20251411,ELEME,76W122413A,425369256,罗森便利店(1001软件园店),辽宁省,大连市,cvs
20251411,ELEME,76W122426A,425379282,万嘉便利(霞浦太康店),福建省,宁德市,cvs
20251411,ELEME,76W122486A,425423266,邻几便利店(蚌埠红旗一路店),安徽省,蚌埠市,cvs
20251411,ELEME,76W122490A,425425292,新天地超市(新大地E时代店),吉林省,长春市,cvs
20251411,ELEME,76W122563A,425510247,新力有家便利店(金银潭店),湖北省,武汉市,cvs
20251411,ELEME,76W122737A,425644482,之上便利店(德信大悦湾店),浙江省,温州市,cvs
20251411,ELEME,76W122790A,425863137,之上便利店(台州之上学府水岸店),浙江省,台州市,cvs
20251411,ELEME,76W122803A,425878189,可好(荣安广场031236店),山东省,日照市,cvs
20251411,ELEME,76W122859A,425943144,之上便利店(众创园店),浙江省,温州市,cvs
20251411,ELEME,76W122887A,425974102,双江时代(佛堂大道店),浙江省,金华市,smkt
20251411,ELEME,76W123038A,426167459,万嘉便利(霞浦汇隆店),福建省,宁德市,cvs
20251411,ELEME,76W123056A,426177441,罗森便利店(1305华南远洋广场店),辽宁省,大连市,cvs
20251411,ELEME,76W123185A,426382014,供销生活超市,浙江省,杭州市,mmkt
20251411,ELEME,76W123277A,427174075,罗森便利店(保定上谷大观店),河北省,保定市,cvs
20251411,ELEME,76W123284A,427290270,好邻居超市(凤凰店),广东省,云浮市,
20251411,ELEME,76W123292A,427398253,新天地超市(西城家园店),吉林省,长春市,cvs
20251411,ELEME,76W123396A,428016125,罗森(张家港黄泗浦路店),江苏省,苏州市,cvs
20251411,ELEME,76W123400A,428023215,罗森便利店(如皋安定街店),江苏省,南通市,cvs
20251411,ELEME,76W123413A,428062016,唐久便利(2985亲贤西街店),山西省,太原市,cvs
20251411,ELEME,76W123420A,428062051,唐久便利(1902大同路滨河城店),山西省,太原市,cvs
20251411,ELEME,76W123496A,428167113,美宜佳(箭盘山二店桂01165号店),广西壮族自治区,柳州市,cvs
20251411,ELEME,76W123570A,428240095,阳光超市(磁县新世纪店),河北省,邯郸市,smkt
20251411,ELEME,76W123623A,428296007,唐久便利(1082学府雅苑店),山西省,太原市,cvs
20251411,ELEME,76W123650A,428312027,壹度便利(大相国寺店),河南省,开封市,mmkt
20251411,ELEME,76W123669A,428341463,罗森(上海交城路店),上海市,上海市,cvs
20251411,ELEME,76W123726A,428400185,美宜佳(君莲酒店湘02175店),湖南省,郴州市,cvs
20251411,ELEME,76W123804A,428455141,美宜佳(世纪花园湘02298店),湖南省,怀化市,cvs
20251411,ELEME,76W123853A,428499373,新力有家便利店(丁公路二店),江西省,南昌市,cvs
20251411,ELEME,76W123919A,428550030,罗森(湖州凤凰路店),浙江省,湖州市,cvs
20251411,ELEME,76W124034A,428670037,711便利店(润华大厦店),山东省,烟台市,cvs
20251411,ELEME,76W124103A,428766064,罗森便利店(瑞山中学店),重庆市,重庆市,cvs
20251411,ELEME,76W124229A,429723249,之佳便利(弥勒中山路店),云南省,红河哈尼族彝族自治州,cvs
20251411,ELEME,76W124231A,429726242,Today(钟祥二中店),湖北省,荆门市,cvs
20251411,ELEME,76W124368A,430666484,家家悦(临沂临沭县万达广场店),山东省,临沂市,smkt
20251411,ELEME,76W124369A,430668427,十足便利店(嘉兴禾兴北路店),浙江省,嘉兴市,cvs
20251411,ELEME,76W124382A,430688481,唐久便利(2823文源巷山大一院店),山西省,太原市,cvs
20251411,ELEME,76W124513A,430756342,谊品生鲜超市(晖燕春天店),江西省,南昌市,cvs
20251411,ELEME,76W124666A,430830156,十足便利店(苏州御湖湾店),江苏省,苏州市,cvs
20251411,ELEME,76W124861A,430925141,美宜佳(咸宁崇阳白鹭广场978店),湖北省,咸宁市,cvs
20251411,ELEME,76W124875A,430937080,美宜佳(吉祥楼粤10116店),广东省,东莞市,cvs
20251411,ELEME,76W125006A,431516352,唐久便利(2650汾河湾二号店),山西省,太原市,cvs
20251411,ELEME,76W125025A,431540485,邻几便利店(蓝光禹州城店),安徽省,合肥市,cvs
20251411,ELEME,76W125206A,431674152,十足便利店(梅里古都店),江苏省,无锡市,cvs
20251411,ELEME,76W125264A,431732018,罗森(能达市民广场店),江苏省,南通市,cvs
20251411,ELEME,76W125266A,431732029,罗森(老沪太路店),上海市,上海市,cvs
20251411,ELEME,76W125419A,431878068,金文汇24小时便利店(新城D区店),吉林省,白城市,cvs
20251411,ELEME,76W125498A,431984316,唐久便利(2212铜锣湾店),山西省,太原市,cvs
20251411,ELEME,76W125504A,431991005,美宜佳(元径村粤20975店),广东省,深圳市,cvs
20251411,ELEME,76W125536A,432023007,凯辉便利(小河盘江路店),贵州省,贵阳市,cvs
20251411,ELEME,76W125551A,432041310,唐久便利(1988化二建医院店),山西省,太原市,cvs
20251411,ELEME,76W125730A,433079438,美宜佳(沙井美联B985店),广东省,深圳市,cvs
20251411,ELEME,76W125731A,433079462,新天地超市(东海店),黑龙江省,哈尔滨市,cvs
20251411,ELEME,76W125789A,433129419,盒马鲜生(品尊国际店),上海市,上海市,smkt
20251411,ELEME,76W125892A,433200329,711(汉阳店),上海市,上海市,cvs
20251411,ELEME,76W125927A,433231286,美宜佳(康城华府粤19689店),广东省,深圳市,cvs
20251411,ELEME,76W125948A,433277329,邻几便利店(黄山路中科大店),安徽省,合肥市,cvs
20251411,ELEME,76W125956A,433299014,盒马鲜生(汇宝店),上海市,上海市,smkt
20251411,ELEME,76W125959A,433303275,新悦华联生活超市(都汇店),河南省,郑州市,
20251411,ELEME,76W125992A,433417197,邻几便利店(复地南都荟店),安徽省,芜湖市,cvs
20251411,ELEME,76W126048A,433991470,罗森(南京金地广场店),江苏省,南京市,cvs
20251411,ELEME,76W126053A,433995433,7-ELEVEn(楷林国际店),湖南省,长沙市,cvs
20251411,ELEME,76W126117A,434073375,邻几便利店(名门南郡店),安徽省,合肥市,cvs
20251411,ELEME,76W126246A,434212013,好的便利(姜家圩店),江苏省,南京市,cvs
20251411,ELEME,76W126260A,434226301,盒马鲜生(双清路店),北京市,北京市,smkt
20251411,ELEME,76W126341A,434422015,巷邻便利店(龙湖冠寓店),安徽省,合肥市,cvs
20251411,ELEME,76W126390A,434564386,邻几(太阳海岸店),安徽省,合肥市,cvs
20251411,ELEME,76W126440A,434611093,罗森便利店(天津中山门地铁站店),天津市,天津市,cvs
20251411,ELEME,76W126460A,434623175,可多便利(保利中央公馆二店),湖北省,武汉市,mmkt
20251411,ELEME,76W126504A,434658346,华联超市(崇明人民店),上海市,上海市,mmkt
20251411,ELEME,76W126539A,434688107,谊品生鲜超市(润和之悦店),湖南省,长沙市,mmkt
20251411,ELEME,76W126587A,434736022,天天便利(邢台金阁店),河北省,邢台市,cvs
20251411,ELEME,76W126621A,434852235,物美超市(榆林南门广场店),陕西省,榆林市,smkt
20251411,ELEME,76W126643A,434941063,Today(仙桃新天地店),湖北省,省直辖县级行政区划,cvs
20251411,ELEME,76W126736A,435816049,物美超市(高新华府店),陕西省,榆林市,smkt
20251411,ELEME,76W126777A,436152397,万旵超市(莱山店),山东省,烟台市,
20251411,ELEME,76W126851A,436294321,美宜佳(天宇大厦湘02257店),湖南省,娄底市,cvs
20251411,ELEME,76W127086A,436575038,罗森(田林路店),上海市,上海市,cvs
20251411,ELEME,76W127111A,436609349,711(三林店),上海市,上海市,cvs
20251411,ELEME,76W127164A,436730116,世纪联华(宁波北仑印象里店),浙江省,宁波市,smkt
20251411,ELEME,76W127304A,437247237,美宜佳(维也纳湘02305店),湖南省,株洲市,cvs
20251411,ELEME,76W127585A,437545342,美宜佳便利店(苏00333上海东路店),江苏省,南通市,cvs
20251411,ELEME,76W127619A,437609067,美宜佳(万科花园粤22549店),广东省,东莞市,cvs
20251411,ELEME,76W127651A,437626026,美宜佳(原居路粤22248店),广东省,东莞市,cvs
20251411,ELEME,76W127724A,437677388,可多便利(徐东佳馨花园店),湖北省,武汉市,mmkt
20251411,ELEME,76W127731A,437682329,美宜佳(兴桂商住楼桂01116号店),广西壮族自治区,桂林市,cvs
20251411,ELEME,76W127768A,437718421,罗森便利店(涪陵消防队店),重庆市,重庆市,cvs
20251411,ELEME,76W127902A,437874246,世纪华联超市(福安大街店),天津市,天津市,
20251411,ELEME,76W127951A,438429438,新佳宜(华润翡翠府1918店),湖南省,长沙市,cvs
20251411,ELEME,76W128464A,447123360,天天便利(衡水十四中店),河北省,衡水市,cvs
20251411,ELEME,76W128514A,447145338,新天地超市(吉林八一前锋村店),吉林省,吉林市,cvs
20251411,ELEME,76W128887A,447332356,友客(保利天汇店),山东省,青岛市,cvs
20251411,ELEME,76W128910A,447349064,谊品生鲜超市(新康璞山店),重庆市,重庆市,cvs
20251411,ELEME,76W128981A,447390172,罗森(南京中海国际社区店),江苏省,南京市,cvs
20251411,ELEME,76W129139A,447479241,新力有家(东山锦轩店),广东省,广州市,cvs
20251411,ELEME,76W129146A,447485194,盒马鲜生(弘阳广场店),江苏省,南京市,smkt
20251411,ELEME,76W129158A,447491273,中百超市(银湖翡翠二店),湖北省,武汉市,mmkt
20251411,ELEME,76W129225A,447575053,盒马鲜生(保利时光里店),上海市,上海市,smkt
20251411,ELEME,76W129340A,482487198,十足便利店(嘉兴文化创意园一店),浙江省,嘉兴市,cvs
20251411,ELEME,76W129356A,482521061,美宜佳(三清广场赣00740店),江西省,上饶市,cvs
20251411,ELEME,76W129396A,482578201,便利蜂(歌华大厦店),北京市,北京市,cvs
20251411,ELEME,76W129447A,482623181,美宜佳(俊熙粤23631店),广东省,肇庆市,cvs
20251411,ELEME,76W129452A,482629338,便利蜂(成林道公馆星期8广场店),天津市,天津市,cvs
20251411,ELEME,76W129519A,482684038,文峰千家惠(海安文峰店),江苏省,南通市,mmkt
20251411,ELEME,76W129593A,482815063,美宜佳(蓉江西路赣00801店),江西省,赣州市,cvs
20251411,ELEME,76W129595A,482817036,7-Eleven便利店(新海park-1345店),广东省,广州市,cvs
20251411,ELEME,76W129601A,482824007,便利蜂(金西路星光影视园一期A座店),北京市,北京市,cvs
20251411,ELEME,76W129612A,482855083,罗森(博兴路206号店),上海市,上海市,cvs
20251411,ELEME,76W129630A,482881080,美宜佳(天虹广场赣01087店),江西省,上饶市,cvs
20251411,ELEME,76W129633A,482891058,华运超市(五河中心店),安徽省,蚌埠市,smkt
20251411,ELEME,76W129878A,523649231,美好便利(常州颐景园店),江苏省,常州市,cvs
20251411,ELEME,76W129921A,523705185,美宜佳(云峰西门粤21130店),广东省,广州市,cvs
20251411,ELEME,76W130199A,524157016,新佳宜(红星美凯龙1945店),湖南省,长沙市,cvs
20251411,ELEME,76W130297A,524364066,美宜佳(红谷世界城赣01068店),江西省,南昌市,cvs
20251411,ELEME,76W130401A,524560195,橙子便利(泰安传媒大厦店),山东省,泰安市,cvs
20251411,ELEME,76W130435A,524631048,便利蜂(新城吾悦广场时光里步行街店),天津市,天津市,cvs
20251411,ELEME,76W130439A,524636099,便利蜂(海育大厦店),北京市,北京市,cvs
20251411,ELEME,76W130444A,524644080,711便利店(鹿鸣北区店),山东省,烟台市,cvs
20251411,ELEME,76W130592A,524815154,优家超市(定海园店),北京市,北京市,
20251411,ELEME,76W130657A,524874150,便利蜂(北苑路欧陆大厦店),北京市,北京市,cvs
20251411,ELEME,76W130658A,524874151,便利蜂(龙湖西宸广场店),北京市,北京市,cvs
20251411,ELEME,76W131073A,525848142,711(景芳店),浙江省,杭州市,cvs
20251411,ELEME,76W131133A,525912461,便利蜂(盈创动力E座店),北京市,北京市,cvs
20251411,ELEME,76W131134A,525913417,可好(文化西路125202店),山东省,威海市,cvs
20251411,ELEME,76W131205A,525962143,便利蜂(翠峰大厦店),江苏省,南京市,cvs
20251411,ELEME,76W131225A,525984160,美宜佳(富源路桂01192号店),广西壮族自治区,南宁市,cvs
20251411,ELEME,76W131240A,525993141,便利蜂(石头城路95号店),江苏省,南京市,cvs
20251411,ELEME,76W131247A,525999127,凯辉便利(恒大滨河左岸3店),贵州省,贵阳市,cvs
20251411,ELEME,76W131271A,526023104,便利蜂(裕阳花园17号楼店),天津市,天津市,cvs
20251411,ELEME,76W131313A,526063068,美宜佳(丰田花园粤23332店),广东省,东莞市,cvs
20251411,ELEME,76W131341A,526111017,便利蜂(万谷硅巷店),江苏省,南京市,cvs
20251411,ELEME,76W131428A,527642360,美宜佳(海滨粤23444店),广东省,湛江市,cvs
20251411,ELEME,76W131503A,528344386,壹度便利(商丘旧货市场淮河路店),河南省,商丘市,mmkt
20251411,ELEME,76W131527A,528439445,美宜佳(保利观澜渝00352店),重庆市,重庆市,cvs
20251411,ELEME,76W131594A,528637179,24客(泰祥国际店),贵州省,贵阳市,cvs
20251411,ELEME,76W131776A,529604473,新天地超市(华强广场店),辽宁省,沈阳市,cvs
20251411,ELEME,76W131810A,529620127,可好(万达广场103200店),山东省,济宁市,cvs
20251411,ELEME,76W131974A,529726307,罗森(3163宝华帝华商业广场店),上海市,上海市,cvs
20251411,ELEME,76W132075A,529797278,吉优客超市(繁荣路店),吉林省,长春市,cvs
20251411,ELEME,76W132231A,529950085,可好(华润中心113111店),山东省,临沂市,cvs
20251411,ELEME,76W132312A,530651291,便利蜂(宝盛广场店),北京市,北京市,cvs
20251411,ELEME,76W132347A,530962053,便利蜂(万德庄大街1号店),天津市,天津市,cvs
20251411,ELEME,76W132349A,530963414,六意便利店(梅岭观海店),福建省,福州市,cvs
20251411,ELEME,76W132373A,531011306,罗森(3201航鹤路店),上海市,上海市,cvs
20251411,ELEME,76W132437A,531053213,六意便利店(恒力创富中心店),福建省,福州市,cvs
20251411,ELEME,76W132454A,531064162,京东便利店(上海精品店),上海市,上海市,
20251411,ELEME,76W132466A,531074102,新力有家便利店(广埠屯店),湖北省,武汉市,cvs
20251411,ELEME,76W132540A,531132067,六意24小时便利店(旗汛口店),福建省,福州市,cvs
20251411,ELEME,76W132703A,531277275,罗森便利店(中渝香奈公馆店),重庆市,重庆市,cvs
20251411,ELEME,76W132775A,531352093,供销超市(城南购物中心),浙江省,绍兴市,smkt
20251411,ELEME,76W132791A,531369065,24客(恒大城店),贵州省,贵阳市,cvs
20251411,ELEME,76W133366A,532084433,乐豆家(现代城0354店),江西省,上饶市,cvs
20251411,ELEME,76W133400A,532147236,便利蜂(安科大厦店),江苏省,南京市,cvs
20251411,ELEME,76W133538A,532272040,联华超市(勋业东路店),上海市,上海市,mmkt
20251411,ELEME,76W133543A,532278005,京东便利店(延安西路店),上海市,上海市,
20251411,ELEME,76W133695A,532976461,悦来悦喜(万锦二店),河南省,郑州市,cvs
20251411,ELEME,76W133791A,533142430,橙子便利(济宁翠都国际店),山东省,济宁市,cvs
20251411,ELEME,76W133808A,533164025,便利蜂(东方福莱德店),江苏省,南京市,cvs
20251411,ELEME,76W133811A,533170392,新力有家便利店(国际金融中心店),江西省,南昌市,cvs
20251411,ELEME,76W133846A,533247117,松林超市(复地优尚店),陕西省,西安市,mmkt
20251411,ELEME,76W133857A,533288043,邻几便利店(安庆吾悦广场二店),安徽省,安庆市,cvs
20251411,ELEME,76W133897A,533470464,乐豆家(恒大公寓0299店),江西省,南昌市,cvs
20251411,ELEME,76W133957A,533580367,新力有家便利店(安石路店),江西省,南昌市,cvs
20251411,ELEME,76W134001A,533643198,六意24小时便利店(厦门金山大厦店),福建省,厦门市,cvs
20251411,ELEME,76W134011A,533653027,优同便利店(朗园店),山东省,青岛市,cvs
20251411,ELEME,76W134032A,533686014,7-Eleven便利店(阳光城熙然府-1356店),广东省,广州市,cvs
20251411,ELEME,76W134245A,534346372,罗森(龙湖九墅店),江苏省,无锡市,cvs
20251411,ELEME,76W134279A,534387411,华润万家(汉中莲湖路店),陕西省,汉中市,smkt
20251411,ELEME,76W134307A,534428417,美宜佳(汇景蓝湾B271店),广东省,揭阳市,cvs
20251411,ELEME,76W134311A,534441388,新力有家便利店(绿地新都会二店),江西省,南昌市,cvs
20251411,ELEME,76W134328A,534520107,橙子便利(济宁万达金街店),山东省,济宁市,cvs
20251411,ELEME,76W134349A,534602006,新天地超市(恒大御景湾店),黑龙江省,哈尔滨市,cvs
20251411,ELEME,76W134368A,534738002,盒马鲜生(和谐世纪店),云南省,昆明市,smkt
20251411,ELEME,76W134464A,535087301,罗森(8223南通万达广场店),江苏省,南通市,cvs
20251411,ELEME,76W134478A,535107446,九州超市(黄金水岸店),山东省,临沂市,smkt
20251411,ELEME,76W134494A,535130224,盒马鲜生(绿地新都汇店),上海市,上海市,smkt
20251411,ELEME,76W134521A,535169138,可好(聚隆广场025601店),山东省,济南市,cvs
20251411,ELEME,76W134706A,535656191,谊品生鲜超市(阳光汇景花园店),安徽省,合肥市,cvs
20251411,ELEME,76W134840A,536015110,十足便利店(台州始丰三店),浙江省,台州市,cvs
20251411,ELEME,76W134922A,536264344,盒马鲜生(白马广场店),江苏省,南京市,smkt
20251411,ELEME,76W135090A,536685098,美宜佳(龙华粤12768店),广东省,深圳市,cvs
20251411,ELEME,76W135346A,537022087,友客(万象汇三店),山东省,日照市,cvs
20251411,ELEME,76W135360A,537047025,华润万家便利超市(峰湖御境分店),广东省,广州市,mmkt
20251411,ELEME,76W135412A,537281163,美一天会员超市(陈埭店),福建省,泉州市,
20251411,ELEME,76W135475A,537530290,十足便利店(天时科创园店),浙江省,杭州市,cvs
20251411,ELEME,76W135625A,539048119,美宜佳(紫光学苑渝00823店),重庆市,重庆市,cvs
20251411,ELEME,76W135810A,542456212,美宜佳(山水城渝00643店),重庆市,重庆市,cvs
20251411,ELEME,76W135811A,542457160,京东便利店(静安寺店),上海市,上海市,
20251411,ELEME,76W135878A,542540127,京优客超市(崇明万达店),上海市,上海市,
20251411,ELEME,76W135977A,542690159,京东便利店(宜山路店),上海市,上海市,
20251411,ELEME,76W135980A,542693173,华润万家便利超市(御华园店),广东省,广州市,mmkt
20251411,ELEME,76W136079A,542836047,华润万家便利超市(保利花城店),广东省,广州市,mmkt
20251411,ELEME,76W136408A,543162160,佳惠超市(恒立店),贵州省,六盘水市,smkt
20251411,ELEME,76W136452A,543200371,十足便利店(南京雨山西路店),江苏省,南京市,cvs
20251411,ELEME,76W136521A,543252108,可好(府前路133500店),山东省,枣庄市,cvs
20251411,ELEME,76W136711A,545928469,好食期超市,上海市,上海市,
20251411,ELEME,76W136855A,546071223,罗森(星火百货店),浙江省,湖州市,cvs
20251411,ELEME,76W136863A,546078120,乐豆家(御江一品0367店),江西省,九江市,cvs
20251411,ELEME,76W137070A,546450031,美宜佳(电子城店),广东省,汕头市,cvs
20251411,ELEME,76W137076A,546469040,罗森便利店(信义御珑豪园店),广东省,深圳市,cvs
20251411,ELEME,76W137297A,551566465,美宜佳(太白大道皖00180店),安徽省,马鞍山市,cvs
20251411,ELEME,76W137367A,551670354,好百客精品超市(远大购物中心店),四川省,成都市,
20251411,ELEME,76W137433A,551718058,711(世纪金源店),浙江省,宁波市,cvs
20251411,ELEME,76W137567A,551951166,便利蜂(贵山里小区店),天津市,天津市,cvs
20251411,ELEME,76W137598A,551972448,天福便利店(沙池大厦0133店),广东省,东莞市,cvs
20251411,ELEME,76W137625A,551989144,便利蜂(千百汇店),天津市,天津市,cvs
20251411,ELEME,76W137853A,552742467,天福便利店(坂田北地铁站0150店),广东省,深圳市,cvs
20251411,ELEME,76W137861A,552776478,天福便利店(雄安0029店),广东省,东莞市,cvs
20251411,ELEME,76W137866A,552785475,大鲸超市(万利店),福建省,宁德市,
20251411,ELEME,76W137876A,552803489,便利蜂(河川大厦店),天津市,天津市,cvs
20251411,ELEME,76W137929A,552886258,美宜佳(地税局湘02419店),湖南省,岳阳市,cvs
20251411,ELEME,76W137936A,552899010,天福便利店(新港街道0125店),广东省,汕尾市,cvs
20251411,ELEME,76W137955A,552923029,便利蜂(紫云园二店),天津市,天津市,cvs
20251411,ELEME,76W137995A,552975040,便利蜂(河滨里17号楼店),天津市,天津市,cvs
20251411,ELEME,76W138034A,553035033,777福泰隆(祥云巷店),浙江省,金华市,mmkt
20251411,ELEME,76W138252A,553766195,美宜佳(虎门滨海城粤22540店),广东省,东莞市,cvs
20251411,ELEME,76W138391A,553911045,24客(花果园七店),贵州省,贵阳市,cvs
20251411,ELEME,76W138489A,554147434,罗森便利店(3113黄河北大街分店),辽宁省,沈阳市,cvs
20251411,ELEME,76W138555A,554314012,天猫小店(星沙店),湖南省,长沙市,
20251411,ELEME,76W138634A,554978379,美宜佳(豫603南里商东店),河南省,濮阳市,cvs
20251411,ELEME,76W138648A,555000408,东子食杂店,黑龙江省,绥化市,
20251411,ELEME,76W138658A,555007019,金虎便利(3259文水新华北路店),山西省,吕梁市,cvs
20251411,ELEME,76W138774A,555189109,罗森便利店(1322甘井子化昌街店),辽宁省,大连市,cvs
20251411,ELEME,76W138847A,555757083,美宜佳(紫金山体育公园闽01608店),福建省,龙岩市,cvs
20251411,ELEME,76W138872A,555859030,物全家美生活超市(义乌店),浙江省,金华市,mmkt
20251411,ELEME,76W138897A,555929142,珊珊便利(汇金店),湖南省,长沙市,cvs
20251411,ELEME,76W138919A,555999379,凯辉便利(宝山南路4店),贵州省,贵阳市,cvs
20251411,ELEME,76W138939A,556045316,好的便利(莫愁花园店),江苏省,南京市,cvs
20251411,ELEME,76W139026A,556272424,罗森便利店(1319大连湾秀泊街店),辽宁省,大连市,cvs
20251411,ELEME,76W139383A,557082236,711便利店(通州爱琴海店),北京市,北京市,cvs
20251411,ELEME,76W139468A,557164179,桃心岛超市(银通店),陕西省,汉中市,smkt
20251411,ELEME,76W139687A,557309312,友客(中联运动公园店),山东省,青岛市,cvs
20251411,ELEME,76W139713A,557337252,美好便利(常熟海棠路店),江苏省,苏州市,cvs
20251411,ELEME,76W139719A,557341372,易太便利店(石兴二店),福建省,莆田市,cvs
20251411,ELEME,76W139737A,557357358,便利蜂(龙旗广场店),北京市,北京市,cvs
20251411,ELEME,76W139764A,557392309,友客(锦绣澜湾店),山东省,济南市,cvs
20251411,ELEME,76W139809A,557439279,便利蜂(新华联家园南区店),北京市,北京市,cvs
20251411,ELEME,76W139932A,557550176,便利蜂(北京沣懋国际大厦店),北京市,北京市,cvs
20251411,ELEME,76W139947A,557560393,罗森便利店(枫丹路店),重庆市,重庆市,cvs
20251411,ELEME,76W139965A,557573462,罗森(南京湖北路店),江苏省,南京市,cvs
20251411,ELEME,76W140008A,557614131,京东便利店(双流路店),上海市,上海市,
20251411,ELEME,76W140014A,557619090,新力有家便利店(澳门路二店),湖北省,武汉市,cvs
20251411,ELEME,76W140092A,557712028,711便利店(桐林路店),山东省,烟台市,cvs
20251411,ELEME,76W140106A,557723316,便利蜂(中海紫御公馆8号楼店),北京市,北京市,cvs
20251411,ELEME,76W140108A,557725084,便利蜂(朝外南街朝外门公寓店),北京市,北京市,cvs
20251411,ELEME,76W140151A,557750334,便利蜂(首开熙悦睿府店),北京市,北京市,cvs
20251411,ELEME,76W140154A,557750389,美宜佳(城关中学粤23208店),广东省,揭阳市,cvs
20251411,ELEME,76W140218A,557843259,便利蜂(万柳亿城中心店),北京市,北京市,cvs
20251411,ELEME,76W140241A,557876287,便利蜂(朝阳北路北京像素南区6号楼店),北京市,北京市,cvs
20251411,ELEME,76W140289A,557930267,便利蜂(崇文门外大街3号店),北京市,北京市,cvs
20251411,ELEME,76W140595A,563451152,24客(联合广场店),贵州省,贵阳市,cvs
20251411,ELEME,76W140646A,564127096,十足便利店(杭州空港新天地店),浙江省,杭州市,cvs
20251411,ELEME,76W140696A,564972106,新佳宜超市(喜欢里天街1987店),湖南省,长沙市,cvs
20251411,ELEME,76W140713A,565084087,美宜佳(永定新三中闽01846店),福建省,龙岩市,cvs
20251411,ELEME,76W140830A,567431039,之上便利店(国浩广场店),浙江省,嘉兴市,cvs
20251411,ELEME,76W140859A,567444213,罗森便利店(新境大厦店),北京市,北京市,cvs
20251411,ELEME,76W140969A,567514358,鲜风生活(集英店),河南省,开封市,smkt
20251411,ELEME,76W141035A,567557119,大士口超市DOSCOFoodStore,上海市,上海市,
20251411,ELEME,76W141063A,567576052,京东便利店(中山北路店),上海市,上海市,
20251411,ELEME,76W141078A,567583367,美宜佳(阳光闽01712店),福建省,泉州市,cvs
20251411,ELEME,76W141170A,567674196,美宜佳(豫643玉鼎广场店),河南省,南阳市,cvs
20251411,ELEME,76W141183A,567689075,美宜佳(豫628谷丰广场店),河南省,商丘市,cvs
20251411,ELEME,76W141185A,567693074,左邻右舍(南门路店),浙江省,衢州市,mmkt
20251411,ELEME,76W141199A,567706003,超前生鲜超市(梅山总店),福建省,泉州市,
20251411,ELEME,76W141207A,567753096,美宜佳(七星新城桂01236号店),广西壮族自治区,桂林市,cvs
20251411,ELEME,76W141228A,567821015,超前生鲜超市(水头店),福建省,泉州市,
20251411,ELEME,76W141282A,568003154,便利蜂(国信滨河大厦店),北京市,北京市,cvs
20251411,ELEME,76W141287A,568012146,便利蜂(朝阳门南小街20楼店),北京市,北京市,cvs
20251411,ELEME,76W141363A,568134145,梅尼超市(咸嘉新村店),湖南省,长沙市,smkt
20251411,ELEME,76W141366A,568141143,便利蜂(佳境天城店),北京市,北京市,cvs
20251411,ELEME,76W141368A,568144108,便利蜂(红狮家园甲2号楼店),北京市,北京市,cvs
20251411,ELEME,76W141403A,568192064,京东便利店(上海徐汇店),上海市,上海市,
20251411,ELEME,76W141709A,570609034,罗森(南京晓山路店),江苏省,南京市,cvs
20251411,ELEME,76W141853A,570965041,苏果生活超市(淮安月季花园店),江苏省,淮安市,mmkt
20251411,ELEME,76W141978A,571073180,711便利店(极地海洋世界店),山东省,青岛市,cvs
20251411,ELEME,76W142023A,571103438,汇宁便利店(龙辉店),福建省,福州市,cvs
20251411,ELEME,76W142080A,571139375,速送超市(西湖店),浙江省,杭州市,
20251411,ELEME,76W142094A,571152348,JustFresh捷德鲜超市(淮海中路店),上海市,上海市,
20251411,ELEME,76W142095A,571154192,邻几便利店(中环城三店),安徽省,合肥市,cvs
20251411,ELEME,76W142101A,571158182,邻几便利店(铜陵市政大厦店),安徽省,铜陵市,cvs
20251411,ELEME,76W142107A,571161342,美宜佳(孝感云梦湖1035店),湖北省,孝感市,cvs
20251411,ELEME,76W142219A,571262003,邻几(栗园路店),安徽省,黄山市,cvs
20251411,ELEME,76W142482A,571494438,天福(谢陂大厦11398店),广东省,梅州市,cvs
20251411,ELEME,76W142742A,571715457,家乐园超市(天一店),河北省,邢台市,smkt
20251411,ELEME,76W142813A,571809106,十分便利店(集美世茂广场店),福建省,厦门市,cvs
20251411,ELEME,76W142817A,571814043,美宜佳(荆门翰林华府1021店),湖北省,荆门市,cvs
20251411,ELEME,76W142879A,571878467,美宜佳(新晖一街桂01250号店),广西壮族自治区,南宁市,cvs
20251411,ELEME,76W142920A,571922006,家乐园超市(丰基店),河北省,邢台市,smkt
20251411,ELEME,76W143004A,572043430,金虎便利(3560洪洞城市领袖店),山西省,临汾市,cvs
20251411,ELEME,76W143110A,572246048,新佳宜(东方时代广场1999店),湖南省,株洲市,cvs
20251411,ELEME,76W143224A,572436374,罗森便利店(廊坊师范学院店),河北省,廊坊市,cvs
20251411,ELEME,76W143282A,572488412,美宜佳(鲤鱼江市场湘02416店),湖南省,郴州市,cvs
20251411,ELEME,76W143470A,572957213,便利蜂(绿地二期店),北京市,北京市,cvs
20251411,ELEME,76W143517A,573007169,罗森便利店(3101学城路分店),辽宁省,沈阳市,cvs
20251411,ELEME,76W143535A,573018455,双江时代(凤栖街店),浙江省,金华市,smkt
20251411,ELEME,76W143583A,573045423,福芯超市,辽宁省,大连市,
20251411,ELEME,76W143598A,573056057,京东便利店(浦东优选店),上海市,上海市,
20251411,ELEME,76W143665A,573088094,中百罗森(咸宁青龙山高中店),湖北省,咸宁市,cvs
20251411,ELEME,76W143749A,573137035,7-Eleven便利店(金嘉创意园4426店),广东省,珠海市,cvs
20251411,ELEME,76W143768A,573144457,悦来悦喜(玉兰湾店),河南省,郑州市,cvs
20251411,ELEME,76W143917A,573244033,天福便利店(11283俊贤居店),广东省,云浮市,cvs
20251411,ELEME,76W144013A,574134335,美宜佳(翠香街道粤24716店),广东省,珠海市,cvs
20251411,ELEME,76W144026A,574141403,7-11(永丰大悦城店),北京市,北京市,cvs
20251411,ELEME,76W144060A,574167329,京东便利店(北苏州路店),上海市,上海市,
20251411,ELEME,76W144080A,574187334,友客(春江郦城店),山东省,青岛市,cvs
20251411,ELEME,76W144095A,574202307,美宜佳(孝感锦绣华府1091店),湖北省,孝感市,cvs
20251411,ELEME,76W144104A,574209406,罗森便利店(天津静海双子大厦店),天津市,天津市,cvs
20251411,ELEME,76W144142A,574244234,壹度便利(永城时代城一期东门店),河南省,商丘市,mmkt
20251411,ELEME,76W144157A,574267044,惠利多超市(现代生活馆店),四川省,广安市,smkt
20251411,ELEME,76W144162A,574279318,每日隆便利店(万巷店),吉林省,延边朝鲜族自治州,cvs
20251411,ELEME,76W144191A,574306055,美宜佳(武汉新桥五路709店),湖北省,武汉市,cvs
20251411,ELEME,76W144209A,574322343,天福便利店(7179鹤洲东区店),广东省,深圳市,cvs
20251411,ELEME,76W144319A,574460469,美好便利(仪征红旗花苑店),江苏省,扬州市,cvs
20251411,ELEME,76W144326A,574472468,京东便利店(长宁中心店),上海市,上海市,
20251411,ELEME,76W144329A,574476109,可好(宝龙广场010205店),山东省,青岛市,cvs
20251411,ELEME,76W144365A,574519473,每一天便利店(杨凌风情街店),陕西省,咸阳市,cvs
20251411,ELEME,76W144373A,574547139,美好便利(江阴鑫顺景苑店),江苏省,无锡市,cvs
20251411,ELEME,76W144399A,574710417,十足便利店(宁海妇幼医院店),浙江省,宁波市,cvs
20251411,ELEME,76W144416A,574724056,罗森(6867万科运河中心店),浙江省,杭州市,cvs
20251411,ELEME,76W144488A,574772043,唐久便利(金辉天鹅湾店),陕西省,西安市,cvs
20251411,ELEME,76W144706A,574948090,美宜佳(新澜湾花园粤35186店),广东省,深圳市,cvs
20251411,ELEME,76W144779A,575100006,美宜佳(京基百纳粤20561店),广东省,深圳市,cvs
20251411,ELEME,76W144783A,575112008,美宜佳(太平路北6165店),广东省,深圳市,cvs
20251411,ELEME,76W144861A,575860432,711便利店(天马中心店),山东省,烟台市,cvs
20251411,ELEME,76W144921A,576072038,美宜佳(平湖上木古4622店),广东省,深圳市,cvs
20251411,ELEME,76W144946A,576147004,美宜佳(车站后赣01130店),江西省,萍乡市,cvs
20251411,ELEME,76W144964A,576227018,美宜佳(人民广场赣01161店),江西省,九江市,cvs
20251411,ELEME,76W144973A,576232278,美宜佳(流沙东街道粤10279店),广东省,揭阳市,cvs
20251411,ELEME,76W144986A,576256208,美宜佳(永安坊粤15799店),广东省,深圳市,cvs
20251411,ELEME,76W145010A,576283475,世纪优品超市ENTURY(龙茗路店),上海市,上海市,
20251411,ELEME,76W145293A,577100249,美宜佳(隆德小居赣01202店),江西省,赣州市,cvs
20251411,ELEME,76W145331A,577167452,711便利店(平度青医店),山东省,青岛市,cvs
20251411,ELEME,76W145408A,577262329,美宜佳(水岸兰庭赣01192店),江西省,景德镇市,cvs
20251411,ELEME,76W145419A,577274342,罗森(南京欢乐港店),江苏省,南京市,cvs
20251411,ELEME,76W145523A,577490234,天猫小店(荣轩便利店星空里店),浙江省,宁波市,
20251411,ELEME,76W145618A,577579441,美宜佳(成华前锋路川00292店),四川省,成都市,cvs
20251411,ELEME,76W145757A,577693189,7-11(红居街店),北京市,北京市,cvs
20251411,ELEME,76W145765A,577699300,洺峰超市,吉林省,通化市,
20251411,ELEME,76W145774A,577711360,七月便利店,吉林省,通化市,
20251411,ELEME,76W145817A,577815250,新力有家便利店(软件新城店),湖北省,武汉市,cvs
20251411,ELEME,76W146012A,578080290,美好便利(溧阳美景天城店),江苏省,常州市,cvs
20251411,ELEME,76W146087A,578158267,美宜佳(鲁11牡丹区道碑街店),山东省,菏泽市,cvs
20251411,ELEME,76W146148A,578522118,优享购超市(下瓦房店),天津市,天津市,
20251411,ELEME,76W146173A,578612044,美宜佳(襄阳星火路1072店),湖北省,襄阳市,cvs
20251411,ELEME,76W146598A,580714443,美宜佳(太和镇粤24173店),广东省,广州市,cvs
20251411,ELEME,76W146761A,580972099,佳园卖店(绥中店),辽宁省,葫芦岛市,
20251411,ELEME,76W146859A,581179106,罗森便利店(1318瓦房店万成广场店),辽宁省,大连市,cvs
20251411,ELEME,76W146998A,582432010,邻几(宿州CBD万达广场店),安徽省,宿州市,cvs
20251411,ELEME,76W147012A,582448055,海港超市(谈桥店),浙江省,嘉兴市,mmkt
20251411,ELEME,76W147137A,582574331,京东便利店(浦东中心店),上海市,上海市,
20251411,ELEME,76W147349A,664035196,美宜佳(长江一路鄂1202店),湖北省,荆州市,cvs
20251411,ELEME,76W147393A,370101014,好邻居(五中店),湖北省,荆州市,cvs
20251411,ELEME,76W147395A,647001340,美宜佳(中央城鄂1149店),湖北省,荆州市,cvs
20251411,ELEME,76W147473A,584821302,新天地超市(吉林松江苑店),吉林省,吉林市,cvs
20251411,ELEME,76W147623A,654729042,新天地超市(水韵城贰店),吉林省,长春市,cvs
20251411,ELEME,76W147628A,647807212,新天地超市(怡景名苑店),吉林省,长春市,cvs
20251411,ELEME,76W147674A,583820426,新天地超市(政协花园店),吉林省,长春市,cvs
20251411,ELEME,76W147709A,610477125,吉优客超市(恒盛豪庭店),吉林省,长春市,cvs
20251411,ELEME,76W147710A,646987448,新天地超市(新大地公园路店),吉林省,长春市,cvs
20251411,ELEME,76W147730A,319827092,新天地超市(万晟御水湾店),吉林省,长春市,cvs
20251411,ELEME,76W147767A,584901261,新天地超市(北国之春店),吉林省,长春市,cvs
20251411,ELEME,76W147786A,656150149,吉优客超市(乐群街二店),吉林省,长春市,cvs
20251411,ELEME,76W147815A,647801195,吉优客超市(远洋戛纳店),吉林省,长春市,cvs
20251411,ELEME,76W147825A,583977052,新天地超市(吴中桃花源店),吉林省,长春市,cvs
20251411,ELEME,76W147893A,308796017,美宜佳(凯都公寓粤15145店),广东省,中山市,cvs
20251411,ELEME,76W147991A,612009380,壹加壹(沙朗店),广东省,中山市,smkt
20251411,ELEME,76W148008A,246725406,美宜佳(河滨路闽01139店),福建省,泉州市,cvs
20251411,ELEME,76W148011A,647507409,邻几(丰泽御金台一店),福建省,泉州市,cvs
20251411,ELEME,76W148068A,647547086,美一天省钱超市(华尔街店),福建省,泉州市,
20251411,ELEME,76W148072A,664337270,六意24小时便利店(泉州星光不夜城店),福建省,泉州市,cvs
20251411,ELEME,76W148159A,240399438,百姓超市(明湖店),福建省,泉州市,mmkt
20251411,ELEME,76W148195A,536730083,美宜佳(鸿江中路闽01775店),福建省,泉州市,cvs
20251411,ELEME,76W148224A,660621233,六意24小时便利店(泉州东海和园店),福建省,泉州市,cvs
20251411,ELEME,76W148345A,386645416,美宜佳(晋江霞福闽01665店),福建省,泉州市,cvs
20251411,ELEME,76W148451A,660105037,美宜佳(御墅香堤闽01952店),福建省,泉州市,cvs
20251411,ELEME,76W148574A,671726306,罗森便利店(长寿金科阳光小镇店),重庆市,重庆市,cvs
20251411,ELEME,76W148590A,671804411,谊品生鲜超市(民心家园店),重庆市,重庆市,cvs
20251411,ELEME,76W148591A,647127029,罗森便利店(万盛国能天街店),重庆市,重庆市,cvs
20251411,ELEME,76W148623A,652712176,可购便利店(城市领地店),重庆市,重庆市,cvs
20251411,ELEME,76W148670A,603877198,罗森便利店(长寿中学店),重庆市,重庆市,cvs
20251411,ELEME,76W148678A,671723336,罗森便利店(领秀城一街区店),重庆市,重庆市,cvs
20251411,ELEME,76W148712A,650729055,可购便利店(龙湖伯乐街店),重庆市,重庆市,cvs
20251411,ELEME,76W148715A,592359076,罗森便利店(潼南实验中学店),重庆市,重庆市,cvs
20251411,ELEME,76W148891A,672037221,谊品生鲜超市(凤凰世纪城店),重庆市,重庆市,cvs
20251411,ELEME,76W148917A,671808210,罗森便利店(动力国际店),重庆市,重庆市,cvs
20251411,ELEME,76W149056A,603856283,罗森便利店(楠竹路店),重庆市,重庆市,cvs
20251411,ELEME,76W149214A,316759007,十足便利店(嘉兴月星家居店),浙江省,嘉兴市,cvs
20251411,ELEME,76W149347A,651080344,十足便利店(皮都城仕公寓店),浙江省,嘉兴市,cvs
20251411,ELEME,76W149416A,609406309,美宜佳(张槎街道粤25173店),广东省,佛山市,cvs
20251411,ELEME,76W149506A,581079090,7-Eleven便利店(天安中心2-3150店),广东省,佛山市,cvs
20251411,ELEME,76W149582A,609563470,7-Eleven便利店(汾江中路二3147店),广东省,佛山市,cvs
20251411,ELEME,76W149653A,654549379,盒马鲜生(保利天际店),广东省,佛山市,smkt
20251411,ELEME,76W149682A,657538061,卜蜂莲花(黄岐嘉洲广场店),广东省,佛山市,hmkt
20251411,ELEME,76W149716A,239796207,7-Eleven便利店(碧桂花园会所-3073店),广东省,佛山市,cvs
20251411,ELEME,76W149873A,657515262,凯辉便利(子尹路店),贵州省,遵义市,cvs
20251411,ELEME,76W149998A,322271292,乐豆家(江信国际0231店),江西省,南昌市,cvs
20251411,ELEME,76W150010A,584794419,乐豆家(联泰香域尚城0399店),江西省,南昌市,cvs
20251411,ELEME,76W150077A,240076442,美宜佳(丁香路J036店),江西省,南昌市,cvs
20251411,ELEME,76W150163A,660719263,乐豆家(新梵顿公馆0452店),江西省,南昌市,cvs
20251411,ELEME,76W150185A,536856424,大顺发超市(海棠湾店),江西省,南昌市,mmkt
20251411,ELEME,76W150382A,611894475,Today(招商江湾店),湖北省,武汉市,cvs
20251411,ELEME,76W150536A,661954482,可多便利(温馨苑二店),湖北省,武汉市,mmkt
20251411,ELEME,76W150633A,662873301,中百罗森(百瑞景二店),湖北省,武汉市,cvs
20251411,ELEME,76W150968A,651035257,Today(欧亚达云庭店),湖北省,武汉市,cvs
20251411,ELEME,76W151221A,436357030,融惠微利便利店(哈双路店),黑龙江省,哈尔滨市,cvs
20251411,ELEME,76W151297A,611752146,新天地超市(崂山路店),黑龙江省,哈尔滨市,cvs
20251411,ELEME,76W151379A,281416168,CityBazaar城集生活(银泰茂店),黑龙江省,哈尔滨市,
20251411,ELEME,76W151422A,281434278,家得乐超市(滨才店),黑龙江省,哈尔滨市,smkt
20251411,ELEME,76W151434A,668769122,城集生活超市(百悦城店),黑龙江省,哈尔滨市,
20251411,ELEME,76W151629A,647045088,卖惠多生活超市(宝山店),上海市,上海市,
20251411,ELEME,76W151761A,654717071,京东便利店(莲花路店),上海市,上海市,
20251411,ELEME,76W151990A,659286313,ALDI奥乐齐超市(金杨路店),上海市,上海市,mmkt
20251411,ELEME,76W152014A,654981463,盒马鲜生(mini奉贤宝龙店),上海市,上海市,smkt
20251411,ELEME,76W152113A,652597022,罗森(3306秋竹路93号店),上海市,上海市,cvs
20251411,ELEME,76W152115A,594160070,Apio艾彼悠日式生活超市(晶耀前滩店),上海市,上海市,
20251411,ELEME,76W152192A,580991173,罗森(3239绿苑路店),上海市,上海市,cvs
20251411,ELEME,76W152288A,647121099,京东便利店(杨高路店),上海市,上海市,
20251411,ELEME,76W152372A,654947483,盒马鲜生(佘山店),上海市,上海市,smkt
20251411,ELEME,76W152387A,612056449,世纪精品超市(共和新路店),上海市,上海市,
20251411,ELEME,76W152390A,595206365,罗森(3311斜土东路店),上海市,上海市,cvs
20251411,ELEME,76W152436A,655589299,罗森(永琰企业店),上海市,上海市,cvs
20251411,ELEME,76W152465A,657266056,罗森(3076四川北路51号店),上海市,上海市,cvs
20251411,ELEME,76W152516A,593547322,罗森(文涵路879号店),上海市,上海市,cvs
20251411,ELEME,76W152531A,654935477,世纪生活超市(浦东店),上海市,上海市,
20251411,ELEME,76W152535A,650386391,世纪精品超市(齐河路店),上海市,上海市,
20251411,ELEME,76W152589A,593221446,罗森(2822嘉松北路店),上海市,上海市,cvs
20251411,ELEME,76W152599A,610820218,罗森(3332信业购物中心店),上海市,上海市,cvs
20251411,ELEME,76W152638A,593808082,罗森(3259墨玉路店),上海市,上海市,cvs
20251411,ELEME,76W152657A,650008284,罗森(3346九亭大街720号店),上海市,上海市,cvs
20251411,ELEME,76W152677A,670180280,罗森(3413繁荣路店),上海市,上海市,cvs
20251411,ELEME,76W152789A,659931018,JustFresh捷德鲜超市(陕西南路环贸店),上海市,上海市,
20251411,ELEME,76W152809A,661728245,世纪精品超市(浦东店),上海市,上海市,
20251411,ELEME,76W152811A,593660167,罗森(中山二路173号店),上海市,上海市,cvs
20251411,ELEME,76W152898A,657445222,罗森(3251浦星公路店),上海市,上海市,cvs
20251411,ELEME,76W153028A,647088197,恒晟超市(云霄云漳店),福建省,漳州市,smkt
20251411,ELEME,76W153041A,286096161,美宜佳(龙文花园闽01310店),福建省,漳州市,cvs
20251411,ELEME,76W153085A,647096180,恒晟超市(东山铜陵店),福建省,漳州市,smkt
20251411,ELEME,76W153193A,660732017,7-11(新街口外大街店),北京市,北京市,cvs
20251411,ELEME,76W153201A,292311357,BC进口超市(望京店),北京市,北京市,
20251411,ELEME,76W153260A,239277208,大商超市(银岛店),北京市,北京市,mmkt
20251411,ELEME,76W153288A,567996148,便利蜂(金长安C座店),北京市,北京市,cvs
20251411,ELEME,76W153388A,593642220,7-11便利店(龙湖蓝海产业园店),北京市,北京市,cvs
20251411,ELEME,76W153422A,557926314,便利蜂(西城区凯德茂店),北京市,北京市,cvs
20251411,ELEME,76W153441A,669791029,711便利店(林奥嘉园店),北京市,北京市,cvs
20251411,ELEME,76W153457A,588682060,7-11便利店(菜市口大街西路店),北京市,北京市,cvs
20251411,ELEME,76W153461A,239318025,婕妮璐进口超市(麦子店),北京市,北京市,
20251411,ELEME,76W153497A,661632074,便利蜂(城兴街85号院店),北京市,北京市,cvs
20251411,ELEME,76W153509A,656713117,7-11(顺义祥云小镇店),北京市,北京市,cvs
20251411,ELEME,76W153538A,557714301,便利蜂(东柏街天之骄子小区2号楼店),北京市,北京市,cvs
20251411,ELEME,76W153568A,570510071,便利蜂(天创科技大厦店),北京市,北京市,cvs
20251411,ELEME,76W153572A,557843260,便利蜂(万通中心店),北京市,北京市,cvs
20251411,ELEME,76W153666A,583084043,便利蜂(融通高科大厦店),北京市,北京市,cvs
20251411,ELEME,76W153743A,570621072,便利蜂(尚都国际中心店),北京市,北京市,cvs
20251411,ELEME,76W153881A,650430184,便利蜂(经海壹中心2号楼店),北京市,北京市,cvs
20251411,ELEME,76W153907A,646904494,7-11(德贤路店),北京市,北京市,cvs
20251411,ELEME,76W154036A,609880089,罗森便利店(信洲大厦社区店),福建省,厦门市,cvs
20251411,ELEME,76W154180A,650215033,美联百汇生鲜超市(金都店),福建省,厦门市,
20251411,ELEME,76W154205A,657035120,十分便利店(软件园三期店),福建省,厦门市,cvs
20251411,ELEME,76W154388A,650044198,美宜佳(潘涂村闽01959店),福建省,厦门市,cvs
20251411,ELEME,76W154556A,660271085,邻几便利店(淮南中化国际城店),安徽省,淮南市,cvs
20251411,ELEME,76W154721A,586346017,柴柴便利(大兴店),陕西省,西安市,
20251411,ELEME,76W154736A,658591485,新合作西果超市(凤城十路店),陕西省,西安市,mmkt
20251411,ELEME,76W154739A,654984434,柴柴便利(金花店),陕西省,西安市,
20251411,ELEME,76W154814A,669361032,唐久便利(利君明天店),陕西省,西安市,cvs
20251411,ELEME,76W154922A,658888302,西果超市(公园南路店),陕西省,西安市,mmkt
20251411,ELEME,76W154996A,658060039,谊品生鲜超市(凤凰城店),陕西省,西安市,cvs
20251411,ELEME,76W155060A,607890184,唐久便利(唐都医院店),陕西省,西安市,cvs
20251411,ELEME,76W155065A,658128413,谊品生鲜超市(夏日景色店),陕西省,西安市,cvs
20251411,ELEME,76W155068A,658875315,新合作西果超市(雁南五路店),陕西省,西安市,mmkt
20251411,ELEME,76W155109A,557034236,美宜佳(弘阳广场湘02340店),湖南省,衡阳市,cvs
20251411,ELEME,76W155165A,240079077,美宜佳(高星名居X170店),湖南省,衡阳市,cvs
20251411,ELEME,76W155238A,648535493,美宜佳(世纪广场闽01921店),福建省,南平市,cvs
20251411,ELEME,76W155266A,670676287,美宜佳(建瓯新区闽01957店),福建省,南平市,cvs
20251411,ELEME,76W155274A,653492140,优同便利店(金茂湾二店),山东省,青岛市,cvs
20251411,ELEME,76W155308A,574163325,家家悦(青岛平度兰州路店),山东省,青岛市,smkt
20251411,ELEME,76W155336A,667521128,友客(中南迷你公馆店),山东省,青岛市,cvs
20251411,ELEME,76W155347A,658548162,711便利店(世茂悦海店),山东省,青岛市,cvs
20251411,ELEME,76W155541A,649850320,友客(齐东路店),山东省,青岛市,cvs
20251411,ELEME,76W155593A,661782167,可好(漓江东路010325店),山东省,青岛市,cvs
20251411,ELEME,76W155650A,607816326,友客(汇智桥路万联大厦店),山东省,青岛市,cvs
20251411,ELEME,76W155680A,607890185,友客(山东路万象城店),山东省,青岛市,cvs
20251411,ELEME,76W155998A,669760129,罗森(宜兴阳羡东路店),江苏省,无锡市,cvs
20251411,ELEME,76W156158A,524222325,香溢便利店(鳌江店),浙江省,温州市,
20251411,ELEME,76W156189A,595285424,正品批发超市(瓯北店),浙江省,温州市,
20251411,ELEME,76W156908A,662082332,1+家超市(果壳里店),四川省,成都市,cvs
20251411,ELEME,76W156984A,607465073,谊品生鲜超市(新怡花园二店),四川省,成都市,cvs
20251411,ELEME,76W157016A,592364279,谊品生鲜超市(空港十六区店),四川省,成都市,cvs
20251411,ELEME,76W157353A,657177135,1+家超市(中海锦江店),四川省,成都市,cvs
20251411,ELEME,76W157374A,592528377,谊品生鲜超市(海伦春天店),四川省,成都市,cvs
20251411,ELEME,76W157453A,647367056,萬家LiFE(坝光易德天地分店),广东省,深圳市,mmkt
20251411,ELEME,76W157623A,611062443,万家生活连锁超市(南山店),广东省,深圳市,
20251411,ELEME,76W157671A,658600462,罗森便利店(民治八号仓店),广东省,深圳市,cvs
20251411,ELEME,76W157730A,589022105,美宜佳(西丽街道粤24961店),广东省,深圳市,cvs
20251411,ELEME,76W157874A,587604071,美宜佳(福田街道粤25092店),广东省,深圳市,cvs
20251411,ELEME,76W158027A,670181332,罗森便利超市(合正荣悦店),广东省,深圳市,cvs
20251411,ELEME,76W158176A,656936450,美宜佳(宝龙街道粤25445店),广东省,深圳市,cvs
20251411,ELEME,76W158625A,645779278,裕盛百货(宝安店),广东省,深圳市,
20251411,ELEME,76W158729A,587162266,美宜佳(创业花园北粤24850店),广东省,深圳市,cvs
20251411,ELEME,76W158783A,656961376,美宜佳(沥林镇粤25822店),广东省,惠州市,cvs
20251411,ELEME,76W158809A,657230050,美宜佳(沥林镇粤25643店),广东省,惠州市,cvs
20251411,ELEME,76W158993A,672064070,7-Eleven便利店(中海生活汇5423店),广东省,惠州市,cvs
20251411,ELEME,76W158997A,239805091,美宜佳(平山云新路D558店),广东省,惠州市,cvs
20251411,ELEME,76W159124A,649149030,美宜佳(鸿福东路5878店),广东省,东莞市,cvs
20251411,ELEME,76W159245A,650371278,美宜佳(V00123南方电网店),广东省,东莞市,cvs
20251411,ELEME,76W159435A,583361281,美宜佳(鼎峰品筑B336店),广东省,东莞市,cvs
20251411,ELEME,76W159709A,587473141,美宜佳(景怡粤24348店),广东省,东莞市,cvs
20251411,ELEME,76W160093A,587644093,美宜佳(元美粤25172店),广东省,东莞市,cvs
20251411,ELEME,76W160245A,662448238,美宜佳(双桥云00007号店),云南省,昆明市,mmkt
20251411,ELEME,76W160268A,662854345,美宜佳(建工大厦云00020号店),云南省,昆明市,cvs
20251411,ELEME,76W160363A,583412210,美宜佳(会城街道6696店),广东省,江门市,cvs
20251411,ELEME,76W160380A,650669113,天福便利店(12020恩城东门路店),广东省,江门市,cvs
20251411,ELEME,76W160463A,594314068,天福便利店(11968新福三路店),广东省,茂名市,cvs
20251411,ELEME,76W160466A,587164151,美宜佳(河东街道粤25175店),广东省,茂名市,cvs
20251411,ELEME,76W160492A,527691324,美宜佳(惠迪商贸城粤23346店),广东省,茂名市,cvs
20251411,ELEME,76W160508A,654024449,美宜佳(河西街道粤23065店),广东省,茂名市,cvs
20251411,ELEME,76W160519A,652169337,美宜佳(乐华街道粤23521店),广东省,湛江市,cvs
20251411,ELEME,76W160534A,570496115,美宜佳(东山路17号粤23813店),广东省,湛江市,cvs
20251411,ELEME,76W160541A,657366134,卜蜂莲花(廉江鑫源店),广东省,湛江市,hmkt
20251411,ELEME,76W160546A,576271382,美宜佳(环市北路粤24491店),广东省,湛江市,cvs
20251411,ELEME,76W160563A,671946223,欧尚便利店,广东省,湛江市,
20251411,ELEME,76W160748A,292676247,711(群芳路贵桥里店),天津市,天津市,cvs
20251411,ELEME,76W160789A,657036249,711(滨海外事学院店),天津市,天津市,cvs
20251411,ELEME,76W160806A,593143246,711(富力又一城合雅园店),天津市,天津市,cvs
20251411,ELEME,76W160858A,671458305,小饿生活全能超市(宝坻店),天津市,天津市,
20251411,ELEME,76W160894A,608026402,便利蜂(天大西门湖滨道店),天津市,天津市,cvs
20251411,ELEME,76W160964A,648427233,便利蜂(福东北里店),天津市,天津市,cvs
20251411,ELEME,76W161134A,543180136,美宜佳(春晖豪庭赣01103店),江西省,宜春市,cvs
20251411,ELEME,76W161148A,583940061,美宜佳(余公路局赣01170店),江西省,赣州市,cvs
20251411,ELEME,76W161247A,404834172,美宜佳(渡江大道赣00736店),江西省,赣州市,cvs
20251411,ELEME,76W161265A,655710013,美宜佳(清华名邸赣01235店),江西省,赣州市,cvs
20251411,ELEME,76W161328A,657210125,美宜佳(外滩国际赣01261店),江西省,赣州市,cvs
20251411,ELEME,76W161362A,592382281,世纪联华(舟山宝龙广场店),浙江省,舟山市,
20251411,ELEME,76W161611A,608292003,悦来悦喜(紫东路店),河南省,郑州市,cvs
20251411,ELEME,76W161714A,582975333,美宜佳(豫668华尔街大厦店),河南省,郑州市,cvs
20251411,ELEME,76W161926A,667458426,壹度便利(萧县国购广场金街店),安徽省,宿州市,cvs
20251411,ELEME,76W162057A,593711312,罗森便利店(1352瓦房店昌盛经典店),辽宁省,大连市,cvs
20251411,ELEME,76W162536A,660658134,7-Eleven便利店(世纪云顶1043店),广东省,广州市,cvs
20251411,ELEME,76W162627A,664002261,7-Eleven便利店(空港国际21419店),广东省,广州市,cvs
20251411,ELEME,76W162698A,657554072,美宜佳(荔城街道2330店),广东省,广州市,cvs
20251411,ELEME,76W162714A,582623159,华润万家萬家LiFE(雪域澜庭分店),广东省,广州市,mmkt
20251411,ELEME,76W162720A,592706010,惠小仓·啥都卖超市,广东省,广州市,
20251411,ELEME,76W162760A,663894314,7-Eleven便利店(云璟汇1189店),广东省,广州市,cvs
20251411,ELEME,76W162818A,660670226,7-Eleven便利店(珠光壹坊1387店),广东省,广州市,cvs
20251411,ELEME,76W162915A,647401042,华润万家(金茂湾分店),广东省,广州市,mmkt
20251411,ELEME,76W163262A,649877114,凯辉便利(保利溪湖3店),贵州省,贵阳市,cvs
20251411,ELEME,76W163356A,656812024,凯辉便利(中天花园店),贵州省,贵阳市,cvs
20251411,ELEME,76W163379A,584454045,凯辉便利(君悦国际店),贵州省,贵阳市,cvs
20251411,ELEME,76W163753A,240149250,美宜佳(万达C区闽00867店),福建省,龙岩市,cvs
20251411,ELEME,76W163807A,595250330,美宜佳(法莱德赣01230店),江西省,萍乡市,cvs
20251411,ELEME,76W163869A,611969264,好邻居(荆门长宁店),湖北省,荆门市,
20251411,ELEME,76W164434A,592488465,中百超市(黄石观山路店),湖北省,黄石市,mmkt
20251411,ELEME,76W164546A,599737176,金虎便利(3630介休嘉欣园店),山西省,晋中市,cvs
20251411,ELEME,76W164604A,582349117,巷邻便利店(颍州南路店),安徽省,阜阳市,cvs
20251411,ELEME,76W164797A,658523470,吉龙超市(皇城店),河北省,张家口市,smkt
20251411,ELEME,76W164875A,650279486,美宜佳(东恒路桂01399号店),广西壮族自治区,百色市,cvs
20251411,ELEME,76W165024A,651586100,美宜佳(御景华庭湘02552店),湖南省,郴州市,cvs
20251411,ELEME,76W165160A,662216180,美宜佳(天誉创客城桂01000号店),广西壮族自治区,南宁市,cvs
20251411,ELEME,76W165308A,587545062,新天地超市(紫云府店),辽宁省,沈阳市,cvs
20251411,ELEME,76W165310A,668611452,新天地超市(唐轩中心店),辽宁省,沈阳市,cvs
20251411,ELEME,76W165407A,595249027,乐享万德福便利店(格林玫瑰湾店),辽宁省,沈阳市,cvs
20251411,ELEME,76W165500A,534759024,乐享万德福便利店(普德医院店),辽宁省,沈阳市,cvs
20251411,ELEME,76W165639A,647613105,新天地超市(中海康城二店),辽宁省,沈阳市,cvs
20251411,ELEME,76W165721A,664647063,罗森便利店(3133城开中心分店),辽宁省,沈阳市,cvs
20251411,ELEME,76W166056A,651585063,美宜佳(高速路口湘02540店),湖南省,邵阳市,cvs
20251411,ELEME,76W166275A,584262354,美宜佳(杏林苑湘02531店),湖南省,永州市,cvs
20251411,ELEME,76W166276A,524071019,美宜佳(黄金时代湘02200店),湖南省,永州市,cvs
20251411,ELEME,76W166292A,402011388,美宜佳(世纪山水湘02110店),湖南省,永州市,cvs
20251411,ELEME,76W166580A,607273413,安德利超市(巢湖城西店),安徽省,合肥市,mmkt
20251411,ELEME,76W166699A,669392175,如云超市(乐客来店),安徽省,合肥市,
20251411,ELEME,76W166708A,609384255,安德利超市(巢湖城北店),安徽省,合肥市,smkt
20251411,ELEME,76W166718A,605504437,中商罗森(东湖高新店),安徽省,合肥市,cvs
20251411,ELEME,76W166741A,658812202,blt精品超市(合肥高新店),安徽省,合肥市,
20251411,ELEME,76W166883A,409476189,易太便利店(八十亩店),福建省,莆田市,cvs
20251411,ELEME,76W166884A,398970430,易太便利店(下磨店),福建省,莆田市,cvs
20251411,ELEME,76W166900A,265386276,易太便利店(丰美店),福建省,莆田市,cvs
20251411,ELEME,76W166912A,398866491,易太便利店(石兴店),福建省,莆田市,cvs
20251411,ELEME,76W167033A,662049464,诚欣生活超市,浙江省,杭州市,
20251411,ELEME,76W167106A,610760455,左邻右舍超市(中豪四季公馆店),浙江省,杭州市,mmkt
20251411,ELEME,76W167511A,585192110,京东便利店(秋涛北路店),浙江省,杭州市,
20251411,ELEME,76W167522A,573104370,天猫小店(后湾生活超市青山湖路店),浙江省,杭州市,
20251411,ELEME,76W167672A,657525350,环球购物超市,浙江省,杭州市,
20251411,ELEME,76W168376A,595577199,十足便利店(余姚白云商贸城店),浙江省,宁波市,cvs
20251411,ELEME,76W168551A,240070129,十足便利店(柔桥店),浙江省,台州市,cvs
20251411,ELEME,76W168664A,535899416,十足便利店(台州东环大道店),浙江省,台州市,cvs
20251411,ELEME,76W168922A,594326030,家家悦(滕州问天广场店),山东省,枣庄市,smkt
20251411,ELEME,76W169237A,607458060,可好(唐冶西路020631店),山东省,济南市,cvs
20251411,ELEME,76W169242A,662631025,家家悦(济南高新区丁豪广场店),山东省,济南市,smkt
20251411,ELEME,76W169425A,657303036,乐购express(长江绿岛店),江苏省,苏州市,mmkt
20251411,ELEME,76W169549A,584359067,京东便利店(张家港店),江苏省,苏州市,
20251411,ELEME,76W169778A,611937457,罗森(228920前溪巷店),江苏省,苏州市,cvs
20251411,ELEME,76W169969A,593624310,美宜佳便利店(苏00361汇丰店),江苏省,苏州市,cvs
20251411,ELEME,76W170281A,648976365,美宜佳(牛头山路口店),广东省,汕头市,cvs
20251411,ELEME,76W170315A,650039248,名惠优品·购物超市,广东省,汕头市,
20251411,ELEME,76W170324A,672033154,水鬼超市,广东省,汕头市,
20251411,ELEME,76W170539A,658406004,卜蜂莲花(阳东京源城店),广东省,阳江市,hmkt
20251411,ELEME,76W170571A,246668186,华润万家便利超市(世纪城店),广东省,珠海市,mmkt
20251411,ELEME,76W170573A,426298035,美宜佳(桃源M999店),广东省,珠海市,cvs
20251411,ELEME,76W170626A,577602430,7-Eleven便利店(南方软件园-4424店),广东省,珠海市,cvs
20251411,ELEME,76W170652A,246673095,华润万家便利超市(仁恒星园店),广东省,珠海市,mmkt
20251411,ELEME,76W170655A,246685015,华润万家便利超市(万威美地店),广东省,珠海市,mmkt
20251411,ELEME,76W170659A,647342043,萬家LiFE(红树东岸分店),广东省,珠海市,mmkt
20251411,ELEME,76W170834A,610905036,美宜佳(民邦二期鄂1119店),湖北省,孝感市,cvs
20251411,ELEME,76W170907A,650348410,怡嘉超市(食品城店),辽宁省,鞍山市,
20251411,ELEME,76W171009A,661751185,壹度便利(淮北24克拉店),安徽省,淮北市,cvs
20251411,ELEME,76W171067A,587023296,美宜佳(连州镇粤22720店),广东省,清远市,cvs
20251411,ELEME,76W171110A,647413190,美宜佳(御龍轩赣01257店),江西省,抚州市,cvs
20251411,ELEME,76W171178A,652336447,新佳宜超市(楚天家园2022店),湖南省,长沙市,cvs
20251411,ELEME,76W171355A,650252225,新佳宜超市(融创1845店),湖南省,长沙市,cvs
20251411,ELEME,76W171679A,606385327,金文汇便利店(白鹤小区店),吉林省,白城市,cvs
20251411,ELEME,76W171682A,607816329,金文汇24小时便利店(市医院店),吉林省,白城市,cvs
20251411,ELEME,76W171807A,664489226,Today(恩施宣恩文澜桥店),湖北省,恩施土家族苗族自治州,cvs
20251411,ELEME,76W171834A,647574350,新景添(九立方店),湖北省,恩施土家族苗族自治州,
20251411,ELEME,76W171848A,647663338,新景添(百佳广场店),湖北省,恩施土家族苗族自治州,
20251411,ELEME,76W171853A,654409493,Today(恩施清江外校店),湖北省,恩施土家族苗族自治州,cvs
20251411,ELEME,76W171859A,612561291,享买乐(和谐家园店),湖北省,恩施土家族苗族自治州,mmkt
20251411,ELEME,76W171964A,647519416,美好便利(宝应香格里拉店),江苏省,扬州市,cvs
20251411,ELEME,76W171999A,657381135,卜蜂莲花(揭阳御景店),广东省,揭阳市,hmkt
20251411,ELEME,76W172103A,650997416,美宜佳(豫750潢川黄国新城店),河南省,信阳市,cvs
20251411,ELEME,76W172112A,246746016,美宜佳(豫78信阳平桥恒大名都店),河南省,信阳市,cvs
20251411,ELEME,76W172155A,290319298,美宜佳(豫256信阳浉河千盛广场店),河南省,信阳市,cvs
20251411,ELEME,76W172215A,612037248,好邻居超市(鼓楼店),湖北省,襄阳市,smkt
20251411,ELEME,76W172222A,605545313,雅斯超市(南漳店),湖北省,襄阳市,smkt
20251411,ELEME,76W172251A,650097010,好邻居(谷城店),湖北省,襄阳市,smkt
20251411,ELEME,76W172280A,605575260,美联生活超市(龙街店),湖北省,襄阳市,smkt
20251411,ELEME,76W172331A,239257348,每一天便利店(创业店),陕西省,宝鸡市,cvs
20251411,ELEME,76W172395A,317958491,世纪隆超市(江湾城店),四川省,达州市,smkt
20251411,ELEME,76W172458A,611264405,好邻居超市(德庆店),广东省,肇庆市,
20251411,ELEME,76W172503A,316945221,美宜佳(龙珠大酒店粤20095店),广东省,肇庆市,cvs
20251411,ELEME,76W172534A,583918367,泰兴超市(建中店),广西壮族自治区,贺州市,smkt
20251411,ELEME,76W172641A,666867109,美宜佳(鸣翠新都桂01460号店),广西壮族自治区,桂林市,cvs
20251411,ELEME,76W172923A,593268066,罗森(溧阳天目星城店),江苏省,常州市,cvs
20251411,ELEME,76W173351A,283360343,德隆超市(明珠店),河北省,衡水市,mmkt
20251411,ELEME,76W173396A,667492131,唯唯熊便利店,江西省,景德镇市,mmkt
20251411,ELEME,76W173445A,657127139,十足便利店(南通假日阳光店),江苏省,南通市,cvs
20251411,ELEME,76W173552A,662625077,千家惠(南大街店),江苏省,南通市,mmkt
20251411,ELEME,76W173921A,658121475,大鲸超市(赛岐店),福建省,宁德市,
20251411,ELEME,76W173928A,650804442,华宁超市(福源店),福建省,宁德市,
20251411,ELEME,76W174071A,594323003,罗森(南京世茂外滩新城店),江苏省,南京市,cvs
20251411,ELEME,76W174103A,595260063,京东便利店(南京中心店),江苏省,南京市,
20251411,ELEME,76W174193A,650031279,罗森(南京龙蟠里店),江苏省,南京市,cvs
20251411,ELEME,76W174247A,586866008,罗森(南京苏宁慧谷店),江苏省,南京市,cvs
20251411,ELEME,76W174268A,662227164,苏宁小店,江苏省,南京市,mmkt
20251411,ELEME,76W174295A,661574022,罗森(南京天泰青城苑店),江苏省,南京市,cvs
20251411,ELEME,76W174342A,648195069,罗森(南京江畔明珠广场店),江苏省,南京市,cvs
20251411,ELEME,76W174346A,647059113,罗森(南京梧桐里店),江苏省,南京市,cvs
20251411,ELEME,76W174387A,652529004,十足便利店(南京供销大厦店),江苏省,南京市,cvs
20251411,ELEME,76W174590A,239331252,之佳便利(文山世纪龙城店),云南省,文山壮族苗族自治州,cvs
20251411,ELEME,76W174749A,649955329,可好(富景广场071935店),江苏省,徐州市,cvs
20251411,ELEME,76W174807A,668669477,美道家超市(梦之城店),河南省,三门峡市,
20251411,ELEME,76W174888A,611919041,浙江供销超市(昌安购物中心店),浙江省,绍兴市,smkt
20251411,ELEME,76W174904A,662720421,美宜佳便利店(白鹭金湾店),浙江省,绍兴市,cvs
20251411,ELEME,76W174908A,240060185,十足便利店(聚银国际店),浙江省,绍兴市,cvs
20251411,ELEME,76W175029A,660722044,家家悦(亳州蒙城万达广场店),安徽省,亳州市,
20251411,ELEME,76W175167A,649178292,世纪隆超市(岳池店),四川省,广安市,smkt
20251411,ELEME,76W175293A,650041084,汇宁便利店(步行街店),福建省,福州市,cvs
20251411,ELEME,76W175334A,593284205,齐兴便利店,福建省,福州市,
20251411,ELEME,76W175384A,647022160,六意便利店(台江万达中心店),福建省,福州市,cvs
20251411,ELEME,76W175596A,658003449,六意便利店(软件大道店),福建省,福州市,cvs
20251411,ELEME,76W175689A,647223054,华联超市(转山店),辽宁省,本溪市,smkt
20251411,ELEME,76W175798A,657558320,卖可便利店(曹王庄店),山东省,临沂市,
20251411,ELEME,76W175817A,662140212,优同便利店(临沂金悦城店),山东省,临沂市,cvs
20251411,ELEME,76W176208A,662711026,裕隆超市(淇滨店),河南省,鹤壁市,smkt
20251411,ELEME,76W176251A,573066444,之佳便利(蒙自御翠湾二期分店),云南省,红河哈尼族彝族自治州,cvs
20251411,ELEME,76W176321A,240400266,邻几便利店(芜湖新芜路店),安徽省,芜湖市,cvs
20251411,ELEME,76W176362A,668061018,安德利超市(无为西大街店),安徽省,芜湖市,smkt
20251411,ELEME,76W176383A,669643261,安德利超市(无为购物中心店),安徽省,芜湖市,smkt
20251411,ELEME,76W176455A,594074112,友客(民生街帝景苑店),山东省,潍坊市,cvs
20251411,ELEME,76W176663A,669366482,罗森便利店(廊坊新朝阳购物中心店),河北省,廊坊市,cvs
20251411,ELEME,76W176692A,654077047,罗森便利店(廊坊东方大学城店),河北省,廊坊市,cvs
20251411,ELEME,76W176985A,415010233,美宜佳(荣和豪庭桂01088号店),广西壮族自治区,贵港市,cvs
20251411,ELEME,76W177031A,671953259,美宜佳(振兴中路皖00243店),安徽省,马鞍山市,cvs
20251411,ELEME,76W177049A,670494045,中商罗森(东营店),安徽省,马鞍山市,cvs
20251411,ELEME,76W177193A,595208009,可好(万象汇061717店),山东省,淄博市,cvs
20251411,ELEME,76W177197A,664657003,可好(天齐路061803店),山东省,淄博市,cvs
20251411,ELEME,76W177249A,654114244,可好(环齐大厦061768店),山东省,淄博市,cvs
20251411,ELEME,76W177250A,649769499,优同便利店(淄博方正凤凰国际店),山东省,淄博市,cvs
20251411,ELEME,76W177389A,662742216,十足便利店(湖州辛子精工公寓店),浙江省,湖州市,cvs
20251411,ELEME,76W177423A,658314042,美宜佳(三角镇粤25930店),广东省,梅州市,cvs
20251411,ELEME,76W177445A,611266295,可好(罗山路031238店),山东省,日照市,cvs
20251411,ELEME,76W177713A,592278380,中百罗森(十一中学店),湖北省,宜昌市,cvs
20251411,ELEME,76W177738A,610678324,北山生活超市(华祥商业中心店),湖北省,宜昌市,mmkt
20251411,ELEME,76W177739A,647083153,北山生活超市(三峡大学中区店),湖北省,宜昌市,mmkt
20251411,ELEME,76W177752A,648695001,中百罗森(万达广场店),湖北省,宜昌市,cvs
20251411,ELEME,76W177767A,660597200,雅斯超市(五峰店),湖北省,宜昌市,smkt
20251411,ELEME,76W177791A,577998010,雅斯超市(宜都雅斯广场店),湖北省,宜昌市,smkt
20251411,ELEME,76W177950A,580208116,好怡优便利店(福田店),浙江省,金华市,
20251411,ELEME,76W178004A,290230001,十足便利店(国贸大厦店),浙江省,金华市,cvs
20251411,ELEME,76W178352A,651826314,美好便利(盐城虹亚翰府店),江苏省,盐城市,cvs
20251411,ELEME,76W178398A,651120059,十足便利店(盐城景山名门店),江苏省,盐城市,cvs
20251411,ELEME,76W178429A,667203037,罗森(金融城店),江苏省,盐城市,cvs
20251411,ELEME,76W178430A,671368491,美宜佳便利店(苏00503中医院店),江苏省,盐城市,cvs
20251411,ELEME,76W178450A,610711197,美好便利(盐城金融城店),江苏省,盐城市,cvs
20251411,ELEME,76W178455A,651673051,美宜佳便利店(苏00431金宝广场店),江苏省,盐城市,cvs
20251411,ELEME,76W178506A,611782083,美宜佳(乐城街道粤33161店),广东省,韶关市,cvs
20251411,ELEME,76W178553A,608083299,悦来悦喜(新乡金宸国际店),河南省,新乡市,cvs
20251411,ELEME,76W178569A,264578486,振华超市(幸福五村店),山东省,烟台市,smkt
20251411,ELEME,76W178570A,264614153,振华超市(于家滩店),山东省,烟台市,smkt
20251411,ELEME,76W178635A,661744123,711便利店(福山人医店),山东省,烟台市,cvs
20251411,ELEME,76W178644A,593445251,家家悦(牟平丰金广场店),山东省,烟台市,smkt
20251411,ELEME,76W178722A,264586227,振华超市(塔山店),山东省,烟台市,smkt
20251411,ELEME,76W178737A,661999422,友客(北马路丽枫店),山东省,烟台市,cvs
20251411,ELEME,76W179224A,594253049,711(泰州世纪新城店),江苏省,泰州市,cvs
20251411,ELEME,76W179273A,294326278,美好便利(泰兴黄桥兴隆福府店),江苏省,泰州市,cvs
20251411,ELEME,76W179372A,658147036,美宜佳(豫51伊川南府店),河南省,洛阳市,cvs
20251411,ELEME,76W179482A,673786287,好邻居(天桥店),湖北省,荆州市,smkt
20251411,ELEME,76W179519A,673014235,新天地超市(吉林公园道店),吉林省,吉林市,cvs
20251411,ELEME,76W179521A,403441490,新天地超市(吉林汉阳街店),吉林省,吉林市,cvs
20251411,ELEME,76W179686A,674087025,美一天省钱超市(时代店),福建省,泉州市,
20251411,ELEME,76W179824A,675002023,飞牛便利.晟天便利店,黑龙江省,哈尔滨市,
20251411,ELEME,76W179826A,371712153,新天地超市(新平店),黑龙江省,哈尔滨市,cvs
20251411,ELEME,76W180132A,662601014,美宜佳(桂园街道粤24700店),广东省,深圳市,cvs
20251411,ELEME,76W180452A,672848125,唯德里(天健分店),广东省,深圳市,mmkt
20251411,ELEME,76W180534A,675135291,中百罗森(工业大学老校区店),湖南省,株洲市,cvs
20251411,ELEME,76W180653A,592645392,新天地超市(万宝街三店),吉林省,长春市,cvs
20251411,ELEME,76W180686A,674031356,新天地超市(国信南湖公馆店),吉林省,长春市,cvs
20251411,ELEME,76W180799A,672580455,壹度便利(宿州欧景名城北店),安徽省,宿州市,cvs
20251411,ELEME,76W180813A,667493192,宾隆超市(蓝波湾店),贵州省,贵阳市,hmkt
20251411,ELEME,76W180847A,673895285,宾隆超市(新天荟店),贵州省,贵阳市,mmkt
20251411,ELEME,76W180880A,584326341,凯辉便利(金融城7店),贵州省,贵阳市,cvs
20251411,ELEME,76W180892A,667492219,宾隆超市(世纪城店),贵州省,贵阳市,smkt
20251411,ELEME,76W180967A,673508307,美宜佳(工业园闽01987店),福建省,厦门市,cvs
20251411,ELEME,76W181027A,673540358,六意便利店(厦门观音山12号店),福建省,厦门市,cvs
20251411,ELEME,76W181203A,673885493,速囤(春熙路店),四川省,成都市,
20251411,ELEME,76W181455A,675037259,美宜佳(云顶鄂01243店),湖北省,黄石市,cvs
20251411,ELEME,76W181504A,674007438,新合作西果超市(药王洞店),陕西省,西安市,mmkt
20251411,ELEME,76W181518A,672939488,唐久便利(万科城润园西门店),陕西省,西安市,cvs
20251411,ELEME,76W181564A,610729427,唐久便利(荣德棕榈阳光店),陕西省,西安市,cvs
20251411,ELEME,76W181736A,675133006,新天地超市(二纬路店),辽宁省,沈阳市,cvs
20251411,ELEME,76W182049A,267050109,家乐园超市(宁晋天一广场店),河北省,邢台市,mmkt
20251411,ELEME,76W182088A,671794004,日之惠超市(蓬莱店),安徽省,合肥市,mmkt
20251411,ELEME,76W182137A,672151317,日之惠超市(九狮店),安徽省,合肥市,mmkt
20251411,ELEME,76W182184A,672911042,易太便利店(财富店),福建省,莆田市,cvs
20251411,ELEME,76W182418A,675637386,十足便利店(奉化金城大厦店),浙江省,宁波市,cvs
20251411,ELEME,76W182627A,673090099,橙子便利(唐人中心二店),山东省,济南市,cvs
20251411,ELEME,76W182647A,672970379,橙子便利(海潮汇二店),山东省,济南市,cvs
20251411,ELEME,76W182664A,673837324,家家悦(济南闫千户店),山东省,济南市,smkt
20251411,ELEME,76W182776A,595252358,罗森(3326九杜路店),上海市,上海市,cvs
20251411,ELEME,76W183023A,674931465,罗森(3342金石北路店),上海市,上海市,cvs
20251411,ELEME,76W183037A,674185478,罗森(3418新二路店),上海市,上海市,cvs
20251411,ELEME,76W183089A,675101132,星星超市starmart(西康路店),上海市,上海市,
20251411,ELEME,76W183123A,672926033,天福便利店(72319东厦花园三区店),广东省,汕头市,cvs
20251411,ELEME,76W183350A,675410024,罗森便利店(1380万科朗润园店),辽宁省,大连市,cvs
20251411,ELEME,76W183699A,673216097,千木便利(佳竹苑店),江苏省,扬州市,
20251411,ELEME,76W183874A,673305011,鑫鑫商店,吉林省,通化市,
20251411,ELEME,76W183944A,672822222,美宜佳(紫荆花园鄂1259店),湖北省,襄阳市,cvs
20251411,ELEME,76W183959A,672363058,中百罗森(汉水华城店),湖北省,襄阳市,cvs
20251411,ELEME,76W184040A,672249289,美宜佳(狮山广场粤17775店),广东省,佛山市,cvs
20251411,ELEME,76W184117A,650715048,小惠便利超市,广东省,佛山市,
20251411,ELEME,76W184268A,674037332,新力有家便利店(联胜世家店),江西省,南昌市,cvs
20251411,ELEME,76W184493A,675526206,美宜佳(豫831汝州金桂园店),河南省,平顶山市,cvs
20251411,ELEME,76W184517A,264175111,华润万家便利超市(仁恒滨海半岛店),广东省,珠海市,mmkt
20251411,ELEME,76W184524A,366787089,美宜佳(西埔三巷市粤20675店),广东省,珠海市,cvs
20251411,ELEME,76W184543A,673690081,美宜佳(东城雅苑闽02028店),福建省,三明市,cvs
20251411,ELEME,76W185034A,674909457,家淘购精品超市(拱墅店),浙江省,杭州市,
20251411,ELEME,76W185130A,674169421,新华联超市,浙江省,杭州市,
20251411,ELEME,76W185230A,240384332,十足便利店(柳黄路店),浙江省,温州市,cvs
20251411,ELEME,76W185262A,671454280,京东便利店(五洲大厦店),浙江省,温州市,
20251411,ELEME,76W185358A,662155216,多又好超市(春天百货店),四川省,巴中市,
20251411,ELEME,76W185706A,673040161,家家悦(文登五龙店),山东省,威海市,mmkt
20251411,ELEME,76W185913A,661520030,百姓量贩(昆吾路店),河南省,濮阳市,smkt
20251411,ELEME,76W185927A,661114346,百姓量贩(添运店),河南省,濮阳市,hmkt
20251411,ELEME,76W185957A,647122099,之佳便利(弥勒湖泉和境分店),云南省,红河哈尼族彝族自治州,cvs
20251411,ELEME,76W185966A,675664150,美宜佳(林达阳光城贵00560号店),贵州省,遵义市,cvs
20251411,ELEME,76W186148A,675499159,便利蜂(IFC写字楼店),北京市,北京市,cvs
20251411,ELEME,76W186213A,649048393,便利蜂(回龙观西大街店),北京市,北京市,cvs
20251411,ELEME,76W186286A,673104362,便利蜂(华通大厦店),北京市,北京市,cvs
20251411,ELEME,76W186309A,670440277,便利蜂(奥林春天店),北京市,北京市,cvs
20251411,ELEME,76W186326A,675585235,麦德龙PLUS会员店(北京草桥东路店),北京市,北京市,
20251411,ELEME,76W186366A,669665255,便利蜂(广安门外大街店),北京市,北京市,cvs
20251411,ELEME,76W186373A,672302093,美宜佳(豫500上阳路虢国路店),河南省,三门峡市,cvs
20251411,ELEME,76W186458A,605602151,好邻居超市(天堂店),广东省,云浮市,
20251411,ELEME,76W186518A,673899461,美特好超市(龙康南街店),山西省,太原市,smkt
20251411,ELEME,76W186524A,673941282,美特好超市(瓦窑街店),山西省,太原市,smkt
20251411,ELEME,76W186545A,673850467,美特好超市(康宁街店),山西省,太原市,hmkt
20251411,ELEME,76W186550A,673775494,美特好超市(兴华街店),山西省,太原市,smkt
20251411,ELEME,76W186570A,673958026,美特好超市(双塔东街店),山西省,太原市,smkt
20251411,ELEME,76W186572A,674099150,美特好超市(滨河店),山西省,太原市,hmkt
20251411,ELEME,76W186953A,650741027,新惠百货超市,广东省,广州市,
20251411,ELEME,76W186977A,674016399,7-Eleven便利店(佰利山0599店),广东省,广州市,cvs
20251411,ELEME,76W187078A,673049219,美宜佳(山东路粤23946店),广东省,广州市,cvs
20251411,ELEME,76W187482A,674811303,美宜佳(碧桂园粤22816店),广东省,东莞市,cvs
20251411,ELEME,76W187684A,673915451,十足便利店(天玺店),浙江省,台州市,cvs
20251411,ELEME,76W188058A,675000311,新橙源味(西新桥店),江苏省,常州市,mmkt
20251411,ELEME,76W188060A,674917252,新橙源味(汉江路店),江苏省,常州市,mmkt
20251411,ELEME,76W188398A,675127005,美宜佳(心悦小区赣01331店),江西省,九江市,cvs
20251411,ELEME,76W188542A,675523463,十足便利店(金华义乌佛堂朝阳西路店),浙江省,金华市,cvs
20251411,ELEME,76W188543A,239274285,十足便利店(后成二区店),浙江省,金华市,cvs
20251411,ELEME,76W188648A,672192380,供销便利(望花畈店),浙江省,绍兴市,mmkt
20251411,ELEME,76W188858A,672862091,罗森钱江方洲店(298403钱江方洲店),江苏省,盐城市,cvs
20251411,ELEME,76W188897A,672350289,美好便利(盐城东台康和花苑店),江苏省,盐城市,cvs
20251411,ELEME,76W188925A,675568463,橙子便利(泰安宝龙广场店),山东省,泰安市,cvs
20251411,ELEME,76W189895A,648592108,副采吉麦隆(靖渡桥店),江苏省,泰州市,smkt
20251411,ELEME,76W190136A,353680008,多当家·网上好超市(24h营业店),福建省,福州市,
20251411,ELEME,76W190365A,686765017,美宜佳(石狮服装城闽01933店),福建省,泉州市,cvs
20251411,ELEME,76W190445A,309436072,新天地超市(绿色新城店),黑龙江省,哈尔滨市,cvs
20251411,ELEME,76W190698A,670246006,鲸GO生活超市(宝安店),广东省,深圳市,
20251411,ELEME,76W190716A,576233323,鲸GO生活超市(红岭店),广东省,深圳市,
20251411,ELEME,76W190970A,674984084,美宜佳(国龙广场湘02883店),湖南省,常德市,cvs
20251411,ELEME,76W191007A,677485407,美宜佳(财富广场湘00525店),湖南省,株洲市,cvs
20251411,ELEME,76W191050A,675974487,美宜佳(具新中心赣01351店),江西省,赣州市,cvs
20251411,ELEME,76W191071A,675652146,新天地超市(长电朗天国际店),吉林省,长春市,cvs
20251411,ELEME,76W191097A,677872047,新天地超市(都市邻里店),吉林省,长春市,cvs
20251411,ELEME,76W191106A,654654017,新天地超市(集安路贰店),吉林省,长春市,cvs
20251411,ELEME,76W191110A,686858053,新天地超市(金色橄榄城二店),吉林省,长春市,cvs
20251411,ELEME,76W191145A,676347322,7-Elevenv便利店(天悦汇广场4825店),广东省,江门市,cvs
20251411,ELEME,76W191161A,678381091,美宜佳(福寿广场湘02859店),湖南省,怀化市,cvs
20251411,ELEME,76W191248A,676590337,万佳隆生鲜超市,黑龙江省,牡丹江市,
20251411,ELEME,76W191346A,659954051,美宜佳(国贸金沙湾F363店),福建省,厦门市,cvs
20251411,ELEME,76W191640A,686967277,美特好超市(榆次店),山西省,晋中市,smkt
20251411,ELEME,76W191681A,676302138,711便利店(融侨馨苑店),陕西省,西安市,cvs
20251411,ELEME,76W191719A,674512373,谊品生鲜超市(万科城润园店),陕西省,西安市,cvs
20251411,ELEME,76W191723A,678080312,唐久便利(半坡华夏世纪广场店),陕西省,西安市,cvs
20251411,ELEME,76W191903A,676231374,新天地超市(红田美林居店),辽宁省,沈阳市,cvs
20251411,ELEME,76W191990A,674260131,美宜佳(乐洋西路湘02895店),湖南省,邵阳市,cvs
20251411,ELEME,76W192025A,673790400,美宜佳(云恒至尊湘02863店),湖南省,永州市,cvs
20251411,ELEME,76W192045A,675714073,美宜佳(贝壳夜市湘02821店),湖南省,郴州市,cvs
20251411,ELEME,76W192093A,686965157,快赣特价超市(蜀山店),安徽省,合肥市,
20251411,ELEME,76W192142A,686490059,美宜佳(琥珀北村皖00215店),安徽省,合肥市,cvs
20251411,ELEME,76W192160A,366426083,易太便利店(六一店),福建省,莆田市,cvs
20251411,ELEME,76W192254A,678017418,罗森(7317奉化斗门北路店),浙江省,宁波市,cvs
20251411,ELEME,76W192513A,686448006,可好(翡翠山语020647店),山东省,济南市,cvs
20251411,ELEME,76W192706A,656936455,罗森(2248新村路417店),上海市,上海市,cvs
20251411,ELEME,76W192745A,677968014,世纪精品超市(上海闵行店),上海市,上海市,
20251411,ELEME,76W192841A,675866407,711(安亭店),上海市,上海市,cvs
20251411,ELEME,76W192878A,675868162,罗森(203088新村路店),上海市,上海市,cvs
20251411,ELEME,76W192983A,676420064,惠立送精品超市(龙茗路店),上海市,上海市,
20251411,ELEME,76W193005A,677797335,世纪精品超市(虹桥中心店),上海市,上海市,
20251411,ELEME,76W193198A,372196327,美宜佳(碧桂园天誉粤21163店),广东省,阳江市,cvs
20251411,ELEME,76W193251A,676507442,美宜佳(民生嘉园鄂01265店),湖北省,孝感市,cvs
20251411,ELEME,76W193259A,687368430,中百罗森(安陆恒泰广场店),湖北省,孝感市,cvs
20251411,ELEME,76W193426A,675736044,美宜佳(德思勤二店湘02873店),湖南省,长沙市,cvs
20251411,ELEME,76W193478A,686395070,新佳宜超市(树木岭1843店),湖南省,长沙市,cvs
20251411,ELEME,76W193487A,687111400,邻满旺超市(长沙天心店),湖南省,长沙市,
20251411,ELEME,76W193541A,676242129,昔多购超市(恒大店),湖南省,长沙市,
20251411,ELEME,76W193733A,676252365,美宜佳(豫878英伦小镇店),河南省,信阳市,cvs
20251411,ELEME,76W193784A,678220103,金威超市(双子店),山西省,长治市,smkt
20251411,ELEME,76W193947A,290607385,万民超市(小塘店),广东省,佛山市,
20251411,ELEME,76W194029A,270449151,新力有家便利店(万达星城店),江西省,南昌市,cvs
20251411,ELEME,76W194049A,239745268,乐豆家(联泰香域中央0036店),江西省,南昌市,cvs
20251411,ELEME,76W194168A,686501360,7-Eleven便利店(华发商都-4438店),广东省,珠海市,cvs
20251411,ELEME,76W194225A,687176370,十足便利店(镇江英格兰印象店),江苏省,镇江市,cvs
20251411,ELEME,76W194306A,686488001,可好(中心医院010356店),山东省,青岛市,cvs
20251411,ELEME,76W194486A,611880049,罗森(6415杭州平海路店),浙江省,杭州市,cvs
20251411,ELEME,76W194567A,677451451,罗森(6897杭州云谷公寓店),浙江省,杭州市,cvs
20251411,ELEME,76W194918A,676445086,世纪隆超市(巴中生活广场店),四川省,巴中市,smkt
20251411,ELEME,76W195217A,678320232,觅味时光休闲食品(名龙路店),江苏省,无锡市,
20251411,ELEME,76W195243A,676227263,罗森(8043无锡吴桥站店),江苏省,无锡市,cvs
20251411,ELEME,76W195244A,675600455,十足便利店(立信华府店),江苏省,无锡市,cvs
20251411,ELEME,76W195248A,686718182,罗森(8044无锡北栅口站店),江苏省,无锡市,cvs
20251411,ELEME,76W195250A,676395115,罗森(228089宜兴丁蜀解放东路店),江苏省,无锡市,cvs
20251411,ELEME,76W195303A,431683005,美宜佳(源城越王街D836店),广东省,河源市,cvs
20251411,ELEME,76W195432A,686371122,美特好超市(朔州民福东街店),山西省,朔州市,smkt
20251411,ELEME,76W195519A,686084228,711(南通金鹰人民路店),江苏省,南通市,cvs
20251411,ELEME,76W195676A,683644114,7-11(青秀尚城店),北京市,北京市,cvs
20251411,ELEME,76W195720A,677404431,便利蜂(芍药居北里320号楼店),北京市,北京市,cvs
20251411,ELEME,76W195728A,687560290,旺角便利店(苏家坨店),北京市,北京市,
20251411,ELEME,76W195874A,683710047,金虎便利(3766绿地世纪二期店),山西省,太原市,cvs
20251411,ELEME,76W195957A,660599057,美宜佳(玉熙路渝01032店),重庆市,重庆市,cvs
20251411,ELEME,76W195995A,687028077,罗森便利店(鲁能十一街区店),重庆市,重庆市,cvs
20251411,ELEME,76W196019A,687040080,罗森便利店(金科时代中心店),重庆市,重庆市,cvs
20251411,ELEME,76W196176A,675820490,7-Eleven便利店(意库公寓-1434店),广东省,广州市,cvs
20251411,ELEME,76W196182A,677968357,万民超市(龙归店),广东省,广州市,
20251411,ELEME,76W196347A,676455468,可好(北京路061787店),山东省,淄博市,cvs
20251411,ELEME,76W196355A,658320085,根源生鲜(东南村店),山东省,淄博市,cvs
20251411,ELEME,76W196369A,676511451,家家悦(张店联通路店),山东省,淄博市,smkt
20251411,ELEME,76W196381A,676406190,家家悦(淄博张店区万象汇店),山东省,淄博市,smkt
20251411,ELEME,76W196493A,686423328,美宜佳(清凤路粤26869店),广东省,东莞市,cvs
20251411,ELEME,76W196579A,678194087,美宜佳(三中商住区8867店),广东省,东莞市,cvs
20251411,ELEME,76W196616A,677836055,美宜佳(大禾广场粤26611店),广东省,东莞市,cvs
20251411,ELEME,76W196796A,675925119,十足便利店(嘉兴平湖吾悦广场店),浙江省,嘉兴市,cvs
20251411,ELEME,76W196969A,686795026,十足便利店(常州新城国际店),江苏省,常州市,cvs
20251411,ELEME,76W197129A,675821411,罗森便利店(天津仁恒伊势丹店),天津市,天津市,cvs
20251411,ELEME,76W197277A,675907397,罗森便利店(秦皇岛海阳路店),河北省,秦皇岛市,cvs
20251411,ELEME,76W197418A,675942134,十足便利店(金华万泰公园店),浙江省,金华市,cvs
20251411,ELEME,76W197562A,675115031,汇盟源生活超市(和会街店),江苏省,南京市,mmkt
20251411,ELEME,76W197575A,676646061,盒马鲜生(紫悦广场店),江苏省,南京市,smkt
20251411,ELEME,76W197577A,683577379,美宜佳便利店(苏00613金尧华府店),江苏省,南京市,cvs
20251411,ELEME,76W197671A,677514076,十足便利店(南京吾悦广场二店),江苏省,南京市,cvs
20251411,ELEME,76W197689A,686384081,美宜佳(铂金汉宫皖00272店),安徽省,安庆市,cvs
20251411,ELEME,76W197774A,673733380,美宜佳(古井商城皖00266店),安徽省,蚌埠市,cvs
20251411,ELEME,76W197805A,676258352,北方国贸(龙口购物中心店),山东省,烟台市,smkt
20251411,ELEME,76W197867A,686695124,中百罗森(宜科中心店),湖北省,武汉市,cvs
20251411,ELEME,76W197907A,675932442,中百罗森(HAPPY站台店),湖北省,武汉市,cvs
20251411,ELEME,76W198217A,673063143,邻几便利店(六安海心沙店),安徽省,六安市,cvs
20251411,ELEME,76W198299A,675941411,罗森便利店(唐山遵化北街店),河北省,唐山市,cvs
20251411,ELEME,76W198336A,688157129,比优特超市(佳木斯百货大楼店),黑龙江省,佳木斯市,smkt
20251411,ELEME,76W198395A,676668012,盒马鲜生(龙湖东吴天街店),江苏省,苏州市,smkt
20251411,ELEME,76W198436A,677972154,萬家LIFE(兆佳巷邻里中心店),江苏省,苏州市,mmkt
20251411,ELEME,76W198445A,683666135,爱怡购便利店(湖西店),江苏省,苏州市,
20251411,ELEME,76W198504A,676535441,安德利超市(和县历阳店),安徽省,马鞍山市,
20251411,ELEME,76W198506A,677455448,安德利超市(和县佳源店),安徽省,马鞍山市,
20251411,ELEME,76W198580A,264570050,美好便利(泰兴阳光一品店),江苏省,泰州市,cvs
20251411,ELEME,76W198593A,414177017,美好便利(泰兴水木清华店),江苏省,泰州市,cvs
20251411,ELEME,76W198649A,675961134,北国超市(新钟楼店),河北省,保定市,smkt
20251411,ELEME,76W198794A,660464077,万嘉便利(罗源凤南运输站店),福建省,福州市,cvs
20251411,ELEME,76W198822A,707985478,美宜佳(常安步行街鄂01302店),湖北省,荆州市,cvs
20251411,ELEME,76W198967A,688117230,美宜佳(南安愉景湾闽02050店),福建省,泉州市,cvs
20251411,ELEME,76W199100A,676375053,融惠微利便利店(金瑞林城店),黑龙江省,哈尔滨市,cvs
20251411,ELEME,76W199139A,240080194,新天地超市(顾乡店),黑龙江省,哈尔滨市,cvs
20251411,ELEME,76W199241A,708069417,苏果便利(淮安金润城店),江苏省,淮安市,cvs
20251411,ELEME,76W199323A,708874377,7-Eleven便利店(大梅沙海丽景-7367店),广东省,深圳市,cvs
20251411,ELEME,76W199562A,527670345,美宜佳(平安路粤23479店),广东省,茂名市,cvs
20251411,ELEME,76W199582A,708947140,美宜佳(凌泊湖湘03055店),湖南省,岳阳市,cvs
20251411,ELEME,76W199650A,707998237,新天地超市(力旺康城贰店),吉林省,长春市,cvs
20251411,ELEME,76W199666A,708875072,新天地超市(大禹奥城店),吉林省,长春市,cvs
20251411,ELEME,76W199682A,687455314,麦德龙(长春净月店),吉林省,长春市,
20251411,ELEME,76W199706A,709070015,吉优客超市(倚澜观邸店),吉林省,长春市,cvs
20251411,ELEME,76W199771A,688309170,佳惠超市(安江店),湖南省,怀化市,smkt
20251411,ELEME,76W200039A,709390255,美宜佳(隆源公馆贵01043号店),贵州省,黔东南苗族侗族自治州,cvs
20251411,ELEME,76W200306A,649142098,711便利店(南大街艾蔻国际店),陕西省,西安市,cvs
20251411,ELEME,76W200320A,650020309,唐久便利(清华科技园店),陕西省,西安市,cvs
20251411,ELEME,76W200344A,531712011,唐久便利(曲江紫薇永和坊店),陕西省,西安市,cvs
20251411,ELEME,76W200454A,687542339,阳光小玛特便利店(北市家园店),辽宁省,沈阳市,cvs
20251411,ELEME,76W200478A,686468363,新天地超市(文华街店),辽宁省,沈阳市,cvs
20251411,ELEME,76W200506A,709108418,美宜佳(城南市场粤23330店),广东省,茂名市,cvs
20251411,ELEME,76W200698A,688164174,凤凰百货(新涵店),福建省,莆田市,smkt
20251411,ELEME,76W200727A,688186093,壹度便利(开封万达大宏金街店),河南省,开封市,mmkt
20251411,ELEME,76W200738A,709031162,中百罗森(葛店大湾社区店),湖北省,鄂州市,cvs
20251411,ELEME,76W200772A,708425284,三江购物(西周店),浙江省,宁波市,smkt
20251411,ELEME,76W201034A,708053460,711便利店(济南领秀城金街店),山东省,济南市,cvs
20251411,ELEME,76W201043A,709027387,橙子便利(卓越时代广场店),山东省,济南市,cvs
20251411,ELEME,76W201132A,687755248,世纪生活超市(闵行中心店),上海市,上海市,
20251411,ELEME,76W201163A,709107058,盒马鲜生(金桥太茂店),上海市,上海市,smkt
20251411,ELEME,76W201178A,707392480,罗森(3457赵屯浦路店),上海市,上海市,cvs
20251411,ELEME,76W201241A,694269185,盒马鲜生(陆家嘴滨江中心店),上海市,上海市,smkt
20251411,ELEME,76W201266A,686722155,罗森(3429淞滨路店),上海市,上海市,cvs
20251411,ELEME,76W201295A,707105356,惠立送超市(张江总店),上海市,上海市,
20251411,ELEME,76W201315A,694235270,盒马鲜生(苏航广场店),上海市,上海市,smkt
20251411,ELEME,76W201331A,707092033,罗森(3459三迪曼哈顿店),上海市,上海市,cvs
20251411,ELEME,76W201357A,605904383,罗森(3317花园路店),上海市,上海市,cvs
20251411,ELEME,76W201372A,688092409,盒马鲜生(金地喜悦荟店),上海市,上海市,smkt
20251411,ELEME,76W201627A,398643187,美宜佳(黄冈黄州珠宝一号798店),湖北省,黄冈市,cvs
20251411,ELEME,76W201629A,708401269,美宜佳(中百店),湖北省,黄冈市,cvs
20251411,ELEME,76W201633A,708095438,美宜佳(浠水双桥路鄂01279店),湖北省,黄冈市,cvs
20251411,ELEME,76W201636A,266392315,海后购物广场超市(超省钱),辽宁省,葫芦岛市,
20251411,ELEME,76W201710A,687707125,三兄弟网红生活便利超市(万达店),湖南省,长沙市,
20251411,ELEME,76W201757A,708302183,可好(华戎大厦183906店),山东省,德州市,cvs
20251411,ELEME,76W201825A,708226200,711(江都龙川南路店),江苏省,扬州市,cvs
20251411,ELEME,76W201850A,688096174,美宜佳(丹凤城粤24761店),广东省,揭阳市,cvs
20251411,ELEME,76W201855A,707148207,天福便利店(财富大厦72318店),广东省,揭阳市,cvs
20251411,ELEME,76W202407A,686380052,罗嘉便利(良辰美景一期店),山东省,青岛市,cvs
20251411,ELEME,76W202484A,707545007,优同便利店(黄岛凤凰城店),山东省,青岛市,cvs
20251411,ELEME,76W202526A,707316004,711便利店(山科大天和公寓店),山东省,青岛市,cvs
20251411,ELEME,76W202531A,707411279,可好(灵海路010332店),山东省,青岛市,cvs
20251411,ELEME,76W202546A,688324479,美宜佳(东海市场桂01150号店),广西壮族自治区,北海市,cvs
20251411,ELEME,76W202550A,708883368,美宜佳(陈文村桂01686号店),广西壮族自治区,北海市,cvs
20251411,ELEME,76W202623A,657211260,优同便利店(环球港店),江苏省,徐州市,cvs
20251411,ELEME,76W202642A,677474394,华润苏果(MART昆仑大道店),江苏省,徐州市,smkt
20251411,ELEME,76W202683A,687430361,罗森(6439杭州滨江银泰店),浙江省,杭州市,cvs
20251411,ELEME,76W203015A,687371406,之上便利店(温州之上未来城店),浙江省,温州市,cvs
20251411,ELEME,76W203038A,688026204,壹度便利(蒙城逍遥中路店),安徽省,亳州市,cvs
20251411,ELEME,76W203039A,688119203,金色华联(盛世家园店),安徽省,亳州市,mmkt
20251411,ELEME,76W203561A,533251081,邻几便利店(芜湖名铸广场店),安徽省,芜湖市,cvs
20251411,ELEME,76W203638A,688376050,十足便利店(南通通运大厦店),江苏省,南通市,cvs
20251411,ELEME,76W203852A,688996367,麦德龙(燕郊神威北路店),河北省,廊坊市,
20251411,ELEME,76W204008A,707388289,美特好超市(阳光汾河湾店),山西省,太原市,smkt
20251411,ELEME,76W204046A,688489001,美特好超市(太铁佳苑店),山西省,太原市,mmkt
20251411,ELEME,76W204141A,709054051,罗森便利店(铜梁人民医院店),重庆市,重庆市,cvs
20251411,ELEME,76W204205A,709036193,友客(胜利东街阳光100店),山东省,潍坊市,cvs
20251411,ELEME,76W204458A,709485075,美宜佳(古坝牌坊粤26969店),广东省,广州市,cvs
20251411,ELEME,76W204946A,707078390,信利超市(蓝天广场店),广东省,汕尾市,smkt
20251411,ELEME,76W205004A,708926371,美宜佳(石湾渔村粤25959店),广东省,惠州市,cvs
20251411,ELEME,76W205074A,688177132,美宜佳(金田苑G740店),广东省,惠州市,cvs
20251411,ELEME,76W205312A,709129077,可好(恒大华府113121店),山东省,临沂市,cvs
20251411,ELEME,76W205831A,708178288,苏果便利(新华四村店),江苏省,南京市,cvs
20251411,ELEME,76W205835A,708288281,苏果便利(阳光里店),江苏省,南京市,cvs
20251411,ELEME,76W205896A,686571246,苏果便利(潭桥店),江苏省,南京市,cvs
20251411,ELEME,76W205932A,708036401,苏果便利(国熙公馆店),江苏省,南京市,mmkt
20251411,ELEME,76W205958A,707029477,盒马鲜生(ITCMall店),江苏省,南京市,smkt
20251411,ELEME,76W205979A,688104111,邻几(安庆海军医院店),安徽省,安庆市,cvs
20251411,ELEME,76W205997A,708286192,美宜佳便利店(苏00663大润发店),江苏省,盐城市,cvs
20251411,ELEME,76W206086A,688397314,邻几(蚌埠万达珍珠坊二店),安徽省,蚌埠市,cvs
20251411,ELEME,76W206163A,708856148,美宜佳(绿洲豪苑E629店),广东省,湛江市,cvs
20251411,ELEME,76W206255A,688399130,中百罗森(阳逻万达店),湖北省,武汉市,cvs
20251411,ELEME,76W206628A,708306234,家万佳超市(南堡店),河北省,唐山市,smkt
20251411,ELEME,76W206779A,688070212,美宜佳便利店(苏00500昆山天虹店),江苏省,苏州市,cvs
20251411,ELEME,76W206813A,708769388,安德利超市(含山环峰路店),安徽省,马鞍山市,
20251411,ELEME,76W206969A,708726307,阳光小玛特便利店(凤凰城店),辽宁省,鞍山市,cvs
20251411,ELEME,76W206997A,707287002,乐豆家(书香公寓0492店),江西省,上饶市,cvs
20251411,ELEME,76W207014A,591162324,汇宁便利店(龙锦三店),福建省,福州市,cvs
20251411,ELEME,76W207077A,676150167,美宜佳(铜陵古城闽02035店),福建省,漳州市,cvs
20251411,ELEME,76W207086A,307393480,美宜佳(交警大队赣00552店),江西省,赣州市,cvs
20251411,ELEME,76W207087A,686897069,新天地超市(倚澜观邸店),吉林省,长春市,cvs
20251411,ELEME,76W207089A,367035022,美宜佳(台城平湖路9287店),广东省,江门市,cvs
20251411,ELEME,76W207106A,686523254,速囤(武侯大道店),四川省,成都市,
20251411,ELEME,76W207107A,709600344,海豚购(万象城店),四川省,成都市,
20251411,ELEME,76W207134A,709065397,罗森便利店(3164经开区人民医院分店),辽宁省,沈阳市,cvs
20251411,ELEME,76W207135A,709122383,新天地超市(鲁尔大厦店),辽宁省,沈阳市,cvs
20251411,ELEME,76W207138A,726726279,罗森便利店(沧州颐和神话店),河北省,沧州市,cvs
20251411,ELEME,76W207148A,726703086,壹度便利(临泉金贸店),安徽省,阜阳市,cvs
20251411,ELEME,76W207154A,709235260,ALDI奥乐齐超市(中环百联店),上海市,上海市,mmkt
20251411,ELEME,76W207156A,688136498,盒马鲜生(杨浦环创店),上海市,上海市,smkt
20251411,ELEME,76W207159A,709527192,盒马鲜生(九亭贝尚湾店),上海市,上海市,smkt
20251411,ELEME,76W207164A,709193059,盒马鲜生(万泰广场店),上海市,上海市,smkt
20251411,ELEME,76W207167A,709252278,罗森(3445祁真路店),上海市,上海市,cvs
20251411,ELEME,76W207191A,720937244,新佳宜超市(河马公园2079店),湖南省,长沙市,cvs
20251411,ELEME,76W207198A,709513480,橙子便利(德州商业街店),山东省,德州市,cvs
20251411,ELEME,76W207213A,694114473,7-Eleven便利店(海景中心4440店),广东省,珠海市,cvs
20251411,ELEME,76W207215A,709562477,美好便利(扬中鸣翠山庄店),江苏省,镇江市,cvs
20251411,ELEME,76W207231A,709142372,罗森(6440杭州未来之光店),浙江省,杭州市,cvs
20251411,ELEME,76W207243A,678309283,悦来悦喜(寓见铭筑店),河南省,郑州市,cvs
20251411,ELEME,76W207255A,709411239,好邻居(西便门桥西店),北京市,北京市,cvs
20251411,ELEME,76W207258A,556209464,便利蜂(时代财富天地店),北京市,北京市,cvs
20251411,ELEME,76W207272A,675095083,美宜佳(金剑小区渝01125店),重庆市,重庆市,cvs
20251411,ELEME,76W207300A,726760309,十足便利店(台州渝汇蓝湾国际店),浙江省,台州市,cvs
20251411,ELEME,76W207301A,709249313,罗森(8757嘉兴英伦都市店),浙江省,嘉兴市,cvs
20251411,ELEME,76W207308A,709849190,罗森(常州汉江路步行街店),江苏省,常州市,cvs
20251411,ELEME,76W207314A,677509068,淘宝便利店(商业大学店),天津市,天津市,
20251411,ELEME,76W207355A,726896228,真给力超市,黑龙江省,佳木斯市,
20251411,ELEME,76W207628A,786917209,超前生鲜超市(溪美店),福建省,泉州市,
20251411,ELEME,76W207791A,786891259,新天地超市(世祥店),黑龙江省,哈尔滨市,cvs
20251411,ELEME,76W207853A,740988287,金叶便利(昆山路店),黑龙江省,哈尔滨市,mmkt
20251411,ELEME,76W207943A,794146353,美宜佳(第一中学闽01671店),福建省,漳州市,cvs
20251411,ELEME,76W208055A,800938453,美宜佳(振兴国际湘02559店),湖南省,衡阳市,cvs
20251411,ELEME,76W208472A,709479308,美宜佳(新和社区3428店),广东省,深圳市,cvs
20251411,ELEME,76W208536A,786848204,好润佳(翡翠湾店),湖南省,常德市,smkt
20251411,ELEME,76W208547A,814533458,美宜佳(新湖五路E192店),广东省,茂名市,cvs
20251411,ELEME,76W208581A,748164121,美宜佳(星宇国际湘03003店),湖南省,岳阳市,cvs
20251411,ELEME,76W208585A,786854203,好润佳(湘阴店),湖南省,岳阳市,
20251411,ELEME,76W208669A,709467144,美宜佳(亲水湾赣01449店),江西省,赣州市,cvs
20251411,ELEME,76W208765A,787276018,吉优客超市(南广场店),吉林省,长春市,cvs
20251411,ELEME,76W208807A,723478033,美宜佳(罗岗村粤27202店),广东省,江门市,cvs
20251411,ELEME,76W208852A,814096096,佳美嘉新天地(绿城店),安徽省,宿州市,
20251411,ELEME,76W209095A,820322249,美宜佳(豫965山阳轮胎厂店),河南省,焦作市,cvs
20251411,ELEME,76W209299A,709618477,谊品生鲜超市(东原逸墅店),四川省,成都市,cvs
20251411,ELEME,76W209325A,741160030,711(中德英伦城邦店),四川省,成都市,cvs
20251411,ELEME,76W209349A,769278389,红旗连锁(1651新都北欧星街店),四川省,成都市,mmkt
20251411,ELEME,76W209472A,813778158,金虎便利(3273寿阳安捷店),山西省,晋中市,cvs
20251411,ELEME,76W209586A,748118023,亮亮百货超市(航天店),陕西省,西安市,
20251411,ELEME,76W209736A,707311221,新天地超市(两河流域店),辽宁省,沈阳市,cvs
20251411,ELEME,76W209844A,748201031,美宜佳(金塘路湘03038店),湖南省,邵阳市,cvs
20251411,ELEME,76W209878A,814502159,美宜佳(西州湘03143店),湖南省,永州市,cvs
20251411,ELEME,76W209886A,800989330,美宜佳(天宇第一城湘03096店),湖南省,永州市,cvs
20251411,ELEME,76W209906A,769679038,美宜佳(郴义路湘02959店),湖南省,郴州市,cvs
20251411,ELEME,76W209920A,769526331,天天便利(邢台科技园二店),河北省,邢台市,cvs
20251411,ELEME,76W209926A,769463197,美宜佳(冀42恒大城店),河北省,邢台市,cvs
20251411,ELEME,76W210055A,786952122,易太便利店(溪白店),福建省,莆田市,cvs
20251411,ELEME,76W210092A,791914120,三江购物(东裕店),浙江省,宁波市,smkt
20251411,ELEME,76W210226A,813742208,三江购物(瞻岐店),浙江省,宁波市,smkt
20251411,ELEME,76W210432A,787052013,奥润特超市(枣庄店),山东省,枣庄市,
20251411,ELEME,76W210522A,769512037,盒马鲜生(经四路万达店),山东省,济南市,smkt
20251411,ELEME,76W210983A,813792365,美宜佳(联靑路粤22069店),广东省,汕头市,cvs
20251411,ELEME,76W211047A,769524136,美宜佳(V00397汇丰城店),广东省,中山市,cvs
20251411,ELEME,76W211087A,661799149,美宜佳(豫753邑南关店),河南省,周口市,cvs
20251411,ELEME,76W211159A,709013167,罗森便利店(1385开发区龙滨路店),辽宁省,大连市,cvs
20251411,ELEME,76W211261A,688174173,罗森便利店(1377开发区万国宫馆二期店),辽宁省,大连市,cvs
20251411,ELEME,76W211372A,709398199,谊品生鲜超市(玫瑰园店),湖南省,长沙市,mmkt
20251411,ELEME,76W211435A,721063012,新佳宜超市(华菱蓝调1656店),湖南省,长沙市,cvs
20251411,ELEME,76W211507A,482914060,美宜佳(文化中路赣01023店),江西省,吉安市,cvs
20251411,ELEME,76W211547A,727033284,711便利店(德州万达公寓店),山东省,德州市,cvs
20251411,ELEME,76W211611A,800887039,美宜佳(万成广场鄂01341店),湖北省,咸宁市,cvs
20251411,ELEME,76W211703A,813881193,美宜佳(池湖路粤25056店),广东省,潮州市,cvs
20251411,ELEME,76W212245A,775438247,天天便利(衡水泰一尚城店),河北省,衡水市,cvs
20251411,ELEME,76W212275A,823110264,美宜佳(鲁27信发步行街店),山东省,聊城市,cvs
20251411,ELEME,76W212374A,661060373,美宜佳(兴田街道7968店),广东省,梅州市,cvs
20251411,ELEME,76W212434A,769511184,金虎便利(3795柳林东十二街店),山西省,吕梁市,cvs
20251411,ELEME,76W212510A,813664400,顺和兴超市,山东省,青岛市,
20251411,ELEME,76W212722A,769313159,711(西溪天街店),浙江省,杭州市,cvs
20251411,ELEME,76W212881A,814151211,火妹便利店(合景天玺店),浙江省,温州市,
20251411,ELEME,76W213001A,240388288,十足便利店(东瓯智库二店),浙江省,温州市,cvs
20251411,ELEME,76W213086A,292315439,十足便利店(银河花苑店),浙江省,温州市,cvs
20251411,ELEME,76W213265A,769411299,36524(平山北国店),河北省,石家庄市,cvs
20251411,ELEME,76W213502A,721029046,美宜佳(天诚大酒店鄂01347店),湖北省,省直辖县级行政区划,cvs
20251411,ELEME,76W213673A,709481303,美宜佳(华逸花园B840店),广东省,清远市,cvs
20251411,ELEME,76W213866A,726731281,711(南通海安江海西路店),江苏省,南通市,cvs
20251411,ELEME,76W213916A,769328286,十足便利店(南通大饭店财富中心店),江苏省,南通市,cvs
20251411,ELEME,76W213988A,688238169,小仓生活(崇文门站),北京市,北京市,
20251411,ELEME,76W214043A,688300095,小仓生活(动物园站),北京市,北京市,
20251411,ELEME,76W214058A,688356086,小仓生活(百子湾站),北京市,北京市,
20251411,ELEME,76W214064A,287855014,DD'sMarket品优超市(香江店),北京市,北京市,
20251411,ELEME,76W214070A,688574096,小仓生活(方庄站),北京市,北京市,
20251411,ELEME,76W214075A,688434006,小仓生活(马连道站),北京市,北京市,
20251411,ELEME,76W214111A,688349074,小仓生活(朝外SOHO站),北京市,北京市,
20251411,ELEME,76W214336A,268426432,唐久便利(2221国际名邸店),山西省,太原市,cvs
20251411,ELEME,76W214340A,688307477,美特好超市(太铁北河湾店),山西省,太原市,mmkt
20251411,ELEME,76W214409A,689783281,美特好超市(中车国际店),山西省,太原市,mmkt
20251411,ELEME,76W214548A,264509149,711便利店(江南大道店),重庆市,重庆市,cvs
20251411,ELEME,76W214575A,813718265,优客家便利店(公园天街店),重庆市,重庆市,cvs
20251411,ELEME,76W214578A,708592029,谊品生鲜超市(峰云汇店),重庆市,重庆市,cvs
20251411,ELEME,76W214580A,399663151,谊品生鲜超市(巴南曦园店),重庆市,重庆市,cvs
20251411,ELEME,76W214583A,709512328,罗森便利店(金沙玖悦店),重庆市,重庆市,cvs
20251411,ELEME,76W214741A,239266244,Today(半岛康城店),广西壮族自治区,南宁市,cvs
20251411,ELEME,76W214826A,747936282,全福元(清华名园店),山东省,潍坊市,mmkt
20251411,ELEME,76W214846A,786824208,可好(阳光一百051827店),山东省,潍坊市,cvs
20251411,ELEME,76W215077A,778317204,7-Eleven便利店(石基城市广场-1408店),广东省,广州市,cvs
20251411,ELEME,76W215702A,747945499,美宜佳(时代豪庭粤27050店),广东省,东莞市,cvs
20251411,ELEME,76W215777A,292326424,十足便利店(飞鹤路店),浙江省,台州市,cvs
20251411,ELEME,76W215803A,755633224,十足便利店(台州杜桥解放街店),浙江省,台州市,cvs
20251411,ELEME,76W215818A,672344142,吉华盛超市(江口店),浙江省,台州市,smkt
20251411,ELEME,76W215970A,813984278,想家便利店(63536桥北路店),广东省,惠州市,cvs
20251411,ELEME,76W216101A,814111492,通力购物广场,山东省,日照市,
20251411,ELEME,76W216223A,748199072,新橙源味(新城南都店),江苏省,常州市,mmkt
20251411,ELEME,76W216333A,769676022,小仓生活(下瓦房站),天津市,天津市,
20251411,ELEME,76W216345A,769714011,小仓生活(鲁能城店),天津市,天津市,
20251411,ELEME,76W216367A,786930109,E点便利超市(奥城店),天津市,天津市,
20251411,ELEME,76W216370A,769594151,东方购物广场(费县胜利路店),山东省,临沂市,smkt
20251411,ELEME,76W216375A,239303209,东方购物广场(北城店),山东省,临沂市,smkt
20251411,ELEME,76W216434A,239273327,东方购物广场(三官庙店),山东省,临沂市,smkt
20251411,ELEME,76W216617A,800610359,天福便利店(12719四季金谷店),广东省,肇庆市,cvs
20251411,ELEME,76W216746A,239302196,十足便利店(银海商务店),浙江省,金华市,cvs
20251411,ELEME,76W216763A,687141047,十足便利店(金华义乌宝港花苑店),浙江省,金华市,cvs
20251411,ELEME,76W216836A,745226421,世纪华联超市(义乌优选店),浙江省,金华市,
20251411,ELEME,76W217011A,813501488,十足便利店(南京金轮国际广场店),江苏省,南京市,cvs
20251411,ELEME,76W217027A,741099116,谊品批发超市(瑞金路店),江苏省,南京市,cvs
20251411,ELEME,76W217061A,709603479,旺鲜生(华中西路店),安徽省,安庆市,mmkt
20251411,ELEME,76W217065A,709695276,旺鲜生(花亭分店),安徽省,安庆市,smkt
20251411,ELEME,76W217105A,726670360,十足便利店(盐城恒大名都店),江苏省,盐城市,cvs
20251411,ELEME,76W217132A,291365328,美宜佳(凤凰山10街E502店),广东省,韶关市,cvs
20251411,ELEME,76W217256A,709125426,家家悦(牟平3店),山东省,烟台市,smkt
20251411,ELEME,76W217280A,814345169,惠宜选超市(开发区店),山东省,烟台市,
20251411,ELEME,76W217321A,661086361,美宜佳(城南街道粤25759店),广东省,湛江市,cvs
20251411,ELEME,76W217644A,813505472,美宜佳(宝莲新都桂01632号店),广西壮族自治区,柳州市,cvs
20251411,ELEME,76W217952A,769389124,罗森(国金中心店),江苏省,苏州市,cvs
20251411,ELEME,76W217994A,266200309,安德利超市(当涂购物中心店),安徽省,马鞍山市,
20251411,ELEME,76W218210A,741030188,乐豆家(天樾公馆0513店),江西省,上饶市,cvs
20251411,ELEME,76W218216A,800601388,美宜佳(长安府赣01471店),江西省,上饶市,cvs
20251411,ELEME,76W218235A,814521188,美宜佳(花样城桂01619号店),广西壮族自治区,桂林市,cvs
20251411,ELEME,76W218249A,814172142,KKV(南充王府井购物中心店),四川省,南充市,mmkt
20251411,ELEME,76W218550A,709641314,乐海超市(锦华店),福建省,厦门市,smkt
20251411,ELEME,76W218590A,747910368,谊品生鲜超市(时代金悦店),四川省,成都市,cvs
20251411,ELEME,76W218690A,776142480,天天便利(邢台银河店),河北省,邢台市,cvs
20251411,ELEME,76W218708A,398508162,易太便利店(丰园店),福建省,莆田市,cvs
20251411,ELEME,76W218786A,786903002,可好(领秀城020659店),山东省,济南市,cvs
20251411,ELEME,76W219007A,814399144,美宜佳(丹灶粤22255店),广东省,佛山市,cvs
20251411,ELEME,76W219038A,769444416,天天便利(衡水宝云店),河北省,衡水市,cvs
20251411,ELEME,76W219078A,800746066,美宜佳(富民小区川00549店),四川省,遂宁市,cvs
20251411,ELEME,76W219260A,813659021,美宜佳(豫951蓝天世贸店),河南省,驻马店市,cvs
20251411,ELEME,76W219522A,709474095,美宜佳(茶石路粤27260店),广东省,东莞市,cvs
20251411,ELEME,76W219657A,769513465,小仓生活(万达站),天津市,天津市,
20251411,ELEME,76W220114A,827765358,KKV(哈尔滨红博西城红场主力店),黑龙江省,哈尔滨市,mmkt
20251411,ELEME,76W220228A,837761277,KKV(淮安新亚广场主力店),江苏省,淮安市,mmkt
20251411,ELEME,76W220289A,830812495,KKV(深圳龙华星河COCOCity主力店),广东省,深圳市,mmkt
20251411,ELEME,76W220318A,831331228,24小时闪购超市,广东省,深圳市,
20251411,ELEME,76W220388A,872288389,KKV(东莞鼎峰花漫城主力店),广东省,东莞市,mmkt
20251411,ELEME,76W220502A,587194160,美宜佳(河西街道粤25013店),广东省,茂名市,cvs
20251411,ELEME,76W220513A,300667223,美宜佳(滨海湾粤19105店),广东省,茂名市,cvs
20251411,ELEME,76W220625A,837498112,美宜佳(景江新城赣01510店),江西省,赣州市,cvs
20251411,ELEME,76W220639A,849755014,美宜佳(区八岭牌赣00936店),江西省,赣州市,cvs
20251411,ELEME,76W220648A,827052486,家得乐超市(德惠新东方店),吉林省,长春市,smkt
20251411,ELEME,76W220650A,817263466,KKV(长春宽城万达广场主力店),吉林省,长春市,mmkt
20251411,ELEME,76W220659A,828453047,KKV(江门汇悦大融城店),广东省,江门市,mmkt
20251411,ELEME,76W220699A,851618003,well+佳惠超市(芷江店),湖南省,怀化市,
20251411,ELEME,76W220713A,813922309,KKV(宿州苏宁广场店),安徽省,宿州市,mmkt
20251411,ELEME,76W220737A,872351271,24客(恭勤路店),贵州省,毕节市,cvs
20251411,ELEME,76W220775A,872258448,24客(千禧广场二店),贵州省,贵阳市,cvs
20251411,ELEME,76W220797A,814185117,KKV(贵阳国贸逸天城店),贵州省,贵阳市,mmkt
20251411,ELEME,76W220892A,830842418,元初食品(银溪墅府乐荟里店),福建省,厦门市,mmkt
20251411,ELEME,76W220927A,828456034,KKV(厦门SM城市广场店),福建省,厦门市,
20251411,ELEME,76W221071A,323683371,谊品生鲜超市(馨竹苑店),四川省,成都市,cvs
20251411,ELEME,76W221120A,686163111,老邻居(五彩城文信路店),四川省,成都市,mmkt
20251411,ELEME,76W221271A,843607155,711便利店(金辉世界城店),陕西省,西安市,cvs
20251411,ELEME,76W221311A,814176145,唐久便利(华清学院店),陕西省,西安市,cvs
20251411,ELEME,76W221314A,861064206,唐久便利(中建开元壹号店),陕西省,西安市,cvs
20251411,ELEME,76W221358A,823210372,KKV(运城黄河新世界主力店),山西省,运城市,mmkt
20251411,ELEME,76W221439A,869022217,新天地超市(中海康城店),辽宁省,沈阳市,cvs
20251411,ELEME,76W221616A,843284456,快赣特价超市(包河店),安徽省,合肥市,
20251411,ELEME,76W221624A,817385200,邻几(世纪中心店),安徽省,合肥市,cvs
20251411,ELEME,76W221688A,831342030,美宜佳(大景城店闽02132店),福建省,龙岩市,cvs
20251411,ELEME,76W221915A,845933201,沃家惠生活超市(济南店),山东省,济南市,
20251411,ELEME,76W221934A,830976456,优同便利店(济南保利中心二店),山东省,济南市,cvs
20251411,ELEME,76W221946A,820209355,KKV(济南恒隆广场主力店),山东省,济南市,mmkt
20251411,ELEME,76W222179A,786903073,罗森(3479电台路店),上海市,上海市,cvs
20251411,ELEME,76W222200A,830817404,711(海上海店),上海市,上海市,cvs
20251411,ELEME,76W222209A,708188400,罗森(203167茅台路866号店),上海市,上海市,cvs
20251411,ELEME,76W222279A,800691139,世纪精品超市(中环店),上海市,上海市,
20251411,ELEME,76W222298A,688313151,罗森(3433三泉路1853号店),上海市,上海市,cvs
20251411,ELEME,76W222394A,813907136,罗森(3511蟠臻路店),上海市,上海市,cvs
20251411,ELEME,76W222466A,830931139,711(妙川店),上海市,上海市,cvs
20251411,ELEME,76W222474A,649986293,罗森(3289肇嘉浜路店),上海市,上海市,cvs
20251411,ELEME,76W222487A,709069226,罗森(3517新嘉里不夜城店),上海市,上海市,cvs
20251411,ELEME,76W222506A,801179019,世纪优品超市(浦建路店),上海市,上海市,
20251411,ELEME,76W222666A,851710410,壹加壹超市(张家边店),广东省,中山市,smkt
20251411,ELEME,76W222728A,847301003,美宜佳(豫945淮阳商城店),河南省,周口市,cvs
20251411,ELEME,76W222746A,831179078,美宜佳(碧水华庭鄂01415店),湖北省,孝感市,cvs
20251411,ELEME,76W222797A,828265463,KKV(大连凯德和平广场店),辽宁省,大连市,mmkt
20251411,ELEME,76W222835A,866265044,壹度便利(淮北铭城花园店),安徽省,淮北市,cvs
20251411,ELEME,76W222846A,835423079,美宜佳(融辉城鄂01306店),湖北省,黄冈市,cvs
20251411,ELEME,76W222847A,860935472,美宜佳(巴源广场鄂01335店),湖北省,黄冈市,cvs
20251411,ELEME,76W222882A,814468142,新佳宜超市(龙王港0673店),湖南省,长沙市,cvs
20251411,ELEME,76W222931A,769286360,美宜佳(金色梦想湘03060店),湖南省,长沙市,cvs
20251411,ELEME,76W223027A,837623026,德百超市(平原店),山东省,德州市,smkt
20251411,ELEME,76W223078A,814170262,美宜佳(后坛D745店),广东省,揭阳市,cvs
20251411,ELEME,76W223240A,688406146,之佳便利(昆明海公馆分店),云南省,昆明市,cvs
20251411,ELEME,76W223249A,688335193,之佳便利(昆明秋苑二期分店),云南省,昆明市,cvs
20251411,ELEME,76W223287A,860951499,美宜佳(歌利亚庄园桂01443号店),广西壮族自治区,梧州市,cvs
20251411,ELEME,76W223396A,721496394,快赣特价超市(昌东店),江西省,南昌市,
20251411,ELEME,76W223671A,872040186,KKV(青岛乐客城主力店),山东省,青岛市,mmkt
20251411,ELEME,76W223685A,372506302,友客(春城路水榭花都店),山东省,青岛市,cvs
20251411,ELEME,76W223736A,830822381,可好(创客广场010385店),山东省,青岛市,cvs
20251411,ELEME,76W223885A,843643147,嘉沃美超市,浙江省,杭州市,
20251411,ELEME,76W223996A,292316410,十足便利店(河滨店),浙江省,温州市,cvs
20251411,ELEME,76W224031A,837506036,十足便利店(温州南塘街店),浙江省,温州市,cvs
20251411,ELEME,76W224034A,846944162,十足便利店(温州假日花园店),浙江省,温州市,cvs
20251411,ELEME,76W224046A,835316436,十足便利店(乐清晨曦路店),浙江省,温州市,cvs
20251411,ELEME,76W224063A,837728027,十足便利店(温州富力城店),浙江省,温州市,cvs
20251411,ELEME,76W224087A,855144121,壹度便利(蒙城六里小区东店),安徽省,亳州市,cvs
20251411,ELEME,76W224434A,828314374,KKV(无锡新吴宝龙广场主力店),江苏省,无锡市,mmkt
20251411,ELEME,76W224600A,837411492,美宜佳(湖嘉乐城赣01483店),江西省,鹰潭市,cvs
20251411,ELEME,76W224647A,861003411,万家乐时代购物广场,吉林省,白山市,
20251411,ELEME,76W224701A,831050113,欧伟仕超市(凤凰荟店),江苏省,南通市,smkt
20251411,ELEME,76W224745A,814482295,KKV(北京世纪金源购物中心主力店),北京市,北京市,mmkt
20251411,ELEME,76W224863A,847031266,超市发(温泉店),北京市,北京市,mmkt
20251411,ELEME,76W224886A,813913079,好又多超市,河北省,廊坊市,mmkt
20251411,ELEME,76W225020A,814023489,美宜佳(中昂嘉御湾渝01139店),重庆市,重庆市,cvs
20251411,ELEME,76W225072A,828291392,罗森便利店(礼嘉中学店),重庆市,重庆市,cvs
20251411,ELEME,76W225109A,748170124,谊品批发超市(兆甲滨江国际店),重庆市,重庆市,cvs
20251411,ELEME,76W225133A,846208137,KKV(重庆光环购物公园店),重庆市,重庆市,mmkt
20251411,ELEME,76W225136A,872352093,KKV(重庆融创假日国际广场主力店),重庆市,重庆市,mmkt
20251411,ELEME,76W225193A,825789339,KKV(重庆观音桥大融城主力店),重庆市,重庆市,mmkt
20251411,ELEME,76W225209A,828301365,罗森便利店(春江花月店),重庆市,重庆市,cvs
20251411,ELEME,76W225222A,837681295,美宜佳(新华花园桂01508号店),广西壮族自治区,南宁市,cvs
20251411,ELEME,76W225479A,872017304,美宜佳(雅居乐一期粤21670店),广东省,广州市,cvs
20251411,ELEME,76W225643A,830817488,KKV(淄博万象汇主力店),山东省,淄博市,mmkt
20251411,ELEME,76W225803A,830954093,十足便利店(横街东路店),浙江省,台州市,cvs
20251411,ELEME,76W225813A,830979061,十足便利店(灵江店),浙江省,台州市,cvs
20251411,ELEME,76W225864A,820195396,杭州华联(下沙奥莱店),浙江省,嘉兴市,
20251411,ELEME,76W225867A,813749003,十足便利店(嘉兴北科建创新园店),浙江省,嘉兴市,cvs
20251411,ELEME,76W225877A,240110481,美家乐超市(海昌路店),浙江省,嘉兴市,
20251411,ELEME,76W225911A,353228490,美宜佳(丽都西路8200店),广东省,梅州市,cvs
20251411,ELEME,76W226124A,831181241,世纪华冠副食商店,天津市,天津市,
20251411,ELEME,76W226338A,855055423,邻几(铜陵财富广场店),安徽省,铜陵市,cvs
20251411,ELEME,76W226363A,841441212,美宜佳(时代豪邸赣01519店),江西省,九江市,cvs
20251411,ELEME,76W226421A,817289306,十足便利店(金华义乌开元北街店),浙江省,金华市,cvs
20251411,ELEME,76W226552A,708065471,苏果便利(清江路店),江苏省,南京市,cvs
20251411,ELEME,76W226596A,830955323,美宜佳(金翠兰广场皖00355店),安徽省,安庆市,cvs
20251411,ELEME,76W226713A,861047167,家家悦(招远一店),山东省,烟台市,smkt
20251411,ELEME,76W226731A,831244017,惠宜选超市(烟台芝罘店),山东省,烟台市,
20251411,ELEME,76W226825A,843317222,可多便利(南湖妇产医院店),湖北省,武汉市,mmkt
20251411,ELEME,76W226852A,845223257,可多便利(黄金口店),湖北省,武汉市,mmkt
20251411,ELEME,76W226939A,831142023,邻几(滁州吾悦广场店),安徽省,滁州市,cvs
20251411,ELEME,76W226949A,848535146,橙子便利(聊城当代国际店),山东省,聊城市,cvs
20251411,ELEME,76W227132A,862640401,十足便利店(苏州昆山紫竹路店),江苏省,苏州市,cvs
20251411,ELEME,76W227151A,830972467,邻几(马鞍山新亚店),安徽省,马鞍山市,cvs
20251411,ELEME,76W227205A,648182265,美好便利(泰兴十里店),江苏省,泰州市,cvs
20251411,ELEME,76W227365A,823140445,龙园超市,辽宁省,鞍山市,
20251411,ELEME,76W227411A,823154176,美宜佳(融创壹号闽02057店),福建省,福州市,cvs
20251411,ELEME,76W227457A,845369438,世纪精品超市(福州店),福建省,福州市,
20251411,ELEME,76W227509A,777112050,美宜佳(群升广场闽02079店),福建省,福州市,cvs
20251411,ELEME,76W227628A,406225101,来旺良品堂(宝岛中路店),福建省,泉州市,
20251411,ELEME,76W227646A,912688010,元初食品(泉州晋江香榭花都店),福建省,泉州市,mmkt
20251411,ELEME,76W227835A,867911438,新天地超市(红城店),黑龙江省,哈尔滨市,cvs
20251411,ELEME,76W227962A,872353262,苏果便利(淮安億源国际店),江苏省,淮安市,cvs
20251411,ELEME,76W228346A,893695064,华润万家(坪地中心店),广东省,深圳市,smkt
20251411,ELEME,76W228395A,916677320,美宜佳(三皇里赣01542店),江西省,宜春市,cvs
20251411,ELEME,76W228396A,899292314,美宜佳(亚朵酒店赣01562店),江西省,宜春市,cvs
20251411,ELEME,76W228398A,916674414,美宜佳(中医院赣00760店),江西省,宜春市,cvs
20251411,ELEME,76W228652A,582466222,相约网红食品超市,黑龙江省,牡丹江市,
20251411,ELEME,76W228717A,924427439,美宜佳(同安前埔闽02177店),福建省,厦门市,cvs
20251411,ELEME,76W228810A,912807376,老邻居超市(滨河路店),四川省,成都市,mmkt
20251411,ELEME,76W228934A,924468398,老邻居超市(潘家街店),四川省,成都市,mmkt
20251411,ELEME,76W228962A,912834270,老邻居超市(新都蚕丛路店),四川省,成都市,mmkt
20251411,ELEME,76W229003A,924491261,老邻居超市(兴堰二店),四川省,成都市,mmkt
20251411,ELEME,76W229008A,924575035,老邻居超市(早觉店),四川省,成都市,mmkt
20251411,ELEME,76W229088A,912781417,老邻居超市(文星店),四川省,成都市,mmkt
20251411,ELEME,76W229157A,874444084,家家利超市(寿阳时代广场店),山西省,晋中市,smkt
20251411,ELEME,76W229192A,941589450,美宜佳(那毕新村桂01845号店),广西壮族自治区,百色市,cvs
20251411,ELEME,76W229203A,878293314,美宜佳(文峰路口桂01516号店),广西壮族自治区,钦州市,cvs
20251411,ELEME,76W229469A,912894203,每日隆便利店(环亚山城店),吉林省,延边朝鲜族自治州,cvs
20251411,ELEME,76W229509A,887176431,优佰连锁超市(五里河店),辽宁省,沈阳市,
20251411,ELEME,76W229543A,868784451,新天地超市(金地左岸店),辽宁省,沈阳市,cvs
20251411,ELEME,76W229742A,872209017,美宜佳(佳佳湘03065店),湖南省,郴州市,cvs
20251411,ELEME,76W229835A,906826465,邻几(高新银泰祥源城店),安徽省,合肥市,cvs
20251411,ELEME,76W230485A,286097094,AlexshopStore(静安店),上海市,上海市,
20251411,ELEME,76W230907A,912678196,天福便利店(72216仙波谷荣路店),广东省,汕头市,cvs
20251411,ELEME,76W230930A,239776025,7-Eleven便利店(远洋大信-5009店),广东省,中山市,cvs
20251411,ELEME,76W230937A,239265226,美宜佳(明珠家园粤23935店),广东省,中山市,cvs
20251411,ELEME,76W231127A,872341379,美宜佳(瑞天广场鄂01421店),湖北省,黄冈市,cvs
20251411,ELEME,76W231133A,846819046,美宜佳(福星豪庭鄂01408店),湖北省,黄冈市,cvs
20251411,ELEME,76W231251A,866154042,新佳宜超市(万科西街花园2109店),湖南省,长沙市,cvs
20251411,ELEME,76W231350A,891770339,国光(吉水二店),江西省,吉安市,smkt
20251411,ELEME,76W231590A,837434428,之佳便利(嵩明银杏人家分店),云南省,昆明市,cvs
20251411,ELEME,76W231591A,837642012,之佳便利(昆明俊发城店),云南省,昆明市,cvs
20251411,ELEME,76W231838A,897431338,每一天便利店(汉中万邦时代广场店),陕西省,汉中市,cvs
20251411,ELEME,76W231844A,830942133,乐豆家(王府井正街0511店),江西省,南昌市,cvs
20251411,ELEME,76W231845A,881722236,快赣特价超市(青山湖店),江西省,南昌市,
20251411,ELEME,76W231850A,880271115,快赣特价超市(福山店),江西省,南昌市,
20251411,ELEME,76W231861A,367842003,乐豆家(芳草路0249店),江西省,南昌市,cvs
20251411,ELEME,76W231865A,882050394,快赣特价超市(万寿宫店),江西省,南昌市,
20251411,ELEME,76W231880A,880257144,快赣特价超市(雅苑店),江西省,南昌市,
20251411,ELEME,76W231951A,872367171,之佳便利(曲靖金湘九俊分店),云南省,曲靖市,cvs
20251411,ELEME,76W232193A,292594374,友客(汉江路维湾1期店),山东省,青岛市,cvs
20251411,ELEME,76W232212A,895614110,可好(文化路010398店),山东省,青岛市,cvs
20251411,ELEME,76W232240A,830815415,可好(人民路010012店),山东省,青岛市,cvs
20251411,ELEME,76W232293A,240066241,惠客万家超市(绿城丽达店),山东省,青岛市,mmkt
20251411,ELEME,76W232784A,837472268,十足便利店(温州名人花园店),浙江省,温州市,cvs
20251411,ELEME,76W232867A,884043125,之上便利店(尚都锦园店),浙江省,温州市,cvs
20251411,ELEME,76W232970A,872135221,明日轩便利店(新石店),河北省,石家庄市,
20251411,ELEME,76W233354A,932042406,美宜佳便利店(香江豪庭苏770店),江苏省,无锡市,cvs
20251411,ELEME,76W233496A,863780057,美宜佳(雅居乐粤27505店),广东省,河源市,cvs
20251411,ELEME,76W233611A,893639346,欢乐爱家(平舆购物中心店),河南省,驻马店市,smkt
20251411,ELEME,76W233616A,848331332,711(南通青创园店),江苏省,南通市,cvs
20251411,ELEME,76W233707A,678017405,便利蜂(唐家岭奥特莱斯店),北京市,北京市,cvs
20251411,ELEME,76W233712A,895642053,罗森便利店(清华科技园店),北京市,北京市,cvs
20251411,ELEME,76W233906A,924421470,麦德龙(四季青店),北京市,北京市,
20251411,ELEME,76W234006A,872442114,美宜佳(豫1015建业天玺店),河南省,省直辖县级行政区划,cvs
20251411,ELEME,76W234119A,813487314,美特好超市(产业路店),山西省,太原市,mmkt
20251411,ELEME,76W234342A,895548270,美宜佳(汇鑫酒店渝01311店),重庆市,重庆市,cvs
20251411,ELEME,76W234350A,924503270,罗森便利店(橙光里店),重庆市,重庆市,cvs
20251411,ELEME,76W234351A,912590436,罗森便利店(文德中学店),重庆市,重庆市,cvs
20251411,ELEME,76W234488A,662612347,美宜佳(汽车站渝01058店),重庆市,重庆市,cvs
20251411,ELEME,76W234592A,866259107,美宜佳(万达新峰桂01702号店),广西壮族自治区,南宁市,cvs
20251411,ELEME,76W234687A,910655252,可好(潍州路050007店),山东省,潍坊市,cvs
20251411,ELEME,76W234703A,899381120,KKV(潍坊谷德锦奥莱购物中心主力店),山东省,潍坊市,mmkt
20251411,ELEME,76W234718A,872341153,美宜佳(广场北路赣01535店),江西省,景德镇市,cvs
20251411,ELEME,76W234837A,651882387,美宜佳(萝岗街道粤25292店),广东省,广州市,cvs
20251411,ELEME,76W234951A,830969144,KKV(广州百信广场主力店),广东省,广州市,mmkt
20251411,ELEME,76W235066A,910611389,可好(恒大翡翠华庭061798店),山东省,淄博市,cvs
20251411,ELEME,76W235255A,849610361,美宜佳(十三巷粤27169店),广东省,东莞市,cvs
20251411,ELEME,76W235430A,897422339,快迪便利店(望江过沥路店),广东省,惠州市,cvs
20251411,ELEME,76W235437A,899310274,美宜佳(新怡豪门粤27709店),广东省,惠州市,cvs
20251411,ELEME,76W235471A,866319064,美宜佳(龙津谭粤27592店),广东省,惠州市,cvs
20251411,ELEME,76W235473A,866185081,美宜佳(广汕路粤13760店),广东省,惠州市,cvs
20251411,ELEME,76W235616A,853053052,新橙源味(中央花园店),江苏省,常州市,mmkt
20251411,ELEME,76W235832A,912583425,华润万家(金玖家园店),天津市,天津市,mmkt
20251411,ELEME,76W235975A,916687356,小明同学零食店,浙江省,湖州市,
20251411,ELEME,76W236122A,817451091,十足便利店(金华长春五街二店),浙江省,金华市,cvs
20251411,ELEME,76W236180A,825793309,十足便利店(金华义乌稠州大厦店),浙江省,金华市,cvs
20251411,ELEME,76W236184A,825889067,十足便利店(万达广场A店),浙江省,金华市,cvs
20251411,ELEME,76W236251A,239318009,比优特超市(时代广场店),黑龙江省,鹤岗市,smkt
20251411,ELEME,76W236288A,912615363,十足便利店(绍兴博览财智店),浙江省,绍兴市,cvs
20251411,ELEME,76W236318A,708156039,好的便利(顾家营店),江苏省,南京市,cvs
20251411,ELEME,76W236362A,889979049,美宜佳便利店(苏00462万象城店),江苏省,南京市,cvs
20251411,ELEME,76W236393A,707696020,苏果便利(金地明悦店),江苏省,南京市,cvs
20251411,ELEME,76W236403A,786799482,盒马鲜生(浦口虹悦城店),江苏省,南京市,smkt
20251411,ELEME,76W236452A,817584016,世纪优品百货超市(建宁路店),江苏省,南京市,
20251411,ELEME,76W236471A,786935163,盒马鲜生(金地广场店),江苏省,南京市,smkt
20251411,ELEME,76W236474A,872406165,好的便利(文澜路店),江苏省,南京市,cvs
20251411,ELEME,76W236589A,912983002,十足便利店(丽水青田高湾绿园店),浙江省,丽水市,cvs
20251411,ELEME,76W236630A,912717321,美宜佳(豫1051向阳市场店),河南省,新乡市,cvs
20251411,ELEME,76W236658A,916690285,711便利店(烟台四马路店),山东省,烟台市,cvs
20251411,ELEME,76W236682A,912677365,友客(岳麓山路海信天山郡店),山东省,烟台市,cvs
20251411,ELEME,76W236715A,899362147,美宜佳(徐中纺织厂路口粤27038店),广东省,湛江市,cvs
20251411,ELEME,76W236720A,872173201,美宜佳(御海湾粤10371店),广东省,湛江市,cvs
20251411,ELEME,76W237142A,872420075,苏果便利(连云港金色家园店),江苏省,连云港市,cvs
20251411,ELEME,76W237173A,872394126,苏果便利(赣榆润林名城店),江苏省,连云港市,mmkt
20251411,ELEME,76W237214A,852185101,十足便利店(苏州中园大厦店),江苏省,苏州市,cvs
20251411,ELEME,76W237233A,851786247,十足便利店(苏州嘉元路店),江苏省,苏州市,cvs
20251411,ELEME,76W237281A,897451264,KKV(苏州吴中永旺梦乐城主力店),江苏省,苏州市,mmkt
20251411,ELEME,76W237690A,878323154,乐豆家(上饶中学0517店),江西省,上饶市,cvs
20251411,ELEME,76W237708A,920675314,美宜佳(桂北世纪城桂01761号店),广西壮族自治区,桂林市,cvs
20251411,ELEME,76W237753A,835484037,六意便利店(软件园侨城广场店),福建省,福州市,cvs
20251411,ELEME,76W237810A,835476056,六意24小时便利店(人民医院店),福建省,福州市,cvs
20251411,ELEME,76W237866A,993527176,易太便利店(景江店),福建省,泉州市,cvs
20251411,ELEME,76W237934A,993586027,美宜佳(腾飞路粤14118店),广东省,汕尾市,cvs
20251411,ELEME,76W237996A,1005655266,罗森便利店(6004锦州兴百荟分店),辽宁省,锦州市,cvs
20251411,ELEME,76W238111A,769338095,7-Eleven便利店(欢乐颂7584店),广东省,深圳市,cvs
20251411,ELEME,76W238140A,972507115,罗森便利店(海岸城1店),广东省,深圳市,cvs
20251411,ELEME,76W238157A,938209482,盒马鲜生(碧海城店),广东省,深圳市,smkt
20251411,ELEME,76W238272A,974091464,美宜佳(兴国潋城赣01460店),江西省,赣州市,cvs
20251411,ELEME,76W238336A,361762073,美宜佳(摩根国际粤15959店),广东省,江门市,cvs
20251411,ELEME,76W238340A,941759002,阳光盛源超市(金山街店),四川省,德阳市,mmkt
20251411,ELEME,76W238515A,979964105,罗森便利店(厦门中心漫乐城店),福建省,厦门市,cvs
20251411,ELEME,76W238550A,958996025,老邻居超市(南湖北路店),四川省,成都市,mmkt
20251411,ELEME,76W238590A,996381417,老邻居超市(凤凰大道店),四川省,成都市,mmkt
20251411,ELEME,76W238597A,974194271,LAWSON 罗森(川音小区店),四川省,成都市,cvs
20251411,ELEME,76W238604A,769479421,老邻居(大源路二店),四川省,成都市,mmkt
20251411,ELEME,76W238627A,962754179,老邻居超市(学子路二店),四川省,成都市,mmkt
20251411,ELEME,76W238628A,974242212,罗森便利店(惠明路店),四川省,成都市,cvs
20251411,ELEME,76W238648A,999334374,老邻居超市(洛带一店),四川省,成都市,mmkt
20251411,ELEME,76W238677A,981824389,惠利多超市(喜乐齐空港店),四川省,成都市,
20251411,ELEME,76W238685A,962705338,老邻居超市(凤凰东五路店),四川省,成都市,mmkt
20251411,ELEME,76W239068A,970277371,KKV(合肥正大广场主力店),安徽省,合肥市,mmkt
20251411,ELEME,76W239138A,953083179,左邻右舍(恒大享家店),浙江省,衢州市,mmkt
20251411,ELEME,76W239407A,960841207,罗森(畹町路99弄店),上海市,上海市,cvs
20251411,ELEME,76W239839A,962688283,罗森(安顺路一店),上海市,上海市,cvs
20251411,ELEME,76W239950A,962694345,罗森便利店(1419开发区湾里南东区店),辽宁省,大连市,cvs
20251411,ELEME,76W239965A,981778428,美宜佳(人民医院鄂01473店),湖北省,黄冈市,cvs
20251411,ELEME,76W240003A,891834202,新佳宜超市(小时代公寓1313店),湖南省,长沙市,cvs
20251411,ELEME,76W240057A,999472488,三兄弟生活百货超市(河西店),湖南省,长沙市,
20251411,ELEME,76W240164A,964677142,罗森(马当路店),上海市,上海市,cvs
20251411,ELEME,76W240321A,997387110,每一天便利店(宝鸡大酒店店),陕西省,宝鸡市,cvs
20251411,ELEME,76W240438A,240115028,美宜佳(紫阳大道赣00168店),江西省,南昌市,cvs
20251411,ELEME,76W240624A,976137025,美宜佳(晋129吕梁汾阳店),山西省,吕梁市,cvs
20251411,ELEME,76W240816A,937855167,世纪联华(杭州西溪天虹店),浙江省,杭州市,smkt
20251411,ELEME,76W240885A,1005536181,每一天便利店(榆林阳光檀悦店),陕西省,榆林市,cvs
20251411,ELEME,76W240940A,881722237,之上便利店(之上悦峰园店),浙江省,温州市,cvs
20251411,ELEME,76W241050A,1005507054,美宜佳(江南花都川00716店),四川省,资阳市,cvs
20251411,ELEME,76W241437A,264624046,711(安立路店),北京市,北京市,cvs
20251411,ELEME,76W241505A,962671449,美宜佳(豫1052湖滨文明路店),河南省,三门峡市,cvs
20251411,ELEME,76W241608A,1005586076,罗森便利店(西南大学二号门店),重庆市,重庆市,cvs
20251411,ELEME,76W241623A,1005603286,美宜佳(国能天街渝01339店),重庆市,重庆市,cvs
20251411,ELEME,76W241668A,901171353,美宜佳(美豪丽致桂01753号店),广西壮族自治区,南宁市,cvs
20251411,ELEME,76W241905A,869334319,美宜佳(番禺大道粤26209店),广东省,广州市,cvs
20251411,ELEME,76W241994A,941614418,7-Eleven便利店(常平天虹-4063店),广东省,东莞市,cvs
20251411,ELEME,76W242016A,1009395433,美宜佳(香芒中路9256店),广东省,东莞市,cvs
20251411,ELEME,76W242025A,981842323,美宜佳(彼岸花园粤28328店),广东省,东莞市,cvs
20251411,ELEME,76W242028A,1009429375,美宜佳(鹿湖小区粤33118店),广东省,东莞市,cvs
20251411,ELEME,76W242089A,920698302,美宜佳(建设路粤27539店),广东省,汕尾市,cvs
20251411,ELEME,76W242146A,918851032,十足便利店(嘉兴新中花园店),浙江省,嘉兴市,cvs
20251411,ELEME,76W242156A,956983325,美宜佳(宝丰酒店粤28110店),广东省,梅州市,cvs
20251411,ELEME,76W242231A,964670256,美宜佳(金枫花园粤28009店),广东省,惠州市,cvs
20251411,ELEME,76W242243A,973021169,友客(黄海一路锦华领寓店),山东省,日照市,cvs
20251411,ELEME,76W242244A,953000344,友客(中豪国际店),山东省,日照市,cvs
20251411,ELEME,76W242316A,941595379,711(静海乐城购物广场店),天津市,天津市,cvs
20251411,ELEME,76W242401A,955124177,浙北超市·鲜生硬折仓(织里店),浙江省,湖州市,smkt
20251411,ELEME,76W242498A,300684122,十足便利店(金华万达广场店),浙江省,金华市,cvs
20251411,ELEME,76W242525A,1005433372,十足便利店(绍兴锦绣花园店),浙江省,绍兴市,cvs
20251411,ELEME,76W242642A,976021482,十足便利店(丽水缙云鼎湖南路店),浙江省,丽水市,cvs
20251411,ELEME,76W242653A,958945130,橙子便利(泰安宁阳西街店),山东省,泰安市,cvs
20251411,ELEME,76W242708A,941594447,7-Eleven便利店(金沙广场-5212店),广东省,湛江市,cvs
20251411,ELEME,76W242760A,935957068,可多便利(福星华府誉境店),湖北省,武汉市,mmkt
20251411,ELEME,76W243039A,956940383,二十四小时副食品商行超市(招商城店),江苏省,苏州市,
20251411,ELEME,76W243219A,999541067,美宜佳(泰合尚渡川00441店),四川省,南充市,cvs
20251411,ELEME,76W243315A,1013501270,邻几(星光耀广场店),福建省,泉州市,cvs
20251411,ELEME,76W243433A,1055082264,罗森便利店(0502抚顺万达广场分店),辽宁省,抚顺市,cvs
20251411,ELEME,76W243491A,1052976360,每一天便利店(咸阳财富中心店),陕西省,咸阳市,cvs
20251411,ELEME,76W243575A,941642332,美宜佳(V00456中海信店),广东省,深圳市,cvs
20251411,ELEME,76W243579A,1051031408,万家生活连锁超市(宝安店),广东省,深圳市,
20251411,ELEME,76W243600A,1018390409,美宜佳(东兴大道湘03195店),湖南省,岳阳市,cvs
20251411,ELEME,76W243648A,1018394079,吉优客超市(龙首壹号院店),吉林省,长春市,cvs
20251411,ELEME,76W243653A,1034800295,吉优客超市(中东港店),吉林省,长春市,cvs
20251411,ELEME,76W243778A,1017822272,美宜佳(德韬科技园闽02212店),福建省,厦门市,cvs
20251411,ELEME,76W243783A,1005539209,邻几便利店(C湖里创新园店),福建省,厦门市,cvs
20251411,ELEME,76W243796A,1017703460,邻几(集美诚毅中路店),福建省,厦门市,cvs
20251411,ELEME,76W243823A,1054988453,百大超市(万联店),河南省,焦作市,mmkt
20251411,ELEME,76W243841A,1018137075,海豚购(金牛万达店),四川省,成都市,
20251411,ELEME,76W243867A,912930034,老邻居超市(兴城大道店),四川省,成都市,mmkt
20251411,ELEME,76W243901A,1018045321,海豚购(府青路店),四川省,成都市,
20251411,ELEME,76W243945A,1024534323,美宜佳(靖西客运站桂01909号店),广西壮族自治区,百色市,cvs
20251411,ELEME,76W244166A,956925376,天天便利(邢台科技园店),河北省,邢台市,cvs
20251411,ELEME,76W244187A,1042881358,中商罗森(金融港二店),安徽省,合肥市,cvs
20251411,ELEME,76W244247A,1017790046,鲜风生活(河大店),河南省,开封市,smkt
20251411,ELEME,76W244357A,1043185095,711便利店(济南中胜石油店),山东省,济南市,cvs
20251411,ELEME,76W244364A,852782482,橙子便利(碧桂园凤凰中心店),山东省,济南市,cvs
20251411,ELEME,76W244523A,1005439199,KKV(上海北外滩来福士广场主力店),上海市,上海市,mmkt
20251411,ELEME,76W244596A,813814191,优品超市(浦江店),上海市,上海市,
20251411,ELEME,76W244756A,292571389,美宜佳(锦成西三街粤16230店),广东省,中山市,cvs
20251411,ELEME,76W244758A,1018392121,万果园超市68(馥泽园店),河南省,周口市,mmkt
20251411,ELEME,76W244803A,1017614147,会有便利(益嘉广场店),辽宁省,大连市,cvs
20251411,ELEME,76W244813A,1011595004,新万佳长海特产超市,辽宁省,大连市,
20251411,ELEME,76W244823A,1017402325,美宜佳(永春公园鄂01502店),湖北省,黄冈市,cvs
20251411,ELEME,76W244841A,1017683218,新佳宜超市(鑫苑名家1489店),湖南省,长沙市,cvs
20251411,ELEME,76W244842A,1018365275,KKV(长沙友阿奥特莱斯购物公园店),湖南省,长沙市,mmkt
20251411,ELEME,76W244871A,1017968409,美宜佳(荣泰广场湘03267店),湖南省,长沙市,cvs
20251411,ELEME,76W244877A,720982167,新佳宜超市(高铁2072店),湖南省,长沙市,cvs
20251411,ELEME,76W244888A,800859011,新佳宜超市(楚天熙苑0161店),湖南省,长沙市,cvs
20251411,ELEME,76W244896A,1018065498,晨宏食品商店,黑龙江省,鸡西市,
20251411,ELEME,76W244902A,1018046404,可好(三八路戎府183907店),山东省,德州市,cvs
20251411,ELEME,76W244913A,1018309124,美好便利(高邮中央郡店),江苏省,扬州市,cvs
20251411,ELEME,76W244918A,584466035,美好便利(扬州万达茂广场店),江苏省,扬州市,cvs
20251411,ELEME,76W244919A,1015510042,景盛源超市(仪征宝能店),江苏省,扬州市,
20251411,ELEME,76W244924A,906954147,美宜佳便利店(苏00415梅岭东苑店),江苏省,扬州市,cvs
20251411,ELEME,76W245010A,1036853165,金虎便利(3887长子慈林东街店),山西省,长治市,cvs
20251411,ELEME,76W245077A,1015390445,美宜佳(桂澜北路粤28203店),广东省,佛山市,cvs
20251411,ELEME,76W245084A,1017614272,KKV(佛山东方广场店),广东省,佛山市,mmkt
20251411,ELEME,76W245113A,1043160340,美宜佳(豫985庄子广场店),河南省,商丘市,cvs
20251411,ELEME,76W245172A,1011450214,乐豆家(跨境电商产业园0527店),江西省,南昌市,cvs
20251411,ELEME,76W245273A,1042663474,美宜佳(民族中学湘03253店),湖南省,湘西土家族苗族自治州,cvs
20251411,ELEME,76W245282A,1042781212,美宜佳(田园路云00122号店),云南省,楚雄彝族自治州,cvs
20251411,ELEME,76W245286A,1018309400,罗森(丹阳界牌新村店),江苏省,镇江市,cvs
20251411,ELEME,76W245334A,1042809488,711便利店(青岛财智谷店),山东省,青岛市,cvs
20251411,ELEME,76W245337A,1015423285,友客(海南路海悦华庭店),山东省,青岛市,cvs
20251411,ELEME,76W245350A,918753082,可好(银盛泰空间010397店),山东省,青岛市,cvs
20251411,ELEME,76W245358A,1017973365,可好(延安一路010225店),山东省,青岛市,cvs
20251411,ELEME,76W245504A,1017705420,7-ELEVEN(亚运公园店),浙江省,杭州市,cvs
20251411,ELEME,76W245999A,1024693056,Today(仙桃武商店),湖北省,省直辖县级行政区划,cvs
20251411,ELEME,76W246028A,1024635173,美宜佳便利店(苏00841科创中心店),江苏省,无锡市,cvs
20251411,ELEME,76W246156A,1017675441,小仓生活(通州果园店),北京市,北京市,
20251411,ELEME,76W246164A,1018610256,小仓生活(望京店),北京市,北京市,
20251411,ELEME,76W246167A,1026650366,小仓生活(天通苑店),北京市,北京市,
20251411,ELEME,76W246183A,1032889307,惠邻百佳超市(昌平店),北京市,北京市,
20251411,ELEME,76W246295A,853185096,罗森便利店(重庆一中寄宿学校店),重庆市,重庆市,cvs
20251411,ELEME,76W246298A,1011529001,711便利店(凤凰C座店),重庆市,重庆市,cvs
20251411,ELEME,76W246300A,1024589322,美宜佳(龙湖天街渝01380店),重庆市,重庆市,cvs
20251411,ELEME,76W246379A,709092171,谊品生鲜超市(桃源居店),重庆市,重庆市,cvs
20251411,ELEME,76W246388A,866303078,美宜佳(国泽生活渝01293店),重庆市,重庆市,cvs
20251411,ELEME,76W246400A,981846306,美宜佳(隆鑫中央大街渝01353店),重庆市,重庆市,cvs
20251411,ELEME,76W246426A,924492205,24客便利店(莱茵鹭湖店),广西壮族自治区,南宁市,cvs
20251411,ELEME,76W246429A,1031021002,24客便利店(铁投大厦店),广西壮族自治区,南宁市,cvs
20251411,ELEME,76W246432A,239318091,Today(隆源国际店),广西壮族自治区,南宁市,cvs
20251411,ELEME,76W246445A,993473244,24客便利店(尚雅名都店),广西壮族自治区,南宁市,cvs
20251411,ELEME,76W246499A,1024642334,可好便利店(屯西新村051859店),山东省,潍坊市,cvs
20251411,ELEME,76W246557A,1042745477,美宜佳(新塘镇粤A893店),广东省,广州市,cvs
20251411,ELEME,76W246736A,1052932492,十足便利店(汇头王三店),浙江省,台州市,cvs
20251411,ELEME,76W246787A,1013603006,万家欢超市,浙江省,嘉兴市,
20251411,ELEME,76W246807A,976145053,美宜佳(奥园南门粤15975店),广东省,梅州市,cvs
20251411,ELEME,76W246877A,1018347097,美好便利(溧阳永定西路店),江苏省,常州市,cvs
20251411,ELEME,76W246898A,1024467383,珍惠达超市(河东区店),天津市,天津市,
20251411,ELEME,76W246909A,1017670428,小仓生活(天津之眼店),天津市,天津市,
20251411,ELEME,76W246982A,1032927273,罗森(5716湖州天际店),浙江省,湖州市,cvs
20251411,ELEME,76W247027A,1042916432,华联购物(伏龙山店),浙江省,金华市,
20251411,ELEME,76W247138A,1017607472,邻几(安庆七街三店),安徽省,安庆市,cvs
20251411,ELEME,76W247341A,1018495194,龙江好日子生鲜超市(桦南店),黑龙江省,佳木斯市,
20251411,ELEME,76W247374A,1018283352,罗森(7603苏州临顿路店),江苏省,苏州市,cvs
20251411,ELEME,76W247397A,999347349,方便象便利店(姑苏店),江苏省,苏州市,
20251411,ELEME,76W247438A,939757187,711(三水新都会店),江苏省,泰州市,cvs
20251411,ELEME,76W247499A,1018002403,罗森便利店(高碑店市迎宾西路店),河北省,保定市,cvs
20251411,ELEME,76W247530A,1042744285,罗森便利店(2006鞍山爱国街分店),辽宁省,鞍山市,cvs
20251411,ELEME,76W247559A,1018359116,美宜佳(红光路川00638店),四川省,南充市,cvs
20251411,ELEME,76W247645A,1055055150,闪电购精品超市(城东店),福建省,泉州市,
20251411,ELEME,76W247760A,1055925361,美宜佳(诏安夜市闽02151店),福建省,漳州市,cvs
20251411,ELEME,76W247831A,1055259094,罗森便利店(京地大厦店),广东省,深圳市,cvs
20251411,ELEME,76W247851A,1056154139,鲸GO生活超市(龙华店),广东省,深圳市,
20251411,ELEME,76W247853A,1056020071,美宜佳(聚福社区粤28676店),广东省,深圳市,cvs
20251411,ELEME,76W247900A,1055919495,鲸GO生活超市(民治店),广东省,深圳市,
20251411,ELEME,76W247905A,1055412009,罗森便利店(壹海公寓店),广东省,深圳市,cvs
20251411,ELEME,76W248001A,1056320379,天猫小店(佳选百货宝安店),广东省,深圳市,
20251411,ELEME,76W248003A,1056122129,鲸GO生活超市(南山店),广东省,深圳市,
20251411,ELEME,76W248069A,1055928265,鲸GO生活超市(洪浪北店),广东省,深圳市,
20251411,ELEME,76W248139A,1055663376,美宜佳(紫荆花园赣01630店),江西省,宜春市,cvs
20251411,ELEME,76W248240A,1056948296,惠宜选超市(东营东城店),山东省,东营市,
20251411,ELEME,76W248287A,1055796428,美宜佳(学子路口贵00783号店),贵州省,贵阳市,cvs
20251411,ELEME,76W248321A,1055254398,吉优客超市(益田翠堤店),吉林省,长春市,cvs
20251411,ELEME,76W248352A,1043106064,美宜佳(温尼花园闽02251店),福建省,厦门市,cvs
20251411,ELEME,76W248373A,1056537334,焦百百货大楼便利店(豫轮店),河南省,焦作市,mmkt
20251411,ELEME,76W248500A,1056070134,中兴百货(田阳店),广西壮族自治区,百色市,smkt
20251411,ELEME,76W248693A,1056275397,佐客(高深路店),辽宁省,沈阳市,cvs
20251411,ELEME,76W248725A,1057429339,佐客(朗香邸店),辽宁省,沈阳市,cvs
20251411,ELEME,76W248743A,1056444482,罗森便利店(3185合作街分店),辽宁省,沈阳市,cvs
20251411,ELEME,76W248792A,1055820159,可好(东关商场163707店),山东省,菏泽市,cvs
20251411,ELEME,76W248810A,964683101,天天便利(邢台鸿溪店),河北省,邢台市,cvs
20251411,ELEME,76W248850A,1056018164,啥也卖超市(蜀山店),安徽省,合肥市,
20251411,ELEME,76W248851A,1055000414,快赣特价超市(滨湖店),安徽省,合肥市,
20251411,ELEME,76W248916A,1042670390,616超市(万宝店),福建省,龙岩市,
20251411,ELEME,76W248917A,1055004323,616生活超市(万达店),福建省,龙岩市,
20251411,ELEME,76W249000A,1055930347,美宜佳(名邦国际皖00396店),安徽省,阜阳市,cvs
20251411,ELEME,76W249224A,1055037123,罗森(乔松路店),上海市,上海市,cvs
20251411,ELEME,76W249234A,1054995478,世纪华联(雪松路店),上海市,上海市,
20251411,ELEME,76W249328A,1024403427,京鑫便利店(浦建路店),上海市,上海市,
20251411,ELEME,76W249332A,1055939419,世纪生活超市(徐汇中心店),上海市,上海市,
20251411,ELEME,76W249453A,1015428322,美宜佳(金华花园A区粤28145店),广东省,中山市,cvs
20251411,ELEME,76W249468A,1055277033,美宜佳(粤28566店),广东省,中山市,cvs
20251411,ELEME,76W249536A,1055224070,罗森便利店(1426庄河伟业御景城店),辽宁省,大连市,cvs
20251411,ELEME,76W249582A,1055789050,新佳宜超市(亚商国际2172店),湖南省,长沙市,cvs
20251411,ELEME,76W249593A,1055689005,新佳宜超市(芙蓉万国城2166店),湖南省,长沙市,cvs
20251411,ELEME,76W249670A,1055569462,新佳宜超市(麓山南路1291店),湖南省,长沙市,cvs
20251411,ELEME,76W249739A,1057021432,美宜佳(板桥小区鄂01733店),湖北省,恩施土家族苗族自治州,cvs
20251411,ELEME,76W249743A,1056714499,罗森(9890仪征红叶新村店),江苏省,扬州市,cvs
20251411,ELEME,76W249746A,1055691391,罗森(9889宝应画川高级中学店),江苏省,扬州市,cvs
20251411,ELEME,76W249751A,1055691369,罗森(9891宝应城北初级中学店),江苏省,扬州市,cvs
20251411,ELEME,76W249778A,1056081213,美宜佳(豫1019星程酒店店),河南省,信阳市,cvs
20251411,ELEME,76W249831A,1056325347,美宜佳(晋222家属院店),山西省,长治市,cvs
20251411,ELEME,76W249834A,1057010259,美宜佳(晋230美食街店),山西省,长治市,cvs
20251411,ELEME,76W249852A,1042817386,美宜佳(关兴路云00120号店),云南省,昆明市,cvs
20251411,ELEME,76W249992A,1055503426,壹度便利(虞城莱茵国际店),河南省,商丘市,mmkt
20251411,ELEME,76W250248A,1043120403,京东便利店(青岛店),山东省,青岛市,
20251411,ELEME,76W250278A,1055594487,美宜佳(德水北路川00661店),四川省,遂宁市,cvs
20251411,ELEME,76W250368A,910680197,十足便利店(杭州环翼城店),浙江省,杭州市,cvs
20251411,ELEME,76W250394A,1055486119,优购·精品超市(富阳店),浙江省,杭州市,
20251411,ELEME,76W250401A,1056328252,十足便利店(富力天茂广场店),浙江省,杭州市,cvs
20251411,ELEME,76W250435A,1056995156,十足便利店(苍南银泰店),浙江省,温州市,cvs
20251411,ELEME,76W250646A,1013472385,倾鑫优选生活超市(高新区店),河南省,郑州市,
20251411,ELEME,76W250658A,1018350114,711便利店(公园茂店),河南省,郑州市,cvs
20251411,ELEME,76W250743A,1055367189,罗森(无锡安歆青年社区店),江苏省,无锡市,cvs
20251411,ELEME,76W250850A,1055935300,美宜佳(豫1152建业城店),河南省,驻马店市,cvs
20251411,ELEME,76W250874A,1057121140,小仓生活(阜成门店),北京市,北京市,
20251411,ELEME,76W250877A,849764019,惠邻百佳超市(三里屯店),北京市,北京市,
20251411,ELEME,76W250879A,849621357,惠邻百佳超市(望京店),北京市,北京市,
20251411,ELEME,76W250880A,849721132,惠邻百佳超市(月坛站),北京市,北京市,
20251411,ELEME,76W250885A,852627162,惠邻百佳超市(翠微店),北京市,北京市,
20251411,ELEME,76W250895A,849759024,惠邻百佳超市(通州万达店),北京市,北京市,
20251411,ELEME,76W250903A,849601392,惠邻百佳超市(管庄站),北京市,北京市,
20251411,ELEME,76W250906A,852572287,惠邻百佳超市(和平里店),北京市,北京市,
20251411,ELEME,76W250910A,1034853203,惠邻百佳超市(朝阳门店),北京市,北京市,
20251411,ELEME,76W250911A,849742055,惠邻百佳超市(双井店),北京市,北京市,
20251411,ELEME,76W250913A,676501394,便利蜂(星标家园店),北京市,北京市,cvs
20251411,ELEME,76W250917A,1032863384,惠邻百佳超市(菜市口店),北京市,北京市,
20251411,ELEME,76W250921A,1033417330,惠邻百佳超市(光华路店),北京市,北京市,
20251411,ELEME,76W250922A,1033322460,惠邻百佳超市(东花市店),北京市,北京市,
20251411,ELEME,76W250923A,849641264,惠邻百佳超市(世纪金源店),北京市,北京市,
20251411,ELEME,76W250932A,852816336,惠邻百佳超市(五道口店),北京市,北京市,
20251411,ELEME,76W250973A,1056501440,惠邻百佳超市(将台店),北京市,北京市,
20251411,ELEME,76W251003A,852582229,惠邻百佳超市(田村店),北京市,北京市,
20251411,ELEME,76W251006A,1056892033,易森超市(国门店),北京市,北京市,
20251411,ELEME,76W251082A,852923036,惠邻百佳超市(方庄站),北京市,北京市,
20251411,ELEME,76W251126A,851750324,惠邻百佳超市(团结湖站),北京市,北京市,
20251411,ELEME,76W251133A,1055965418,幸福荣耀超市(小汤山店),北京市,北京市,smkt
20251411,ELEME,76W251155A,1056521421,裕隆超市(银杏雅苑店),河南省,鹤壁市,smkt
20251411,ELEME,76W251172A,1057135051,罗森便利店(廊坊市固安新中街店),河北省,廊坊市,cvs
20251411,ELEME,76W251207A,1042912104,美宜佳(新城东路粤28432店),广东省,云浮市,cvs
20251411,ELEME,76W251263A,1055671027,罗森便利店(蔡家中央大街店),重庆市,重庆市,cvs
20251411,ELEME,76W251333A,776999244,美宜佳(宽达桂01696号店),广西壮族自治区,南宁市,cvs
20251411,ELEME,76W251340A,1055994408,24客便利店(上贤湾店),广西壮族自治区,南宁市,cvs
20251411,ELEME,76W251403A,1056266070,惠宜选超市(泰华店),山东省,潍坊市,
20251411,ELEME,76W251444A,1042899056,美宜佳(名成三街粤27339店),广东省,广州市,cvs
20251411,ELEME,76W251469A,1024510411,鲸选快送超市(天河店),广东省,广州市,
20251411,ELEME,76W251473A,1043079284,7-Eleven便利店(新燕大厦-1430店),广东省,广州市,cvs
20251411,ELEME,76W251589A,1042795492,美宜佳(南城路粤28383店),广东省,东莞市,cvs
20251411,ELEME,76W251769A,1055596463,左邻右舍(紫金路店),浙江省,嘉兴市,mmkt
20251411,ELEME,76W251885A,1056504416,十足便利店(常州宝龙三店),江苏省,常州市,cvs
20251411,ELEME,76W251943A,1056199092,优享购超市(王顶堤店),天津市,天津市,
20251411,ELEME,76W251991A,1055979262,美宜佳便利店(浙00649河西村店),浙江省,湖州市,cvs
20251411,ELEME,76W252041A,1055476204,罗森便利店(秦皇岛汤河铭筑店),河北省,秦皇岛市,cvs
20251411,ELEME,76W252054A,1055151227,美宜佳(文兰路粤28353店),广东省,肇庆市,cvs
20251411,ELEME,76W252106A,972985295,美宜佳便利店(浙00588陆港电商城店),浙江省,金华市,cvs
20251411,ELEME,76W252220A,1055999212,美宜佳便利店(苏00739五星小区店),江苏省,盐城市,cvs
20251411,ELEME,76W252225A,1055038222,美好便利(东台时代豪庭店),江苏省,盐城市,cvs
20251411,ELEME,76W252258A,1056938368,惠宜选超市(泰安吾悦店),山东省,泰安市,
20251411,ELEME,76W252289A,979857445,711便利店(烟台嵩山路店),山东省,烟台市,cvs
20251411,ELEME,76W252325A,1056577244,Today(联投广场店),湖北省,武汉市,cvs
20251411,ELEME,76W252337A,849652234,惠邻百佳超市(洪山广场店),湖北省,武汉市,
20251411,ELEME,76W252356A,849648286,惠邻百佳超市(光谷店),湖北省,武汉市,
20251411,ELEME,76W252388A,1055338216,世纪精品超市(武璐路精品店),湖北省,武汉市,
20251411,ELEME,76W252389A,1005441334,京东便利店(江汉店),湖北省,武汉市,
20251411,ELEME,76W252411A,1055895161,美宜佳(梅子垭路鄂01666店),湖北省,宜昌市,cvs
20251411,ELEME,76W252416A,1055312199,中百罗森(七星新天地店),湖北省,宜昌市,cvs
20251411,ELEME,76W252506A,1057053067,美宜佳便利店(苏00865园林路店),江苏省,苏州市,cvs
20251411,ELEME,76W252516A,1043101494,爱怡购(银泰花园店),江苏省,苏州市,
20251411,ELEME,76W252552A,1055572264,十足便利店(吴中万达三店),江苏省,苏州市,cvs
20251411,ELEME,76W252616A,1055573065,罗森(9565兴化嘉桂苑店),江苏省,泰州市,cvs
20251411,ELEME,76W252869A,1059063179,奥特乐(自贡富顺宏帆店),四川省,自贡市,mmkt
20251411,ELEME,76W252940A,1057971077,罗森便利店(6010解放路分店),辽宁省,锦州市,cvs
20251411,ELEME,76W252987A,1058678499,美宜佳(八仙路闽02313骏岭店),福建省,南平市,cvs
20251411,ELEME,76W253013A,1055991219,鲸GO生活超市(大芬店),广东省,深圳市,
20251411,ELEME,76W253094A,1056299448,美宜佳(汇城商业粤38819店),广东省,茂名市,cvs
20251411,ELEME,76W253097A,1055442298,美宜佳(市府大院粤28339店),广东省,茂名市,cvs
20251411,ELEME,76W253151A,1057586337,美宜佳(石城汽车站赣01653店),江西省,赣州市,cvs
20251411,ELEME,76W253170A,1057550390,吉优客超市(物贸大厦店),吉林省,长春市,cvs
20251411,ELEME,76W253211A,1057703174,吉优客超市(鲁辉国际店),吉林省,长春市,cvs
20251411,ELEME,76W253222A,1057763112,新天地超市(车城万达公寓店),吉林省,长春市,cvs
20251411,ELEME,76W253224A,1056259471,新天地超市(钜城上景店),吉林省,长春市,cvs
20251411,ELEME,76W253225A,1058035483,吉优客超市(远洋锦唐店),吉林省,长春市,cvs
20251411,ELEME,76W253252A,1058166354,吉优客超市(正阳街店),吉林省,长春市,cvs
20251411,ELEME,76W253261A,1059547008,美宜佳(保利三期北门粤28098店),广东省,江门市,cvs
20251411,ELEME,76W253276A,1059055197,奥特乐(德阳吾悦广场店),四川省,德阳市,mmkt
20251411,ELEME,76W253305A,1059290382,佳惠超市(麻阳长寿店),湖南省,怀化市,smkt
20251411,ELEME,76W253437A,1056921063,万嘉便利(厦门冠成大厦店),福建省,厦门市,cvs
20251411,ELEME,76W253456A,1056544468,超宜选精品超市(厦门中心店),福建省,厦门市,
20251411,ELEME,76W253499A,1058978219,奥特乐(都江堰上景春江店),四川省,成都市,mmkt
20251411,ELEME,76W253602A,1058450120,Today(荆门荆楚理工学院店),湖北省,荆门市,cvs
20251411,ELEME,76W253639A,1057060114,美宜佳(东合一路桂01475号店),广西壮族自治区,百色市,cvs
20251411,ELEME,76W253678A,1058144082,乐麦驿便利(高新店),陕西省,西安市,
20251411,ELEME,76W253706A,1059771168,美宜佳(晋240公园绿城店),山西省,运城市,cvs
20251411,ELEME,76W253738A,1058154324,优佰连锁超市(和平店),辽宁省,沈阳市,
20251411,ELEME,76W253746A,1058095356,优佰连锁超市(大东店),辽宁省,沈阳市,
20251411,ELEME,76W253782A,1058100358,优佰连锁超市(皇姑店),辽宁省,沈阳市,
20251411,ELEME,76W253838A,1058874357,315综合超市(六道街店),吉林省,长春市,
20251411,ELEME,76W253844A,1058407488,美宜佳(新城明珠湘03435店),湖南省,邵阳市,cvs
20251411,ELEME,76W254096A,709002209,罗森(6223宁波紫荆汇店),浙江省,宁波市,cvs
20251411,ELEME,76W254300A,1057788358,世纪生活超市(川沙店),上海市,上海市,
20251411,ELEME,76W254361A,1056493171,世纪精品超市(徐汇中心店),上海市,上海市,
20251411,ELEME,76W254409A,1057458181,美宜佳(金都西路沪00105店),上海市,上海市,cvs
20251411,ELEME,76W254464A,266021292,联华超市(盐仓店),上海市,上海市,mmkt
20251411,ELEME,76W254556A,1058316443,世纪精品超市(漕河泾店),上海市,上海市,
20251411,ELEME,76W254689A,1056899019,京东便利店(上海中心店),上海市,上海市,
20251411,ELEME,76W254752A,1058294067,711(乐坊店),上海市,上海市,cvs
20251411,ELEME,76W254950A,1057558387,好宜客优选超市(普陀店),上海市,上海市,
20251411,ELEME,76W255044A,1056299382,罗森(万泰109中心店),上海市,上海市,cvs
20251411,ELEME,76W255127A,1057559312,罗森便利店(1438西岗区九三街店),辽宁省,大连市,cvs
20251411,ELEME,76W255237A,1056321138,中百罗森(松雅湖吾悦广场店),湖南省,长沙市,cvs
20251411,ELEME,76W255238A,1057648047,三兄弟生活百货超市(雨花店),湖南省,长沙市,
20251411,ELEME,76W255240A,769479210,谊品生鲜超市(金地三千府店),湖南省,长沙市,mmkt
20251411,ELEME,76W255310A,1058044020,罗森便利店(9001辽阳友谊商城分店),辽宁省,辽阳市,cvs
20251411,ELEME,76W255311A,1057909144,罗森便利店(9003辽阳东二道街分店),辽宁省,辽阳市,cvs
20251411,ELEME,76W255404A,1055863428,幸福荣耀(北京人家店),北京市,北京市,smkt
20251411,ELEME,76W255417A,1057650473,唐久便利(3586长治甜水巷店),山西省,长治市,cvs
20251411,ELEME,76W255438A,1057457013,美宜佳(樾府云00095号店),云南省,昆明市,cvs
20251411,ELEME,76W255441A,1057812225,美宜佳(希望汇云00199号店),云南省,昆明市,cvs
20251411,ELEME,76W255475A,1058363283,每一天(山水文苑店),陕西省,宝鸡市,cvs
20251411,ELEME,76W255498A,1055602398,美宜佳(察美村粤22426店),广东省,佛山市,cvs
20251411,ELEME,76W255624A,1024504380,红叶超市(廖官店),云南省,保山市,mmkt
20251411,ELEME,76W255655A,1057454121,7-Eleven便利店(格力海岸-4437店),广东省,珠海市,cvs
20251411,ELEME,76W255663A,1058640298,美宜佳(永泰路粤28919便利超市店),广东省,珠海市,cvs
20251411,ELEME,76W255725A,1057732022,罗森(8569苗家湾路店),江苏省,镇江市,cvs
20251411,ELEME,76W255746A,1059177321,美好便利(丹阳金街小区店),江苏省,镇江市,cvs
20251411,ELEME,76W255755A,1058294441,金虎便利(3897柳林西十二米街店),山西省,吕梁市,cvs
20251411,ELEME,76W255778A,1042635485,友客(碧桂园云著公寓店),山东省,青岛市,cvs
20251411,ELEME,76W255865A,1055649203,京东便利店,浙江省,杭州市,
20251411,ELEME,76W255867A,1057894153,左邻右舍(复兴南路店),浙江省,杭州市,mmkt
20251411,ELEME,76W255963A,1058236288,妙多客超市(青草湾店),浙江省,温州市,
20251411,ELEME,76W255970A,1056786372,世纪家联超市(温州下吕浦店),浙江省,温州市,
20251411,ELEME,76W256031A,1005620142,老邻居超市(资阳红盾路店),四川省,资阳市,mmkt
20251411,ELEME,76W256207A,1057669141,燃乐购超市(友谊大街店),辽宁省,朝阳市,
20251411,ELEME,76W256303A,1058190035,711(海门龙信广场店),江苏省,南通市,cvs
20251411,ELEME,76W256305A,1058154090,711(海安万豪国际店),江苏省,南通市,cvs
20251411,ELEME,76W256382A,1055861342,幸福荣耀超市(马连道店),北京市,北京市,mmkt
20251411,ELEME,76W256413A,1057851376,便利蜂(平谷国泰百货文化北街店),北京市,北京市,cvs
20251411,ELEME,76W256471A,1058710018,小仓生活(西坝河店),北京市,北京市,
20251411,ELEME,76W256488A,1057686353,家家悦(北京延庆中踏广场店),北京市,北京市,smkt
20251411,ELEME,76W256543A,1057368156,惠邻百佳超市(马家堡店),北京市,北京市,
20251411,ELEME,76W256571A,1055642428,幸福荣耀超市(西站店),北京市,北京市,smkt
20251411,ELEME,76W256607A,1058785494,小仓生活(朝阳大悦城店),北京市,北京市,
20251411,ELEME,76W256793A,1058922204,奥特乐(国泰广场店),重庆市,重庆市,mmkt
20251411,ELEME,76W256820A,1057439003,美宜佳(机场路渝01479店),重庆市,重庆市,cvs
20251411,ELEME,76W256822A,999414053,711便利店(国金中心店),重庆市,重庆市,cvs
20251411,ELEME,76W256824A,1058943306,美宜佳(凤翔商业城渝01482店),重庆市,重庆市,cvs
20251411,ELEME,76W256834A,292540128,罗森便利店(邮电大学店),重庆市,重庆市,cvs
20251411,ELEME,76W256846A,1057985044,罗森便利店(东东摩店),重庆市,重庆市,cvs
20251411,ELEME,76W256852A,1058941175,奥特乐(熙街广场店),重庆市,重庆市,mmkt
20251411,ELEME,76W257037A,1057343279,blt精品超市(广州信达金茂店),广东省,广州市,smkt
20251411,ELEME,76W257114A,778275266,7-Eleven便利店(克洛维-1443店),广东省,广州市,cvs
20251411,ELEME,76W257357A,1058063223,美宜佳(中熙国际花园粤28999店),广东省,东莞市,cvs
20251411,ELEME,76W257513A,1058570015,美宜佳(惠环市场门口粤14052店),广东省,惠州市,cvs
20251411,ELEME,76W257536A,369167017,美宜佳(半山豪庭粤20960店),广东省,惠州市,cvs
20251411,ELEME,76W257590A,1057700070,优享购超市(中山路店),天津市,天津市,
20251411,ELEME,76W257607A,1057802216,小仓生活(长虹公园店),天津市,天津市,
20251411,ELEME,76W257611A,1059056338,小仓生活(宜兴埠店),天津市,天津市,
20251411,ELEME,76W257627A,1057911202,家乐超市(迎宾路店),天津市,天津市,
20251411,ELEME,76W257736A,1058285339,新力有家便利店(宜科中心店),湖北省,武汉市,cvs
20251411,ELEME,76W257772A,1059336342,美宜佳便利店(浙00672国风馆店),浙江省,金华市,cvs
20251411,ELEME,76W257816A,1058683202,美宜佳便利店(浙00666阳光海岸店),浙江省,绍兴市,cvs
20251411,ELEME,76W257833A,708116375,苏果便利(南湖东路店),江苏省,南京市,cvs
20251411,ELEME,76W257843A,1058932002,罗森(高淳碧桂园店),江苏省,南京市,cvs
20251411,ELEME,76W257871A,1059416356,惠宜选超市(尧化门店),江苏省,南京市,
20251411,ELEME,76W257892A,1059378175,十足便利店(盐城永泰广场店),江苏省,盐城市,cvs
20251411,ELEME,76W257911A,1057656269,美宜佳便利店(苏00872聚龙双苑店),江苏省,盐城市,cvs
20251411,ELEME,76W257921A,1059389090,美宜佳(河南路粤25280店),广东省,韶关市,cvs
20251411,ELEME,76W257929A,1059391465,十足便利店(丽水龙泉天璟湾店),浙江省,丽水市,cvs
20251411,ELEME,76W257932A,1058688006,浙丽购超市,浙江省,丽水市,
20251411,ELEME,76W257964A,283153143,振华超市(铂悦府店),山东省,烟台市,smkt
20251411,ELEME,76W258038A,1056293246,中百罗森(光谷E城店),湖北省,武汉市,cvs
20251411,ELEME,76W258046A,1059028397,可多便利(金融街金悦府三期店),湖北省,武汉市,mmkt
20251411,ELEME,76W258057A,1058796070,中百罗森(南德国际城店),湖北省,武汉市,cvs
20251411,ELEME,76W258154A,1058074154,佳禾生活超市,黑龙江省,佳木斯市,
20251411,ELEME,76W258176A,1058624386,便利蜂(苏州大道东456号店),江苏省,苏州市,cvs
20251411,ELEME,76W258281A,1056350018,大统华(马鞍山八佰伴店),安徽省,马鞍山市,
20251411,ELEME,76W258354A,1057651272,8090便利店(城市之光店),辽宁省,鞍山市,cvs
20251411,ELEME,76W258449A,1056885118,万嘉便利(香江明珠店),福建省,福州市,cvs
20251411,ELEME,76W258467A,1060910266,京东便利店(凯悦公馆店),吉林省,吉林市,
20251411,ELEME,76W258481A,1062191188,美宜佳(德裕首玺闽02363店),福建省,泉州市,cvs
20251411,ELEME,76W258487A,1060402264,美一天省钱超市(湖中店),福建省,泉州市,
20251411,ELEME,76W258703A,1060229147,考拉易购生活超市(梅林店),广东省,深圳市,
20251411,ELEME,76W258764A,1061473231,罗森便利店(壹公寓店),广东省,深圳市,cvs
20251411,ELEME,76W258914A,1060313130,鲸GO生活超市(皇岗店),广东省,深圳市,
20251411,ELEME,76W258929A,820244287,美宜佳(兴华路粤22161店),广东省,深圳市,cvs
20251411,ELEME,76W258989A,1061014176,鲸GO生活超市(坂田店),广东省,深圳市,
20251411,ELEME,76W259086A,1060724230,美宜佳(袁州万达赣01693店),江西省,宜春市,cvs
20251411,ELEME,76W259111A,1060461226,美宜佳(龙岭祥龙赣01651店),江西省,赣州市,cvs
20251411,ELEME,76W259113A,1058900016,美宜佳(水岸新城赣01691店),江西省,赣州市,cvs
20251411,ELEME,76W259115A,1059265226,新天地超市(永新路店),吉林省,长春市,cvs
20251411,ELEME,76W259118A,1062052381,吉优客超市(辽宁路店),吉林省,长春市,cvs
20251411,ELEME,76W259136A,1059282179,新天地超市(恒大御峰店),吉林省,长春市,cvs
20251411,ELEME,76W259144A,1060395373,吉优客超市(恒大御峰店),吉林省,长春市,cvs
20251411,ELEME,76W259273A,1058712441,闪电购精品超市(杏林店),福建省,厦门市,
20251411,ELEME,76W259286A,1061363453,7-11便利店(海上世界店),福建省,厦门市,cvs
20251411,ELEME,76W259329A,966506388,大祥生活超市(华府店),辽宁省,丹东市,
20251411,ELEME,76W259333A,1058904290,奥特乐(成都金堂万达店),四川省,成都市,mmkt
20251411,ELEME,76W259449A,1057001400,红旗连锁(华润置地时代城店),四川省,成都市,mmkt
20251411,ELEME,76W259622A,1058453205,唐久便利(兴庆路北沙坡口店),陕西省,西安市,cvs
20251411,ELEME,76W259676A,586591086,友客(敦化路阜外医院店),山东省,青岛市,cvs
20251411,ELEME,76W259715A,1058709278,欧亚超市(欧亚长青城店),辽宁省,沈阳市,smkt
20251411,ELEME,76W259743A,1061201060,泰隆兴便利店,辽宁省,沈阳市,
20251411,ELEME,76W259771A,1061477313,美宜佳(丰茂湘03492店),湖南省,邵阳市,cvs
20251411,ELEME,76W259869A,1058582256,美佳乐生活超市,安徽省,合肥市,
20251411,ELEME,76W259997A,1062076331,美宜佳(中央广场皖00449店),安徽省,合肥市,cvs
20251411,ELEME,76W260070A,1061681222,中百超市(华容二店),湖北省,鄂州市,mmkt
20251411,ELEME,76W260095A,1059933178,711(上林坊店),浙江省,宁波市,cvs
20251411,ELEME,76W260174A,1061164202,天猫小店(好多买首南店),浙江省,宁波市,
20251411,ELEME,76W260189A,1058609041,世纪华联(宁波店),浙江省,宁波市,
20251411,ELEME,76W260224A,1060491047,美宜佳(科技园皖00409店),安徽省,阜阳市,cvs
20251411,ELEME,76W260276A,1060742372,友客(齐鲁之门105店),山东省,济南市,cvs
20251411,ELEME,76W260297A,1058621094,世纪精品超市(九亭中心店),上海市,上海市,
20251411,ELEME,76W260298A,1060436205,京东便利店(陕西南路店),上海市,上海市,
20251411,ELEME,76W260311A,1057789223,世纪精品超市(国家会展中心店),上海市,上海市,
20251411,ELEME,76W260345A,1060952161,世纪精品超市(浦东中心店),上海市,上海市,
20251411,ELEME,76W260348A,1061526334,盒马鲜生(上海天空万科广场店),上海市,上海市,smkt
20251411,ELEME,76W260370A,1060757221,711(漫游城店),上海市,上海市,cvs
20251411,ELEME,76W260378A,1060861127,京东便利店(浦江店),上海市,上海市,
20251411,ELEME,76W260462A,1060826477,世纪精品超市(月辉路店),上海市,上海市,
20251411,ELEME,76W260469A,1059059108,CasaDailyshop进口食品(徐汇店),上海市,上海市,
20251411,ELEME,76W260476A,1062159271,世纪精品超市(都市中心店),上海市,上海市,
20251411,ELEME,76W260495A,1060605295,世纪精品超市(松江中心店),上海市,上海市,
20251411,ELEME,76W260499A,1058682381,欧品市集GourmetShoppe,上海市,上海市,
20251411,ELEME,76W260500A,1060807359,世纪精品超市(上海中心店),上海市,上海市,
20251411,ELEME,76W260501A,1061601386,宾斯韩国超市(虹桥店),上海市,上海市,
20251411,ELEME,76W260504A,1060941432,世纪精品超市(大华锦绣店),上海市,上海市,
20251411,ELEME,76W260526A,1058491289,世纪精品超市(嘉定中心店),上海市,上海市,
20251411,ELEME,76W260527A,1061125030,世纪精品超市(宝山中心店),上海市,上海市,
20251411,ELEME,76W260532A,1061134044,世纪精品超市(嘉定城中店),上海市,上海市,
20251411,ELEME,76W260570A,1059522006,罗森(竹园路店),上海市,上海市,cvs
20251411,ELEME,76W260657A,1061921307,罗森(3582芦云路店),上海市,上海市,cvs
20251411,ELEME,76W260803A,1060436322,壹度便利(鹿邑武平路店),河南省,周口市,mmkt
20251411,ELEME,76W260889A,355516027,美宜佳(中阳广场赣00815店),江西省,抚州市,cvs
20251411,ELEME,76W261020A,1060674318,美宜佳(万为产业园湘03265店),湖南省,长沙市,cvs
20251411,ELEME,76W261090A,1057723230,美士多便利超市(五一广场店),湖南省,长沙市,
20251411,ELEME,76W261132A,1061482451,罗森便利店(9002辽阳万达广场分店),辽宁省,辽阳市,cvs
20251411,ELEME,76W261312A,1060485002,金虎便利(3193上党黎都西街店),山西省,长治市,cvs
20251411,ELEME,76W261358A,1059115403,711便利店(建工新城店),云南省,昆明市,cvs
20251411,ELEME,76W261384A,1059013454,711便利店(云纺店),云南省,昆明市,cvs
20251411,ELEME,76W261469A,1061760218,7-Eleven便利店(龙光玖龙湾3202店),广东省,佛山市,cvs
20251411,ELEME,76W261486A,1059760254,美宜佳(常乐府粤28668店),广东省,佛山市,cvs
20251411,ELEME,76W261537A,1060693358,每一天便利店(汉中人民路店),陕西省,汉中市,cvs
20251411,ELEME,76W261596A,1060264454,金虎便利(3717代县吊桥店),山西省,忻州市,cvs
20251411,ELEME,76W261664A,1061591313,美宜佳(山水御园闽02283店),福建省,三明市,cvs
20251411,ELEME,76W261666A,1059849443,罗森便利店(唐山荷花坑店),河北省,唐山市,cvs
20251411,ELEME,76W261712A,1060978055,美好便利(丹阳普善人家店),江苏省,镇江市,cvs
20251411,ELEME,76W261726A,1062058142,美好便利(镇江英格兰印象店),江苏省,镇江市,cvs
20251411,ELEME,76W261735A,1060883090,711(镇江永隆广场店),江苏省,镇江市,cvs
20251411,ELEME,76W261799A,676291112,客好万家(南岭店),山东省,青岛市,mmkt
20251411,ELEME,76W261828A,1056284111,盛客隆(临港店),山东省,青岛市,mmkt
20251411,ELEME,76W261985A,1059582166,宅捷送精选超市(奥体店),浙江省,杭州市,
20251411,ELEME,76W262002A,1060862439,罗森(6922杭州文耀大厦店),浙江省,杭州市,cvs
20251411,ELEME,76W262004A,1061982270,京东便利店,浙江省,杭州市,
20251411,ELEME,76W262035A,1056601033,十足便利店(杭州国辰机器人店),浙江省,杭州市,cvs
20251411,ELEME,76W262076A,1061602258,臻选精品超市(上城店),浙江省,杭州市,
20251411,ELEME,76W262133A,1061790200,每一天便利店(榆林汽车北站店),陕西省,榆林市,cvs
20251411,ELEME,76W262157A,1059547229,丰富便利店(温州大学城店),浙江省,温州市,
20251411,ELEME,76W262172A,1059591309,永濠仓储会员便利超市,浙江省,温州市,
20251411,ELEME,76W262270A,1018443106,711便利店(中青店),河南省,郑州市,cvs
20251411,ELEME,76W262367A,1060617442,美宜佳(天门万达店鄂01668店),湖北省,省直辖县级行政区划,cvs
20251411,ELEME,76W262405A,1062302206,美宜佳便利店(苏00963江阴扬子华都店),江苏省,无锡市,cvs
20251411,ELEME,76W262424A,1061814253,京东便利店(无锡店),江苏省,无锡市,
20251411,ELEME,76W262440A,1062004214,美好便利(宜兴溪隐路店),江苏省,无锡市,cvs
20251411,ELEME,76W262490A,813822480,隆祥生活超市(宾馆店),河南省,濮阳市,mmkt
20251411,ELEME,76W262628A,1060630405,美宜佳(豫1258世纪景苑店),河南省,驻马店市,cvs
20251411,ELEME,76W262643A,1059902227,美好便利(南通柏悦花园店),江苏省,南通市,cvs
20251411,ELEME,76W262675A,841458173,便利蜂(郦城果岭店),北京市,北京市,cvs
20251411,ELEME,76W262735A,1060827400,7-11(朝阳关庄路店),北京市,北京市,cvs
20251411,ELEME,76W262736A,1059015388,小仓生活(安慧北里店),北京市,北京市,
20251411,ELEME,76W262738A,1060930438,小仓生活(石坊院店),北京市,北京市,
20251411,ELEME,76W262779A,1057732019,便利蜂(北方地产大厦店),北京市,北京市,cvs
20251411,ELEME,76W263567A,1061741291,美宜佳(碧桂园B711店),广东省,汕尾市,cvs
20251411,ELEME,76W263712A,1058071128,美宜佳(妇幼保健粤25425店),广东省,梅州市,cvs
20251411,ELEME,76W263813A,1058611072,美宜佳(下埔粤32598店),广东省,惠州市,cvs
20251411,ELEME,76W263843A,1061381431,十足便利店(常州大数据产业园店),江苏省,常州市,cvs
20251411,ELEME,76W263864A,1061289082,美好便利(溧阳意达花园店),江苏省,常州市,cvs
20251411,ELEME,76W263886A,1059333277,小仓生活(双环路店),天津市,天津市,
20251411,ELEME,76W263908A,1060322060,小仓生活(梅江店),天津市,天津市,
20251411,ELEME,76W263917A,1061528349,小仓生活(中北镇店),天津市,天津市,
20251411,ELEME,76W263974A,1062322302,美宜佳便利店(浙00716适园路2店),浙江省,湖州市,cvs
20251411,ELEME,76W264040A,1005495113,美宜佳(圣地名轩6166店),广东省,肇庆市,cvs
20251411,ELEME,76W264048A,899409029,美宜佳(臻汇园粤17932店),广东省,肇庆市,cvs
20251411,ELEME,76W264069A,1060752230,美宜佳(都昌香香赣01720店),江西省,九江市,cvs
20251411,ELEME,76W264093A,1058122246,十足便利店(金华万达8号楼店),浙江省,金华市,cvs
20251411,ELEME,76W264096A,1062202017,十足便利店(金华拨浪鼓花园店),浙江省,金华市,cvs
20251411,ELEME,76W264149A,1061423409,美宜佳便利店(浙00539希尔顿店),浙江省,绍兴市,cvs
20251411,ELEME,76W264185A,1061587039,盒马鲜生(南京金象城店),江苏省,南京市,smkt
20251411,ELEME,76W264192A,1061357489,快赣特价超市(秦淮店),江苏省,南京市,
20251411,ELEME,76W264257A,828393135,盒马鲜生(麒麟麟珑汇店),江苏省,南京市,smkt
20251411,ELEME,76W264283A,1059580121,宜嘉惠超市(江宁店),江苏省,南京市,
20251411,ELEME,76W264348A,1061087097,711便利店(泰安肥城新合作店),山东省,泰安市,cvs
20251411,ELEME,76W264352A,1060894275,壹度便利(浍河欣城北门店),安徽省,蚌埠市,cvs
20251411,ELEME,76W264453A,1060957280,世纪精品超市(王家湾店),湖北省,武汉市,
20251411,ELEME,76W264512A,1060769294,Today(鲤鱼洲家园店),湖北省,武汉市,cvs
20251411,ELEME,76W264527A,1062465266,美宜佳(清华科技园鄂01793店),湖北省,宜昌市,cvs
20251411,ELEME,76W265183A,1060878081,汇宁便利店(金鹰店),福建省,福州市,cvs
20251411,ELEME,76W265215A,1062350384,美宜佳(碧海蓝天闽01433店),福建省,泉州市,cvs
20251411,ELEME,76W265221A,1062577325,美宜佳(后店村闽02250店),福建省,泉州市,cvs
20251411,ELEME,76W265234A,240361482,金色四季24H超市(丰泽店),福建省,泉州市,
20251411,ELEME,76W265297A,309449023,新天地超市(哈西万达店),黑龙江省,哈尔滨市,cvs
20251411,ELEME,76W265414A,1056230125,美宜佳(德政路粤28333店),广东省,深圳市,cvs
20251411,ELEME,76W265441A,1064460222,罗森便利超市(阳光海湾花园店),广东省,深圳市,cvs
20251411,ELEME,76W265535A,1063894088,鲸GO生活超市(华强北店),广东省,深圳市,
20251411,ELEME,76W265630A,1064425053,新佳宜超市(株洲华晨国际公安局2277店),湖南省,株洲市,cvs
20251411,ELEME,76W265696A,1063118457,新天地超市(环球国际店),吉林省,长春市,cvs
20251411,ELEME,76W265839A,1064542210,迦南超市,福建省,厦门市,
20251411,ELEME,76W265938A,1063689202,海豚购(建设路店),四川省,成都市,
20251411,ELEME,76W265971A,1063081194,海豚购(春熙路店),四川省,成都市,
20251411,ELEME,76W266019A,1064906076,世纪百盛(文星店),四川省,成都市,smkt
20251411,ELEME,76W266170A,1064473009,唐久便利(铜雀台南门店),陕西省,西安市,cvs
20251411,ELEME,76W266261A,1063488482,罗森便利店(3197奥园国际新城分店),辽宁省,沈阳市,cvs
20251411,ELEME,76W266283A,1020652009,新天地超市(格拉斯香邸店),辽宁省,沈阳市,cvs
20251411,ELEME,76W266296A,1064583185,天天便利(邯郸安居商务楼店),河北省,邯郸市,cvs
20251411,ELEME,76W266325A,1064858368,美宜佳(清红路云00267店),云南省,大理白族自治州,cvs
20251411,ELEME,76W266411A,1062601405,中商罗森(金大地庐州天地店),安徽省,合肥市,cvs
20251411,ELEME,76W266421A,1057626401,润宜佳生活超市(锦绣店),安徽省,合肥市,smkt
20251411,ELEME,76W266471A,1063230244,悦活里(鄂州吾悦店),湖北省,鄂州市,smkt
20251411,ELEME,76W266486A,1060244469,罗森(7347宁波智慧园二店),浙江省,宁波市,cvs
20251411,ELEME,76W266530A,1063066087,壹度便利(枣庄站前鑫苑店),山东省,枣庄市,cvs
20251411,ELEME,76W266580A,1062976299,友客(影山公馆店),山东省,济南市,cvs
20251411,ELEME,76W266595A,1063163337,711便利店(济南鲁能国际中心店),山东省,济南市,cvs
20251411,ELEME,76W266674A,1064337364,世纪生活超市(徐泾店),上海市,上海市,
20251411,ELEME,76W266706A,1062478236,世纪精品超市(菊联路店),上海市,上海市,
20251411,ELEME,76W266709A,1062483352,罗森(3365瑞平路店),上海市,上海市,cvs
20251411,ELEME,76W266724A,1063183174,京东便利店(康桥中心店),上海市,上海市,
20251411,ELEME,76W266731A,1063556262,世纪精品超市(江桥中心店),上海市,上海市,
20251411,ELEME,76W266754A,1062222381,世纪精品超市(爱博店),上海市,上海市,
20251411,ELEME,76W266768A,1062689049,京东便利超市(花木店),上海市,上海市,
20251411,ELEME,76W266798A,1063007209,世纪精品超市(吴中路店),上海市,上海市,
20251411,ELEME,76W266935A,1063096175,世纪生活超市(青浦中心店),上海市,上海市,
20251411,ELEME,76W267117A,1062142133,美宜佳(彩虹新苑粤28875店),广东省,中山市,cvs
20251411,ELEME,76W267146A,1064164369,美宜佳超市(西湖国际鄂01843店),湖北省,孝感市,cvs
20251411,ELEME,76W267194A,1063933195,美惠佳超市(山东路店),辽宁省,大连市,
20251411,ELEME,76W267397A,1061467092,新佳宜超市(尖山印象2218店),湖南省,长沙市,cvs
20251411,ELEME,76W267447A,1063958325,美好便利(扬州富川瑞园店),江苏省,扬州市,cvs
20251411,ELEME,76W267466A,1063512009,美宜佳(豫1261横店天街店),河南省,信阳市,cvs
20251411,ELEME,76W267536A,1059037411,711便利店(润城第二大道店),云南省,昆明市,cvs
20251411,ELEME,76W267792A,1063743358,美宜佳(胜景路云00196号店),云南省,楚雄彝族自治州,cvs
20251411,ELEME,76W267824A,1062348332,优同便利店(青岛国信金融中心店),山东省,青岛市,cvs
20251411,ELEME,76W267853A,1063620386,711便利店(澳柯玛工业园店),山东省,青岛市,cvs
20251411,ELEME,76W267865A,1063568004,麻雀屋便利店,山东省,青岛市,
20251411,ELEME,76W267974A,1063562335,京东便利店(美都广场店),浙江省,杭州市,
20251411,ELEME,76W268083A,1062555142,十足便利店(景和佳苑店),浙江省,温州市,cvs
20251411,ELEME,76W268250A,1063407411,罗森便利店(7505盘锦建设街分店),辽宁省,盘锦市,cvs
20251411,ELEME,76W268265A,1062921443,振华超市(威海奥特莱斯店),山东省,威海市,smkt
20251411,ELEME,76W268272A,1063295076,振华超市(威海华联商厦店),山东省,威海市,smkt
20251411,ELEME,76W268275A,1062997303,振华超市(威海振华商厦店),山东省,威海市,smkt
20251411,ELEME,76W268440A,1064785286,美好便利(如皋建设小区店),江苏省,南通市,cvs
20251411,ELEME,76W268458A,1056995393,惠邻百佳超市(通州梨园店),北京市,北京市,
20251411,ELEME,76W268473A,1063046073,隋你购连锁超市(广渠路店),北京市,北京市,
20251411,ELEME,76W268476A,1064361260,熊本便利店(总部基地店),北京市,北京市,
20251411,ELEME,76W268477A,1064488222,熊本便利店(公益西桥店),北京市,北京市,
20251411,ELEME,76W268480A,1062309281,惠邻百佳超市(增光路店),北京市,北京市,
20251411,ELEME,76W268483A,1064292279,熊本便利店(门头沟店),北京市,北京市,
20251411,ELEME,76W268490A,1064389279,熊本便利店(金融街店),北京市,北京市,
20251411,ELEME,76W268494A,1061766196,熊本便利店(三里屯店),北京市,北京市,
20251411,ELEME,76W268505A,1062926362,小仓生活(双井店),北京市,北京市,
20251411,ELEME,76W268515A,1064455223,熊本便利店(岳各庄店),北京市,北京市,
20251411,ELEME,76W268516A,1062812379,京东便利店(朝阳路店),北京市,北京市,
20251411,ELEME,76W268523A,1059815484,罗森便利店(北清路二店),北京市,北京市,cvs
20251411,ELEME,76W268530A,1064381232,熊本便利店(京荟广场店),北京市,北京市,
20251411,ELEME,76W268541A,1064428230,熊本便利店(大钟寺店),北京市,北京市,
20251411,ELEME,76W268543A,1061824194,熊本便利店(十里堡店),北京市,北京市,
20251411,ELEME,76W268545A,1061703260,熊本便利店(双井店),北京市,北京市,
20251411,ELEME,76W268568A,1061604493,熊本便利店(航天桥店),北京市,北京市,
20251411,ELEME,76W268571A,1062317321,惠邻百佳超市(蓟门桥店),北京市,北京市,
20251411,ELEME,76W268578A,1061683305,熊本便利店(方庄店),北京市,北京市,
20251411,ELEME,76W268583A,1064354101,嗨家便利(延静里店),北京市,北京市,
20251411,ELEME,76W268775A,1060564200,美宜佳(万川花园渝01488店),重庆市,重庆市,cvs
20251411,ELEME,76W268869A,1062741060,美宜佳(金凯路桂02123号店),广西壮族自治区,南宁市,cvs
20251411,ELEME,76W268887A,1063438052,24客便利店(华尔街工谷二店),广西壮族自治区,南宁市,cvs
20251411,ELEME,76W268903A,1062642267,惠宜选超市(济宁中心店),山东省,济宁市,
20251411,ELEME,76W268911A,1062525265,可好啊米线(辛兴店),山东省,潍坊市,cvs
20251411,ELEME,76W268918A,1064387462,乐豆家(洎阳中路0568店),江西省,景德镇市,cvs
20251411,ELEME,76W268938A,1064645105,7-Eleven便利店(盛大蓝庭-1478店),广东省,广州市,cvs
20251411,ELEME,76W268943A,1064661495,罗森便利店(泓逸店),广东省,广州市,cvs
20251411,ELEME,76W268985A,1065232036,美宜佳(荔城街粤29382店),广东省,广州市,cvs
20251411,ELEME,76W269070A,1064573101,7-Eleven便利店(清溪壹号-4066店),广东省,东莞市,cvs
20251411,ELEME,76W269146A,1062234130,十足便利店(嘉兴江南摩尔店),浙江省,嘉兴市,cvs
20251411,ELEME,76W269208A,1063821399,惠宜选超市(日照芒果国际广场店),山东省,日照市,
20251411,ELEME,76W269213A,1063822480,惠宜选超市(海纳城店),山东省,日照市,
20251411,ELEME,76W269247A,1063305133,小仓生活(双港店),天津市,天津市,
20251411,ELEME,76W269264A,1063920410,惠宜选超市(天津滨海新区店),天津市,天津市,
20251411,ELEME,76W269274A,1065248077,小仓生活(空港店),天津市,天津市,
20251411,ELEME,76W269283A,1062379101,小仓生活(张贵庄店),天津市,天津市,
20251411,ELEME,76W269332A,1062465003,美宜佳便利店(浙00516商城西路店),浙江省,湖州市,cvs
20251411,ELEME,76W269392A,1062095178,美宜佳(时代广场粤29198店),广东省,肇庆市,cvs
20251411,ELEME,76W269427A,1062292058,拉齐超市(义乌之心店),浙江省,金华市,
20251411,ELEME,76W269565A,1062838319,美宜佳(高坦路皖00478店),安徽省,安庆市,cvs
20251411,ELEME,76W269574A,1063496454,美宜佳便利店(苏00962未来城店),江苏省,盐城市,cvs
20251411,ELEME,76W269621A,1063663354,711便利店(烟台蓬莱宝龙公寓店),山东省,烟台市,cvs
20251411,ELEME,76W269633A,1063871085,711便利店(烟台蓬莱宝龙广场店),山东省,烟台市,cvs
20251411,ELEME,76W269696A,1059673487,京东便利店(硚口店),湖北省,武汉市,
20251411,ELEME,76W269720A,1062287241,中商超市(珞喻路店),湖北省,武汉市,smkt
20251411,ELEME,76W269828A,1062294490,美宜佳(临沮公园鄂01859店),湖北省,宜昌市,cvs
20251411,ELEME,76W269829A,1063051248,Today(宜昌兴发兴润首府店),湖北省,宜昌市,cvs
20251411,ELEME,76W269882A,1064696100,京东便利店(学院路店),河北省,唐山市,
20251411,ELEME,76W269945A,1062424062,美宜佳便利店(苏00850天荟方隅店),江苏省,苏州市,cvs
20251411,ELEME,76W270037A,1062960430,美好便利(黄桥十桥北路店),江苏省,泰州市,cvs
20251411,ELEME,76W270158A,1062702078,汇宁便利店(康宁店),福建省,福州市,cvs
20251411,ELEME,76W270170A,1064801023,汇宁便利店(万达店),福建省,福州市,cvs
20251411,ELEME,76W270282A,1066294376,有货便利店,黑龙江省,哈尔滨市,
20251411,ELEME,76W270360A,1065320178,美宜佳(旭东北路湘03459店),湖南省,岳阳市,cvs
20251411,ELEME,76W270379A,1057774110,新天地超市(同康路店),吉林省,长春市,cvs
20251411,ELEME,76W270382A,1063699289,新天地超市(北湾新城三店),吉林省,长春市,cvs
20251411,ELEME,76W270461A,1060962129,老邻居(华阳正大街店),四川省,成都市,mmkt
20251411,ELEME,76W270470A,1065557196,罗森便利店(成都达令港店),四川省,成都市,cvs
20251411,ELEME,76W270570A,1058848030,唐久便利(天伦泛太国际店),陕西省,西安市,cvs
20251411,ELEME,76W270679A,1066970066,711(浒山店),浙江省,宁波市,cvs
20251411,ELEME,76W270838A,1066349293,世纪精选超市(长江西路店),上海市,上海市,
20251411,ELEME,76W270870A,1066706002,世纪精品超市(惠南店),上海市,上海市,
20251411,ELEME,76W270932A,1065474417,中百罗森(马口惠丰广场店),湖北省,孝感市,cvs
20251411,ELEME,76W270941A,1063134055,闪购豹超市(华南店),辽宁省,大连市,
20251411,ELEME,76W271000A,1065191021,新佳宜超市(藏珑湖上国际花园2271店),湖南省,长沙市,cvs
20251411,ELEME,76W271021A,1065307201,美宜佳(柑子槽鄂01870店),湖北省,恩施土家族苗族自治州,cvs
20251411,ELEME,76W271061A,1065911422,711便利店(七彩云南第壹城店),云南省,昆明市,cvs
20251411,ELEME,76W271070A,1067180159,美宜佳(民主路鄂01800店),湖北省,襄阳市,cvs
20251411,ELEME,76W271112A,1065483300,KKV(宁德蕉城万达广场主力店),福建省,宁德市,
20251411,ELEME,76W271169A,1066164022,美宜佳(开化北路云00278店),云南省,文山壮族苗族自治州,cvs
20251411,ELEME,76W271205A,1063610312,京东便利店(下沙店),浙江省,杭州市,
20251411,ELEME,76W271321A,1065563469,罗森便利店(7508盘锦霞光府分店),辽宁省,盘锦市,cvs
20251411,ELEME,76W271421A,1059896056,便利蜂(太平桥西里13号楼店),北京市,北京市,cvs
20251411,ELEME,76W271435A,1059833096,便利蜂(蒲安里店),北京市,北京市,cvs
20251411,ELEME,76W271457A,1065341059,小仓生活(通州梨园店),北京市,北京市,
20251411,ELEME,76W271607A,1064276346,天福便利店(黎贝岭康丰12927店),广东省,东莞市,cvs
20251411,ELEME,76W271638A,1065302137,十足便利店(台州银泰城三店),浙江省,台州市,cvs
20251411,ELEME,76W271768A,1058208126,十足便利店(金华义乌朝阳门店),浙江省,金华市,cvs
20251411,ELEME,76W271777A,1064586036,十足便利店(绍兴山水名家店),浙江省,绍兴市,cvs
20251411,ELEME,76W271796A,1064726108,快赣特价超市(鼓楼店),江苏省,南京市,
20251411,ELEME,76W271806A,1065834054,速买到超市(江浦店),江苏省,南京市,
20251411,ELEME,76W271857A,1062559260,美宜佳(前进五路鄂01797店),湖北省,武汉市,cvs
20251411,ELEME,76W271933A,1062724477,美宜佳便利店(苏00976时代广场店),江苏省,苏州市,cvs
20251411,ELEME,76W271946A,1063232162,澄乡驿购(思贤路店),江苏省,苏州市,
20251411,ELEME,76W271991A,1066096066,罗森便利店(南充师大二期店),四川省,南充市,cvs
20251411,ELEME,76W272019A,1066742253,家源仓储超市,吉林省,吉林市,
20251411,ELEME,76W272038A,1066051159,闪电购精品超市(东海店),福建省,泉州市,
20251411,ELEME,76W272122A,1065528085,新佳宜超市(衡阳南华大学2212店),湖南省,衡阳市,cvs
20251411,ELEME,76W272170A,1065834118,罗森便利店(花样年花郡店),广东省,深圳市,cvs
20251411,ELEME,76W272274A,1063872180,吉优客超市(桦甸街店),吉林省,长春市,cvs
20251411,ELEME,76W272282A,686065271,优品便利店,吉林省,长春市,
20251411,ELEME,76W272293A,1066763297,银座商城(东营黄河店),山东省,东营市,smkt
20251411,ELEME,76W272307A,1066609336,可好(万达广场153621店),山东省,滨州市,cvs
20251411,ELEME,76W272319A,1066294137,邻几(宿州同盛广场店),安徽省,宿州市,cvs
20251411,ELEME,76W272372A,1064684295,7-11便利店(万华国际店),福建省,厦门市,cvs
20251411,ELEME,76W272408A,1060967124,老邻居(中和二街店),四川省,成都市,mmkt
20251411,ELEME,76W272453A,1066989121,罗森便利店(双铁广场店),四川省,成都市,cvs
20251411,ELEME,76W272542A,288215494,家家利超市(大楼店),山西省,晋中市,smkt
20251411,ELEME,76W272556A,1057060113,美宜佳(万锦名门桂01263号店),广西壮族自治区,百色市,cvs
20251411,ELEME,76W272618A,1064469079,美宜佳(晋283祥和家园店),山西省,运城市,cvs
20251411,ELEME,76W272621A,1065195119,可好(宁夏路010307店),山东省,青岛市,cvs
20251411,ELEME,76W272664A,953046351,新天地超市(华润幸福里店),辽宁省,沈阳市,cvs
20251411,ELEME,76W272687A,1065528155,天猫小店(好记便利白塔路店),云南省,大理白族自治州,
20251411,ELEME,76W272718A,1059604237,麦之购生活超市,安徽省,合肥市,
20251411,ELEME,76W272731A,1065522377,京东便利店(合肥中心店),安徽省,合肥市,
20251411,ELEME,76W272793A,1067126286,邻几(阜阳置地中心店),安徽省,阜阳市,cvs
20251411,ELEME,76W272808A,1065909453,邻几(黄山黎阳店),安徽省,黄山市,cvs
20251411,ELEME,76W272823A,1059161470,便利蜂(伟东新都二区店),山东省,济南市,cvs
20251411,ELEME,76W272874A,1066761072,世纪精品超市(宜山路店),上海市,上海市,
20251411,ELEME,76W272949A,1064824368,世纪优品超市(青浦夏阳店),上海市,上海市,
20251411,ELEME,76W272963A,1065323008,盒马鲜生(维璟印象城店),上海市,上海市,smkt
20251411,ELEME,76W273113A,851729032,闪购豹超市(软件园店),辽宁省,大连市,
20251411,ELEME,76W273148A,1064703438,三兄弟生活百货超市(岳麓店),湖南省,长沙市,
20251411,ELEME,76W273149A,1065630290,昔多购便利店(扬帆店),湖南省,长沙市,
20251411,ELEME,76W273157A,1065952039,昔多购超市(井湾子店),湖南省,长沙市,
20251411,ELEME,76W273173A,1065638039,新佳宜超市(望岳路2130店),湖南省,长沙市,cvs
20251411,ELEME,76W273580A,1067067295,邻几(宣城国金中心店),安徽省,宣城市,cvs
20251411,ELEME,76W273661A,1065619258,美好便利(宜兴卓易大厦店),江苏省,无锡市,cvs
20251411,ELEME,76W273799A,1059797114,便利蜂(佳程广场店),北京市,北京市,cvs
20251411,ELEME,76W273830A,1061827165,熊本便利店(望京店),北京市,北京市,
20251411,ELEME,76W273837A,1066555389,7-11(建国路万达广场店),北京市,北京市,cvs
20251411,ELEME,76W274045A,1064860015,美宜佳(鲜食V00430金山谷店),广东省,广州市,cvs
20251411,ELEME,76W274108A,1065491166,十足便利店(东都店),浙江省,台州市,cvs
20251411,ELEME,76W274116A,1065365057,十足便利店(台州劳动路店),浙江省,台州市,cvs
20251411,ELEME,76W274226A,1065109065,罗森便利店(天津红郡大厦店),天津市,天津市,cvs
20251411,ELEME,76W274321A,1066457113,罗森(7744绿地缤纷天地店),江苏省,南京市,cvs
20251411,ELEME,76W274326A,1067258377,惠宜选超市(仙林店),江苏省,南京市,
20251411,ELEME,76W274434A,1065549249,可多便利(中央华城店),湖北省,武汉市,mmkt
20251411,ELEME,76W274498A,1065645189,世纪生活超市((太仓店)),江苏省,苏州市,
20251411,ELEME,76W274505A,1067283014,新天地超市(苏州苏胥湾店),江苏省,苏州市,cvs
20251411,ELEME,76W274541A,1066049464,美好便利(兴化英莱达店),江苏省,泰州市,cvs
20251411,ELEME,76W274567A,1057861134,美宜佳(滨江路桂01995号店),广西壮族自治区,桂林市,cvs
20251411,ELEME,76W274570A,1063583199,美宜佳(兴汇城桂02126号店),广西壮族自治区,桂林市,cvs
20251411,ELEME,76W274595A,1062612408,万嘉便利(丞相坊店),福建省,福州市,cvs
20251411,ELEME,76W274720A,1067549291,7-11便利店(富临新天地店),福建省,泉州市,cvs
20251411,ELEME,76W274735A,1067515482,伊甸园便利店(祥云店),福建省,泉州市,
20251411,ELEME,76W274809A,1067679172,罗森便利店(内江万晟天街店),四川省,内江市,cvs
20251411,ELEME,76W275208A,1067641274,罗森便利店(招商局广场店),广东省,深圳市,cvs
20251411,ELEME,76W275250A,1068214184,芙蓉兴盛便利超市(岳阳店),湖南省,岳阳市,
20251411,ELEME,76W275355A,405353134,美宜佳(华昌楼粤23226店),广东省,江门市,cvs
20251411,ELEME,76W275373A,1064907107,罗森便利店(德阳高新大厦店),四川省,德阳市,cvs
20251411,ELEME,76W275437A,1067364327,美宜佳(云上村贵00979号店),贵州省,贵阳市,cvs
20251411,ELEME,76W275515A,914821274,广利源超市(万象城店),福建省,厦门市,
20251411,ELEME,76W275562A,1067473354,十分便利店(中医院店),福建省,厦门市,cvs
20251411,ELEME,76W275706A,1064456315,海豚购(丽都店),四川省,成都市,
20251411,ELEME,76W275868A,1067964364,海豚购(海昌路店),四川省,成都市,
20251411,ELEME,76W275905A,1066739034,唐久便利(3813榆次南关路南苑新区东门店),山西省,晋中市,cvs
20251411,ELEME,76W275914A,1068226227,罗森便利店(张家口宣化皇城店),河北省,张家口市,cvs
20251411,ELEME,76W275926A,1067974016,中兴百货(中兴城店),广西壮族自治区,百色市,smkt
20251411,ELEME,76W275948A,1068271359,唐久便利(开元第一城店),陕西省,西安市,cvs
20251411,ELEME,76W276076A,1068442231,唐久便利(运城五洲观澜店),山西省,运城市,cvs
20251411,ELEME,76W276234A,1068228441,罗森便利店(3205浑南区医院分店),辽宁省,沈阳市,cvs
20251411,ELEME,76W276303A,1067607228,天福便利店(盛华医院对面21537店),湖南省,邵阳市,cvs
20251411,ELEME,76W276304A,372837230,美宜佳(公园路湘01636店),湖南省,邵阳市,cvs
20251411,ELEME,76W276330A,1068691325,壹度便利(菏泽皇家尚街店),山东省,菏泽市,cvs
20251411,ELEME,76W276564A,1066784090,十足便利店(象山天安路店),浙江省,宁波市,cvs
20251411,ELEME,76W276579A,1067439273,十足便利店(慈溪观城幼儿园店),浙江省,宁波市,cvs
20251411,ELEME,76W276769A,1065541382,友客(招商公园1872店),山东省,济南市,cvs
20251411,ELEME,76W276833A,1060608281,711(桂箐店),上海市,上海市,cvs
20251411,ELEME,76W276862A,1065779306,盒马鲜生(金沙和美店),上海市,上海市,smkt
20251411,ELEME,76W276947A,1060482016,711(统一总部店),上海市,上海市,cvs
20251411,ELEME,76W276952A,1068104323,世纪臻选超市(周浦中心店),上海市,上海市,
20251411,ELEME,76W276981A,1067847442,世纪甄选(松江中心店),上海市,上海市,
20251411,ELEME,76W277052A,1068432107,罗森(203697大渡河路),上海市,上海市,cvs
20251411,ELEME,76W277279A,1062412249,闪购豹超市(高新园店),辽宁省,大连市,
20251411,ELEME,76W277296A,1067483362,中百罗森(罗田人民广场店),湖北省,黄冈市,cvs
20251411,ELEME,76W277368A,1062985495,昔多购超市(东风路店),湖南省,长沙市,
20251411,ELEME,76W277620A,1065911182,美联超市(檀溪店),湖北省,襄阳市,smkt
20251411,ELEME,76W277721A,1067492445,壹度便利(民权格兰艺堡店),河南省,商丘市,mmkt
20251411,ELEME,76W277733A,292351395,有家便利店(众森一品店),江西省,南昌市,cvs
20251411,ELEME,76W277774A,1067354212,盒马鲜生(王府井购物中心店),江西省,南昌市,smkt
20251411,ELEME,76W277778A,1068005342,新力有家便利店(爱琴海公园店),江西省,南昌市,cvs
20251411,ELEME,76W277894A,1068011458,美宜佳(翠绿山庄闽02469店),福建省,三明市,cvs
20251411,ELEME,76W277976A,1067203127,家家悦(青岛市北未来城万科广场店),山东省,青岛市,smkt
20251411,ELEME,76W277979A,1068164451,友客(海信花伴里店),山东省,青岛市,cvs
20251411,ELEME,76W278109A,1066781056,美宜佳(万商汇云00269号店),云南省,文山壮族苗族自治州,cvs
20251411,ELEME,76W278428A,1067697038,哇佳喜便利店,浙江省,温州市,
20251411,ELEME,76W278489A,1067918438,壹度便利(利辛金街店),安徽省,亳州市,cvs
20251411,ELEME,76W278712A,1068269011,罗森便利店(7509盘锦美的城分店),辽宁省,盘锦市,cvs
20251411,ELEME,76W278734A,1067524222,家家悦(乳山九龙汇购物广场店),山东省,威海市,smkt
20251411,ELEME,76W278743A,1068462390,中百罗森(天门大润发店),湖北省,省直辖县级行政区划,cvs
20251411,ELEME,76W278895A,1067006120,沃家惠生活超市(芜湖店),安徽省,芜湖市,
20251411,ELEME,76W279084A,1067713103,乐心宜超市(总部基地店),北京市,北京市,
20251411,ELEME,76W279118A,1063091017,隋你购连锁超市(安华里店),北京市,北京市,
20251411,ELEME,76W279149A,1065718097,7-11(月坛南礼士路店),北京市,北京市,cvs
20251411,ELEME,76W279177A,1059789162,便利蜂(芳源里店),北京市,北京市,cvs
20251411,ELEME,76W279192A,1068230500,乐心宜超市(林业大学店),北京市,北京市,
20251411,ELEME,76W279245A,1067927152,惠邻百佳超市(定福庄店),北京市,北京市,
20251411,ELEME,76W279276A,1067836347,罗森便利店(廊坊狮子城店),河北省,廊坊市,cvs
20251411,ELEME,76W279408A,1066657046,唐久便利(3812清徐县凤仪街清源路口店),山西省,太原市,cvs
20251411,ELEME,76W279416A,1067383296,美宜佳(晋263茉莉公馆店),山西省,太原市,cvs
20251411,ELEME,76W279658A,1063609420,美宜佳(新兴大厦桂02038号店),广西壮族自治区,南宁市,cvs
20251411,ELEME,76W279761A,1068173272,罗森便利超市(赤岗路店),广东省,广州市,cvs
20251411,ELEME,76W280201A,1068079247,十足便利店(赤城一店),浙江省,台州市,cvs
20251411,ELEME,76W280217A,1068170107,邻几(淮南中英街店),安徽省,淮南市,cvs
20251411,ELEME,76W280290A,1067388165,美宜佳(翡翠湾粤29380店),广东省,梅州市,cvs
20251411,ELEME,76W280344A,1067917278,可好(丽都家园031257店),山东省,日照市,cvs
20251411,ELEME,76W280391A,1067034235,美宜佳便利店(苏01022广电西路店),江苏省,常州市,cvs
20251411,ELEME,76W280404A,1068423181,十足便利店(常州金坛新天地店),江苏省,常州市,cvs
20251411,ELEME,76W280706A,1067844423,十足便利店(绍兴人民路店),浙江省,绍兴市,cvs
20251411,ELEME,76W280797A,1068862119,盒马鲜生(建邺吾悦店),江苏省,南京市,smkt
20251411,ELEME,76W280871A,1067108318,罗森(中海九樾店),江苏省,盐城市,cvs
20251411,ELEME,76W280917A,1065493262,华运超市(大学城店),安徽省,蚌埠市,smkt
20251411,ELEME,76W280925A,1063429020,美宜佳(豫1301文化路店),河南省,新乡市,cvs
20251411,ELEME,76W280991A,1067670230,AEON永旺超市(百步亭店),湖北省,武汉市,smkt
20251411,ELEME,76W281165A,1069001023,谊品生鲜超市(欧洲花园店),四川省,绵阳市,cvs
20251411,ELEME,76W281216A,1068686072,美宜佳(大成国际皖00493店),安徽省,滁州市,cvs
20251411,ELEME,76W281276A,1067427282,禾鲜生便利店,黑龙江省,大庆市,
20251411,ELEME,76W281599A,1067948402,美宜佳便利店(苏01021滨江诗语店),江苏省,泰州市,cvs
20251411,ELEME,76W281606A,1068190253,美好便利(泰州宝龙世家店),江苏省,泰州市,cvs
20251411,ELEME,76W281617A,1067198188,美宜佳便利店(苏00956巴黎城店),江苏省,泰州市,cvs
20251411,ELEME,76W281723A,1068657003,汇宁便利店(西航五店),福建省,福州市,cvs
20251411,ELEME,76W281831A,1068565017,中百仓储(同学广场店),湖北省,武汉市,smkt
20251411,ELEME,76W289431A,1068650205,新天地超市(金色莱茵店),黑龙江省,哈尔滨市,cvs
20251411,ELEME,76W289467A,447066477,新天地超市(东直店),黑龙江省,哈尔滨市,cvs
20251411,ELEME,76W289717A,1055604242,美宜多生活超市(龙海店),广东省,深圳市,mmkt
20251411,ELEME,76W289773A,1066176023,美宜佳(鲜食V00526繁华里店),广东省,深圳市,cvs
20251411,ELEME,76W289858A,1068845479,7-Eleven便利店(盈丰中心-7417店),广东省,深圳市,cvs
20251411,ELEME,76W289942A,1061588370,罗森便利店(创维设计大厦店),广东省,深圳市,cvs
20251411,ELEME,76W289946A,1067905489,7-Eleven便利店(桃源居东区-7414店),广东省,深圳市,cvs
20251411,ELEME,76W289949A,1057139156,美宜佳(港城路粤28453店),广东省,深圳市,cvs
20251411,ELEME,76W290013A,1070076356,悦惠(汇景店),湖南省,常德市,
20251411,ELEME,76W290082A,1068457303,美宜佳(康乐大道赣01803店),江西省,宜春市,cvs
20251411,ELEME,76W290118A,1063307272,新天地超市(源通路店),吉林省,长春市,cvs
20251411,ELEME,76W290174A,1055972477,新天地超市(抚松路二店),吉林省,长春市,cvs
20251411,ELEME,76W290177A,1061468256,新天地超市(远大店),吉林省,长春市,cvs
20251411,ELEME,76W290276A,1069926080,家家悦(滨州滨城区吾悦广场店),山东省,滨州市,smkt
20251411,ELEME,76W290336A,1066737147,美宜佳(瑞金南路贵00963号店),贵州省,贵阳市,cvs
20251411,ELEME,76W290387A,1066938281,家家乐(乐山祥瑞里店),四川省,乐山市,smkt
20251411,ELEME,76W290425A,1068904349,十分便利店(SM三期店),福建省,厦门市,cvs
20251411,ELEME,76W290431A,1068913339,十分便利店(诚毅北大街二店),福建省,厦门市,cvs
20251411,ELEME,76W290454A,1067444413,十分便利店(望海路二店),福建省,厦门市,cvs
20251411,ELEME,76W290474A,901179357,美宜佳(薛岭新村闽02726店),福建省,厦门市,cvs
20251411,ELEME,76W290506A,1068719356,天福便利店(上梅东路21528店),湖南省,娄底市,cvs
20251411,ELEME,76W290580A,1042945008,罗森便利店(商鼎国际店),四川省,成都市,cvs
20251411,ELEME,76W290601A,1060856187,老邻居超市(西源大道店),四川省,成都市,mmkt
20251411,ELEME,76W290674A,1068686404,奥特乐(成华优客城市奥莱店),四川省,成都市,mmkt
20251411,ELEME,76W290687A,748098307,红旗连锁(濯锦路店),四川省,成都市,mmkt
20251411,ELEME,76W290734A,1069091494,罗森便利店(彭州置信逸都店),四川省,成都市,cvs
20251411,ELEME,76W290759A,1068955063,谊品生鲜超市(成都阳光城店),四川省,成都市,cvs
20251411,ELEME,76W290770A,1068078175,美宜佳(流万大楼赣01238店),江西省,萍乡市,cvs
20251411,ELEME,76W290870A,1069211152,711便利店(雁塔北路店),陕西省,西安市,cvs
20251411,ELEME,76W290891A,1068373476,唐久便利(天朗御湖北门店),陕西省,西安市,cvs
20251411,ELEME,76W290951A,1069233066,唐久便利(东尚观湖店),陕西省,西安市,cvs
20251411,ELEME,76W291066A,1066759278,新天地超市(雨佳店),辽宁省,沈阳市,cvs
20251411,ELEME,76W291070A,1057850331,新天地超市(长白湾店),辽宁省,沈阳市,cvs
20251411,ELEME,76W291075A,1063466415,罗森便利店(3196前海环球汇分店),辽宁省,沈阳市,cvs
20251411,ELEME,76W291078A,1069041060,新天地超市(集美天成店),辽宁省,沈阳市,cvs
20251411,ELEME,76W291100A,1069143188,罗森便利店(3208天惠广场分店),辽宁省,沈阳市,cvs
20251411,ELEME,76W291106A,1057830335,新天地超市(碧桂园太阳城店),辽宁省,沈阳市,cvs
20251411,ELEME,76W291117A,1057789222,新天地超市(南二马路店),辽宁省,沈阳市,cvs
20251411,ELEME,76W291221A,1068982331,卜蜂莲花(中邦店),湖南省,永州市,hmkt
20251411,ELEME,76W291230A,1070878179,佳惠超市(永州万达店),湖南省,永州市,
20251411,ELEME,76W291247A,1063034316,美宜佳(环城西路湘03530店),湖南省,郴州市,cvs
20251411,ELEME,76W291270A,1066865158,谊品生鲜超市(琥珀山庄店),安徽省,合肥市,cvs
20251411,ELEME,76W291276A,687462379,邻几(合工大宁国路店),安徽省,合肥市,cvs
20251411,ELEME,76W291365A,611969207,邻几便利店(百花大厦店),安徽省,合肥市,cvs
20251411,ELEME,76W291391A,1069529053,文献生活(信辉店),福建省,莆田市,cvs
20251411,ELEME,76W291397A,1069350430,文献生活(郊中店),福建省,莆田市,cvs
20251411,ELEME,76W291496A,1069014394,711(嘉润国际店),浙江省,宁波市,cvs
20251411,ELEME,76W291699A,1069105494,惠宜选24h超市(唐冶店),山东省,济南市,
20251411,ELEME,76W291746A,1068795483,世纪生活超市(松江万达店),上海市,上海市,
20251411,ELEME,76W291787A,1069599038,世纪生活超市(临港中心店),上海市,上海市,
20251411,ELEME,76W291863A,941569488,罗森(3521育秀路二店),上海市,上海市,cvs
20251411,ELEME,76W291916A,1062954257,罗森(中山南路店),上海市,上海市,cvs
20251411,ELEME,76W291920A,1057322200,罗森(3537龙华西路店),上海市,上海市,cvs
20251411,ELEME,76W291930A,1069278011,TIMESGROCERY泰晤士黄杨杂货商场,上海市,上海市,
20251411,ELEME,76W291932A,1066746032,罗森(203710御叶路店),上海市,上海市,cvs
20251411,ELEME,76W292111A,1068257104,华新超市,上海市,上海市,
20251411,ELEME,76W292249A,1067015388,淘宝便利店(莱阳路店),上海市,上海市,
20251411,ELEME,76W292462A,1069856034,天猫小店(宁和超市汕头总店),广东省,汕头市,
20251411,ELEME,76W292630A,1065197002,新佳宜超市(欧洲城2279店),湖南省,长沙市,cvs
20251411,ELEME,76W292648A,786883069,新佳宜超市(北辰三角洲1879店),湖南省,长沙市,cvs
20251411,ELEME,76W292649A,1069004076,美宜佳(鑫科明珠湘03598店),湖南省,长沙市,cvs
20251411,ELEME,76W292724A,264607249,多多购超市(西中心店),湖南省,长沙市,
20251411,ELEME,76W292799A,414152462,7-ELEVEn(惠农科技店),湖南省,长沙市,cvs
20251411,ELEME,76W292887A,1057760207,新佳宜超市(融圣国际2170店),湖南省,长沙市,cvs
20251411,ELEME,76W292914A,687555185,新佳宜超市(梅溪正荣府2033店),湖南省,长沙市,cvs
20251411,ELEME,76W292984A,1069231087,惠宜选超市(齐河店),山东省,德州市,
20251411,ELEME,76W292986A,1070915194,惠宜选超市(德州德城店),山东省,德州市,
20251411,ELEME,76W293081A,1059166284,711便利店(世纪广场店),云南省,昆明市,cvs
20251411,ELEME,76W293094A,1068826018,711便利店(春融街地铁店),云南省,昆明市,cvs
20251411,ELEME,76W293155A,1069390097,天福便利店(公园一号12668店),广西壮族自治区,梧州市,mmkt
20251411,ELEME,76W293274A,1062434297,美宜佳(市一医院桂02090号店),广西壮族自治区,玉林市,cvs
20251411,ELEME,76W293283A,1069340454,乐豆家(海上传奇三0588店),江西省,南昌市,mmkt
20251411,ELEME,76W293305A,1069246064,乐豆家(南昌十六中0580店),江西省,南昌市,cvs
20251411,ELEME,76W293312A,240093044,有家便利店(万达金街二店),江西省,南昌市,cvs
20251411,ELEME,76W293617A,1068880091,十足便利店(徐州鼓楼广场店),江苏省,徐州市,cvs
20251411,ELEME,76W293886A,1070136029,罗森便利店(仁寿陵州路步行街店),四川省,眉山市,cvs
20251411,ELEME,76W293921A,1067956380,美宜佳(家属院川00919店),四川省,巴中市,cvs
20251411,ELEME,76W293927A,1068773499,7-11(石家庄四十三中店),河北省,石家庄市,cvs
20251411,ELEME,76W294104A,1069841496,京东便利店(苏州店),江苏省,苏州市,
20251411,ELEME,76W294139A,1070308100,美佳便利店(前洲店),江苏省,无锡市,
20251411,ELEME,76W294218A,1064648330,美宜佳(南瑞京轩粤26026店),广东省,清远市,cvs
20251411,ELEME,76W294237A,1070646196,美宜佳(东村北路云00273号店),云南省,红河哈尼族彝族自治州,cvs
20251411,ELEME,76W294265A,1069241216,中商罗森(芜湖繁昌中心花园店),安徽省,芜湖市,cvs
20251411,ELEME,76W294294A,1071033358,惠宜选超市(南通通州店),江苏省,南通市,
20251411,ELEME,76W294382A,1069124486,惠宜选超市(平谷店),北京市,北京市,
20251411,ELEME,76W294402A,264515338,超市发(车道沟店),北京市,北京市,mmkt
20251411,ELEME,76W294416A,1068728318,婕妮璐进口超市(青年路店),北京市,北京市,
20251411,ELEME,76W294418A,1059842083,便利蜂(东方华瑞店),北京市,北京市,cvs
20251411,ELEME,76W294442A,1055550232,便利蜂(华威西里店),北京市,北京市,cvs
20251411,ELEME,76W294478A,1059837107,便利蜂(长店大街金盏家园B区店),北京市,北京市,cvs
20251411,ELEME,76W294522A,1070071387,易达便利(机场店),北京市,北京市,
20251411,ELEME,76W294603A,1069877035,天天便利(燕郊悦榕湾店),河北省,廊坊市,cvs
20251411,ELEME,76W294664A,1065669406,美宜佳(恒大粤29633店),广东省,云浮市,cvs
20251411,ELEME,76W294805A,1056408050,罗森便利店(重庆财政学校店),重庆市,重庆市,cvs
20251411,ELEME,76W294817A,1063097293,罗森便利店(渝兴广场店),重庆市,重庆市,cvs
20251411,ELEME,76W294819A,1017568471,罗森便利店(佰乐街店),重庆市,重庆市,cvs
20251411,ELEME,76W294852A,1067691212,美宜佳(临江路渝01526店),重庆市,重庆市,cvs
20251411,ELEME,76W294859A,239738266,罗森便利店(金地花园店),重庆市,重庆市,cvs
20251411,ELEME,76W294878A,708878303,谊品批发超市(御江府店),重庆市,重庆市,cvs
20251411,ELEME,76W294932A,748007178,谊品生鲜超市(中交锦悦店),重庆市,重庆市,cvs
20251411,ELEME,76W294940A,1069727191,万家兴达超市(万科瀚江店),重庆市,重庆市,
20251411,ELEME,76W294948A,748172108,谊品生鲜超市(花溪半岛店),重庆市,重庆市,cvs
20251411,ELEME,76W295098A,264577252,7-Eleven便利店(华新园-1226店),广东省,广州市,cvs
20251411,ELEME,76W295150A,1070011032,罗森便利店(泰兴直街店),广东省,广州市,cvs
20251411,ELEME,76W295253A,1069264296,美宜佳(乐羊羊路粤29176店),广东省,广州市,cvs
20251411,ELEME,76W295409A,1067343164,7-Eleven便利店(第一居-0306店),广东省,东莞市,cvs
20251411,ELEME,76W295649A,292344467,十足便利店(杜川店),浙江省,台州市,cvs
20251411,ELEME,76W295676A,1070004378,壹度便利(滕州人和天地店),山东省,枣庄市,cvs
20251411,ELEME,76W295825A,1068348108,美宜佳便利店(苏01041香山福园店),江苏省,常州市,cvs
20251411,ELEME,76W295854A,924531141,711(天津大学北洋园店),天津市,天津市,cvs
20251411,ELEME,76W295858A,1068976379,优享购超市(和平店),天津市,天津市,
20251411,ELEME,76W295870A,1068699322,优享购超市(八里台店),天津市,天津市,
20251411,ELEME,76W295899A,1067596111,九州超市(南昌路店),山东省,临沂市,smkt
20251411,ELEME,76W295978A,1069269318,美宜佳(和富家园粤30085店),广东省,肇庆市,cvs
20251411,ELEME,76W296050A,1068950139,十足便利店(绍兴天信大厦店),浙江省,绍兴市,cvs
20251411,ELEME,76W296067A,1066838420,京东便利店(车站路店),浙江省,绍兴市,
20251411,ELEME,76W296116A,707771042,好的便利(洋珠巷店),江苏省,南京市,cvs
20251411,ELEME,76W296121A,1065008016,世纪华联品乐(夫子庙店),江苏省,南京市,
20251411,ELEME,76W296148A,686434341,好的便利(泰达新寓店),江苏省,南京市,cvs
20251411,ELEME,76W296212A,707691016,苏果便利(姜圩路店),江苏省,南京市,cvs
20251411,ELEME,76W296228A,707599131,好的便利(热河广场店),江苏省,南京市,cvs
20251411,ELEME,76W296262A,708210259,好的便利(清江西苑店),江苏省,南京市,cvs
20251411,ELEME,76W296271A,1068465256,美宜佳(晋湖家园皖00502店),安徽省,安庆市,cvs
20251411,ELEME,76W296282A,1069074402,美好便利(射阳清华园店),江苏省,盐城市,cvs
20251411,ELEME,76W296340A,1070958204,惠宜选超市(蚌埠宝龙店),安徽省,蚌埠市,
20251411,ELEME,76W296366A,1067644215,家家悦(烟台福山万科广场店),山东省,烟台市,smkt
20251411,ELEME,76W296372A,1070611343,惠宜选超市(烟台牟平店),山东省,烟台市,
20251411,ELEME,76W296420A,1068337324,京东便利店(武汉优选店),湖北省,武汉市,
20251411,ELEME,76W296432A,831392026,中百罗森(长江府店),湖北省,武汉市,cvs
20251411,ELEME,76W296435A,1068240360,Today(百步亭花园地铁店),湖北省,武汉市,cvs
20251411,ELEME,76W296556A,1063757203,美宜佳(长江广场鄂01670店),湖北省,宜昌市,cvs
20251411,ELEME,76W296571A,1070354098,中百罗森(宜昌三峡大学图书馆店),湖北省,宜昌市,cvs
20251411,ELEME,76W296585A,1067224470,美宜佳(民族路桂02230号店),广西壮族自治区,柳州市,cvs
20251411,ELEME,76W296682A,1068984039,家得福(海州店),江苏省,连云港市,smkt
20251411,ELEME,76W296895A,1067064232,美宜佳便利店(苏01033凤凰店),江苏省,苏州市,cvs
20251411,ELEME,76W296918A,1069710199,世纪华联超市(张家港店),江苏省,苏州市,
20251411,ELEME,76W296932A,1069093421,美好便利(昆山智慧城店),江苏省,苏州市,cvs
20251411,ELEME,76W297062A,1064868246,美好便利(泰州恒景国际店),江苏省,泰州市,cvs
20251411,ELEME,76W297114A,1068675378,美宜佳(城北商贸赣01828店),江西省,上饶市,cvs
20251411,ELEME,76W298822A,1067215098,小仓生活(凌奥店),天津市,天津市,
20251411,ELEME,76W299162A,1070568449,闽爱外卖超市(狮城总店),福建省,泉州市,
20251411,ELEME,76W299211A,1070605175,美一天外卖超市(SM总店),福建省,泉州市,
20251411,ELEME,76W299234A,1066056036,百姓邻(东海分店),福建省,泉州市,mmkt
20251411,ELEME,76W299412A,1073238017,美宜佳(草寮街F277店),福建省,漳州市,cvs
20251411,ELEME,76W299509A,1071354435,家家购便利店,福建省,南平市,
20251411,ELEME,76W300006A,1069659435,鲸GO生活超市(沙井店),广东省,深圳市,
20251411,ELEME,76W300379A,324155220,美宜佳(于都路赣00790店),江西省,赣州市,cvs
20251411,ELEME,76W300401A,1070172264,吉优客超市(龙腾文理时代店),吉林省,长春市,cvs
20251411,ELEME,76W300414A,1071244400,吉优客超市(富腾天下城店),吉林省,长春市,cvs
20251411,ELEME,76W300646A,1071439441,家家乐(铜雀台店),四川省,乐山市,smkt
20251411,ELEME,76W300845A,1072209404,超宜选精品超市(厦门臻选店),福建省,厦门市,
20251411,ELEME,76W300977A,1070737210,易甄选超市(双流店),四川省,成都市,
20251411,ELEME,76W301126A,1071424457,嘉丽超市,四川省,成都市,
20251411,ELEME,76W301418A,1072796496,罗森便利店(张家口古宏大街店),河北省,张家口市,cvs
20251411,ELEME,76W301603A,1070037080,唐久便利(华东万锦城店),陕西省,西安市,cvs
20251411,ELEME,76W301706A,1072359103,蓝鲸闪购超市,陕西省,西安市,
20251411,ELEME,76W301888A,1073153013,罗森便利店(3173沈阳农业大学分店),辽宁省,沈阳市,cvs
20251411,ELEME,76W301906A,1071280398,天天便利(邯郸东城悦府店),河北省,邯郸市,cvs
20251411,ELEME,76W302178A,1071214393,文献生活24小时超市便利(民心店),福建省,莆田市,cvs
20251411,ELEME,76W302188A,1070855434,文献生活(申嘉店),福建省,莆田市,cvs
20251411,ELEME,76W302217A,1071019386,文献生活(江口店),福建省,莆田市,cvs
20251411,ELEME,76W302219A,1070856462,文献生活(成果店),福建省,莆田市,cvs
20251411,ELEME,76W302585A,1076135047,仲家汇生活超市(环秀小区店),山东省,济南市,cvs
20251411,ELEME,76W302644A,1074078097,惠宜选超市(济南万虹店),山东省,济南市,
20251411,ELEME,76W302733A,1072799006,如海超市(桃源路店),上海市,上海市,mmkt
20251411,ELEME,76W302921A,1070571256,世纪精品超市(松江中心店),上海市,上海市,
20251411,ELEME,76W303023A,1069524250,世纪精品超市(曹路店),上海市,上海市,
20251411,ELEME,76W303253A,1070239073,罗森(罗店路店),上海市,上海市,cvs
20251411,ELEME,76W303266A,1072847480,世纪精品超市(华新店),上海市,上海市,
20251411,ELEME,76W303298A,1069899009,世纪精品超市(何家湾店),上海市,上海市,
20251411,ELEME,76W303406A,1075844287,ALDI奥乐齐超市(招商花园店),上海市,上海市,mmkt
20251411,ELEME,76W303519A,1072817049,快买快乐·生活超市(青浦中心店),上海市,上海市,
20251411,ELEME,76W303539A,1070532490,绿怡美超市,上海市,上海市,
20251411,ELEME,76W303565A,1072078084,TIMESGROCERY泰晤士杂货金丰店,上海市,上海市,
20251411,ELEME,76W303575A,1073981250,罗森(芳华路912号店),上海市,上海市,cvs
20251411,ELEME,76W303641A,1070709378,711(淞虹二店),上海市,上海市,cvs
20251411,ELEME,76W303646A,1075863016,世纪精品超市(祝桥店),上海市,上海市,
20251411,ELEME,76W303772A,1072143165,罗森(3713平凉路店),上海市,上海市,cvs
20251411,ELEME,76W303784A,1071425153,世纪生活超市(嘉定店),上海市,上海市,
20251411,ELEME,76W304049A,1070547453,美宜佳(天水湖粤30088店),广东省,中山市,cvs
20251411,ELEME,76W304059A,1068052129,华润万家便利超市(丽港城店),广东省,中山市,mmkt
20251411,ELEME,76W304075A,1071647001,及时便利店(石岐麻洲30183店),广东省,中山市,cvs
20251411,ELEME,76W304165A,1062585433,罗森便利店(1038香洲花园店),辽宁省,大连市,cvs
20251411,ELEME,76W304234A,1066782145,美宜佳(东门路铝厂鄂01860店),湖北省,黄冈市,cvs
20251411,ELEME,76W304271A,1072210201,三兄弟生活百货超市(七号店),湖南省,长沙市,
20251411,ELEME,76W304332A,1072249123,昔多购仓储超市(星沙店),湖南省,长沙市,
20251411,ELEME,76W304471A,1075406171,三兄弟生活百货超市(四方坪店),湖南省,长沙市,
20251411,ELEME,76W304497A,1071590074,惠宜选超市(德州奥德乐店),山东省,德州市,
20251411,ELEME,76W304793A,1075550145,711便利店(顺城店),云南省,昆明市,cvs
20251411,ELEME,76W304831A,1071818389,美宜佳(富邦名城川01050店),四川省,雅安市,cvs
20251411,ELEME,76W305237A,1071393316,萬家LiFE(海岸新寓分店),广东省,珠海市,mmkt
20251411,ELEME,76W305976A,1070677315,惠美悠选超市(温州店),浙江省,温州市,
20251411,ELEME,76W306015A,1071465116,京东便利店(南塘店),浙江省,温州市,
20251411,ELEME,76W306153A,1072794059,明日轩便利店(中华北店),河北省,石家庄市,
20251411,ELEME,76W306154A,1072935019,罗森便利店(石家庄汇德里店),河北省,石家庄市,cvs
20251411,ELEME,76W306590A,1071585176,吉优客超市(翡翠花溪店),吉林省,长春市,cvs
20251411,ELEME,76W306613A,1071537204,7-Eleven便利店(银信大厦-5309店),广东省,清远市,cvs
20251411,ELEME,76W306684A,1069464123,邻几(芜湖吾悦公寓店),安徽省,芜湖市,cvs
20251411,ELEME,76W306800A,1071661279,乐心宜超市(首经贸店),北京市,北京市,
20251411,ELEME,76W306818A,1071186360,乐心宜超市(草房店),北京市,北京市,
20251411,ELEME,76W306830A,1069996097,蛙蛙便利店(三元桥店),北京市,北京市,
20251411,ELEME,76W306853A,1073974218,惠邻百佳超市(十里堡店),北京市,北京市,
20251411,ELEME,76W306993A,1069651319,京东便利店(西三旗店),北京市,北京市,
20251411,ELEME,76W306995A,1063572233,每时美客生活超市,北京市,北京市,
20251411,ELEME,76W307020A,1068968122,蛙蛙便利店(西直门店),北京市,北京市,
20251411,ELEME,76W307033A,1073199408,小仓生活(北苑店),北京市,北京市,
20251411,ELEME,76W307048A,1072453306,熊本便利店(亦庄店),北京市,北京市,
20251411,ELEME,76W307173A,1073091128,惠邻百佳超市(天通苑店),北京市,北京市,
20251411,ELEME,76W307198A,1074960163,熊本便利店(枣园店),北京市,北京市,
20251411,ELEME,76W307213A,1068553406,天天便利(燕郊尚街店),河北省,廊坊市,cvs
20251411,ELEME,76W307341A,1068329200,金虎便利(2555清徐凤仪街3号店),山西省,太原市,cvs
20251411,ELEME,76W307529A,1070154469,美宜佳(珞璜工业园渝01603店),重庆市,重庆市,cvs
20251411,ELEME,76W307558A,1074033083,罗森便利店(璧山凤凰城店),重庆市,重庆市,cvs
20251411,ELEME,76W307739A,1070948164,美宜佳(明秀西路桂02101号店),广西壮族自治区,南宁市,cvs
20251411,ELEME,76W307805A,1072833257,惠宜选超市(潍坊昌乐店),山东省,潍坊市,
20251411,ELEME,76W307826A,1071590075,惠宜选超市(诸城店),山东省,潍坊市,
20251411,ELEME,76W307916A,1075151436,美宜佳(鲜食V00655黄埔大道店),广东省,广州市,cvs
20251411,ELEME,76W307978A,1069968089,罗森便利超市(昌岗中路店),广东省,广州市,cvs
20251411,ELEME,76W308079A,1072890050,美宜多生活超市(华乐店),广东省,广州市,mmkt
20251411,ELEME,76W308166A,1071034210,罗森便利店(宝岗大道店),广东省,广州市,cvs
20251411,ELEME,76W308392A,953144125,美宜佳(苏庄大街粤27818店),广东省,广州市,cvs
20251411,ELEME,76W308476A,1069735178,鲸GO生活超市(东城店),广东省,东莞市,
20251411,ELEME,76W308611A,1071168469,好涞屋便利店,广东省,东莞市,cvs
20251411,ELEME,76W308756A,1071970243,惠宜选超市(滕州店),山东省,枣庄市,
20251411,ELEME,76W308837A,1071798393,美宜佳便利店(浙00783会展中心店),浙江省,嘉兴市,cvs
20251411,ELEME,76W309010A,1075234316,十足便利店(常州金坛人民医院一店),江苏省,常州市,cvs
20251411,ELEME,76W309083A,1071494465,惠宜选超市(天津瑞景店),天津市,天津市,
20251411,ELEME,76W309114A,1072698081,家乐超市(蓟州家乐总店),天津市,天津市,
20251411,ELEME,76W309166A,1072356360,惠宜选超市(临沂临沭店),山东省,临沂市,
20251411,ELEME,76W309338A,1068438214,KKV(金华世贸城市广场店),浙江省,金华市,mmkt
20251411,ELEME,76W309370A,1062037204,双江时代(银泰店),浙江省,金华市,smkt
20251411,ELEME,76W309393A,1070109126,世纪华联超市(义乌店),浙江省,金华市,
20251411,ELEME,76W309559A,1074675391,盒马鲜生(紫金广场店),江苏省,南京市,smkt
20251411,ELEME,76W309581A,1072364087,京东便利店(南京精品超市店),江苏省,南京市,
20251411,ELEME,76W309807A,1072825429,惠宜选超市(泰安肥城店),山东省,泰安市,
20251411,ELEME,76W309862A,1070743326,711便利店(烟台电子商务产业园店),山东省,烟台市,cvs
20251411,ELEME,76W309872A,1073068430,惠宜选超市(烟台福山店),山东省,烟台市,
20251411,ELEME,76W309886A,1074553316,惠宜选超市(烟台招远店),山东省,烟台市,
20251411,ELEME,76W309896A,1073090361,惠宜选超市(烟台莱州店),山东省,烟台市,
20251411,ELEME,76W310271A,1071511486,中百罗森(远安一中店),湖北省,宜昌市,cvs
20251411,ELEME,76W310370A,1072748102,速囤(经开店),四川省,绵阳市,
20251411,ELEME,76W310380A,1074187167,谊品生鲜超市,安徽省,滁州市,mmkt
20251411,ELEME,76W310401A,1074024121,邻几(全椒江海购物中心店),安徽省,滁州市,cvs
20251411,ELEME,76W310419A,1072827433,美宜佳(鲁93中央帝景店),山东省,聊城市,cvs
20251411,ELEME,76W310422A,1072931145,惠宜选超市(聊城开发区店),山东省,聊城市,
20251411,ELEME,76W310492A,1074019148,惠宜选超市(连云港赣榆店),江苏省,连云港市,
20251411,ELEME,76W310551A,1072392261,新天地超市(苏州中翔大厦店),江苏省,苏州市,cvs
20251411,ELEME,76W310592A,1070376459,百世邻里超市(常熟铂克店),江苏省,苏州市,
20251411,ELEME,76W310768A,1073996096,易惠达超市(万达店),江苏省,苏州市,
20251411,ELEME,76W310851A,1073067303,美好便利(姜堰和睦新城店),江苏省,泰州市,cvs
20251411,ELEME,76W310859A,1071592391,美好便利(靖江八圩店),江苏省,泰州市,cvs
20251411,ELEME,76W310871A,1072370369,美好便利(靖江自在城店),江苏省,泰州市,cvs
20251411,ELEME,76W310922A,266601475,杰出便利店(琅瑚街店),河北省,保定市,cvs
20251411,ELEME,76W311129A,1071482426,YPINK颜粉美妆店(福州店),福建省,福州市,
20251411,ELEME,76W311172A,1056876114,万嘉便利(叶厦店),福建省,福州市,cvs
20251411,ELEME,76W312362A,1083031199,海豚购(温江店),四川省,成都市,
20251411,ELEME,76W312386A,1074755340,罗森便利店(彭州望蜀里店),四川省,成都市,cvs
20251411,ELEME,76W312387A,1081228023,全好佳超市(九眼桥店),四川省,成都市,
20251411,ELEME,76W312407A,1079984392,惠宜选超市(张家口桥西店),河北省,张家口市,
20251411,ELEME,76W312439A,1080811282,京东便利店(西安店),陕西省,西安市,
20251411,ELEME,76W312492A,1079939486,惠宜选超市(沧州店),河北省,沧州市,
20251411,ELEME,76W312507A,1075900154,天天便利(邢台青青家园店),河北省,邢台市,cvs
20251411,ELEME,76W312553A,1067146207,616超市(大洋分店),福建省,龙岩市,
20251411,ELEME,76W312651A,1076304039,世纪优品超市(嘉定店),上海市,上海市,
20251411,ELEME,76W312659A,1078833309,世纪精品超市(江桥店),上海市,上海市,
20251411,ELEME,76W312682A,1083882373,快买快乐·生活超市(北桥中心店),上海市,上海市,
20251411,ELEME,76W312737A,1072770002,闪购豹超市(二七店),辽宁省,大连市,
20251411,ELEME,76W312745A,1078019298,壹度便利(濉河时代西门店),安徽省,淮北市,cvs
20251411,ELEME,76W313043A,1080032044,十足便利店(龙港财富广场店),浙江省,温州市,cvs
20251411,ELEME,76W313097A,1081243361,明日轩便利店(北二环店),河北省,石家庄市,
20251411,ELEME,76W313159A,1073985266,京东便利店(崇安寺店),江苏省,无锡市,
20251411,ELEME,76W313257A,1083024214,熊本便利店(大成路店),北京市,北京市,
20251411,ELEME,76W313267A,1083114288,熊本便利店(近园路店),北京市,北京市,
20251411,ELEME,76W313303A,1073180060,美宜佳(建设中路桂00258号店),广西壮族自治区,贵港市,cvs
20251411,ELEME,76W313309A,1072062239,唐久便利(3850西苑南路海唐广场店),山西省,太原市,cvs
20251411,ELEME,76W313533A,1068911371,兴勤超市(潼侨店),广东省,惠州市,
20251411,ELEME,76W313552A,1076294207,新天地超市(常州香江壹品店),江苏省,常州市,cvs
20251411,ELEME,76W313567A,1068937044,罗森便利店(天津环湖医院店),天津市,天津市,cvs
20251411,ELEME,76W313633A,1080764165,十足便利店(上虞阳光海岸店),浙江省,绍兴市,cvs
20251411,ELEME,76W313664A,1076002494,罗森(盐城新都商务楼店),江苏省,盐城市,cvs
20251411,ELEME,76W313672A,1076203178,天福便利店(福彩路13360店),广东省,韶关市,cvs
20251411,ELEME,76W313687A,1078012195,家家悦(招远普照路店),山东省,烟台市,mmkt
20251411,ELEME,76W313862A,1080026338,文献生活(至尊店),福建省,泉州市,cvs
20251411,ELEME,76W313876A,1080110253,文献生活(龙祥店),福建省,泉州市,cvs
20251411,ELEME,76W313923A,1081565025,罗森便利店(0507抚顺澳海澜庭分店),辽宁省,抚顺市,cvs
20251411,ELEME,76W313971A,1073967214,罗森便利店(6015辽宁工业大学分店),辽宁省,锦州市,cvs
20251411,ELEME,76W314091A,1076297441,新佳宜便利店(益阳桃花仑2358店),湖南省,益阳市,cvs
20251411,ELEME,76W314155A,1076653039,罗森便利店(福城天虹店),广东省,深圳市,cvs
20251411,ELEME,76W314218A,1080727272,7-Eleven便利店(大梅沙海景酒店-7438店),广东省,深圳市,cvs
20251411,ELEME,76W314324A,1068411014,乐购express(悦山湖店),广东省,深圳市,mmkt
20251411,ELEME,76W314590A,301911500,佳惠鲜天下(岳麓欧城店),湖南省,怀化市,smkt
20251411,ELEME,76W314903A,1077494281,便利豚(太古里店),四川省,成都市,
20251411,ELEME,76W315079A,1077385278,海豚购(世茂城店),四川省,成都市,
20251411,ELEME,76W315235A,1073119045,惠欧超市(樱花店),陕西省,西安市,smkt
20251411,ELEME,76W315450A,1076736411,7-ELEVEn(邵阳大汉悦中心店),湖南省,邵阳市,cvs
20251411,ELEME,76W315460A,1076271338,可好(东风社区225537店),河北省,沧州市,cvs
20251411,ELEME,76W315465A,1080002405,惠宜选超市(任丘店),河北省,沧州市,
20251411,ELEME,76W315476A,1078088406,惠宜选超市(菏泽巨野店),山东省,菏泽市,
20251411,ELEME,76W315526A,1076076040,邻几(肥东吾悦广场二店),安徽省,合肥市,cvs
20251411,ELEME,76W315546A,1073025039,七号便利店,安徽省,合肥市,
20251411,ELEME,76W315565A,1083069031,邻几(万科中心店),安徽省,合肥市,cvs
20251411,ELEME,76W315592A,1078095454,京东便利店(合肥中心店),安徽省,合肥市,
20251411,ELEME,76W315604A,1080175165,文献生活(财富店),福建省,莆田市,cvs
20251411,ELEME,76W315657A,1080558311,左邻右舍(城南开发区店),浙江省,衢州市,mmkt
20251411,ELEME,76W315806A,1073190467,好邻居(五堰店),湖北省,十堰市,smkt
20251411,ELEME,76W315917A,1081730409,PENGGO朋购超市(宝山店),上海市,上海市,
20251411,ELEME,76W315924A,1076638279,世纪生活超市(徐泾中心店),上海市,上海市,
20251411,ELEME,76W315947A,1074761238,华新超市(青浦华新店),上海市,上海市,
20251411,ELEME,76W315968A,1081265047,世纪精品超市(七宝店),上海市,上海市,
20251411,ELEME,76W315977A,1070295136,711(龙湖天街店),上海市,上海市,cvs
20251411,ELEME,76W315990A,1080337044,世纪生活超市(宝山店),上海市,上海市,
20251411,ELEME,76W316013A,1076566329,世纪生活超市(孙桥店),上海市,上海市,
20251411,ELEME,76W316041A,1077822201,世纪优选超市(上海静安店),上海市,上海市,
20251411,ELEME,76W316110A,1075816083,惠美悠选超市(周浦中心店),上海市,上海市,
20251411,ELEME,76W316111A,1076154351,惠立送精品超市(奉贤中心店),上海市,上海市,
20251411,ELEME,76W316116A,1078164413,京东便利店(黄浦优选店),上海市,上海市,
20251411,ELEME,76W316143A,1079141401,易惠达超市(马陆优选店),上海市,上海市,
20251411,ELEME,76W316181A,1077526488,捷德鲜TheGourmet精选超市(东明路店),上海市,上海市,
20251411,ELEME,76W316203A,1077362201,百惠仓·便利店,广东省,汕头市,
20251411,ELEME,76W316241A,1068292149,华润万家便利超市(棕榈彩虹分店),广东省,中山市,mmkt
20251411,ELEME,76W316251A,1074397297,壹加壹超市(东门店),广东省,中山市,smkt
20251411,ELEME,76W316482A,1076373420,新佳宜便利店(阳光小镇2283店),湖南省,长沙市,cvs
20251411,ELEME,76W316585A,1076471376,711便利店(德州安然居店),山东省,德州市,cvs
20251411,ELEME,76W316667A,1070317208,美宜佳(沙南街道粤29872店),广东省,揭阳市,cvs
20251411,ELEME,76W316714A,1075920424,711便利店(南部汽车站地铁店),云南省,昆明市,cvs
20251411,ELEME,76W316787A,1075424461,美宜佳(解放路桂02219号店),广西壮族自治区,梧州市,cvs
20251411,ELEME,76W316994A,1079668406,宜购便利店(经开中心店),江西省,南昌市,
20251411,ELEME,76W317166A,1076601348,美宜佳(长沙路湘03726店),湖南省,湘西土家族苗族自治州,cvs
20251411,ELEME,76W317276A,1078737010,惠宜选超市(青岛莱西店),山东省,青岛市,
20251411,ELEME,76W317298A,1076385245,惠宜选超市(青岛智力岛店),山东省,青岛市,
20251411,ELEME,76W317318A,1075330036,惠宜选超市(青岛平度店),山东省,青岛市,
20251411,ELEME,76W317319A,1075895437,711便利店(地铁胶州融城店),山东省,青岛市,cvs
20251411,ELEME,76W317440A,1076172484,美宜佳便利店(浙00730港隆城店),浙江省,杭州市,cvs
20251411,ELEME,76W317452A,1077538342,快客达环球超市(义蓬中心店),浙江省,杭州市,
20251411,ELEME,76W317475A,1075613064,京东便利店(滨和路店),浙江省,杭州市,
20251411,ELEME,76W317496A,1076897083,京东便利店(杭州西溪中心店),浙江省,杭州市,
20251411,ELEME,76W317588A,1070220316,世纪华联(温州精品店),浙江省,温州市,
20251411,ELEME,76W317600A,1075924391,快客达环球超市(江北大街店),浙江省,温州市,
20251411,ELEME,76W317823A,1075977179,明日轩便利店(中山店),河北省,石家庄市,
20251411,ELEME,76W317873A,1074598495,京东便利店(郑州中心店),河南省,郑州市,
20251411,ELEME,76W317901A,1074881141,悦来悦喜(汇泉西悦城公寓店),河南省,郑州市,cvs
20251411,ELEME,76W317915A,1080198409,美士多乐超市(北环店),河南省,郑州市,
20251411,ELEME,76W317998A,1083023478,京东便利店(鲅鱼圈店),辽宁省,营口市,
20251411,ELEME,76W318158A,1072777014,昆仑好客(喀左滨河路店),辽宁省,朝阳市,cvs
20251411,ELEME,76W318172A,1076288190,7-Eleven便利店(清远城市花园-5311店),广东省,清远市,cvs
20251411,ELEME,76W318277A,1075649039,邻几(南陵萃英园学校店),安徽省,芜湖市,cvs
20251411,ELEME,76W318280A,1081801271,惠宜选超市(济南莱芜店),山东省,济南市,
20251411,ELEME,76W318546A,1080172334,熊本便利店(宣武门店),北京市,北京市,
20251411,ELEME,76W318555A,1075846379,熊本便利店(亚运村店),北京市,北京市,
20251411,ELEME,76W318621A,1076574103,乐心宜超市(十里河店),北京市,北京市,
20251411,ELEME,76W318650A,1079997435,惠宜选超市(廊坊霸州店),河北省,廊坊市,
20251411,ELEME,76W318657A,1077409183,天天便利(廊坊紫悦府店),河北省,廊坊市,cvs
20251411,ELEME,76W318724A,1074567019,唐久便利(3806太钢总医院南门店),山西省,太原市,cvs
20251411,ELEME,76W318845A,1080343095,美宜佳(磁建村渝01699店),重庆市,重庆市,cvs
20251411,ELEME,76W318998A,1076931021,京东便利店(南宁店),广西壮族自治区,南宁市,
20251411,ELEME,76W319020A,1078087409,美宜佳(青秀山一号桂03792号店),广西壮族自治区,南宁市,cvs
20251411,ELEME,76W319035A,1075617228,惠宜选超市(潍坊寿光店),山东省,潍坊市,
20251411,ELEME,76W319043A,1069253038,优同便利店(潍坊恒易宝莲店),山东省,潍坊市,cvs
20251411,ELEME,76W319046A,1076240355,惠宜选超市(潍坊高密店),山东省,潍坊市,
20251411,ELEME,76W319151A,1076316005,网易严选·快送超市(白云店),广东省,广州市,
20251411,ELEME,76W319258A,1080463254,天福便利店(新华13633店),广东省,广州市,cvs
20251411,ELEME,76W319328A,1075302065,拾惠客24H超市(淄博淄川店),山东省,淄博市,
20251411,ELEME,76W319329A,1074607274,惠宜选超市(淄博博山店),山东省,淄博市,
20251411,ELEME,76W319391A,1069338102,天福便利店(新塘新兴路13598店),广东省,东莞市,cvs
20251411,ELEME,76W319510A,1065470041,美宜佳(辉煌花园1粤29439店),广东省,汕尾市,cvs
20251411,ELEME,76W319538A,1081217013,世纪华联超市(嘉兴中心店),浙江省,嘉兴市,
20251411,ELEME,76W319604A,1069116386,兴勤超市(塘角店),广东省,惠州市,
20251411,ELEME,76W319625A,1069036428,兴勤超市(陈江店),广东省,惠州市,
20251411,ELEME,76W319655A,1070898450,美宜佳(罗浮路粤28172店),广东省,惠州市,cvs
20251411,ELEME,76W319944A,1080598073,左邻右舍(慧鑫店),浙江省,金华市,mmkt
20251411,ELEME,76W320089A,1080089242,罗森(南京中南世纪雅苑店),江苏省,南京市,cvs
20251411,ELEME,76W320117A,1077499418,惠多多·便利超市(鼓楼中心店),江苏省,南京市,
20251411,ELEME,76W320256A,1073102371,惠宜选超市(烟台莱阳店),山东省,烟台市,
20251411,ELEME,76W320368A,1075904355,可多便利(当代安普顿小镇店),湖北省,武汉市,mmkt
20251411,ELEME,76W320386A,1083895292,Today(中南财经政法大学南门店),湖北省,武汉市,cvs
20251411,ELEME,76W320412A,1078079431,美宜佳(高新大道鄂02007号店),湖北省,武汉市,cvs
20251411,ELEME,76W320653A,1077414270,美宜佳(阳光城皖00530店),安徽省,六安市,cvs
20251411,ELEME,76W320656A,1075972345,美宜佳(正和一中皖00532店),安徽省,六安市,cvs
20251411,ELEME,76W320716A,1079769358,惠宜选超市(连云港东海店),江苏省,连云港市,
20251411,ELEME,76W320855A,1076526193,怡家乐(时尚舞台店),江苏省,苏州市,cvs
20251411,ELEME,76W320875A,1077125190,罗森(7616昆山世贸东壹号店),江苏省,苏州市,cvs
20251411,ELEME,76W320955A,1081518118,惠宜选超市(泰州兴化店),江苏省,泰州市,
20251411,ELEME,76W321010A,1081686433,惠宜选超市(定州店),河北省,保定市,
20251411,ELEME,76W321268A,1078412499,中百罗森(宜昌梧桐邑店),湖北省,宜昌市,cvs
20251411,ELEME,76W321372A,1077366271,美宜佳(兴坪镇桂02420号店),广西壮族自治区,桂林市,cvs
20251411,ELEME,76W403204A,1085946356,美宜佳(南城嘉园鄂02060店),湖北省,荆州市,cvs
20251411,ELEME,76W403246A,1076183407,京东便利店(湖滨店),福建省,泉州市,
20251411,ELEME,76W403267A,1081785159,罗森便利店(宜宾鲁能C街店),四川省,宜宾市,cvs
20251411,ELEME,76W403270A,1085197468,罗森便利店(自贡化工大汇东校区北门店),四川省,自贡市,cvs
20251411,ELEME,76W403340A,1081443407,十足便利店(淮安运河明珠店),江苏省,淮安市,cvs
20251411,ELEME,76W403412A,1085850349,鲸GO生活超市(下沙店),广东省,深圳市,
20251411,ELEME,76W403515A,1083821384,新佳宜便利店(常德万达广场2360店),湖南省,常德市,cvs
20251411,ELEME,76W403523A,1071029374,美宜佳(茂化公路粤30280店),广东省,茂名市,cvs
20251411,ELEME,76W403612A,1085471318,惠宜选超市(滨州渤海国际店),山东省,滨州市,
20251411,ELEME,76W403907A,1076133072,京东便利店(思明店),福建省,厦门市,
20251411,ELEME,76W403962A,1080262391,超宜选精品超市(集美店),福建省,厦门市,
20251411,ELEME,76W403996A,1069253402,佳惠超市(凯里恒诚店),贵州省,黔东南苗族侗族自治州,smkt
20251411,ELEME,76W404005A,1087128300,京东便利店(九江街店),辽宁省,丹东市,
20251411,ELEME,76W404062A,1076566298,伊藤洋华堂(温江店),四川省,成都市,smkt
20251411,ELEME,76W404075A,1084889167,海豚购(南湖店),四川省,成都市,
20251411,ELEME,76W404103A,1080278381,美宜佳(瑞金路赣01827店),江西省,萍乡市,cvs
20251411,ELEME,76W404127A,1087713144,美宜佳(凤凰路桂02486号店),广西壮族自治区,百色市,cvs
20251411,ELEME,76W404166A,1085689404,京东便利店(西安中心店),陕西省,西安市,
20251411,ELEME,76W404321A,1083980414,惠宜选超市(菏泽郓城店),山东省,菏泽市,
20251411,ELEME,76W404412A,1087329273,文献生活(上星店),福建省,莆田市,cvs
20251411,ELEME,76W404420A,1084331360,文献生活(学府店),福建省,莆田市,cvs
20251411,ELEME,76W404465A,1071024380,文献生活(景隆店),福建省,莆田市,cvs
20251411,ELEME,76W404491A,1084662251,文献生活(九鲤店),福建省,莆田市,cvs
20251411,ELEME,76W404501A,1087158305,星宜便利店,福建省,莆田市,
20251411,ELEME,76W404509A,1084381276,文献生活(香安店),福建省,莆田市,cvs
20251411,ELEME,76W404513A,1071538190,文献生活(濑溪店),福建省,莆田市,cvs
20251411,ELEME,76W404590A,1086267484,快客达环球超市(鄞州中心店),浙江省,宁波市,
20251411,ELEME,76W404628A,1087079025,美宜佳(震洋贵府鄂01782店),湖北省,十堰市,cvs
20251411,ELEME,76W404633A,1084093340,美宜佳(豫1468天宝华府店),河南省,许昌市,cvs
20251411,ELEME,76W404684A,1085300081,世纪精品超市(黄浦中心店),上海市,上海市,
20251411,ELEME,76W404690A,1087275437,惠立送精品超市(南汇店),上海市,上海市,
20251411,ELEME,76W404698A,1086298097,惠立送精品超市(莲花南路店),上海市,上海市,
20251411,ELEME,76W404704A,1084787494,世纪生活超市(华漕店),上海市,上海市,
20251411,ELEME,76W404705A,1079743085,世纪精品超市(百联中心店),上海市,上海市,
20251411,ELEME,76W404707A,1081688350,世纪生活超市(杨浦店),上海市,上海市,
20251411,ELEME,76W404727A,1086380306,世纪品乐超市(闵行吴泾店),上海市,上海市,
20251411,ELEME,76W404730A,1085324071,世纪生活超市(仙霞路店),上海市,上海市,
20251411,ELEME,76W404783A,1081678339,世纪生活超市(江桥店),上海市,上海市,
20251411,ELEME,76W404851A,1085047224,惠立送精品超市(延长西路店),上海市,上海市,
20251411,ELEME,76W404884A,1085391308,惠吉送生活超市(宝山优品店),上海市,上海市,
20251411,ELEME,76W404886A,1087236458,惠立送精品超市(宝钢店),上海市,上海市,
20251411,ELEME,76W404895A,1081754202,世纪生活超市(九亭店),上海市,上海市,
20251411,ELEME,76W404904A,1085297115,711(星瀚店),上海市,上海市,cvs
20251411,ELEME,76W404907A,1084200077,快买快乐·生活超市(奉贤中心店),上海市,上海市,
20251411,ELEME,76W404923A,1085345480,惠立送精品超市(闵行中心店),上海市,上海市,
20251411,ELEME,76W405026A,1075909336,壹度便利(21204法姬娜公园里店),河南省,周口市,mmkt
20251411,ELEME,76W405053A,1083636327,美宜佳(化肥厂鄂01973店),湖北省,孝感市,cvs
20251411,ELEME,76W405064A,1077416172,美宜佳便利店(苏01152众兴路店),江苏省,宿迁市,cvs
20251411,ELEME,76W405107A,1083289426,闪购豹超市(友好店),辽宁省,大连市,
20251411,ELEME,76W405126A,1084713189,天福便利店(吾悦广场21529店),湖南省,长沙市,cvs
20251411,ELEME,76W405131A,1085309149,新佳宜便利店(碧桂园海蓝城2378店),湖南省,长沙市,cvs
20251411,ELEME,76W405133A,1085729459,三兄弟生活百货超市(长沙总店),湖南省,长沙市,
20251411,ELEME,76W405138A,1085735489,三兄弟生活百货超市(湘雅店),湖南省,长沙市,
20251411,ELEME,76W405143A,1087281461,昔多购超市(鑫融国际店),湖南省,长沙市,
20251411,ELEME,76W405167A,1085816113,三兄弟生活百货超市(阳光100店),湖南省,长沙市,
20251411,ELEME,76W405168A,1085274393,昔多购仓储超市(福元店),湖南省,长沙市,
20251411,ELEME,76W405221A,1084696141,十足便利店(扬州智谷大厦店),江苏省,扬州市,cvs
20251411,ELEME,76W405225A,1085564367,三时便利店,江苏省,扬州市,
20251411,ELEME,76W405255A,1085414235,美宜佳(中央花园粤30822店),广东省,揭阳市,cvs
20251411,ELEME,76W405284A,1059164285,京东便利店(盘龙精选店),云南省,昆明市,
20251411,ELEME,76W405325A,1084096407,美宜佳(公路局桂01502号店),广西壮族自治区,梧州市,cvs
20251411,ELEME,76W405337A,1084600406,京东便利店(佛山中心店),广东省,佛山市,
20251411,ELEME,76W405481A,1078578054,农嘉超(南市区店),云南省,曲靖市,
20251411,ELEME,76W405492A,1081215462,美宜佳(豫1452富民二街店),河南省,平顶山市,cvs
20251411,ELEME,76W405585A,1085109310,金虎便利(7065孝义清华苑店),山西省,吕梁市,cvs
20251411,ELEME,76W405610A,1084666243,家家悦(青岛李沧万达广场店),山东省,青岛市,smkt
20251411,ELEME,76W405705A,1086454017,快客达·百货超市(滨江店),浙江省,杭州市,
20251411,ELEME,76W405785A,1085075110,京东便利店(九堡店),浙江省,杭州市,
20251411,ELEME,76W405807A,1083523311,京东便利店(景芳店),浙江省,杭州市,
20251411,ELEME,76W405851A,1086572420,乐购优品超市(乐清店),浙江省,温州市,
20251411,ELEME,76W405897A,1075694359,邻几(宣城中心医院店),安徽省,宣城市,cvs
20251411,ELEME,76W406033A,1085128217,惠宜选超市(威海荣成店),山东省,威海市,
20251411,ELEME,76W406047A,1081584033,世纪精品超市(告庄店),云南省,西双版纳傣族自治州,
20251411,ELEME,76W406048A,1085056186,京东便利店(西双版纳店),云南省,西双版纳傣族自治州,
20251411,ELEME,76W406103A,1084765021,美宜佳(沁园邨粤29319店),广东省,河源市,cvs
20251411,ELEME,76W406221A,1086805060,711(紫琅新天地店),江苏省,南通市,cvs
20251411,ELEME,76W406230A,1079599483,美宜佳便利店(苏01130彩臣三村店),江苏省,南通市,cvs
20251411,ELEME,76W406283A,1085327359,7-11便利店(石景山杨庄东街店),北京市,北京市,cvs
20251411,ELEME,76W406291A,1083439341,惠邻百佳超市(清河店),北京市,北京市,
20251411,ELEME,76W406292A,1084725056,小饿生活全能超市(平谷店),北京市,北京市,
20251411,ELEME,76W406297A,1080317030,乐家优鲜生活超市(京旺店),北京市,北京市,smkt
20251411,ELEME,76W406298A,1085345299,小仓生活(顺义店),北京市,北京市,
20251411,ELEME,76W406311A,1085460311,海选精品超市(丰台店),北京市,北京市,
20251411,ELEME,76W406335A,1086700376,惠邻百佳超市(总部基地店),北京市,北京市,
20251411,ELEME,76W406424A,1076571115,博利批发价超市(渝北店),重庆市,重庆市,
20251411,ELEME,76W406452A,1086487071,KKV(重庆北碚吾悦广场店),重庆市,重庆市,mmkt
20251411,ELEME,76W406493A,1087192479,美加美生活超市(南湖国际店),广西壮族自治区,南宁市,cvs
20251411,ELEME,76W406495A,1085944451,美宜佳(珺玺小区桂02413号店),广西壮族自治区,南宁市,cvs
20251411,ELEME,76W406528A,1083841388,today(南宁华润24城店),广西壮族自治区,南宁市,cvs
20251411,ELEME,76W406547A,1084052296,惠宜选超市(济宁邹城店),山东省,济宁市,
20251411,ELEME,76W406586A,1085687420,全好佳超市(广州店),广东省,广州市,
20251411,ELEME,76W406621A,1082323094,美宜佳(莲新下街粤30180店),广东省,广州市,cvs
20251411,ELEME,76W406643A,1085941284,鲸GO生活超市(番禺店),广东省,广州市,
20251411,ELEME,76W406672A,1086028420,鲸GO生活超市(太古汇店),广东省,广州市,
20251411,ELEME,76W406966A,1081835092,惠宜选超市(潍坊青州店),山东省,潍坊市,
20251411,ELEME,76W407153A,1080748115,7-Eleven便利店(瑞峰广场5449店),广东省,惠州市,cvs
20251411,ELEME,76W407183A,1084746497,新玛特购物中心(岚山店),山东省,日照市,smkt
20251411,ELEME,76W407185A,1085181146,惠宜选超市(苏宁广场店),山东省,日照市,
20251411,ELEME,76W407200A,1076410387,京东便利店(常州店),江苏省,常州市,
20251411,ELEME,76W407344A,1083747264,柒号便利店(万达广场店),浙江省,金华市,
20251411,ELEME,76W407347A,1085098268,双江时代(江滨店),浙江省,金华市,smkt
20251411,ELEME,76W407371A,1085711435,十足便利店(金华义乌新业云谷店),浙江省,金华市,cvs
20251411,ELEME,76W407372A,1085691465,十足便利店(金华义乌季宅一区店),浙江省,金华市,cvs
20251411,ELEME,76W407435A,1082464298,京东便利店(南京江宁店),江苏省,南京市,
20251411,ELEME,76W407445A,1086480308,世纪优选生活超市,江苏省,南京市,
20251411,ELEME,76W407470A,1086058003,快赣特价超市(油坊桥店),江苏省,南京市,
20251411,ELEME,76W407504A,1085167427,宜嘉惠超市(玄武店),江苏省,南京市,
20251411,ELEME,76W407560A,1085313376,邻几(蚌山吾悦广场店),安徽省,蚌埠市,cvs
20251411,ELEME,76W407588A,1076324315,可好(盛隆新天地041598店),山东省,烟台市,cvs
20251411,ELEME,76W407650A,1086642198,美宜佳(向阳大道鄂02078店),湖北省,武汉市,cvs
20251411,ELEME,76W407674A,1085544165,Today(湖工大店),湖北省,武汉市,cvs
20251411,ELEME,76W407695A,1076614334,美宜佳(玖玺台鄂02058店),湖北省,宜昌市,cvs
20251411,ELEME,76W407784A,1068952145,家得福(嘉泰店),江苏省,连云港市,mmkt
20251411,ELEME,76W407872A,1086454076,飞牛便利店北桥昳晗便利店,江苏省,苏州市,
20251411,ELEME,76W407903A,1077505401,惠邻百货超市(苏州湾店),江苏省,苏州市,
20251411,ELEME,76W407998A,1076581352,京东便利店,河南省,洛阳市,
20251411,ELEME,76W408047A,1074520399,美宜佳(卧龙城赣00282店),江西省,上饶市,cvs
20251411,ELEME,76W408074A,1078242008,美宜佳(钻石广场川01109店),四川省,南充市,cvs
20251411,ELEME,76W408079A,1069008487,奥特乐(南充高坪万达店),四川省,南充市,mmkt
20251411,ELEME,76W416135A,1090410062,惠宜选超市(淮安大学城店),江苏省,淮安市,
20251411,ELEME,76W416269A,1068159136,华润万家(名城花园店),广东省,惠州市,mmkt
20251411,ELEME,76W416339A,1090443217,美宜佳(马蹄山村店),广东省,深圳市,cvs
20251411,ELEME,76W416384A,1085341377,美宜佳(桂花路M719店),广东省,深圳市,cvs
20251411,ELEME,76W416436A,1070948103,鹏泰购物广场(奉新店),江西省,宜春市,smkt
20251411,ELEME,76W416494A,352781040,美宜佳(北园新村G383店),广东省,江门市,cvs
20251411,ELEME,76W416507A,1090366108,罗森便利店(绵竹时代都汇店),四川省,德阳市,cvs
20251411,ELEME,76W416591A,1062855492,美宜佳(万科里S10楼贵00862号店),贵州省,贵阳市,cvs
20251411,ELEME,76W417040A,1090734332,凯辉便利(龙泉明珠店),贵州省,黔东南苗族侗族自治州,cvs
20251411,ELEME,76W417241A,1087958128,新佳宜便利店(安源壹号02379店),江西省,萍乡市,cvs
20251411,ELEME,76W417242A,1087958484,中百罗森(荆门白石坡中学店),湖北省,荆门市,cvs
20251411,ELEME,76W417307A,1085874062,金选便利超市(经开店),陕西省,西安市,
20251411,ELEME,76W417401A,1089750026,佐客(保利溪湖林语店),辽宁省,沈阳市,cvs
20251411,ELEME,76W417493A,1090946090,惠宜选超市(沧州新华店),河北省,沧州市,
20251411,ELEME,76W417504A,1090948086,惠宜选超市(菏泽开发区店),山东省,菏泽市,
20251411,ELEME,76W417523A,1088051456,易乐便利店(新站店),安徽省,合肥市,
20251411,ELEME,76W417623A,1088875142,文献新生活·LIVE,福建省,莆田市,cvs
20251411,ELEME,76W417766A,1079739197,好多购便利店(宜园店),浙江省,宁波市,
20251411,ELEME,76W417910A,1088203003,家家悦(济南历城区融创茂店),山东省,济南市,smkt
20251411,ELEME,76W418023A,1085925366,世纪生活超市(浦江店),上海市,上海市,
20251411,ELEME,76W418089A,1087740227,世纪精品超市(青浦店),上海市,上海市,
20251411,ELEME,76W418118A,1089354104,惠立送精品超市(滴水湖店),上海市,上海市,
20251411,ELEME,76W418202A,1071024369,美宜佳(恒绿洲粤30236店),广东省,中山市,cvs
20251411,ELEME,76W418239A,1088209179,文献生活(汾阳店),福建省,泉州市,cvs
20251411,ELEME,76W418399A,1087220323,鲸GO生活超市(宝安中心店),广东省,深圳市,
20251411,ELEME,76W418495A,1088048068,7-Eleven便利店(文创街二4613店),广东省,茂名市,cvs
20251411,ELEME,76W418526A,1088627189,吉优客超市(万盛理想国店),吉林省,长春市,cvs
20251411,ELEME,76W418535A,1066027454,新天地超市(蓉桥壹号店),吉林省,长春市,cvs
20251411,ELEME,76W418625A,1087434053,世纪华联超市(厦门中心店),福建省,厦门市,
20251411,ELEME,76W418703A,1086434426,厦一单超市(明发广场店),福建省,厦门市,
20251411,ELEME,76W418902A,1089537460,京东便利店(丹东店),辽宁省,丹东市,
20251411,ELEME,76W419104A,1087793085,唐久便利(运城涑水联合学校东门店),山西省,运城市,cvs
20251411,ELEME,76W419117A,1087704455,罗森便利店(3211怀远门分店),辽宁省,沈阳市,cvs
20251411,ELEME,76W419156A,1080071220,唐久便利(长安南路兆丰家园店),陕西省,西安市,cvs
20251411,ELEME,76W419164A,1089040127,世纪华联超市(大理古城店),云南省,大理白族自治州,
20251411,ELEME,76W419199A,1088015193,佳嘉乐24H·精品超市,安徽省,合肥市,
20251411,ELEME,76W419436A,1090776044,惠宜选超市(济南贵和店),山东省,济南市,
20251411,ELEME,76W419441A,1088104449,友客(姚家东路万象城店),山东省,济南市,cvs
20251411,ELEME,76W419482A,1084271265,711(博荟店),上海市,上海市,cvs
20251411,ELEME,76W419536A,1082687129,世纪华联品乐超市(大融城店),上海市,上海市,
20251411,ELEME,76W419601A,1088551258,及时便利店(小榄九洲路30231店),广东省,中山市,cvs
20251411,ELEME,76W419605A,1088620284,及时(沙溪岐江公路30299店),广东省,中山市,cvs
20251411,ELEME,76W419617A,1088633282,及时便利店(小榄荼薇花园30486店),广东省,中山市,cvs
20251411,ELEME,76W419698A,1086487063,惠思客超市(长沙中心店),湖南省,长沙市,
20251411,ELEME,76W419759A,1089041063,711便利店(德州新华东区店),山东省,德州市,cvs
20251411,ELEME,76W419822A,660603319,海贩万家生活超市(融城金阶店),云南省,昆明市,smkt
20251411,ELEME,76W419858A,1088209198,美宜佳(海创广场鄂02129店),湖北省,襄阳市,cvs
20251411,ELEME,76W419874A,1090759269,邻几(贵池香格里拉店),安徽省,池州市,cvs
20251411,ELEME,76W419980A,1088881148,美宜佳(下河街川01213店),四川省,广元市,cvs
20251411,ELEME,76W420017A,1078085227,美宜佳(列东街闽02508店),福建省,三明市,cvs
20251411,ELEME,76W420054A,1087533104,美好便利(句容四季金辉店),江苏省,镇江市,cvs
20251411,ELEME,76W420075A,1090593049,惠通优品精选超市(市北店),山东省,青岛市,
20251411,ELEME,76W420088A,1088956033,惠利选超市,山东省,青岛市,
20251411,ELEME,76W420187A,1090249140,快客达环球超市(之江银泰店),浙江省,杭州市,
20251411,ELEME,76W420224A,1088579172,十足便利店(东航云锦中心店),浙江省,杭州市,cvs
20251411,ELEME,76W420276A,1088670084,京东便利店(江干店),浙江省,杭州市,
20251411,ELEME,76W420316A,1088872002,美宜佳(世纪城皖00553店),安徽省,亳州市,cvs
20251411,ELEME,76W420357A,1087111372,京东便利店(黑朱庄店),河南省,郑州市,
20251411,ELEME,76W420422A,1087633116,京东便利店(西双版纳总店),云南省,西双版纳傣族自治州,
20251411,ELEME,76W420572A,1090428194,熊本便利店(平乐园店),北京市,北京市,
20251411,ELEME,76W420579A,1087034204,隋你购连锁超市(通州玉桥店),北京市,北京市,
20251411,ELEME,76W420610A,1089161222,乐心宜超市(张自忠路店),北京市,北京市,
20251411,ELEME,76W420935A,1090650170,惠宜选超市(昌邑店),山东省,潍坊市,
20251411,ELEME,76W421171A,1088502082,日照百货大楼店,山东省,日照市,
20251411,ELEME,76W421313A,1087939350,罗森(5525义乌廿三里店),浙江省,金华市,cvs
20251411,ELEME,76W421355A,1084361451,罗森(南京仙林中心地铁站店),江苏省,南京市,cvs
20251411,ELEME,76W421364A,1088344385,乐宇生活超市,江苏省,南京市,
20251411,ELEME,76W421371A,1089593190,惠宜选超市(江宁大学城店),江苏省,南京市,
20251411,ELEME,76W421377A,1087641205,快赣特价超市(江北店),江苏省,南京市,
20251411,ELEME,76W421401A,1090405168,世纪万联超市(盐南店),江苏省,盐城市,
20251411,ELEME,76W421410A,1087637204,惠宜选超市(泰山新泰店),山东省,泰安市,
20251411,ELEME,76W421464A,1090071135,Today(漫时区店),湖北省,武汉市,cvs
20251411,ELEME,76W421505A,1089687234,京东便利店(东西湖店),湖北省,武汉市,
20251411,ELEME,76W421579A,1087236432,美宜佳(曙光星城C区鄂02103店),湖北省,武汉市,cvs
20251411,ELEME,76W421712A,1088607388,十足便利店(苏州中医医院店),江苏省,苏州市,cvs
20251411,ELEME,76W421718A,1088958025,美宜佳便利店(苏01198琴湖溪里店),江苏省,苏州市,cvs
20251411,ELEME,76W421734A,1086993218,仓鼠便利店,黑龙江省,齐齐哈尔市,
20251411,ELEME,76W421751A,1089447298,京东便利店(洛阳中心店),河南省,洛阳市,
20251411,ELEME,76W421758A,1090527193,惠宜选超市(涿州店),河北省,保定市,
20251411,ELEME,76W421781A,1088533215,罗森便利店(南充嘉陵中学店),四川省,南充市,cvs
20251411,ELEME,76W421787A,1089201424,美宜佳(吉隆街川01209店),四川省,南充市,cvs
20251411,ELEME,76W421789A,1068815098,美宜佳(炮台路川00916店),四川省,南充市,cvs
20251411,ELEME,76W422090A,1090736118,惠宜选超市(扬州高邮店),江苏省,扬州市,
20251411,ELEME,76W422124A,1085425442,ALDI奥乐齐超市(凯德晶萃店),上海市,上海市,mmkt
20251411,ELEME,76W422189A,1080254465,美宜佳(湖春景苑云00209号店),云南省,昆明市,cvs
20251411,ELEME,76W422313A,1088695224,美宜佳(鲜食V00723悦然广场店),广东省,佛山市,cvs
20251411,ELEME,76W422356A,1090190045,7-Eleven便利店(佰汇盈-3240店),广东省,佛山市,cvs
20251411,ELEME,76W422397A,1088878190,美宜佳(锦绣东路桂02500号店),广西壮族自治区,玉林市,cvs
20251411,ELEME,76W422427A,1090252487,乐豆家(华润橡府0596店),江西省,南昌市,cvs
20251411,ELEME,76W422464A,1084826407,美宜佳(豫1161华富商业店),河南省,安阳市,cvs
20251411,ELEME,76W422490A,1087604321,惠宜选超市(衡水店),河北省,衡水市,
20251411,ELEME,76W422584A,1090202036,惠宜选超市(镇江丹阳店),江苏省,镇江市,
20251411,ELEME,76W422594A,1087433401,美宜佳(月亮岛湘03822店),湖南省,张家界市,cvs
20251411,ELEME,76W422624A,1089527065,家家悦(青岛李沧印象湾店),山东省,青岛市,smkt
20251411,ELEME,76W422789A,1086338365,快客达环球超市(杭州总店),浙江省,杭州市,
20251411,ELEME,76W422794A,1078401198,欢迎鸭百货,浙江省,杭州市,
20251411,ELEME,76W422823A,1087994244,京东便利店(杭州店),浙江省,杭州市,
20251411,ELEME,76W422877A,1088809024,快客达环球超市(钱江新城店),浙江省,杭州市,
20251411,ELEME,76W422935A,1089874499,快客达·环球超市(永嘉上塘店),浙江省,温州市,
20251411,ELEME,76W422958A,1078017112,美宜佳便利店(浙00801佳乐花苑店),浙江省,温州市,cvs
20251411,ELEME,76W422979A,1089727156,美宜佳(至尊尚城皖00580店),安徽省,亳州市,cvs
20251411,ELEME,76W422994A,1085976068,鲸GO生活超市(西丽店),广东省,深圳市,
20251411,ELEME,76W422996A,1090509104,美宜佳(红星路川01233店),四川省,广安市,cvs
20251411,ELEME,76W423102A,1084283231,倾鑫优选生活超市(前进路店),河南省,郑州市,
20251411,ELEME,76W423136A,1089659435,惠宜选超市(威海韩乐坊店),山东省,威海市,
20251411,ELEME,76W423146A,1088366292,惠宜选超市(威海乳山店),山东省,威海市,
20251411,ELEME,76W423162A,1085943425,京东便利店(惠山万达店),江苏省,无锡市,
20251411,ELEME,76W423189A,1087830054,KKV(无锡江南大悦城店),江苏省,无锡市,mmkt
20251411,ELEME,76W423195A,1085059431,京东便利店(滨湖店),江苏省,无锡市,
20251411,ELEME,76W423243A,1079701006,小马购生活超市,河南省,濮阳市,
20251411,ELEME,76W423253A,1088570138,之佳便利(建水福康花源分店),云南省,红河哈尼族彝族自治州,cvs
20251411,ELEME,76W423256A,1090721128,凯辉便利(香江半岛店),贵州省,遵义市,cvs
20251411,ELEME,76W423271A,1090777225,凯辉便利(金科天宸店),贵州省,遵义市,cvs
20251411,ELEME,76W423780A,1070448500,罗森便利店(星光天地店),重庆市,重庆市,cvs
20251411,ELEME,76W423794A,1090829091,奥特乐(重庆大足吾悦店),重庆市,重庆市,mmkt
20251411,ELEME,76W423984A,1090926118,惠宜选超市(临朐店),山东省,潍坊市,
20251411,ELEME,76W424002A,1086548103,鲸GO生活超市(海珠店),广东省,广州市,
20251411,ELEME,76W424043A,1089642059,美宜佳(熙悦街粤31225店),广东省,广州市,cvs
20251411,ELEME,76W424118A,1071014111,乐易购生活超市(番禺店),广东省,广州市,
20251411,ELEME,76W424167A,1085872288,鲸GO生活超市(南城店),广东省,东莞市,
20251411,ELEME,76W424238A,1069607474,优佳·生活超市(温岭店),浙江省,台州市,
20251411,ELEME,76W424250A,1073357023,美宜佳(御景华府粤29296店),广东省,汕尾市,cvs
20251411,ELEME,76W424251A,1077703086,美宜佳(英豪大厦7236店),广东省,汕尾市,cvs
20251411,ELEME,76W424283A,1088959048,惠宜选超市(嘉善店),浙江省,嘉兴市,
20251411,ELEME,76W424286A,1089273478,世纪华联超市(嘉兴优选店),浙江省,嘉兴市,
20251411,ELEME,76W424458A,1086170441,惠宜选超市(天津生态城店),天津市,天津市,
20251411,ELEME,76W424463A,1089451038,京东便利店(天津店),天津市,天津市,
20251411,ELEME,76W424559A,1086011097,十足便利店(金华义乌北苑路店),浙江省,金华市,cvs
20251411,ELEME,76W424584A,1084903068,京东便利店(柏盛店),浙江省,绍兴市,
20251411,ELEME,76W424601A,1087266004,速买到超市(江宁店),江苏省,南京市,
20251411,ELEME,76W424676A,1086541095,世纪华联品乐超市(江宁东山店),江苏省,南京市,
20251411,ELEME,76W424804A,1090533472,沃缤纷超市(盘龙城店),湖北省,武汉市,
20251411,ELEME,76W424846A,1086949288,可多便利(招商一江璟城3店),湖北省,武汉市,cvs
20251411,ELEME,76W424881A,1077784036,沃缤纷超市(关山店),湖北省,武汉市,
20251411,ELEME,76W424925A,1077579490,沃缤纷超市(光谷东店),湖北省,武汉市,
20251411,ELEME,76W424988A,1086087472,京东便利店(柳州店),广西壮族自治区,柳州市,
20251411,ELEME,76W425053A,1086696446,美宜佳(久富广场皖00546店),安徽省,六安市,cvs
20251411,ELEME,76W425102A,1085854342,京东便利店(新区店),江苏省,苏州市,
20251411,ELEME,76W425236A,1087624310,美宜佳便利店(苏01211罗马假日店),江苏省,泰州市,cvs
20251411,ELEME,76W425284A,1088752295,美宜佳(志敏大道赣01953店),江西省,上饶市,cvs
20251411,ELEME,76W425345A,1088756010,万嘉生活超市(鼓楼店),福建省,福州市,cvs
20251411,ELEME,76W425374A,1077331338,六意便利店(杨桥东路店),福建省,福州市,cvs
20251411,ELEME,76W433338A,1056252363,美宜佳(秀程府桂01931号店),广西壮族自治区,南宁市,cvs
20251411,ELEME,76W433609A,1057416375,美宜佳(聚宝苑桂01962号店),广西壮族自治区,柳州市,cvs
20251411,ELEME,76W433618A,1057820369,美宜佳(清泉路粤28903店),广东省,东莞市,cvs
20251411,ELEME,76W433643A,1059170493,宏昌容汇广场店(定南店),江西省,赣州市,smkt
20251411,ELEME,76W433646A,1059261424,中商罗森(山南万茂华府店),安徽省,淮南市,cvs
20251411,ELEME,76W433774A,1061727320,唐久便利(恒大帝景南门店),陕西省,西安市,cvs
20251411,ELEME,76W433867A,1062945214,美宜佳(生活区6827店),广东省,梅州市,cvs
20251411,ELEME,76W433918A,1064124389,美宜佳(通江三路川00905店),四川省,广安市,cvs
20251411,ELEME,76W433946A,1064570306,十足便利店(温岭大厦店),浙江省,台州市,cvs
20251411,ELEME,76W433973A,1065119223,新天地超市(力旺康城伍店),吉林省,长春市,cvs
20251411,ELEME,76W434144A,1067263086,美宜佳(购物公园皖00236店),安徽省,安庆市,cvs
20251411,ELEME,76W434154A,1067377314,美宜佳(豫1349如意城店),河南省,信阳市,cvs
20251411,ELEME,76W434227A,1068029500,华润万家便利超市(品峰花园店),广东省,中山市,mmkt
20251411,ELEME,76W434353A,1068730151,十足便利店(南通中南世纪花城二期店),江苏省,南通市,cvs
20251411,ELEME,76W434401A,1068974382,友客(广州北路人民医院店),山东省,青岛市,cvs
20251411,ELEME,76W434465A,1069833454,美宜佳(秀灵路桂02295号店),广西壮族自治区,南宁市,cvs
20251411,ELEME,76W434524A,1070329321,吉优客超市(红旗嘉园店),吉林省,长春市,cvs
20251411,ELEME,76W434584A,1070886355,七鲜超市(北京广安门店),北京市,北京市,smkt
20251411,ELEME,76W434625A,1071022240,七鲜超市(北京亦城景园店),北京市,北京市,smkt
20251411,ELEME,76W434821A,1072334295,美宜佳(锦绣大道赣01723店),江西省,宜春市,cvs
20251411,ELEME,76W434850A,1072691440,卖可便利店(凯润花园店),山东省,临沂市,
20251411,ELEME,76W434940A,1073194080,24時便利店(红光店),四川省,成都市,
20251411,ELEME,76W434944A,1073225238,邻几(巢湖健康中路店),安徽省,合肥市,cvs
20251411,ELEME,76W435094A,1074863343,悦来悦喜(橄榄城店),河南省,郑州市,cvs
20251411,ELEME,76W435102A,1074942242,美宜佳(西湖三路粤30643店),广东省,东莞市,cvs
20251411,ELEME,76W435149A,1075692040,有家便利店(广泽中心店),湖北省,武汉市,cvs
20251411,ELEME,76W435194A,1076141077,美宜佳(新生村渝01702店),重庆市,重庆市,cvs
20251411,ELEME,76W435198A,1076169200,天福便利店(品峰花园13535店),广东省,中山市,cvs
20251411,ELEME,76W435214A,1076307197,7-Eleven便利店(金湾华发商都2期-4444店),广东省,珠海市,cvs
20251411,ELEME,76W435337A,1078186270,黄商超市(鄂州银海龙城1901店),湖北省,鄂州市,mmkt
20251411,ELEME,76W435355A,1078531197,万家兴达超市(璧山店),重庆市,重庆市,
20251411,ELEME,76W435385A,1080020312,好邻居超市(华邻店),广东省,云浮市,
20251411,ELEME,76W435438A,1080809017,友客(绿城紫薇广场店),山东省,青岛市,cvs
20251411,ELEME,76W435461A,1081287139,美宜佳(杏北三里闽02533店),福建省,厦门市,cvs
20251411,ELEME,76W435463A,1081294088,美宜佳(映日路湘03640店),湖南省,长沙市,cvs
20251411,ELEME,76W435470A,1081546475,每一天便利店(榆林和顺嘉苑店),陕西省,榆林市,cvs
20251411,ELEME,76W435491A,1082221227,美宜佳(招商花园贵01078号店),贵州省,毕节市,cvs
20251411,ELEME,76W435522A,1083355413,壹加壹超市(新家园店),广东省,中山市,smkt
20251411,ELEME,76W435550A,1084461274,美宜佳(心海州粤30893店),广东省,珠海市,cvs
20251411,ELEME,76W435595A,1084747154,京东便利店(袍江店),浙江省,绍兴市,
20251411,ELEME,76W435602A,1084779448,天福便利店(阳光假日小区1502店),广东省,惠州市,cvs
20251411,ELEME,76W435661A,1085098332,十足便利店(雁荡东路店),浙江省,温州市,cvs
20251411,ELEME,76W435696A,1085262219,美宜佳(西华大道川01173店),四川省,达州市,cvs
20251411,ELEME,76W435710A,1085339078,新天地超市(碧桂园太阳城二店),辽宁省,沈阳市,cvs
20251411,ELEME,76W435943A,1086672153,美宜佳(东较场路桂02453号店),广西壮族自治区,北海市,cvs
20251411,ELEME,76W435946A,1086686049,万客华联超市(咸阳店),陕西省,咸阳市,
20251411,ELEME,76W435963A,1086759263,乐豆家(青花东岸二0542店),江西省,南昌市,cvs
20251411,ELEME,76W435987A,1086906310,金虎便利(7097忻州建设路杏林街店),山西省,忻州市,cvs
20251411,ELEME,76W435992A,1086918387,京东便利店(南京店),江苏省,南京市,
20251411,ELEME,76W436001A,1086994160,罗森(5804台州海龙路店),浙江省,台州市,cvs
20251411,ELEME,76W436005A,1087011007,新佳宜便利店(万达公寓02240店),湖南省,常德市,cvs
20251411,ELEME,76W436011A,1087052084,罗森便利店(南川人民医院店),重庆市,重庆市,cvs
20251411,ELEME,76W436108A,1087239067,美宜佳(世纪大道湘03838店),湖南省,湘西土家族苗族自治州,cvs
20251411,ELEME,76W436214A,1087329290,美宜佳(万都广场粤15960店),广东省,肇庆市,cvs
20251411,ELEME,76W436270A,1087391396,美宜佳(鲜食V00707莲花广场店),广东省,深圳市,cvs
20251411,ELEME,76W436272A,1087394485,美宜佳(吾悦广场粤31171店),广东省,云浮市,cvs
20251411,ELEME,76W436317A,1087573292,优佳便利(腾冲店),云南省,保山市,
20251411,ELEME,76W436337A,1087627260,京东便利店(江宁店),江苏省,南京市,
20251411,ELEME,76W436405A,1087751423,七鲜超市(北京丰台和谐广场店),北京市,北京市,smkt
20251411,ELEME,76W436412A,1087767337,七鲜超市(北京顺义锦荟港店),北京市,北京市,smkt
20251411,ELEME,76W436493A,1087918293,天福便利店(兴围13058店),广东省,深圳市,cvs
20251411,ELEME,76W436529A,1087929332,新佳宜超市(国泰公馆2387店),湖南省,长沙市,cvs
20251411,ELEME,76W436543A,1087937011,星期天超市,重庆市,重庆市,
20251411,ELEME,76W436966A,1088260006,美宜佳(豫1525天桥店),河南省,南阳市,cvs
20251411,ELEME,76W436968A,1088265173,美宜佳(洋台湾贵01122号店),贵州省,遵义市,cvs
20251411,ELEME,76W436985A,1088319168,淘小丫连锁仓储超市(磐石店),吉林省,吉林市,
20251411,ELEME,76W437000A,1088362356,美宜佳便利店(苏00918金泰大厦店),江苏省,南通市,cvs
20251411,ELEME,76W437064A,1088541282,新佳宜便利店(西城壹号02200店),湖南省,长沙市,cvs
20251411,ELEME,76W437077A,1088557447,淘小丫连锁仓储超市(九台店),吉林省,长春市,
20251411,ELEME,76W437091A,1088570188,十足便利店(扬州环球金融城店),江苏省,扬州市,cvs
20251411,ELEME,76W437093A,1088574309,及时便利店(大涌岚田30162店),广东省,中山市,cvs
20251411,ELEME,76W437100A,1088589176,十足便利店(杭州萧山新农都一店),浙江省,杭州市,cvs
20251411,ELEME,76W437144A,1088663462,华联大多市总店超市,浙江省,嘉兴市,mmkt
20251411,ELEME,76W437200A,1088797051,天福便利店(河西车站7676店),广东省,茂名市,cvs
20251411,ELEME,76W437252A,1088873183,奥特乐(内江栖霞路店),四川省,内江市,mmkt
20251411,ELEME,76W437304A,1088908143,京东便利店(丰泽店),福建省,泉州市,
20251411,ELEME,76W437505A,1089055093,罗森便利店(1485甘井子高云街店),辽宁省,大连市,cvs
20251411,ELEME,76W437508A,1089073053,美宜佳(滨河北路渝01803店),重庆市,重庆市,cvs
20251411,ELEME,76W438058A,1089367025,我是超市,黑龙江省,大庆市,
20251411,ELEME,76W438095A,1089387006,罗森(南京香溢紫郡花园店),江苏省,南京市,cvs
20251411,ELEME,76W438099A,1089397094,美宜佳(规划路桂02543号店),广西壮族自治区,桂林市,cvs
20251411,ELEME,76W438229A,1089507041,万家兴达超市(马王坪店),重庆市,重庆市,
20251411,ELEME,76W438238A,1089525159,美宜佳(豫1528水景湾店),河南省,濮阳市,cvs
20251411,ELEME,76W438267A,1089577053,多当家·网上好超市(24h金井店),福建省,福州市,
20251411,ELEME,76W438311A,1089652325,世纪生活超市(宝山店),上海市,上海市,
20251411,ELEME,76W438319A,1089663183,罗森便利店(绵竹青年城邦店),四川省,德阳市,cvs
20251411,ELEME,76W438325A,1089675208,好一佳便利店,山东省,淄博市,
20251411,ELEME,76W438345A,1089722109,京东便利店(新石中路店),河北省,石家庄市,
20251411,ELEME,76W438369A,1089816069,飞鸽到家生活超市(武昌店),湖北省,武汉市,
20251411,ELEME,76W438394A,1090043391,优购精品超市(泉州万达店),福建省,泉州市,
20251411,ELEME,76W438457A,1090255274,新佳宜便利店(润和紫郡2402店),湖南省,长沙市,cvs
20251411,ELEME,76W438554A,1090376292,凯辉便利(伯爵花园店),贵州省,黔南布依族苗族自治州,cvs
20251411,ELEME,76W438678A,1090550486,711便利店(安宁吾悦广场店),云南省,昆明市,cvs
20251411,ELEME,76W438702A,1090569251,美宜佳(田寮大厦粤30801店),广东省,深圳市,cvs
20251411,ELEME,76W438714A,1090579478,罗森(南京御江金城店),江苏省,南京市,cvs
20251411,ELEME,76W438770A,1090625493,根源生鲜(根源官庄店),山东省,淄博市,mmkt
20251411,ELEME,76W438782A,1090634311,京东便利店(西湖店),浙江省,杭州市,
20251411,ELEME,76W438786A,1090636106,优享万物(兴华市场店),天津市,天津市,
20251411,ELEME,76W438833A,1090665366,快捷购精品超市(南宁店),广西壮族自治区,南宁市,
20251411,ELEME,76W438876A,1090689206,凯辉便利(天鹅湖康郡店),贵州省,遵义市,cvs
20251411,ELEME,76W438967A,1090737141,华润万家便利超市(鸿景华庭分店),广东省,深圳市,mmkt
20251411,ELEME,76W438984A,1090751082,喜洋洋精品超市(渝北店),重庆市,重庆市,
20251411,ELEME,76W438995A,1090759115,华润万家便利超市(鼎尚华庭店),广东省,深圳市,mmkt
20251411,ELEME,76W439035A,1090779438,美宜佳(榕筑花园B5栋贵01105号店),贵州省,贵阳市,cvs
20251411,ELEME,76W439042A,1090785278,超市发(串窑街店),河北省,张家口市,mmkt
20251411,ELEME,76W439086A,1090816307,海豚购(绿地468店),四川省,成都市,
20251411,ELEME,76W439107A,1090827292,海豚购(空港店),四川省,成都市,
20251411,ELEME,76W439155A,1090855117,美宜佳(黑鹿岩贵01082号店),贵州省,遵义市,cvs
20251411,ELEME,76W439191A,1090876154,保真华龙仓(中大街店),江苏省,连云港市,mmkt
20251411,ELEME,76W439205A,1090885460,美宜佳(财富中心川01282店),四川省,达州市,cvs
20251411,ELEME,76W439209A,1090886435,世纪生活超市(虹口店),上海市,上海市,
20251411,ELEME,76W439215A,1090889079,新佳宜便利店(明大佳园2393店),湖南省,长沙市,cvs
20251411,ELEME,76W439221A,1090896256,惠宜选超市(泰州姜堰店),江苏省,泰州市,
20251411,ELEME,76W439223A,1090897045,美宜佳(豫1555财富公馆店),河南省,南阳市,cvs
20251411,ELEME,76W439235A,1090903317,惠宜选超市(芜湖无为店),安徽省,芜湖市,
20251411,ELEME,76W439261A,1090922290,惠宜选超市(镇江句容店),江苏省,镇江市,
20251411,ELEME,76W439264A,1090924394,美宜佳(挺进路川01271店),四川省,雅安市,cvs
20251411,ELEME,76W439266A,1090925035,美宜佳(栗庙新村鄂02176店),湖北省,武汉市,cvs
20251411,ELEME,76W439285A,1090939350,美宜佳(保利广场川01076店),四川省,成都市,cvs
20251411,ELEME,76W439314A,1090959214,惠宜选超市(烟台莱山店),山东省,烟台市,
20251411,ELEME,76W439316A,1090959315,罗森便利店(阳光城店),四川省,成都市,cvs
20251411,ELEME,76W439323A,1090963301,可好(昌邑时尚街店051880店),山东省,潍坊市,cvs
20251411,ELEME,76W439347A,1090986273,京东便利店(昆山店),江苏省,苏州市,
20251411,ELEME,76W439378A,1091022035,711便利店(西安滨河学校店),陕西省,西安市,cvs
20251411,ELEME,76W439468A,1091143416,惠立送精品超市(观沙岭店),湖南省,长沙市,
20251411,ELEME,76W439496A,1091149428,京选便利店(高新店),陕西省,西安市,
20251411,ELEME,76W439516A,1091153016,金虎便利(7127大同御昌佳园店),山西省,大同市,cvs
20251411,ELEME,76W439518A,1091153150,邻侣超市(虹桥中心店),上海市,上海市,
20251411,ELEME,76W439614A,1091174498,美宜多生活超市(新洲店),广东省,深圳市,mmkt
20251411,ELEME,76W439683A,1091192393,盒马鲜生(南飞鸿乐荟中心店),陕西省,西安市,smkt
20251411,ELEME,76W439906A,1091236309,美宜佳(崔家店川01255店),四川省,成都市,cvs
20251411,ELEME,76W439912A,1091238113,超宜选精品超市(抚州店),江西省,抚州市,
20251411,ELEME,76W439975A,1091256307,家乐园超市(麒麟湾店),河北省,邢台市,smkt
20251411,ELEME,76W440104A,1091285334,美宜佳(麓溪薹川01230店),四川省,遂宁市,cvs
20251411,ELEME,76W440139A,1091294393,新佳宜便利店(东方新世界2410店),湖南省,长沙市,cvs
20251411,ELEME,76W440214A,1091310374,可多便利(武铁佳苑东区店),湖北省,武汉市,mmkt
20251411,ELEME,76W440393A,1091351074,美宜佳(和风世纪贵01151号店),贵州省,毕节市,cvs
20251411,ELEME,76W440402A,1091368041,美宜佳(海滨大道粤31573店),广东省,湛江市,cvs
20251411,ELEME,76W440417A,1091424016,美宜佳(购物公园赣00293店),江西省,抚州市,cvs
20251411,ELEME,76W440445A,1091564185,惠宜选超市(合肥庐江店),安徽省,合肥市,
20251411,ELEME,76W440446A,1091567326,惠宜选超市(合肥巢湖店),安徽省,合肥市,
20251411,ELEME,76W440477A,1091691362,乐心宜超市(公益西桥店),北京市,北京市,
20251411,ELEME,76W440501A,1091765477,惠宜选超市(东营广饶店),山东省,东营市,
20251411,ELEME,76W440508A,1091781170,壹度便利(32102金乡现代城店),山东省,济宁市,cvs
20251411,ELEME,76W440537A,1091883131,惠宜选超市(兰陵店),山东省,临沂市,
20251411,ELEME,76W440543A,1091903074,惠宜选超市(海阳店),山东省,烟台市,
20251411,ELEME,76W440545A,1091906138,惠宜选超市(徐州沛县店),江苏省,徐州市,
20251411,ELEME,76W440556A,1092009031,惠宜选超市(徐州新沂店),江苏省,徐州市,
20251411,ELEME,76W440558A,1092021011,惠宜选超市(合肥肥东店),安徽省,合肥市,
20251411,ELEME,76W440568A,1092191431,惠邻百佳超市(西三旗店),北京市,北京市,
20251411,ELEME,76W440597A,1092342304,沃缤纷超市(四新店),湖北省,武汉市,
20251411,ELEME,76W440602A,1092348420,美宜佳(盛源国际赣02010店),江西省,抚州市,cvs
20251411,ELEME,76W440677A,1092428328,十足便利店(宿迁锦华御园店),江苏省,宿迁市,cvs
20251411,ELEME,76W440678A,1092428484,惠宜选超市(白沟店),河北省,保定市,
20251411,ELEME,76W440683A,1092430409,惠宜选超市(济南长清大学店),山东省,济南市,
20251411,ELEME,76W440703A,1092438317,十足便利店(中电产业园店),浙江省,温州市,cvs
20251411,ELEME,76W440721A,1092447360,京东便利店(台州店),浙江省,台州市,
20251411,ELEME,76W440800A,1092479269,农嘉超(万道星光店),云南省,曲靖市,
20251411,ELEME,76W440809A,1092483326,罗森便利店(保定徐水馨泽园店),河北省,保定市,cvs
20251411,ELEME,76W440828A,1092489450,胜佳超市(先烈中路店),广东省,广州市,mmkt
20251411,ELEME,76W440871A,1092501192,快客达·环球超市(余杭中心店),浙江省,杭州市,
20251411,ELEME,76W440872A,1092501219,天福便利店(河西菜市场26055店),湖南省,怀化市,cvs
20251411,ELEME,76W440909A,1092509186,新天地超市(吉林西广场店),吉林省,吉林市,cvs
20251411,ELEME,76W440920A,1092511105,十足便利店(南通海安海洲新城店),江苏省,南通市,cvs
20251411,ELEME,76W440964A,1092521443,惠宜选超市(滨州西店),山东省,滨州市,
20251411,ELEME,76W440994A,1092527087,711便利店(烟台长岛乐园大街中心店),山东省,烟台市,cvs
20251411,ELEME,76W441088A,1092547404,惠宜选超市(邢台店),河北省,邢台市,
20251411,ELEME,76W441421A,1092609307,美宜佳(永安大道粤31145店),广东省,河源市,cvs
20251411,ELEME,76W441426A,1092610194,新天地超市(悦城店),黑龙江省,哈尔滨市,cvs
20251411,ELEME,76W441427A,1092610198,博利批发超市(华岩店),重庆市,重庆市,
20251411,ELEME,76W441434A,1092612014,优佰连锁超市(贵和店),辽宁省,沈阳市,
20251411,ELEME,76W441463A,1092615442,小龟快送超市(沙井店),广东省,深圳市,
20251411,ELEME,76W441557A,1092630065,惠宜选超市(临沂沂水店),山东省,临沂市,
20251411,ELEME,76W441649A,1092643244,美宜佳(阳光酒店粤24535店),广东省,韶关市,cvs
20251411,ELEME,76W441692A,1092652447,之佳便利(安宁保利檀樾分店),云南省,昆明市,cvs
20251411,ELEME,76W441695A,1092653155,唐久便利(运城信合名都北门店),山西省,运城市,cvs
20251411,ELEME,76W441845A,1092683381,新天地超市(吉林福鑫店),吉林省,吉林市,cvs
20251411,ELEME,76W441868A,1092687424,融惠微利便利店(康泰家园店),黑龙江省,哈尔滨市,cvs
20251411,ELEME,76W441905A,1092696472,畅淘集市精品超市(南京店),江苏省,南京市,
20251411,ELEME,76W441917A,1092698279,美宜佳(福缘小区鄂03377店),湖北省,荆门市,cvs
20251411,ELEME,76W441959A,1092707069,可多便利(金融港B26店),湖北省,武汉市,mmkt
20251411,ELEME,76W442250A,1092772092,惠宜选超市(盐城东台店),江苏省,盐城市,
20251411,ELEME,76W442370A,1092804275,华润万家MART(陆家嘴中心店),天津市,天津市,
20251411,ELEME,76W442504A,1092860163,天福便利店(三和馨源13709店),广东省,惠州市,cvs
20251411,ELEME,76W442607A,1092897152,惠宜选超市(铜山万达店),江苏省,徐州市,
20251411,ELEME,76W442622A,1092903222,鹿尚客精品超市(杭州中心店),浙江省,杭州市,
20251411,ELEME,76W442624A,1092904100,美宜佳(豫1550花园南路店),河南省,周口市,cvs
20251411,ELEME,76W442678A,1092922054,美宜佳(高苏坂村闽02596店),福建省,南平市,cvs
20251411,ELEME,76W442752A,1092947023,美宜佳(迎宾路湘03906店),湖南省,永州市,cvs
20251411,ELEME,76W442875A,1092983200,吉优客超市(前进大街店),吉林省,长春市,cvs
20251411,ELEME,76W442942A,1093013425,比优特超市(亿合城店),辽宁省,大连市,smkt
20251411,ELEME,76W443141A,1093089454,罗森(5609金华万达店),浙江省,金华市,cvs
20251411,ELEME,76W443142A,1093089471,711(太阳城凤山广场店),天津市,天津市,cvs
20251411,ELEME,76W443161A,1093096488,九耀精品超市(景洪店),云南省,西双版纳傣族自治州,
20251411,ELEME,76W443196A,1093112048,京东便利店(南山中心店),广东省,深圳市,
20251411,ELEME,76W443199A,1093113322,美宜佳(碧桂园粤25009店),广东省,韶关市,cvs
20251411,ELEME,76W443239A,1093138045,邻几(高新香御公馆店),安徽省,合肥市,cvs
20251411,ELEME,76W443247A,1093143110,京东便利店(南阳店),河南省,南阳市,
20251411,ELEME,76W443269A,1093154388,美宜佳(富美苑桂02603号店),广西壮族自治区,北海市,cvs
20251411,ELEME,76W443291A,1093165119,美宜佳(柏林路川01300店),四川省,眉山市,cvs
20251411,ELEME,76W443303A,1093172436,海豚购(合生汇店),四川省,成都市,
20251411,ELEME,76W443331A,1093185205,易小妹便利店,云南省,保山市,
20251411,ELEME,76W443338A,1093190236,美好便利(丹阳后巷店),江苏省,镇江市,cvs
20251411,ELEME,76W443428A,1093238247,京东便利店(潍坊中心店),山东省,潍坊市,
20251411,ELEME,76W443544A,1093294122,锦苑超市(河庄店),浙江省,杭州市,
20251411,ELEME,76W443567A,1093306156,十足便利店(金华义乌佛堂双林路店),浙江省,金华市,cvs
20251411,ELEME,76W443575A,1093309033,吉优客超市(中海阅麓山店),吉林省,长春市,cvs
20251411,ELEME,76W443584A,1093313140,十足便利店(苍南新世纪花园店),浙江省,温州市,cvs
20251411,ELEME,76W443622A,1093329339,六意便利店(禾郡店),福建省,福州市,cvs
20251411,ELEME,76W443686A,1093360351,美宜佳(钦北大道桂02561号店),广西壮族自治区,钦州市,cvs
20251411,ELEME,76W443771A,1093412219,罗森便利店(四季青路店),北京市,北京市,cvs
20251411,ELEME,76W443792A,1093433228,美宜佳(财富城鄂02186店),湖北省,黄冈市,cvs
20251411,ELEME,76W443810A,1093444029,惠宜选超市(济南大学店),山东省,济南市,
20251411,ELEME,76W443851A,1093464005,惠宜选超市(胶南店),山东省,青岛市,
20251411,ELEME,76W443954A,1093543220,美宜佳(谢桥农贸市场贵01161号店),贵州省,铜仁市,cvs
20251411,ELEME,76W444011A,1093588331,帮帮团超市(盐城建湖店),江苏省,盐城市,
20251411,ELEME,76W444012A,1093589170,美宜佳(新阳大道北鄂02210店),湖北省,荆门市,cvs
20251411,ELEME,76W444013A,1093589329,帮帮团超市(阜阳颍上店),安徽省,阜阳市,
20251411,ELEME,76W444051A,1093637077,惠宜选超市(莒南店),山东省,临沂市,
20251411,ELEME,76W444077A,1093668308,壹度便利(五一广场东门店),安徽省,亳州市,cvs
20251411,ELEME,76W444110A,1093696115,711便利店(广福路爱琴海店),云南省,昆明市,cvs
20251411,ELEME,76W444112A,1093697033,欧阳批发超市(天汇嘉园店),浙江省,温州市,
20251411,ELEME,76W444131A,1093719242,惠宜选超市(泰兴慧学巷店),江苏省,泰州市,
20251411,ELEME,76W444137A,1093723343,世纪精品超市(泥城店),上海市,上海市,
20251411,ELEME,76W444184A,1093772473,新佳宜便利店(益阳康富2447店),湖南省,益阳市,cvs
20251411,ELEME,76W444185A,1093773358,惠宜选超市(淮安涟水店),江苏省,淮安市,
20251411,ELEME,76W444205A,1093794010,美宜佳(上海大道渝01871店),重庆市,重庆市,cvs
20251411,ELEME,76W444217A,1093809121,京东便利店(普洱店),云南省,普洱市,
20251411,ELEME,76W444221A,1093811206,惠宜选超市(曹妃甸店),河北省,唐山市,
20251411,ELEME,76W444230A,1093820184,惠宜选超市(烟台龙口店),山东省,烟台市,
20251411,ELEME,76W444258A,1093851416,邻几(宣城江南书苑店),安徽省,宣城市,cvs
20251411,ELEME,76W444274A,1093861408,帮帮团超市(连云港灌云店),江苏省,连云港市,
20251411,ELEME,76W444287A,1093873162,帮帮团超市(烟台蓬莱店),山东省,烟台市,
20251411,ELEME,76W444297A,1093880381,新佳宜便利店(麓谷青年公寓2446店),湖南省,长沙市,cvs
20251411,ELEME,76W444399A,1093960063,邻几(宣州大唐国际店),安徽省,宣城市,cvs
20251411,ELEME,76W444428A,1093973049,邻几(芜湖柏庄时代金座店),安徽省,芜湖市,cvs
20251411,ELEME,76W444478A,1093995028,美宜佳(盛邦珑湖桂02619号店),广西壮族自治区,南宁市,cvs
20251411,ELEME,76W444566A,1094031171,711便利店(烟台蓬莱黄海花园店),山东省,烟台市,cvs
20251411,ELEME,76W444624A,1094060068,惠宜选超市(枣庄龙头市场店),山东省,枣庄市,
20251411,ELEME,76W444691A,1094084034,惠宜选超市(日照五莲店),山东省,日照市,
20251411,ELEME,76W444729A,1094104134,快客达·环球超市(宁波高新店),浙江省,宁波市,
20251411,ELEME,76W445052A,1094500030,佳惠超市(双福店),重庆市,重庆市,smkt
20251411,ELEME,76W445062A,239730437,7-Eleven便利店(上渡路-0509店),广东省,广州市,cvs
20251411,ELEME,76W445066A,239804172,大润发(北安店),黑龙江省,黑河市,hmkt
20251411,ELEME,76W445110A,266293397,北方超市(万宝店),黑龙江省,七台河市,mmkt
20251411,ELEME,76W445123A,270459116,美宜佳(中骏四季阳光闽01323店),福建省,漳州市,cvs
20251411,ELEME,76W445177A,292306143,罗森(双子楼店),江苏省,镇江市,cvs
20251411,ELEME,76W445227A,321107335,美宜佳(凤凰半岛粤20593店),广东省,肇庆市,cvs
20251411,ELEME,76W445401A,661039367,美宜佳(横栏镇粤25983店),广东省,中山市,cvs
20251411,ELEME,76W445406A,672722272,壹度便利(砀山东升国际北店),安徽省,宿州市,cvs
20251411,ELEME,76W445421A,709125071,老邻居(临港路店),四川省,成都市,mmkt
20251411,ELEME,76W445425A,727128207,友客(杭州路紫丁香店),山东省,青岛市,cvs
20251411,ELEME,76W445443A,831082026,美宜佳(壹城中心花园八区粤26545店),广东省,深圳市,cvs
20251411,ELEME,76W445478A,953044383,十足便利店(温州瑞安周松路店),浙江省,温州市,cvs
20251411,ELEME,76W445481A,959000068,十足便利店(温州东樾府店),浙江省,温州市,cvs
20251411,ELEME,76W451889A,1092978013,美宜佳(西乡街道粤31555店),广东省,深圳市,cvs
20251411,ELEME,76W451919A,1089888178,美宜佳便利店(苏01185中茵名都店),江苏省,连云港市,cvs
20251411,ELEME,76W452004A,1094295096,惠宜选超市(宣城宣州店),安徽省,宣城市,
20251411,ELEME,76W452034A,1095447429,天福便利店(盛璟华府13813店),广东省,茂名市,cvs
20251411,ELEME,76W452129A,1079859233,十足便利店(温州新世纪大厦店),浙江省,温州市,cvs
20251411,ELEME,76W452191A,1095675089,百意超市(东滩路店),山东省,济宁市,smkt
20251411,ELEME,76W452243A,1095615470,惠利民生活超市(蠡口中心店),江苏省,苏州市,
20251411,ELEME,76W452252A,1094834481,惠宜选超市(邯郸复兴店),河北省,邯郸市,
20251411,ELEME,76W452291A,1094396274,罗森便利店(成都龙泉世茂广场店),四川省,成都市,cvs
20251411,ELEME,76W452311A,1094765187,惠宜选超市(振兴路老店),河南省,濮阳市,
20251411,ELEME,76W452331A,1067186415,美宜佳(南门北街川00388店),四川省,南充市,cvs
20251411,ELEME,76W452355A,1089626426,May's Deli(保乐路店),上海市,上海市,
20251411,ELEME,76W452360A,1095725488,奥特乐(成都高新凯德天府店),四川省,成都市,mmkt
20251411,ELEME,76W452422A,1095492007,快赣特价超市(万达店),安徽省,合肥市,
20251411,ELEME,76W452490A,1095609427,百意购物中心(曲阜大店),山东省,济宁市,smkt
20251411,ELEME,76W452535A,1077277382,美宜佳(中海华府桂02380号店),广西壮族自治区,南宁市,cvs
20251411,ELEME,76W452537A,1094737397,乐心宜超市(国润大厦店),河北省,廊坊市,
20251411,ELEME,76W452607A,1094876387,惠宜选超市(连云墟沟店),江苏省,连云港市,
20251411,ELEME,76W452643A,1095024369,邻几(安庆经开管委会店),安徽省,安庆市,cvs
20251411,ELEME,76W452716A,1096441100,美宜佳(万寿路囗04039店),湖南省,永州市,cvs
20251411,ELEME,76W452845A,1096291176,乐心宜超市(泰达店),河北省,廊坊市,
20251411,ELEME,76W452906A,1095643260,京东便利店(合肥店),安徽省,合肥市,
20251411,ELEME,76W452911A,1095908110,惠邻百佳超市(广安门店),北京市,北京市,
20251411,ELEME,76W453003A,396531497,美宜佳(荣兴大厦桂00993号店),广西壮族自治区,防城港市,cvs
20251411,ELEME,76W453015A,1095645286,乐心宜超市(武清店),天津市,天津市,
20251411,ELEME,76W453047A,1096102304,惠宜选超市(安庆桐城店),安徽省,安庆市,
20251411,ELEME,76W453052A,1089448015,美宜佳(滨江大道渝01672店),重庆市,重庆市,cvs
20251411,ELEME,76W453085A,823182439,十足便利店(温州中庚漫游天地店),浙江省,温州市,cvs
20251411,ELEME,76W453115A,1082296131,美宜佳(水寨镇粤30538店),广东省,梅州市,cvs
20251411,ELEME,76W453120A,1095632238,美宜多生活超市(天誉店),广东省,深圳市,mmkt
20251411,ELEME,76W453141A,1093888375,惠宜选超市(亳州利辛店),安徽省,亳州市,
20251411,ELEME,76W453228A,1095079286,邻几(迎江伯顿公寓店),安徽省,安庆市,cvs
20251411,ELEME,76W453232A,1090866469,24客(八鸽岩店),贵州省,贵阳市,cvs
20251411,ELEME,76W453247A,1092591063,京东便利店(新北店),江苏省,常州市,
20251411,ELEME,76W453345A,1094925316,惠立送超市·搜04领红包(崇明店),上海市,上海市,
20251411,ELEME,76W453405A,1095196067,惠宜选超市(阜阳太和店),安徽省,阜阳市,
20251411,ELEME,76W453416A,1091623227,恒晟超市(诏安金座店),福建省,漳州市,smkt
20251411,ELEME,76W453420A,1092527033,美宜佳(教育路粤31700店),广东省,东莞市,cvs
20251411,ELEME,76W453429A,1085152438,7-Eleven便利店(粤北大厦1326店),广东省,广州市,cvs
20251411,ELEME,76W453434A,1056982137,罗森便利店(华宇广场二店),重庆市,重庆市,cvs
20251411,ELEME,76W453487A,1094926417,鲸GO生活超市(太安店),广东省,深圳市,
20251411,ELEME,76W453490A,1094520259,惠宜选超市(徐州丰县店),江苏省,徐州市,
20251411,ELEME,76W453503A,1095497051,711(云创小镇店),浙江省,宁波市,cvs
20251411,ELEME,76W453535A,1092428327,京东便利店(新区店),江苏省,无锡市,
20251411,ELEME,76W453569A,1095243071,惠邻百佳超市(循礼门店),湖北省,武汉市,
20251411,ELEME,76W453644A,1095609223,罗森(203766新崇南路店),上海市,上海市,cvs
20251411,ELEME,76W453670A,1094817487,惠宜选超市(济宁嘉祥店),山东省,济宁市,
20251411,ELEME,76W453843A,1094857122,快客达·环球超市(合肥万达店),安徽省,合肥市,
20251411,ELEME,76W453878A,1095502208,快客达·环球超市(下沙中心店),浙江省,杭州市,
20251411,ELEME,76W453923A,1018083342,可好(世茂悦海010412店),山东省,青岛市,cvs
20251411,ELEME,76W453942A,1094804431,优享购超市(大学城店),天津市,天津市,
20251411,ELEME,76W453967A,1095784319,新佳宜便利店(苹果公寓2449店),湖南省,长沙市,cvs
20251411,ELEME,76W453970A,1095414199,惠宜选超市(昌黎店),河北省,秦皇岛市,
20251411,ELEME,76W454008A,1071038215,七鲜超市(广州琶洲保利店),广东省,广州市,mmkt
20251411,ELEME,76W454080A,1094885197,快客达·环球超市(临城新区店),浙江省,舟山市,
20251411,ELEME,76W454141A,1094597337,惠宜选超市(威海环翠店),山东省,威海市,
20251411,ELEME,76W454148A,1095373156,京东便利店(下沙中心店),浙江省,杭州市,
20251411,ELEME,76W454151A,1095462275,美宜佳(御锦坊川01292店),四川省,德阳市,cvs
20251411,ELEME,76W454190A,1095893200,美宜佳(香雪大道粤31645店),广东省,广州市,cvs
20251411,ELEME,76W454212A,414074191,罗森(扬州砚池新寓店),江苏省,扬州市,cvs
20251411,ELEME,76W454230A,1095140183,家佳乐超市(鼎融店),福建省,宁德市,
20251411,ELEME,76W454250A,1093893385,京东便利店(大连中心店),辽宁省,大连市,
20251411,ELEME,76W454354A,1096186113,罗森(8776海宁万朵城店),浙江省,嘉兴市,cvs
20251411,ELEME,76W454441A,1093914257,海豚购(新都店),四川省,成都市,
20251411,ELEME,76W454459A,1090976026,隋你购连锁超市(天通苑店),北京市,北京市,
20251411,ELEME,76W454480A,1095131264,之佳便利(开远人和路分店),云南省,红河哈尼族彝族自治州,cvs
20251411,ELEME,76W454541A,283386358,阜阳华联(双清路店),安徽省,阜阳市,mmkt
20251411,ELEME,76W454557A,1092832132,美宜佳(晋403御东学府店),山西省,大同市,cvs
20251411,ELEME,76W454612A,1092451160,众客邻24h精品超市(马鞍山店),安徽省,马鞍山市,
20251411,ELEME,76W454629A,1095517081,乐心宜超市(西红门店),北京市,北京市,
20251411,ELEME,76W454667A,1095015331,邻几(弋江金玺广场店),安徽省,芜湖市,cvs
20251411,ELEME,76W454673A,1096317043,美宜佳(城南卫生院渝01948店),重庆市,重庆市,cvs
20251411,ELEME,76W454839A,1093551493,小叮当超市(大学城店),重庆市,重庆市,
20251411,ELEME,76W454848A,1095442333,美宜佳(凤景西路粤31610店),广东省,广州市,cvs
20251411,ELEME,76W454892A,1094003015,惠宜选超市(阜阳阜南店),安徽省,阜阳市,
20251411,ELEME,76W454945A,1085545483,美加美生活超市(凤翔花园店),广西壮族自治区,南宁市,cvs
20251411,ELEME,76W455009A,1090376006,十足便利店(兴宁路店),浙江省,宁波市,cvs
20251411,ELEME,76W455045A,1093254379,万家兴达超市(荣昌店),重庆市,重庆市,
20251411,ELEME,76W455060A,1095244094,唐久便利(阳光城西西里店),陕西省,咸阳市,cvs
20251411,ELEME,76W455090A,1093906287,乐心宜超市(东坝店),北京市,北京市,
20251411,ELEME,76W455200A,240100172,友客(万达CBD店),山东省,青岛市,cvs
20251411,ELEME,76W455393A,1093429075,惠美悠选超市(苏州高新店),江苏省,苏州市,
20251411,ELEME,76W455562A,1093331373,美宜佳便利店(居里路沪00159店),上海市,上海市,cvs
20251411,ELEME,76W455739A,1070546342,美宜佳便利店(苏01060东海国际店),江苏省,盐城市,cvs
20251411,ELEME,76W455792A,1094377250,惠宜选超市(日照莒县店),山东省,日照市,
20251411,ELEME,76W455914A,1095058128,乐心宜超市(小屯路店),北京市,北京市,
20251411,ELEME,76W455937A,1094802140,惠宜选超市(淮安洪泽店),江苏省,淮安市,
20251411,ELEME,76W456031A,1071011260,七鲜超市(深圳罗湖德弘里店),广东省,深圳市,smkt
20251411,ELEME,76W456315A,1093332489,世纪臻选超市(栖霞店),江苏省,南京市,
20251411,ELEME,76W456336A,1092668281,十足便利店(湖州织里爱家华府店),浙江省,湖州市,cvs
20251411,ELEME,76W456402A,1090690426,兴勤超市(万联店),广东省,惠州市,
20251411,ELEME,76W456452A,1095337432,家惠超市(海韵店),河北省,秦皇岛市,smkt
20251411,ELEME,76W456499A,1094876425,拾惠客24H超市(天津宁河店),天津市,天津市,
20251411,ELEME,76W456621A,1060907344,罗森(金地威新创新产业基地店),上海市,上海市,cvs
20251411,ELEME,76W456631A,1094252298,新佳宜便利店(铭城国际大厦2431店),湖南省,长沙市,cvs
20251411,ELEME,76W456660A,1094507432,美宜佳(沙坡路口桂02621号店),广西壮族自治区,玉林市,cvs
20251411,ELEME,76W456663A,1095626068,共橙一站式超市(湖州长兴店),浙江省,湖州市,
20251411,ELEME,76W456810A,1095855280,711便利店(丝路梦工厂店),陕西省,西安市,cvs
20251411,ELEME,76W456869A,1094734365,ALDI奥乐齐超市(天安千树店),上海市,上海市,mmkt
20251411,ELEME,76W456882A,1090917406,24客(金融城七店),贵州省,贵阳市,cvs
20251411,ELEME,76W456944A,360626234,天福(72022金华店),广东省,汕头市,cvs
20251411,ELEME,76W456956A,1095232017,罗森便利店(秦皇岛香玺海店),河北省,秦皇岛市,cvs
20251411,ELEME,76W456958A,1094414373,美宜佳(桃花源大道渝01865店),重庆市,重庆市,cvs
20251411,ELEME,76W457003A,1093955318,新天地超市(向阳小区店),辽宁省,沈阳市,cvs
20251411,ELEME,76W457038A,1093470294,京东便利店(厦门嘉庚店),福建省,厦门市,
20251411,ELEME,76W457043A,1095148262,京东便利店(保山中心店),云南省,保山市,
20251411,ELEME,76W457078A,1086660127,美宜佳便利店(苏01166龙扬大厦店),江苏省,镇江市,cvs
20251411,ELEME,76W457151A,1095046364,每一天便利店(咸阳秦都万达广场店),陕西省,咸阳市,cvs
20251411,ELEME,76W457293A,1092565027,众客邻24h精品超市(高新区店),安徽省,合肥市,
20251411,ELEME,76W457465A,1094859412,快客达·环球超市(合肥火车站店),安徽省,合肥市,
20251411,ELEME,76W457503A,1094941084,可好(学苑花园153630店),山东省,滨州市,cvs
20251411,ELEME,76W457624A,1095315125,24小时便利超市,浙江省,宁波市,
20251411,ELEME,76W457710A,1090653417,凯辉便利(新创路店),贵州省,贵阳市,cvs
20251411,ELEME,76W457727A,1095529429,快客达环球超市(白石巷店),浙江省,杭州市,
20251411,ELEME,76W457743A,1094121213,厦一单超市(创新园店),福建省,厦门市,
20251411,ELEME,76W457762A,1095076179,世纪精品超市(静安中心店),上海市,上海市,
20251411,ELEME,76W457906A,1094287299,美宜佳(漾城粤31895店),广东省,东莞市,cvs
20251411,ELEME,76W457945A,1095451401,美宜佳(紫金中心云00471号店),云南省,昆明市,cvs
20251411,ELEME,76W457974A,1094419085,快客达·环球超市(无锡中心店),江苏省,无锡市,
20251411,ELEME,76W457989A,1093615264,凯辉便利(米兰春天3店),贵州省,贵阳市,cvs
20251411,ELEME,76W458001A,1095400330,京东便利店(星级旗舰店),河南省,洛阳市,
20251411,ELEME,76W458018A,240175028,新力有家便利店(未来谷三店),江西省,南昌市,cvs
20251411,ELEME,76W458019A,1094480053,惠邻百佳超市(丽泽桥店),北京市,北京市,
20251411,ELEME,76W458067A,1094681094,悦来悦喜(万科祥贞苑店),河南省,郑州市,cvs
20251411,ELEME,76W458128A,1095011480,美宜佳(朗苑渝01913店),重庆市,重庆市,cvs
20251411,ELEME,76W458233A,1095375108,沃老大超市(优加店),浙江省,台州市,
20251411,ELEME,76W458291A,1094164124,瓜瓜到家(阎良店),陕西省,西安市,
20251411,ELEME,76W458355A,1094862387,惠邻百佳超市(石景山店),北京市,北京市,
20251411,ELEME,76W458396A,1085429146,7-11便利店(战坂路店),福建省,福州市,cvs
20251411,ELEME,76W458408A,1094211394,惠宜选超市(滁州全椒店),安徽省,滁州市,
20251411,ELEME,76W458499A,1093057440,佳多美超市(黄村店),北京市,北京市,
20251411,ELEME,76W458502A,1094657412,天福便利店(文创街13266店),广东省,茂名市,cvs
20251411,ELEME,76W458503A,1093942252,盒马鲜生(国贸360店),河南省,郑州市,smkt
20251411,ELEME,76W458521A,1095257374,美宜佳(舜帝北路湘03988店),湖南省,永州市,cvs
20251411,ELEME,76W458541A,1093913261,惠邻百货超市(青剑湖店),江苏省,苏州市,
20251411,ELEME,76W458555A,1094878347,惠宜选超市(盐城城东店),江苏省,盐城市,
20251411,ELEME,76W458558A,1094877050,711(爱企谷店),上海市,上海市,cvs
20251411,ELEME,76W458576A,239742440,美加美生活超市(名园店),广西壮族自治区,南宁市,cvs
20251411,ELEME,76W458582A,1095863484,火星便利店(围堤道店),天津市,天津市,
20251411,ELEME,76W458608A,1093059220,KKV(宁波海曙龙湖天街广场店),浙江省,宁波市,mmkt
20251411,ELEME,76W458632A,1094751473,家惠超市(山桥店),河北省,秦皇岛市,mmkt
20251411,ELEME,76W458673A,1095289183,美宜佳(积玉桥万达鄂02249店),湖北省,武汉市,cvs
20251411,ELEME,76W458755A,1095403234,新天地超市(恒大名都店),辽宁省,沈阳市,cvs
20251411,ELEME,76W458802A,1094420156,佳惠超市(麓山店),湖南省,长沙市,
20251411,ELEME,76W458878A,1094265159,京东便利店(万达店),江苏省,苏州市,
20251411,ELEME,76W458901A,1095670316,711便利店(保利星座店),云南省,昆明市,cvs
20251411,ELEME,76W458967A,1094203381,欢临精品超市(六安店),安徽省,六安市,
20251411,ELEME,76W458997A,1095175233,新合作(云集店),山东省,泰安市,smkt
20251411,ELEME,76W459052A,1094577324,惠宜选超市(临沂郯城店),山东省,临沂市,
20251411,ELEME,76W459059A,1095094488,京东便利店(隐秀路店),浙江省,杭州市,
20251411,ELEME,76W459137A,1095625069,小肆鲸选生活超市(恒大名都店),江苏省,盐城市,
20251411,ELEME,76W459188A,1094740425,熊本便利店(东花市店),北京市,北京市,
20251411,ELEME,76W459208A,1096069093,新佳宜便利店(汇蓝国际2477店),江西省,萍乡市,cvs
20251411,ELEME,76W459231A,1081320164,美宜佳(诗城路渝01655店),重庆市,重庆市,cvs
20251411,ELEME,76W459270A,1095166324,欢乐买(欢乐城店),江苏省,徐州市,smkt
20251411,ELEME,76W459304A,1095458336,熊猫购敏敏购物(国贸店),贵州省,遵义市,
20251411,ELEME,76W459306A,1095783453,鹏泰超市(东乡物流园店),江西省,抚州市,smkt
20251411,ELEME,76W459367A,1095554497,可好(凯润花园133522店),山东省,枣庄市,cvs
20251411,ELEME,76W459448A,1094805329,淘宝便利店(龙泉驿店),四川省,成都市,
20251411,ELEME,76W459461A,1094668299,京东便利店(常州中心店),江苏省,常州市,
20251411,ELEME,76W459486A,651048257,优同便利店(青铁华润城店),山东省,青岛市,cvs
20251411,ELEME,76W459492A,1094662208,京东便利店(九龙湖店),江西省,南昌市,
20251411,ELEME,76W459535A,1094844078,壹度便利(20912江山御景C区南门店),安徽省,蚌埠市,cvs
20251411,ELEME,76W459546A,1094380413,惠立送精品超市(徐汇店),上海市,上海市,
20251411,ELEME,76W459631A,1090291159,天福便利店(春城佳苑21617店),湖南省,长沙市,cvs
20251411,ELEME,76W459695A,1093611483,厦一单超市(软件园店),福建省,厦门市,
20251411,ELEME,76W459751A,1094192230,惠宜选超市(阜阳临泉店),安徽省,阜阳市,
20251411,ELEME,76W459852A,1094940461,友客(融创观湖店),山东省,青岛市,cvs
20251411,ELEME,76W459935A,1094911220,惠宜选超市(天津红桥店),天津市,天津市,
20251411,ELEME,76W459938A,1095287213,百意超市(大卖场店),山东省,济宁市,smkt
20251411,ELEME,76W459951A,1094394109,美宜佳(豫1570中骏世界城店),河南省,平顶山市,cvs
20251411,ELEME,76W459965A,1095146101,惠宜选超市(淮安盱眙店),江苏省,淮安市,
20251411,ELEME,76W460040A,1094798291,惠宜选超市(濮阳恒丰店),河南省,濮阳市,
20251411,ELEME,76W460150A,1095686206,惠邻百佳超市(798店),北京市,北京市,
20251411,ELEME,76W460153A,1094943118,惠宜选超市(菏泽曹县店),山东省,菏泽市,
20251411,ELEME,76W460193A,1094510286,沃缤纷超市(白沙洲店),湖北省,武汉市,
20251411,ELEME,76W460230A,1068561002,美宜佳(锦绣新城桂02218号店),广西壮族自治区,南宁市,cvs
20251411,ELEME,76W460251A,1087080030,美宜佳(水晶尚廷闽02561店),福建省,厦门市,cvs
20251411,ELEME,76W460310A,1090682129,三信超市(御河丹城店),山东省,菏泽市,mmkt
20251411,ELEME,76W460328A,1094598112,十足便利店(绍兴万悦城二店),浙江省,绍兴市,cvs
20251411,ELEME,76W460443A,1094653428,美好便利(张家港中海石化店),江苏省,苏州市,cvs
20251411,ELEME,76W460446A,1071963240,悦来悦喜(经开广场二店),河南省,郑州市,cvs
20251411,ELEME,76W460476A,1093345393,惠美悠选超市(宝利丰广场店),安徽省,合肥市,
20251411,ELEME,76W460492A,1094894372,美宜佳(东林大道渝01893店),重庆市,重庆市,cvs
20251411,ELEME,76W460540A,1094261415,罗森便利店(成华区成泰路店),四川省,成都市,cvs
20251411,ELEME,76W460570A,1094571207,美宜佳(岐北路粤14909店),广东省,中山市,cvs
20251411,ELEME,76W460577A,1094430421,惠宜选超市(宿迁泗阳店),江苏省,宿迁市,
20251411,ELEME,76W460600A,1080162291,黄商超市(团风幸福城0166店),湖北省,黄冈市,mmkt
20251411,ELEME,76W460607A,1094539486,惠宜选超市(绿地中央广场店),山东省,济南市,
20251411,ELEME,76W460626A,1095946115,新佳宜便利店(常德中德时代广场2426店),湖南省,常德市,cvs
20251411,ELEME,76W460697A,1094514357,新天地超市(合作街地铁站店),辽宁省,沈阳市,cvs
20251411,ELEME,76W460900A,1094162291,京东便利店(义乌店),浙江省,金华市,
20251411,ELEME,76W461011A,1089581128,世纪优品超市(星选店),上海市,上海市,
20251411,ELEME,76W461018A,1095167079,惠宜选超市(合肥长丰店),安徽省,合肥市,
20251411,ELEME,76W461052A,1095633300,百意生活超市(犁铧春秋店),山东省,济宁市,smkt
20251411,ELEME,76W461115A,1092518445,美宜佳(诗城西路渝01822店),重庆市,重庆市,cvs
20251411,ELEME,76W461126A,1094182159,京东便利店(相城店),江苏省,苏州市,
20251411,ELEME,76W461276A,1088846284,佳品易购(通州店),北京市,北京市,
20251411,ELEME,76W461384A,1092706308,京东便利店(都江堰店),四川省,成都市,
20251411,ELEME,76W461556A,1094948322,鲸GO生活超市(国贸店),广东省,深圳市,
20251411,ELEME,76W461587A,1085312410,悦来悦喜(洛阳凯旋西路汉庭店),河南省,洛阳市,cvs
20251411,ELEME,76W461622A,1090748293,邻几(宜秀弘阳广场店),安徽省,安庆市,cvs
20251411,ELEME,76W461745A,1095770450,世纪华联超市(普洱精品店),云南省,普洱市,
20251411,ELEME,76W461908A,1089201413,美宜佳(大唐世家一期闽02778店),福建省,厦门市,cvs
20251411,ELEME,76W461989A,1094406196,乐心宜超市(双桥店),北京市,北京市,
20251411,ELEME,76W462154A,1094547417,惠宜选超市(博兴店),山东省,滨州市,
20251411,ELEME,76W462269A,1094748053,天福便利店(梓湖明珠公寓21362店),湖南省,益阳市,cvs
20251411,ELEME,76W472536A,1096647303,711(扬州四望亭路店),江苏省,扬州市,cvs
20251411,ELEME,76W472569A,1098675283,帮帮团超市(扬州仪征店),江苏省,扬州市,
20251411,ELEME,76W472577A,1096657061,超盒算NB(闵行华光广场店),上海市,上海市,smkt
20251411,ELEME,76W472605A,1099502126,友客(威海路安家酒店店),山东省,青岛市,cvs
20251411,ELEME,76W472679A,1098407059,百世好邻超市(东南湖畔店),江苏省,苏州市,
20251411,ELEME,76W472701A,1095946421,京东便利店(湖里店),福建省,厦门市,
20251411,ELEME,76W472746A,1096677387,超盒算NB(浦东羽山乐坊店),上海市,上海市,smkt
20251411,ELEME,76W472763A,1099383173,中百罗森(健吾假日广场店),湖北省,武汉市,cvs
20251411,ELEME,76W472780A,1096791216,美宜佳(苏01361衡泰商业广场店),江苏省,镇江市,cvs
20251411,ELEME,76W472805A,1098302169,惠美悠选超市(司徒街店),黑龙江省,哈尔滨市,
20251411,ELEME,76W472831A,1096961306,美宜佳(浙00988通惠门店),浙江省,金华市,cvs
20251411,ELEME,76W472838A,1096623469,盒马鲜生(花漫里店),江苏省,南京市,smkt
20251411,ELEME,76W472850A,1097880138,天猫小店(河马便利涂山路店),安徽省,蚌埠市,
20251411,ELEME,76W472855A,1096727285,超盒算NB(金山卫零路店),上海市,上海市,smkt
20251411,ELEME,76W472868A,1095008102,惠立送精品超市(哈西万达店),黑龙江省,哈尔滨市,
20251411,ELEME,76W472937A,1098257205,京东便利店(胜利北街店),辽宁省,沈阳市,
20251411,ELEME,76W472943A,1098464477,华联万家超市(嘉善中心店),浙江省,嘉兴市,
20251411,ELEME,76W472945A,1099691120,鲸GO生活超市(大浪店),广东省,深圳市,
20251411,ELEME,76W472951A,1096677389,超盒算NB(金山石化店),上海市,上海市,smkt
20251411,ELEME,76W472960A,1096822310,快跑侠超市(凯旋路店),上海市,上海市,
20251411,ELEME,76W473003A,1099467429,共橙一站式超市(商丘文化路店),河南省,商丘市,
20251411,ELEME,76W473028A,1099254155,乐心宜超市(回龙观店),北京市,北京市,
20251411,ELEME,76W473070A,1099195202,超盒算NB(奉贤青村店),上海市,上海市,smkt
20251411,ELEME,76W473089A,1096798144,超盒算NB(宝山大华乐坊店),上海市,上海市,smkt
20251411,ELEME,76W473129A,1097833032,盒马鲜生(云州国际店),浙江省,杭州市,smkt
20251411,ELEME,76W473176A,1098700014,美宜佳(龙湖一号赣02049店),江西省,吉安市,cvs
20251411,ELEME,76W473182A,1099086200,乐心宜超市(金地中央店),北京市,北京市,
20251411,ELEME,76W473183A,1097177175,新佳宜便利店(华润凯旋门2232店),湖南省,长沙市,cvs
20251411,ELEME,76W473199A,1099388292,海豚购(武侯万达店),四川省,成都市,
20251411,ELEME,76W473233A,1096817364,京东便利店(鼓楼店),福建省,福州市,
20251411,ELEME,76W473244A,1097047223,京东便利店(金华店),浙江省,金华市,
20251411,ELEME,76W473256A,1098368242,快客达超市(鼓楼中心店),江苏省,南京市,
20251411,ELEME,76W473272A,1097612270,乐心宜超市(咸水沽店),天津市,天津市,
20251411,ELEME,76W473295A,1094549479,美宜佳(翡丽湾闽02499店),福建省,福州市,cvs
20251411,ELEME,76W473319A,1094766175,世纪华联超市(瑞安店),浙江省,温州市,
20251411,ELEME,76W473330A,1096447124,海豚购(泸州龙马潭店),四川省,泸州市,
20251411,ELEME,76W473331A,1096747343,海豚购(双流店),四川省,成都市,
20251411,ELEME,76W473464A,1098826026,惠立送精品超市(南岗区店),黑龙江省,哈尔滨市,
20251411,ELEME,76W473470A,1098190311,海豚购(中和店),四川省,成都市,
20251411,ELEME,76W473490A,1097203448,京东便利店(朝阳中心店),北京市,北京市,
20251411,ELEME,76W473497A,1097662354,易惠达超市(石榴庄店),北京市,北京市,
20251411,ELEME,76W473523A,1096618394,美宜佳(马田街道粤31705店),广东省,深圳市,cvs
20251411,ELEME,76W473536A,1096761216,超盒算NB(金山金房大厦店),上海市,上海市,smkt
20251411,ELEME,76W473604A,1097048095,京东便利店(24h开发区店),河北省,秦皇岛市,
20251411,ELEME,76W473704A,1096725270,超盒算NB(青浦华新店),上海市,上海市,smkt
20251411,ELEME,76W473727A,1097663268,京东便利店(隆阳店),云南省,保山市,
20251411,ELEME,76W473729A,1096852146,美宜佳(育才路桂02445号店),广西壮族自治区,梧州市,cvs
20251411,ELEME,76W473730A,1097815228,吉速便利店(宁波店),浙江省,宁波市,
20251411,ELEME,76W473737A,1096821290,十足便利店(尚海湾店),江苏省,南通市,cvs
20251411,ELEME,76W473738A,1099294367,美宜佳(怡苑路6633店),广东省,深圳市,cvs
20251411,ELEME,76W473868A,1096072295,帮帮团超市(通化东昌店),吉林省,通化市,
20251411,ELEME,76W473903A,1096962420,之佳便利(石林龙泉路分店),云南省,昆明市,cvs
20251411,ELEME,76W473909A,1098259012,711便利店(济南绿地城店),山东省,济南市,cvs
20251411,ELEME,76W473910A,1099254060,罗森(203819杨桃路店),上海市,上海市,cvs
20251411,ELEME,76W474031A,1099348243,共橙一站式超市(天津汉沽店),天津市,天津市,
20251411,ELEME,76W474044A,1095981203,京东便利店(良渚店),浙江省,杭州市,
20251411,ELEME,76W474045A,1096253464,惠邻百佳超市(大钟寺店),北京市,北京市,
20251411,ELEME,76W474048A,1097786244,京东便利店(蒙自中心店),云南省,红河哈尼族彝族自治州,
20251411,ELEME,76W474061A,1097641216,十足便利店(丽水缙云寺后东路店),浙江省,丽水市,cvs
20251411,ELEME,76W474073A,1096719268,超盒算NB(宝山淞南建配龙店),上海市,上海市,smkt
20251411,ELEME,76W474077A,1097757301,惠立送精品超市(花山路店),上海市,上海市,
20251411,ELEME,76W474098A,1099464421,邻里物语精品超市(双湾店),江苏省,苏州市,
20251411,ELEME,76W474100A,1096797163,超盒算NB(金山临源市场店),上海市,上海市,smkt
20251411,ELEME,76W474118A,1099529141,惠邻百佳超市(耿庄店),北京市,北京市,
20251411,ELEME,76W474148A,1097351101,美宜佳(冷江中路湘04101店),湖南省,永州市,cvs
20251411,ELEME,76W474193A,1096766212,超盒算NB(金山枫泾市场店),上海市,上海市,smkt
20251411,ELEME,76W474200A,1075195439,罗森(南京国际金融中心店),江苏省,南京市,cvs
20251411,ELEME,76W474242A,1099526005,帮帮团超市(邳州长江路店),江苏省,徐州市,
20251411,ELEME,76W474261A,1099313443,共橙一站式超市(溧水店),江苏省,南京市,
20251411,ELEME,76W474280A,1093234480,考拉易购生活超市(福田店),广东省,深圳市,
20251411,ELEME,76W474320A,1095634291,美宜佳(豫1582金山宾馆店),河南省,新乡市,cvs
20251411,ELEME,76W474338A,1096785180,超盒算NB(宝山德都店),上海市,上海市,smkt
20251411,ELEME,76W474374A,1096789177,超盒算NB(浦东百联临沂店),上海市,上海市,smkt
20251411,ELEME,76W474397A,1099284335,可好便利(万象汇后街061702店),山东省,淄博市,cvs
20251411,ELEME,76W474444A,1097596151,十足便利店(金华三路口店),浙江省,金华市,cvs
20251411,ELEME,76W474523A,1098741124,日客隆甄选24h生活超市,安徽省,合肥市,
20251411,ELEME,76W474536A,1096798145,超盒算NB(闵行都市路店),上海市,上海市,smkt
20251411,ELEME,76W474557A,1096728276,超盒算NB(嘉定临洮路地铁站店),上海市,上海市,smkt
20251411,ELEME,76W474572A,1098389421,罗森(7762南京谷里振容路店),江苏省,南京市,cvs
20251411,ELEME,76W474589A,1098500288,共橙一站式超市(定兴店),河北省,保定市,
20251411,ELEME,76W474607A,1096744284,超盒算NB(松江新城地铁站店),上海市,上海市,smkt
20251411,ELEME,76W474664A,1097142309,美宜佳(十方庵鄂02302店),湖北省,荆州市,cvs
20251411,ELEME,76W474718A,1096047411,世纪精品超市(朱家角店),上海市,上海市,
20251411,ELEME,76W474725A,1098014282,鲸GO生活超市(观澜店),广东省,深圳市,
20251411,ELEME,76W474728A,1095620487,Today(光谷天地店),湖北省,武汉市,cvs
20251411,ELEME,76W474734A,1096430425,美宜佳(木棆路粤31789店),广东省,东莞市,cvs
20251411,ELEME,76W474749A,1070364150,七鲜超市(上海瑞虹天地太阳宫店),上海市,上海市,smkt
20251411,ELEME,76W474786A,1096790058,友客(中杰时代公馆店),山东省,青岛市,cvs
20251411,ELEME,76W474788A,1098180361,美宜佳(十里银滩粤13189店),广东省,阳江市,cvs
20251411,ELEME,76W474791A,1098369166,惠邻百佳超市(亦庄店),北京市,北京市,
20251411,ELEME,76W474806A,1095427367,快客达超市(临平万宝城店),浙江省,杭州市,
20251411,ELEME,76W474822A,1097189050,美宜佳(苏01331金水湾店),江苏省,泰州市,cvs
20251411,ELEME,76W474832A,1094850387,美嘉汇·精选超市(萧山店),浙江省,杭州市,
20251411,ELEME,76W474862A,1098454431,京东便利店(龙岩中心店),福建省,龙岩市,
20251411,ELEME,76W474878A,1098473241,共橙一站式超市(唐山遵化店),河北省,唐山市,
20251411,ELEME,76W474888A,1098394315,惠立送便利超市(蛇口店),广东省,深圳市,
20251411,ELEME,76W474899A,1099233342,京东便利店(青秀山店),广西壮族自治区,南宁市,
20251411,ELEME,76W474924A,1095598274,京东便利店(顺德店),广东省,佛山市,
20251411,ELEME,76W474936A,1096871475,京东便利店(2店),陕西省,西安市,
20251411,ELEME,76W474969A,1090870107,美宜佳(沙井街道粤31388店),广东省,深圳市,cvs
20251411,ELEME,76W474989A,1096505351,快仓·臻选超市(江宁店),江苏省,南京市,
20251411,ELEME,76W474995A,1099633326,惠立送精品超市(迪士尼店),上海市,上海市,
20251411,ELEME,76W475007A,1096818106,超盒算NB(浦东棠人沣荟店),上海市,上海市,smkt
20251411,ELEME,76W475010A,1097977499,罗森(7794南京林业大学香樟苑店),江苏省,南京市,cvs
20251411,ELEME,76W475011A,1098614308,罗森便利店(泉港永嘉天地店),福建省,泉州市,cvs
20251411,ELEME,76W475041A,1099091184,超盒算NB(松江九里亭店),上海市,上海市,smkt
20251411,ELEME,76W475066A,1096705299,小仓生活(石景山店),北京市,北京市,
20251411,ELEME,76W475072A,1098610395,京东便利店(株洲天元区店),湖南省,株洲市,
20251411,ELEME,76W475113A,1091290231,乐卖特(上饶美地店),江西省,上饶市,smkt
20251411,ELEME,76W475121A,1097566426,美宜佳(廉南路桂02725号店),广西壮族自治区,北海市,cvs
20251411,ELEME,76W475123A,1098815329,京东便利店(拱墅区店),浙江省,杭州市,
20251411,ELEME,76W475129A,1099432276,快赣特价超市(光复店),上海市,上海市,
20251411,ELEME,76W475131A,1097158296,美宜佳(交警大楼赣02043店),江西省,吉安市,cvs
20251411,ELEME,76W475161A,1098282438,KKV(苏州龙湖狮山天街店),江苏省,苏州市,mmkt
20251411,ELEME,76W475167A,1092666500,罗森(248853常州金坛学基路店),江苏省,常州市,cvs
20251411,ELEME,76W475169A,1098665266,壹度便利(鄄城梦想城西门店),山东省,菏泽市,cvs
20251411,ELEME,76W475170A,1096607142,7-Eleven便利店(联创科技园1期-7466店),广东省,深圳市,cvs
20251411,ELEME,76W475180A,1088015174,京东便利店(杭州甄选百货店),浙江省,杭州市,
20251411,ELEME,76W475187A,1096897362,京东便利店(厦门中心店),福建省,厦门市,
20251411,ELEME,76W475188A,1097028067,海豚购(郫都店),四川省,成都市,
20251411,ELEME,76W475201A,1096081338,唐久便利(雁南寓店),陕西省,西安市,cvs
20251411,ELEME,76W475210A,1077851215,考拉易购生活超市(龙华店),广东省,深圳市,
20251411,ELEME,76W475248A,1097219222,中百罗森(英山步行街店),湖北省,黄冈市,cvs
20251411,ELEME,76W475270A,1098522420,帮帮团超市(徐州睢宁店),北京市,北京市,
20251411,ELEME,76W475273A,1097179110,京东便利店(南沙中心店),广东省,广州市,
20251411,ELEME,76W475304A,1096995441,美宜佳(浙00970时代雅居店),浙江省,金华市,cvs
20251411,ELEME,76W475320A,1096156195,拾惠客24H超市(华苑店),天津市,天津市,
20251411,ELEME,76W475347A,1096267025,京东便利店(商丘中心店),河南省,商丘市,
20251411,ELEME,76W475399A,1096249490,快时哆超市,广东省,深圳市,
20251411,ELEME,76W475417A,1073171106,壹度便利(宿州春江明月店),安徽省,宿州市,cvs
20251411,ELEME,76W475454A,1095275318,乐购汪超市(余杭区店),浙江省,杭州市,
20251411,ELEME,76W475498A,1087608385,美宜佳(新村一路粤24662店),广东省,茂名市,cvs
20251411,ELEME,76W475500A,1096833027,超盒算NB(杨浦国和店),上海市,上海市,smkt
20251411,ELEME,76W475522A,1096632335,京东便利店(中大御城店),湖北省,恩施土家族苗族自治州,
20251411,ELEME,76W475573A,1089815084,蛙蛙便利店(安贞店),北京市,北京市,
20251411,ELEME,76W475584A,1098114489,美宜佳(苏01378创客城店),江苏省,盐城市,cvs
20251411,ELEME,76W475683A,1098475484,世纪华联(华南店),辽宁省,大连市,
20251411,ELEME,76W475696A,1097291181,711便利店(德州学院西门店),山东省,德州市,cvs
20251411,ELEME,76W475730A,1098200318,小红岛(锁石苑店),江苏省,南京市,mmkt
20251411,ELEME,76W475740A,1097798419,十足便利店(鄞州万达店),浙江省,宁波市,cvs
20251411,ELEME,76W475748A,1097069344,美宜佳(朝阳西路渝01828店),重庆市,重庆市,cvs
20251411,ELEME,76W475763A,1099586223,世纪精品超市(浦江店),上海市,上海市,
20251411,ELEME,76W475798A,1099603387,伴跃超市(仙桃店),湖北省,仙桃市,
20251411,ELEME,76W475811A,1098440086,世纪精品超市(海湾店),上海市,上海市,
20251411,ELEME,76W475823A,1096830185,乂优选快送超市(广州南站店),广东省,广州市,
20251411,ELEME,76W475832A,1099158140,GULOUGourmand进口食品店,北京市,北京市,
20251411,ELEME,76W475856A,1098516260,共橙一站式超市(胶州店),山东省,青岛市,
20251411,ELEME,76W475880A,1098255237,盒马鲜生(夏都小镇店),上海市,上海市,smkt
20251411,ELEME,76W475903A,1098442263,共橙一站式超市(济宁泗水店),山东省,济宁市,
20251411,ELEME,76W475921A,1097400014,共橙超市(定远店),安徽省,滁州市,
20251411,ELEME,76W475930A,1099489359,海豚购(桐梓林店),四川省,成都市,
20251411,ELEME,76W476029A,1097837093,惠邻百佳超市(雅宝路店),北京市,北京市,
20251411,ELEME,76W476032A,1096775396,美宜佳(商贸新城湘04116店),湖南省,永州市,cvs
20251411,ELEME,76W476036A,1095397414,世纪精品超市(浦东中心店),上海市,上海市,
20251411,ELEME,76W476112A,1097287185,快捷购精品超市(郑州中心店),河南省,郑州市,
20251411,ELEME,76W476133A,1098576418,壹度便利(宿州新二中店),安徽省,宿州市,cvs
20251411,ELEME,76W476139A,1097607257,之上便利店(金色尚品店),浙江省,温州市,cvs
20251411,ELEME,76W476144A,1096207325,美宜佳(吉华街道粤32016店),广东省,深圳市,cvs
20251411,ELEME,76W476150A,1096868399,京东便利店(绵阳店),四川省,绵阳市,
20251411,ELEME,76W476212A,1098966042,惠美优选超市(北仑横河店),浙江省,宁波市,
20251411,ELEME,76W476288A,1096883478,美宜佳(新城新世界湘04122店),湖南省,长沙市,cvs
20251411,ELEME,76W476403A,1096087156,旺福超市(前山店),广东省,珠海市,
20251411,ELEME,76W476451A,1096694280,帮帮团超市(桐乡中心店),浙江省,嘉兴市,
20251411,ELEME,76W476563A,1099334272,共橙一站式超市(聊城东阿店),山东省,聊城市,
20251411,ELEME,76W476575A,1096802225,京东便利店(淮安店),江苏省,淮安市,
20251411,ELEME,76W476576A,1094541254,沃缤纷超市(街道口店),湖北省,武汉市,
20251411,ELEME,76W476610A,1095591238,京东便利店(新天地店),浙江省,杭州市,
20251411,ELEME,76W476638A,1097807498,新惠百货超市,湖北省,武汉市,
20251411,ELEME,76W476651A,1098197041,京东便利店(楚雄中心店),云南省,楚雄彝族自治州,
20251411,ELEME,76W476663A,1099112226,超盒算NB(杨浦五角场店),上海市,上海市,smkt
20251411,ELEME,76W476675A,1098091474,邻里物语精品超市(杭州中心店),浙江省,杭州市,
20251411,ELEME,76W476694A,1094782473,多米快送超市(丁桥中心店),浙江省,杭州市,
20251411,ELEME,76W476730A,1098470315,帮帮团超市(连云港灌南店),江苏省,连云港市,
20251411,ELEME,76W476748A,1096281454,京选生活超市(大理古城店),云南省,大理白族自治州,
20251411,ELEME,76W476761A,1095115433,满佳喜超市(集美中心店),福建省,厦门市,
20251411,ELEME,76W476788A,1096840012,超盒算NB(闵行山钢和润店),上海市,上海市,smkt
20251411,ELEME,76W476830A,1097737266,京东便利店(晋江中心店),福建省,泉州市,
20251411,ELEME,76W476846A,1097763128,美宜佳(柳君大酒店桂02742号店),广西壮族自治区,柳州市,cvs
20251411,ELEME,76W476853A,1098370493,京东便利店(天津南站店),天津市,天津市,
20251411,ELEME,76W476879A,1096275206,京东便利店老余杭店,浙江省,杭州市,
20251411,ELEME,76W476913A,1096722292,超盒算NB(闵行华漕U天地店),上海市,上海市,smkt
20251411,ELEME,76W476939A,1095934377,福永兴超市(康宁店),福建省,宁德市,
20251411,ELEME,76W476949A,1096839136,惠宜选超市(盐城滨海店),江苏省,盐城市,
20251411,ELEME,76W476987A,1096585450,乐心宜超市(三大街店),河北省,廊坊市,
20251411,ELEME,76W477019A,1096721277,超盒算NB(奉贤西渡店),上海市,上海市,smkt
20251411,ELEME,76W477089A,1095352095,京东便利店(安溪中心店),福建省,泉州市,
20251411,ELEME,76W477135A,1098647007,惠宜选超市(留驾庄店),山西省,运城市,
20251411,ELEME,76W477145A,1096768216,超盒算NB(普陀桃浦店),上海市,上海市,smkt
20251411,ELEME,76W477153A,1096646419,乐购汪超市(嘉定壹号店),上海市,上海市,
20251411,ELEME,76W477185A,1097764250,京东便利店(顺德旗舰店),广东省,佛山市,
20251411,ELEME,76W477196A,1097098163,惠邻百佳超市(新街口店),北京市,北京市,
20251411,ELEME,76W477250A,1095892201,美宜佳(坪地街道粤30923店),广东省,深圳市,cvs
20251411,ELEME,76W477257A,1096183163,飞鼠仓储便利超市(古塔总店),辽宁省,锦州市,
20251411,ELEME,76W477264A,1098420333,惠宜选超市(房山长阳店),北京市,北京市,
20251411,ELEME,76W477271A,1096679207,711(淮安香格里拉店),江苏省,淮安市,cvs
20251411,ELEME,76W477312A,1096824236,美宜佳(豫1608人才公寓店),河南省,郑州市,cvs
20251411,ELEME,76W477327A,1097095389,711(启东南海路店),江苏省,南通市,cvs
20251411,ELEME,76W477332A,1098165379,小红岛(保利中央公园店),江苏省,南京市,mmkt
20251411,ELEME,76W477364A,1097103192,盛惠嘉选精品超市(佳林路店),上海市,上海市,
20251411,ELEME,76W477385A,1094057165,美宜佳(智富大厦粤31101店),广东省,深圳市,cvs
20251411,ELEME,76W477406A,1097138470,熊本校园超市(亚运村店),北京市,北京市,
20251411,ELEME,76W477415A,1096687385,超盒算NB(嘉定菊园店),上海市,上海市,smkt
20251411,ELEME,76W477471A,1096511372,小仓生活(清河店),北京市,北京市,
20251411,ELEME,76W477489A,1096701119,京东便利店(石狮中心店),福建省,泉州市,
20251411,ELEME,76W477508A,1096881391,乐豆家(丰城三中0609店),江西省,宜春市,cvs
20251411,ELEME,76W477571A,1096556500,十足便利店(椒江宝龙广场店),浙江省,台州市,cvs
20251411,ELEME,76W477612A,1096622494,惠宜选超市(李沧松乐汀店),山东省,青岛市,
20251411,ELEME,76W477648A,1097064451,惠宜选超市(西海岸万达店),山东省,青岛市,
20251411,ELEME,76W477658A,1095724285,京东便利店(莆田中心店),福建省,莆田市,
20251411,ELEME,76W477675A,1096132470,美宜佳(万达广场粤31701店),广东省,广州市,cvs
20251411,ELEME,76W477728A,1098197336,小红岛(春江佳园店),江苏省,南京市,mmkt
20251411,ELEME,76W477784A,1090392401,十足便利店(绍兴上虞万悦城店),浙江省,绍兴市,cvs
20251411,ELEME,76W477810A,1096579128,华欣超市(电子科大店),四川省,成都市,
20251411,ELEME,76W477823A,1098031213,鲸GO生活超市(海珠中心店),广东省,广州市,
20251411,ELEME,76W477828A,1096609135,7-Eleven便利店(肇庆敏捷城5604店),广东省,肇庆市,cvs
20251411,ELEME,76W477835A,1095836400,京东便利店(合肥店),安徽省,合肥市,
20251411,ELEME,76W477869A,1099542037,7-11便利店(惠安禹悦汇店),福建省,泉州市,cvs
20251411,ELEME,76W477875A,1098244205,唐久便利(咸阳上林天地店),陕西省,咸阳市,cvs
20251411,ELEME,76W477941A,1096313151,美宜佳(汉阳大道鄂02138店),湖北省,武汉市,cvs
20251411,ELEME,76W477962A,1097047049,小仓生活(大寺店),天津市,天津市,
20251411,ELEME,76W477972A,1098596452,帮帮团超市(玉田店),河北省,唐山市,
20251411,ELEME,76W477983A,1095608116,世纪优品超市(赣州店),江西省,赣州市,
20251411,ELEME,76W478208A,1070638424,七七加超市(月湖店),湖南省,长沙市,
20251411,ELEME,76W478231A,1098448163,新佳宜便利店(常德万达金街2508店),湖南省,常德市,cvs
20251411,ELEME,76W478232A,1099087277,京东便利店(泰州中心店),江苏省,泰州市,
20251411,ELEME,76W478278A,1097393428,7-ELEVEn(邵阳友阿国际广场店),湖南省,邵阳市,cvs
20251411,ELEME,76W478382A,1096463037,京东便利店(杭州湾中心店),浙江省,宁波市,
20251411,ELEME,76W478383A,1096132194,福永兴超市(方圆荟店),福建省,宁德市,
20251411,ELEME,76W478512A,1096209360,711便利店(烟台力高阳光海岸店),山东省,烟台市,cvs
20251411,ELEME,76W478515A,1097796198,新佳宜便利店(中天星耀城2409店),湖南省,长沙市,cvs
20251411,ELEME,76W478568A,1098054200,小红岛(清荷南园店),江苏省,南京市,mmkt
20251411,ELEME,76W478570A,1096835018,超盒算NB(浦东永泰路店),上海市,上海市,smkt
20251411,ELEME,76W478601A,1097701445,7-Eleven便利店(王府井紫薇港1-3248店),广东省,佛山市,cvs
20251411,ELEME,76W478629A,1099059016,华欣超市(宽窄巷子店),四川省,成都市,
20251411,ELEME,76W478671A,1096622451,711便利店(烟台创业大厦店),山东省,烟台市,cvs
20251411,ELEME,76W482550A,1099308031,世纪精品超市(老西门店),上海市,上海市,
20251411,ELEME,76W482554A,1096743009,美宜佳(购物公园湘04057店),湖南省,岳阳市,cvs
20251411,ELEME,76W482560A,1098042155,京东便利店(哈尔滨店),黑龙江省,哈尔滨市,
20251411,ELEME,76W482626A,1101399150,快捷购精品超市(宝安店),广东省,深圳市,
20251411,ELEME,76W482645A,1100145274,世纪华联超市(朝阳路店),浙江省,湖州市,
20251411,ELEME,76W482680A,1100368458,益家顺连锁便利店(益阳店),湖南省,益阳市,
20251411,ELEME,76W482688A,1102103240,乐心宜超市(东湖雅居店),河北省,保定市,
20251411,ELEME,76W482704A,1099605056,KKV(苏州昆山金鹰国际购物中心店),江苏省,苏州市,mmkt
20251411,ELEME,76W482737A,1080098278,十足便利店(杭州滨河生活广场店),浙江省,杭州市,cvs
20251411,ELEME,76W482749A,1100081317,711(丹阳练湖新城店),江苏省,镇江市,cvs
20251411,ELEME,76W482784A,1098375413,罗森便利店(1518金石滩鲁美店店),辽宁省,大连市,cvs
20251411,ELEME,76W482827A,1099100347,盒马鲜生(中信泰富店),上海市,上海市,smkt
20251411,ELEME,76W482864A,1100813126,乐心宜超市(马甸店),北京市,北京市,
20251411,ELEME,76W483110A,1099546207,共橙一站式超市(怀宁中心店),安徽省,安庆市,
20251411,ELEME,76W483127A,1096575257,十足(广德小区店),浙江省,杭州市,cvs
20251411,ELEME,76W483200A,1099438420,共橙一站式超市(舒城店),安徽省,六安市,
20251411,ELEME,76W483256A,1063786111,邻几(安庆师范大学店),安徽省,安庆市,cvs
20251411,ELEME,76W483427A,1099699170,快客达·环球超市(宁波北仑店),浙江省,宁波市,
20251411,ELEME,76W483448A,1100633090,拾客精品超市(宿州城隍庙店),安徽省,宿州市,
20251411,ELEME,76W483519A,1100466009,世纪华联超市(宜兴中心店),江苏省,无锡市,
20251411,ELEME,76W483548A,1099591301,昔多购超市(浏阳店),湖南省,长沙市,
20251411,ELEME,76W483557A,1099313205,京东便利店(武进店),江苏省,常州市,
20251411,ELEME,76W483603A,1075657395,邻几(华地金融中心B座店),安徽省,合肥市,cvs
20251411,ELEME,76W483623A,1097840200,之佳便利(文山泰康小区分店),云南省,文山壮族苗族自治州,cvs
20251411,ELEME,76W483633A,1095960224,福永兴超市(金涵店),福建省,宁德市,
20251411,ELEME,76W483672A,1100084426,吉优客超市(双丰西路润德店),吉林省,长春市,cvs
20251411,ELEME,76W483706A,1099474422,今来福生活超市(南宁江南店),广西壮族自治区,南宁市,
20251411,ELEME,76W483733A,1100140183,京东便利店(杭州中心店),浙江省,杭州市,
20251411,ELEME,76W483749A,1099394477,千家顺·鲸选超市(南安水头店),福建省,泉州市,
20251411,ELEME,76W483807A,1097633462,京牛快送超市(谷饶店),广东省,汕头市,
20251411,ELEME,76W483850A,1097055270,新佳宜便利店(美的麓府2485店),湖南省,长沙市,cvs
20251411,ELEME,76W483856A,1099403284,京东便利店(泉州旗舰店),福建省,泉州市,
20251411,ELEME,76W483874A,1098424447,美宜佳(晋418羽姿苑小区店),山西省,长治市,cvs
20251411,ELEME,76W483903A,1100207200,唐久便利店(3868御河湾二期店),山西省,大同市,cvs
20251411,ELEME,76W483938A,1100123159,7-ELEVEn(澧县万达店),湖南省,常德市,cvs
20251411,ELEME,76W484028A,1101920378,美宜佳(兴顺路粤32660店),广东省,佛山市,cvs
20251411,ELEME,76W484164A,1098416264,吉优客超市(高新南区润德润寓店),吉林省,长春市,cvs
20251411,ELEME,76W484169A,1097674473,厦一单超市(湖里大道店),福建省,厦门市,
20251411,ELEME,76W484216A,1098178204,罗森便利店(3222北站路分店),辽宁省,沈阳市,cvs
20251411,ELEME,76W484319A,1099591135,共橙一站式超市(泗洪中心店),江苏省,宿迁市,
20251411,ELEME,76W484374A,648623133,副采吉麦隆(人民路店),江苏省,泰州市,smkt
20251411,ELEME,76W484392A,1100142358,吉优客超市(澳海东方1号店),吉林省,长春市,cvs
20251411,ELEME,76W484525A,1095142023,罗森(218936张家港万达店),江苏省,苏州市,cvs
20251411,ELEME,76W484546A,1101029092,美宜佳(港宝商贸街桂02860号店),广西壮族自治区,贵港市,cvs
20251411,ELEME,76W484553A,1099445415,共橙一站式超市(枣庄新城店),山东省,枣庄市,
20251411,ELEME,76W484657A,1097059003,美宜佳(太悦城湘00641店),湖南省,长沙市,cvs
20251411,ELEME,76W484726A,1096438236,美宜佳(还珠南路桂02680号店),广西壮族自治区,北海市,cvs
20251411,ELEME,76W484871A,1099809351,24客(淮河路店),贵州省,贵阳市,cvs
20251411,ELEME,76W484873A,1099936057,全佳福超市,四川省,成都市,
20251411,ELEME,76W484880A,1096731138,美宜佳(城门店),福建省,福州市,cvs
20251411,ELEME,76W484902A,1100690227,铃铛购超市(绵阳中心店),四川省,绵阳市,
20251411,ELEME,76W484955A,1099676200,世纪精品超市(松江店),上海市,上海市,
20251411,ELEME,76W484996A,1100029399,盒马鲜生(闵行凯德店),上海市,上海市,smkt
20251411,ELEME,76W485016A,1101118076,星亦选精品超市,广东省,揭阳市,
20251411,ELEME,76W485029A,1098684267,十足便利店(首府名邸店),江苏省,南通市,cvs
20251411,ELEME,76W485050A,1098432182,京东便利店(黄岛店),山东省,青岛市,
20251411,ELEME,76W485079A,1099511228,京东便利店(日照店),山东省,日照市,
20251411,ELEME,76W485087A,1097062472,美宜佳(洪山大道赣02073店),江西省,萍乡市,cvs
20251411,ELEME,76W485110A,1098276285,美宜佳(福永桥头粤16305店),广东省,深圳市,cvs
20251411,ELEME,76W485203A,1096526357,十足(品果PARK店),浙江省,杭州市,cvs
20251411,ELEME,76W485230A,1099417184,中百罗森(赤壁丰业盛世店),湖北省,咸宁市,cvs
20251411,ELEME,76W485264A,1099596089,罗森便利店(鹤洞新天地店),广东省,广州市,cvs
20251411,ELEME,76W485326A,1096897468,华宁超市(连江店),福建省,福州市,
20251411,ELEME,76W485414A,1098720456,711便利店(安宁万达店),云南省,昆明市,cvs
20251411,ELEME,76W485418A,1100298485,昔多购便利店(湘龙店),湖南省,长沙市,
20251411,ELEME,76W485462A,1100679008,7-11便利店(中山公园地铁站店),湖北省,武汉市,cvs
20251411,ELEME,76W485543A,1096603398,吉优客超市(震宇街店),吉林省,长春市,cvs
20251411,ELEME,76W485617A,1098191313,美宜佳(贵01233号店),贵州省,遵义市,cvs
20251411,ELEME,76W485650A,1096826271,十足便利店(湖滨华庭店),江苏省,南通市,cvs
20251411,ELEME,76W485737A,1099537194,帮帮团超市(淮南中心店),安徽省,淮南市,
20251411,ELEME,76W485843A,1099572136,惠立送精品超市(湖州店),浙江省,湖州市,
20251411,ELEME,76W485942A,1097068068,京东便利店(曾厝垵店),福建省,厦门市,
20251411,ELEME,76W486048A,1097083107,福永兴超市(罗源店),福建省,福州市,
20251411,ELEME,76W486066A,1097917015,美宜佳(晋376祥云府店),山西省,太原市,cvs
20251411,ELEME,76W486110A,1099806484,之上便利店(城中城店),浙江省,金华市,cvs
20251411,ELEME,76W486179A,1099724147,世纪生活超市(小上海店),上海市,上海市,
20251411,ELEME,76W486317A,1097086350,邻几(铜陵职业技术学院店),安徽省,铜陵市,cvs
20251411,ELEME,76W486332A,1098131060,乐购汪超市(宝山区店),上海市,上海市,
20251411,ELEME,76W486406A,1098601177,连心超市(美丽华店),河南省,安阳市,
20251411,ELEME,76W486408A,1099573106,新佳宜便利店(青云苑2528店),湖南省,长沙市,cvs
20251411,ELEME,76W486451A,1099566036,罗森(218937张家港北京路店),江苏省,苏州市,cvs
20251411,ELEME,76W486547A,1097855163,融惠微利便利店(红军街店),黑龙江省,哈尔滨市,cvs
20251411,ELEME,76W486557A,1099982283,海豚购(乐山市中区店),四川省,乐山市,
20251411,ELEME,76W486586A,1099409478,共橙一站式超市(淄博吾悦店),山东省,淄博市,
20251411,ELEME,76W486595A,1099873220,24客(绿地联盛国际三店),贵州省,贵阳市,cvs
20251411,ELEME,76W486642A,1099416230,共橙一站式超市(保定徐水店),河北省,保定市,
20251411,ELEME,76W486656A,1099537221,京东便利店(福州旗舰店),福建省,福州市,
20251411,ELEME,76W486728A,1098326298,每日兴生活超市,浙江省,杭州市,mmkt
20251411,ELEME,76W486764A,1100212367,京东便利店(顺德中心店),广东省,佛山市,
20251411,ELEME,76W486799A,1096818337,十足便利店(金韵华庭店),江苏省,南通市,cvs
20251411,ELEME,76W486805A,1098468425,优同便利店(济南青岛路店),山东省,济南市,cvs
20251411,ELEME,76W486806A,1099589193,京东便利店(锦绣店),上海市,上海市,
20251411,ELEME,76W486834A,1096785316,Today(城建坤璟大厦店),湖北省,武汉市,cvs
20251411,ELEME,76W486954A,1094987425,邻几(宜秀栢悦中心店),安徽省,安庆市,cvs
20251411,ELEME,76W487028A,1100935365,7-Eleven便利店(虎门南部湾-4087店),广东省,东莞市,cvs
20251411,ELEME,76W487131A,1099659014,万嘉生活超市(晋安店),福建省,福州市,cvs
20251411,ELEME,76W487141A,1076201379,悦来悦喜(富田丽景花园店),河南省,郑州市,cvs
20251411,ELEME,76W487174A,1097096424,美宜佳(鲁201和谐家苑店),山东省,聊城市,cvs
20251411,ELEME,76W487256A,1098339216,美宜佳(小溪桥湘04071店),湖南省,湘西土家族苗族自治州,cvs
20251411,ELEME,76W487324A,1098169481,盒马鲜生(mini明中广场店),上海市,上海市,smkt
20251411,ELEME,76W487333A,1099476447,超好购生活超市(万顺家园店),广西壮族自治区,南宁市,
20251411,ELEME,76W487381A,1100208309,沃家惠生活超市(武进店),江苏省,常州市,
20251411,ELEME,76W487393A,1101418291,京东便利店(南宁中心店),广西壮族自治区,南宁市,
20251411,ELEME,76W487467A,1099399277,欢乐邻居生活超市(平山店),广东省,惠州市,
20251411,ELEME,76W487646A,1098192454,可好(香榭大厦061799店),山东省,淄博市,cvs
20251411,ELEME,76W487657A,1099423405,天猫小店(丽江精选超市民主路店),云南省,丽江市,
20251411,ELEME,76W487661A,1095886227,美宜佳(君兰半岛赣02047店),江西省,赣州市,cvs
20251411,ELEME,76W487739A,1099401169,融惠微利便利店(保利五期店),黑龙江省,哈尔滨市,cvs
20251411,ELEME,76W487779A,1102097284,乐心宜超市(总督署店),河北省,保定市,
20251411,ELEME,76W487880A,1101066472,美宜佳(沿江四路8230店),广东省,云浮市,cvs
20251411,ELEME,76W487896A,1095566076,世纪惠民超市,江苏省,盐城市,
20251411,ELEME,76W487897A,1099676269,伴跃超市(蔡甸店),湖北省,武汉市,
20251411,ELEME,76W487981A,1095227492,美宜佳(江景湾粤31962店),广东省,肇庆市,cvs
20251411,ELEME,76W488006A,1098398218,新佳宜便利店(世茂璀璨2338店),湖南省,长沙市,cvs
20251411,ELEME,76W488140A,1099208073,美宜佳(富成商厦赣02099店),江西省,宜春市,cvs
20251411,ELEME,76W488226A,1096529259,便宅家(敏捷南门店),广东省,肇庆市,cvs
20251411,ELEME,76W488245A,1097698492,唯德里(荷坳店),广东省,深圳市,mmkt
20251411,ELEME,76W488266A,1099095189,超盒算NB(奉贤南桥新城店),上海市,上海市,smkt
20251411,ELEME,76W488274A,1090535181,十足便利店(常州武进万达店),江苏省,常州市,cvs
20251411,ELEME,76W488333A,1100904493,美宜佳(玉兴路云00482号店),云南省,玉溪市,cvs
20251411,ELEME,76W488335A,550582278,美宜佳(康城粤22873店),广东省,惠州市,cvs
20251411,ELEME,76W488385A,1099182453,24客(中铁逸都二店),贵州省,贵阳市,cvs
20251411,ELEME,76W492591A,1101573027,闪购豹超市(兴工街店),辽宁省,大连市,
20251411,ELEME,76W492647A,1100286355,京东便利店(长乐中心店),福建省,福州市,
20251411,ELEME,76W492657A,1102026142,美宜佳(龙阳御园鄂02398店),湖北省,武汉市,cvs
20251411,ELEME,76W492660A,1100285398,京东便利店(厦门总店),福建省,厦门市,
20251411,ELEME,76W492760A,240114234,水果干货店,江苏省,盐城市,
20251411,ELEME,76W492771A,1070792192,美宜佳(兴业大道赣01848店),江西省,九江市,cvs
20251411,ELEME,76W492818A,1101591071,共橙一站式超市(烟台高新店),山东省,烟台市,
20251411,ELEME,76W492890A,1101786210,惠康超市(棋盘山店),安徽省,安庆市,smkt
20251411,ELEME,76W492956A,1103307413,美宜佳(鲁211泰地金街店),山东省,聊城市,cvs
20251411,ELEME,76W492980A,1101025291,共橙一站式超市(合肥肥西店),安徽省,合肥市,
20251411,ELEME,76W493091A,1099142357,京东便利店(南京路店),山东省,青岛市,
20251411,ELEME,76W493143A,1101214076,昔多购超市(湘潭店),湖南省,湘潭市,
20251411,ELEME,76W493211A,1098758084,美宜佳(金晖大厦粤32536店),广东省,茂名市,cvs
20251411,ELEME,76W493267A,1101368273,米图便利店(古城路店),河南省,洛阳市,
20251411,ELEME,76W493320A,1100059344,京东便利店(思明中心店),福建省,厦门市,
20251411,ELEME,76W493332A,1100572272,7-Eleven便利店(大朗环球贸易中心4089店),广东省,东莞市,cvs
20251411,ELEME,76W493353A,1102009421,美宜佳(章江路赣02102店),江西省,赣州市,cvs
20251411,ELEME,76W493369A,1100198463,京东便利店(泉州中心店),福建省,泉州市,
20251411,ELEME,76W493428A,1086598159,美宜佳(中央金街渝01718店),重庆市,重庆市,cvs
20251411,ELEME,76W493543A,1101386086,凯辉便利(惠邦国际店),贵州省,遵义市,cvs
20251411,ELEME,76W493678A,1104093451,乐心宜超市(乐凯南大街店),河北省,保定市,
20251411,ELEME,76W493684A,1098503221,美宜佳(深南路粤32298店),广东省,东莞市,cvs
20251411,ELEME,76W493716A,1100139162,盒马鲜生(中庚漫游城店),上海市,上海市,smkt
20251411,ELEME,76W493753A,1100966335,共橙一站式超市(淮安金湖店),江苏省,淮安市,
20251411,ELEME,76W493811A,1101778451,美宜佳(汉欣苑西鄂02343店),湖北省,武汉市,cvs
20251411,ELEME,76W493868A,1101407009,美宜佳(肖台村鄂02371店),湖北省,仙桃市,cvs
20251411,ELEME,76W493904A,1104091389,中百罗森(长阳畔山林语店),湖北省,宜昌市,cvs
20251411,ELEME,76W493986A,1100897402,可好便利店(153639店),山东省,滨州市,cvs
20251411,ELEME,76W494037A,1103244295,世纪精品超市(杨浦店),上海市,上海市,
20251411,ELEME,76W494120A,1100225403,京东便利店(厦门旗舰店),福建省,厦门市,
20251411,ELEME,76W494138A,1102075142,共橙一站式超市(海安中心店),江苏省,南通市,
20251411,ELEME,76W494168A,1102535233,家家悦(烟台开发区万达广场店),山东省,烟台市,smkt
20251411,ELEME,76W494245A,1101142233,可多便利(德成中心店),湖北省,武汉市,mmkt
20251411,ELEME,76W494246A,1069605483,优家旺快送超市(月亮岛店),湖南省,长沙市,
20251411,ELEME,76W494295A,1094774365,新时代生活超市(五马店),山东省,泰安市,smkt
20251411,ELEME,76W494335A,1100990292,共橙一站式超市(丹阳市开发区店),江苏省,镇江市,
20251411,ELEME,76W494342A,1099092336,711(联航店),上海市,上海市,cvs
20251411,ELEME,76W494363A,1097290429,可好(凤凰豪庭133521店),山东省,枣庄市,cvs
20251411,ELEME,76W494365A,1101375169,共橙一站式超市(赣榆店),江苏省,连云港市,
20251411,ELEME,76W494489A,1100852089,盒马鲜生(长宁龙之梦店),上海市,上海市,smkt
20251411,ELEME,76W494529A,1101795495,连心超市(曙光路店),河南省,安阳市,
20251411,ELEME,76W494546A,1101432125,豪惠购甄选超市(金鸡湖店),江苏省,苏州市,
20251411,ELEME,76W494596A,1102740398,7-Eleven便利店(南海万达-3229店),广东省,佛山市,cvs
20251411,ELEME,76W494599A,1100979231,大润发半日达(淄博店),山东省,淄博市,hmkt
20251411,ELEME,76W494606A,1101941317,罗森便利超市(石狮泰禾广场店),福建省,泉州市,cvs
20251411,ELEME,76W494621A,1103065381,711(泰州会展路店),江苏省,泰州市,cvs
20251411,ELEME,76W494700A,1102551013,惠唛优品便利超市(雨花店),湖南省,长沙市,
20251411,ELEME,76W494847A,1102414020,美宜佳(浙01053御景湾店),浙江省,嘉兴市,cvs
20251411,ELEME,76W494967A,1100981304,橙子便利(贤文中心店),山东省,济南市,cvs
20251411,ELEME,76W495003A,1097139082,吉华盛超市(上辇店),浙江省,台州市,smkt
20251411,ELEME,76W495078A,1103172001,共橙24小时超市(鞍山海城店),辽宁省,鞍山市,
20251411,ELEME,76W495144A,1101449093,美宜佳(龙湖山庄皖00609店),安徽省,六安市,cvs
20251411,ELEME,76W495175A,1102984030,共橙24小时超市(镇江扬中店),江苏省,镇江市,
20251411,ELEME,76W495220A,1102049130,超盒算NB(宝山友谊路店),上海市,上海市,smkt
20251411,ELEME,76W495267A,1101403011,美宜佳(赤壁三路鄂02329店),湖北省,黄冈市,cvs
20251411,ELEME,76W495293A,1102086122,超盒算NB(闵行浦江店),上海市,上海市,smkt
20251411,ELEME,76W495314A,1103330355,世纪华联超市(义乌中心店),浙江省,金华市,
20251411,ELEME,76W495385A,1097854410,美宜佳(紫金学苑云00499号店),云南省,红河哈尼族彝族自治州,cvs
20251411,ELEME,76W495420A,1102508246,共橙24小时超市(河南平舆店),河南省,驻马店市,
20251411,ELEME,76W495421A,1102825120,共橙24小时超市(登封店),北京市,北京市,
20251411,ELEME,76W495439A,1101918471,京东便利店(顺德总店),广东省,佛山市,
20251411,ELEME,76W495482A,1102501013,美宜佳(苏01445博耳大厦店),江苏省,无锡市,cvs
20251411,ELEME,76W495568A,1100479308,京东便利店(莆田店),福建省,莆田市,
20251411,ELEME,76W495610A,1101039482,大润发半日达(赣州店),江西省,赣州市,hmkt
20251411,ELEME,76W495649A,1103244265,美宜佳(晋459教场街店),山西省,大同市,cvs
20251411,ELEME,76W495650A,1097144485,熊本校园超市(枣园店),北京市,北京市,
20251411,ELEME,76W495652A,1099093406,美宜佳(西乡街道E103店),广东省,深圳市,cvs
20251411,ELEME,76W495678A,1102481018,惠利送超市(世纪城店),四川省,成都市,
20251411,ELEME,76W495748A,1099098353,美宜佳(鑫园花苑粤13019店),广东省,韶关市,cvs
20251411,ELEME,76W495861A,1102651201,臻百购宜购超市,重庆市,重庆市,
20251411,ELEME,76W495872A,1092871181,家益超市(北滨上院店),重庆市,重庆市,mmkt
20251411,ELEME,76W495878A,1101019282,共橙一站式超市(靖江店),江苏省,泰州市,
20251411,ELEME,76W495923A,1101859178,鲸GO生活超市(梅林店),广东省,深圳市,
20251411,ELEME,76W495933A,1101130304,美宜佳(豫1706万达金街店),河南省,周口市,cvs
20251411,ELEME,76W495970A,1100959151,美宜佳(科泰一路粤31430店),广东省,广州市,cvs
20251411,ELEME,76W496051A,1098706136,CityBazaar城集生活(红旗茂店),黑龙江省,哈尔滨市,
20251411,ELEME,76W496061A,1103260424,共橙24小时超市(邹城店),山东省,济宁市,
20251411,ELEME,76W496192A,1102587010,美一天超市(安溪总店),福建省,泉州市,
20251411,ELEME,76W496302A,1104409124,共橙一站式超市(微山店),山东省,济宁市,
20251411,ELEME,76W496324A,1104550029,吉优客超市(世纪家园店),吉林省,长春市,cvs
20251411,ELEME,76W496329A,1103477303,昆仑好客(承德驰祥店),河北省,承德市,cvs
20251411,ELEME,76W496352A,1100980126,美嘉汇·精选超市(杭州石桥店),浙江省,杭州市,
20251411,ELEME,76W496405A,1101124158,京东便利店(海淀中心店),北京市,北京市,
20251411,ELEME,76W496423A,1103162302,新合作砖舍店,山东省,泰安市,mmkt
20251411,ELEME,76W496500A,1100892307,大润发半日达(赤坎店),广东省,湛江市,hmkt
20251411,ELEME,76W496524A,1099972415,京东便利店(临平中心店),浙江省,杭州市,
20251411,ELEME,76W496661A,1102113111,超盒算NB(宝山罗南店),上海市,上海市,smkt
20251411,ELEME,76W496763A,1103646334,天福便利店(享海度假公馆13963店),广东省,惠州市,cvs
20251411,ELEME,76W496833A,1101160207,京东便利店(亚运村店),北京市,北京市,
20251411,ELEME,76W496946A,1098520115,京东便利店(中心店),福建省,福州市,
20251411,ELEME,76W496986A,1100322330,京东便利店(杏林中心店),福建省,厦门市,
20251411,ELEME,76W496989A,1100383038,友邻便利店(园区店),江苏省,苏州市,
20251411,ELEME,76W497073A,1101906311,共橙一站式超市(亳州蒙城店),安徽省,亳州市,
20251411,ELEME,76W497078A,1096350060,美宜佳(龙华街道粤14521店),广东省,深圳市,cvs
20251411,ELEME,76W497087A,1101962085,迪购超市(漳浦店),福建省,漳州市,
20251411,ELEME,76W497147A,987709212,1+1超市旗舰店,浙江省,温州市,
20251411,ELEME,76W497169A,1102593288,24客(国酒城店),贵州省,遵义市,cvs
20251411,ELEME,76W497185A,1102045069,十足便利店(天曜城店),浙江省,温州市,cvs
20251411,ELEME,76W497231A,1100630232,惠唛优品便利超市(义乌店),浙江省,金华市,
20251411,ELEME,76W497290A,1098537060,美宜佳(华晨世纪湘03882店),湖南省,株洲市,cvs
20251411,ELEME,76W497325A,1102657245,共橙24小时超市(莱西万福家园店),山东省,青岛市,
20251411,ELEME,76W497377A,1102032263,罗森(8785海盐吾悦广场店),浙江省,嘉兴市,cvs
20251411,ELEME,76W497413A,1099865291,京东便利店(扬州中心店),江苏省,扬州市,
20251411,ELEME,76W497448A,1097821044,世纪华联超市(南苑店),浙江省,宁波市,
20251411,ELEME,76W497537A,1101900267,佳汇精品超市(寮步店),广东省,东莞市,
20251411,ELEME,76W497649A,1102916437,快客达环球超市(宁波镇海店),浙江省,宁波市,
20251411,ELEME,76W497690A,1098209341,小红岛(保利梧桐语店),江苏省,南京市,mmkt
20251411,ELEME,76W497749A,1100930357,十足便利店(博地星公馆店),浙江省,宁波市,cvs
20251411,ELEME,76W497755A,1099532329,沃缤纷超市(恩施店),湖北省,恩施土家族苗族自治州,
20251411,ELEME,76W497766A,1101827213,盒马鲜生(mini临港宝龙广场店),上海市,上海市,smkt
20251411,ELEME,76W497859A,1102432072,句鲸百货Mart(南海店),广东省,佛山市,
20251411,ELEME,76W497938A,1096877087,美宜佳(中都大道皖00648店),安徽省,滁州市,cvs
20251411,ELEME,76W497987A,1101465176,共橙一站式超市(荥阳中心店),河南省,郑州市,
20251411,ELEME,76W498126A,1101516005,美宜佳(冀143水月寺店),河北省,沧州市,cvs
20251411,ELEME,76W498223A,1101902108,拾客精品超市(台州店),浙江省,台州市,
20251411,ELEME,76W498279A,1099400301,沃缤纷超市(江夏店),湖北省,武汉市,
20251411,ELEME,76W498311A,1101126263,博利批发超市(平安店),重庆市,重庆市,
20251411,ELEME,76W498329A,1101443134,家益超市(万州金科店),重庆市,重庆市,mmkt
20251411,ELEME,76W498389A,1103332408,共橙24小时超市(安丘中央城润园店),山东省,潍坊市,
20251411,ELEME,76W498414A,1097106403,美宜佳(南平路粤32099店),广东省,揭阳市,cvs
20251411,ELEME,76W498452A,1097067408,新天地超市(永丰大街店),黑龙江省,哈尔滨市,cvs
20251411,ELEME,76W498471A,1102435011,美宜佳(苏01458沙洲中路店),江苏省,苏州市,cvs
20251411,ELEME,76W498485A,1101956299,共橙24小时超市(南通如东店),江苏省,南通市,
20251411,ELEME,76W498544A,1101160058,舫舟优选(昭通中心店),云南省,昭通市,
20251411,ELEME,76W498748A,1103392108,京东便利店(大连店),辽宁省,大连市,
20251411,ELEME,76W498826A,1100034345,盒马鲜生(长风大悦城店),上海市,上海市,smkt
20251411,ELEME,76W498839A,1101183076,惠美悠选超市(千灯店),江苏省,苏州市,
20251411,ELEME,76W498859A,1099656187,抢鲜隆快送超市(宁围店),浙江省,杭州市,
20251411,ELEME,76W498938A,1097765236,万嘉便利(菏泽新村店),福建省,福州市,cvs
20251411,ELEME,76W498995A,1101057246,共橙一站式超市(高淳店),江苏省,南京市,
20251411,ELEME,76W499014A,1100042112,711便利店(烟台中海国际店),山东省,烟台市,cvs
20251411,ELEME,76W499053A,1102042129,超盒算NB(浦东万祥店),上海市,上海市,smkt
20251411,ELEME,76W499077A,1101401145,家益超市(星光上院店),重庆市,重庆市,mmkt
20251411,ELEME,76W499127A,1099947414,地球特产百货超市(花卉园店),重庆市,重庆市,
20251411,ELEME,76W499169A,1103118417,京东便利店(温岭店),浙江省,台州市,
20251411,ELEME,76W499176A,1102515056,句鲸百货Mart(番禺店),广东省,广州市,
20251411,ELEME,76W499221A,1100008004,十足便利店(温州惠民店),浙江省,温州市,cvs
20251411,ELEME,76W499229A,1100689252,乐心宜超市(新华东街店),北京市,北京市,
20251411,ELEME,76W499237A,1102042219,万客速送超市(厦门店),福建省,厦门市,
20251411,ELEME,76W499254A,1100499483,美嘉汇·精选超市(湖州吴兴店),浙江省,湖州市,
20251411,ELEME,76W499260A,1099898143,嗨购虎·精品超市搜“马上到家”超低价(如皋店),江苏省,南通市,
20251411,ELEME,76W499272A,1099515362,共橙一站式超市(盐城射阳店),江苏省,盐城市,
20251411,ELEME,76W499276A,1097670037,美宜佳(芹洋观邸粤32251店),广东省,梅州市,cvs
20251411,ELEME,76W499294A,1102923345,快赣特价超市(共康店),上海市,上海市,
20251411,ELEME,76W499303A,1098457036,世纪华联超市(泉州中心店),福建省,泉州市,
20251411,ELEME,76W499305A,1100401375,速囤(火车东站店),四川省,成都市,
20251411,ELEME,76W499357A,1099616022,京东便利店(婺城店),浙江省,金华市,
20251411,ELEME,76W499404A,1102988037,共橙24小时超市(扬州宝应店),江苏省,扬州市,
20251411,ELEME,76W499420A,1100402287,京东便利店(三全路店),河南省,郑州市,
20251411,ELEME,76W499431A,1101330165,7-Eleven便利店(星湖一方-5606店),广东省,肇庆市,cvs
20251411,ELEME,76W499445A,1102572047,京东便利店(晋江旗舰店),福建省,泉州市,
20251411,ELEME,76W499465A,1096706339,超盒算NB(闵行西环路店),上海市,上海市,smkt
20251411,ELEME,76W499479A,1103564497,共橙24小时超市(黄岛吾悦广场店),山东省,青岛市,
20251411,ELEME,76W499509A,1101931162,惠康超市(近圣街店),安徽省,安庆市,mmkt
20251411,ELEME,76W499511A,1102580044,鲸GO生活超市(平湖店),广东省,深圳市,
20251411,ELEME,76W499524A,1100949377,熊本便利店(通州万达店),北京市,北京市,
20251411,ELEME,76W499546A,1101744345,共橙一站式超市(温州龙湾店),浙江省,温州市,
20251411,ELEME,76W499655A,1101035414,大润发半日达(东关世茂店),江苏省,徐州市,hmkt
20251411,ELEME,76W499730A,1103316148,惠邻百佳超市(汉口店),湖北省,武汉市,
20251411,ELEME,76W499733A,1101072239,共橙一站式超市(绍兴上虞店),浙江省,绍兴市,
20251411,ELEME,76W499750A,1101035445,十分便利店(金禾一店),福建省,厦门市,cvs
20251411,ELEME,76W499788A,1101472186,美宜佳(官陡街道皖00690店),安徽省,芜湖市,cvs
20251411,ELEME,76W499827A,1102901433,罗森(6227宁波恒业大厦店),浙江省,宁波市,cvs
20251411,ELEME,76W499888A,1102553060,句鲸百货Mart(车陂店),广东省,广州市,
20251411,ELEME,76W499902A,1101980123,世纪精品超市(嘉定1号店),上海市,上海市,
20251411,ELEME,76W499906A,1101991147,超盒算NB(闵行江川路店),上海市,上海市,smkt
20251411,ELEME,76W499929A,1102012293,千子言连锁超市(雍和居店),云南省,楚雄彝族自治州,mmkt
20251411,ELEME,76W499962A,1102524127,美宜佳(梦之岛桂02769号店),广西壮族自治区,南宁市,cvs
20251411,ELEME,76W499973A,1100506172,乐购汪超市(杭州中心店),浙江省,杭州市,
20251411,ELEME,76W500100A,1100896296,罗森(3821莲谷科技园店),上海市,上海市,cvs
20251411,ELEME,76W500132A,1101360027,昔多购超市(月亮岛店),湖南省,长沙市,
20251411,ELEME,76W500141A,1103174346,隆祥生活超市(体育场店),河南省,濮阳市,smkt
20251411,ELEME,76W500143A,1103492238,新佳宜便利店(常德欢乐新河2547店),湖南省,常德市,cvs
20251411,ELEME,76W500164A,1104631065,共橙24小时超市(长春榆树店),吉林省,长春市,
20251411,ELEME,76W500165A,1104405162,共橙24小时超市(公主岭店),吉林省,长春市,
20251411,ELEME,76W500290A,1102081108,超盒算NB(青浦夏阳店),上海市,上海市,smkt
20251411,ELEME,76W500307A,1090830088,LING全球美妆集合店(万达店),江苏省,扬州市,
20251411,ELEME,76W500341A,1102501159,可好(汇智广场010511店),山东省,青岛市,cvs
20251411,ELEME,76W500479A,1102430331,711便利店(烟台大华龙悦店),山东省,烟台市,cvs
20251411,ELEME,76W500500A,1099257274,美宜佳(长虹路桂02786号店),广西壮族自治区,南宁市,cvs
20251411,ELEME,76W500540A,1104064484,乐心宜超市(复兴中路店),河北省,保定市,
20251411,ELEME,76W500644A,1101129322,快捷购精品超市(西双版纳中心店),云南省,西双版纳傣族自治州,
20251411,ELEME,76W500739A,1098363163,万嘉便利(青少年宫店),福建省,福州市,cvs
20251411,ELEME,76W500770A,1097805473,万嘉便利(马尾远洋山水店),福建省,福州市,cvs
20251411,ELEME,76W500792A,1099351268,京东便利店(拱北店),广东省,珠海市,
20251411,ELEME,76W500892A,1099569103,美宜佳(青岭路桂02770号店),广西壮族自治区,桂林市,cvs
20251411,ELEME,76W500918A,1100100111,欢临超市(淮南田家庵店),安徽省,淮南市,
20251411,ELEME,76W500931A,1102411033,小龟快送超市(福田店),广东省,深圳市,
20251411,ELEME,76W501007A,1102553038,美宜佳(铝城北路渝02000店),重庆市,重庆市,cvs
20251411,ELEME,76W501079A,1101058060,隋你购连锁超市(通州中仓店),北京市,北京市,
20251411,ELEME,76W501150A,1103372150,闪电购精品超市(泉州成州店),福建省,泉州市,
20251411,ELEME,76W501475A,1102529410,壹度便利(曹县天润公馆二期南大门店),山东省,菏泽市,cvs
20251411,ELEME,76W501479A,240429042,百分百超市(武城院店),湖北省,武汉市,
20251411,ELEME,76W501499A,1104356162,麦客联华生活超市(龙华店),广东省,深圳市,
20251411,ELEME,76W501522A,1103243372,隆祥生活超市(中原店),河南省,濮阳市,mmkt
20251411,ELEME,76W501630A,1103020285,美宜佳(浙01043东方公寓店),浙江省,衢州市,cvs
20251411,ELEME,76W501686A,1098592325,盒马mini(西溪欢乐城店),浙江省,杭州市,
20251411,ELEME,76W501760A,1100329032,京东便利店(文山中心店),云南省,文山壮族苗族自治州,
20251411,ELEME,76W501800A,1099185165,超盒算NB(松江思贤店),上海市,上海市,smkt
20251411,ELEME,76W501808A,1102415161,世纪优品超市(滴水湖店),上海市,上海市,
20251411,ELEME,76W501850A,1102652080,共橙24小时超市(巩义中心店),河南省,郑州市,
20251411,ELEME,76W501915A,1101909044,美宜佳(阆城一品川01429店),四川省,南充市,cvs
20251411,ELEME,76W502084A,1103928113,KKV校园超市(新乡牧野万达广场店),河南省,新乡市,mmkt
20251411,ELEME,76W502123A,1102764472,优送超市,浙江省,温州市,
20251411,ELEME,76W502152A,1098657495,沃缤纷超市(大冶店),湖北省,黄石市,
20251411,ELEME,76W502250A,1100567167,可多便利(阅江府东区店),湖北省,武汉市,mmkt
20251411,ELEME,76W502256A,1102500024,711便利店(济南青龙小区店),山东省,济南市,cvs
20251411,ELEME,76W502270A,1102007444,美宜佳(教场路云00548号店),云南省,曲靖市,cvs
20251411,ELEME,76W502307A,1101987064,共橙一站式超市(唐山滦南店),河北省,唐山市,
20251411,ELEME,76W502310A,1098190329,华润万家便利超市(旭景清园店),陕西省,西安市,mmkt
20251411,ELEME,76W502341A,1100937290,大润发半日达(新塘店),广东省,广州市,hmkt
20251411,ELEME,76W502438A,1102110423,美宜佳(晋432安康苑小区店),山西省,长治市,cvs
20251411,ELEME,76W502472A,1100783015,多米快送超市(富达广场店),浙江省,宁波市,
20251411,ELEME,76W502499A,1101671036,盒马鲜生(mini亿丰时代广场店),上海市,上海市,smkt
20251411,ELEME,76W502532A,1100484277,世纪华联超市(平湖中心店),浙江省,嘉兴市,
20251411,ELEME,76W502549A,1100477406,邻里物语精品超市(拱墅店),浙江省,杭州市,
20251411,ELEME,76W502561A,1102055363,快客达·环球超市(苏州园区店),江苏省,苏州市,
20251411,ELEME,76W502597A,1100046072,邻几便利店(马鞍山和县三中店),安徽省,马鞍山市,cvs
20251411,ELEME,76W502633A,1101773130,隆佳食品便利店,吉林省,吉林市,
20251411,ELEME,76W502664A,1100001333,海选精品生活超市(合肥中心店),安徽省,合肥市,
20251411,ELEME,76W502717A,1061268354,十足便利店(顶健大厦店),浙江省,杭州市,cvs
20251411,ELEME,76W506505A,1104799496,美宜佳(江滨中路一所闽02729店),福建省,南平市,cvs
20251411,ELEME,76W506544A,1103531286,欢临超市(颍上店),安徽省,阜阳市,
20251411,ELEME,76W506568A,1105553105,惠邻百佳超市(鲁谷店),北京市,北京市,
20251411,ELEME,76W506576A,1104592066,京东便利店(福州中心店),福建省,福州市,
20251411,ELEME,76W506608A,1103120070,十足便利店(鄞州花园里店),浙江省,宁波市,cvs
20251411,ELEME,76W506680A,1102665255,美宜佳(三清路皖00711店),安徽省,阜阳市,cvs
20251411,ELEME,76W506748A,1104452211,惠邻百佳超市(健翔桥店),北京市,北京市,
20251411,ELEME,76W506936A,1103441119,盛客隆食品百货超市,辽宁省,葫芦岛市,
20251411,ELEME,76W507047A,1103379148,京东便利店(合肥滨湖店),安徽省,合肥市,
20251411,ELEME,76W507079A,1102568015,惠邻生活超市(越溪店),江苏省,苏州市,
20251411,ELEME,76W507085A,1105423416,美宜佳(古城路桂02688号店),广西壮族自治区,南宁市,cvs
20251411,ELEME,76W507093A,1105040113,美宜佳(苏01518优山美地店),江苏省,镇江市,cvs
20251411,ELEME,76W507137A,1103606096,小仓便利(雁塔店),陕西省,西安市,
20251411,ELEME,76W507258A,1105088124,美嘉汇·精选超市(苏州吴江店),江苏省,苏州市,
20251411,ELEME,76W507348A,1104922441,共橙24小时超市(威海高区山大店),山东省,威海市,
20251411,ELEME,76W507385A,1102698079,京东便利店(鼓楼店),江苏省,南京市,
20251411,ELEME,76W507569A,1105377091,罗森便利店(承德银星丽苑店),河北省,承德市,cvs
20251411,ELEME,76W507629A,1103801171,美好便利(苏州新市街店),江苏省,苏州市,cvs
20251411,ELEME,76W507663A,1104646264,世纪华联品乐(江阴中心店),江苏省,无锡市,
20251411,ELEME,76W507715A,1104992159,快客达环球超市(绍兴袍江店),浙江省,绍兴市,
20251411,ELEME,76W507819A,1104762215,吉优客超市(普阳街店),吉林省,长春市,cvs
20251411,ELEME,76W507880A,1101199212,美宜佳(陕249吾悦广场秦潮里店),陕西省,咸阳市,cvs
20251411,ELEME,76W507898A,1101150073,奥特乐(大邑凯旋购物广场店),四川省,成都市,mmkt
20251411,ELEME,76W507946A,1102575162,千家顺·鲸选超市(金华武义店),浙江省,金华市,
20251411,ELEME,76W508068A,1099960283,全天在线超市(粮道街店),湖北省,武汉市,
20251411,ELEME,76W508071A,1104991214,美宜佳(万和世纪城湘04248店),湖南省,永州市,cvs
20251411,ELEME,76W508107A,1103465221,世纪精品超市(浦江中心店),上海市,上海市,
20251411,ELEME,76W508134A,1105362236,罗森(8511句容义台街店),江苏省,镇江市,cvs
20251411,ELEME,76W508185A,1104409220,京东便利店(翔安中心店),福建省,厦门市,
20251411,ELEME,76W508278A,1105036050,超盒算NB(浦东周家渡店),上海市,上海市,smkt
20251411,ELEME,76W508282A,1105422487,共橙24小时超市(曲阜天华路店),山东省,济宁市,
20251411,ELEME,76W508405A,1106391082,共橙24小时超市(吉林四平店),吉林省,四平市,
20251411,ELEME,76W508409A,1105021359,邻里优选(崇贤店),浙江省,杭州市,
20251411,ELEME,76W508538A,1104803462,乐小二连锁超市(湖州店),浙江省,湖州市,
20251411,ELEME,76W508575A,1101785394,京东便利店(建邺店),江苏省,南京市,
20251411,ELEME,76W508654A,1102594109,星马快送超市(滨江店),浙江省,杭州市,
20251411,ELEME,76W508669A,1104663279,美宜佳(骆仙路湘03747店),湖南省,郴州市,cvs
20251411,ELEME,76W508710A,1104793142,昔多购超市(河东店),湖南省,永州市,
20251411,ELEME,76W508729A,1104480170,京东便利店(城东店),福建省,泉州市,
20251411,ELEME,76W508738A,1104779305,快客达·环球超市(安阳店),浙江省,温州市,
20251411,ELEME,76W508769A,1104061113,世纪精品超市(大宁店),上海市,上海市,
20251411,ELEME,76W508890A,1102463012,柴小囤·精品超市(广场店),山东省,临沂市,
20251411,ELEME,76W508924A,1103541477,世纪生活超市(青浦中心店),上海市,上海市,
20251411,ELEME,76W508964A,1105573410,畅淘集市精品超市(河西万达店),江苏省,南京市,
20251411,ELEME,76W509052A,1103933265,世纪华联(首南店),浙江省,宁波市,
20251411,ELEME,76W509118A,1083626006,美宜佳(湘永名邸湘03282店),湖南省,永州市,cvs
20251411,ELEME,76W509149A,1105159142,美宜佳(英宝路粤32766店),广东省,佛山市,cvs
20251411,ELEME,76W509289A,1105553356,大润发(高州店),广东省,茂名市,
20251411,ELEME,76W509320A,1105000419,共橙24小时超市(焦作济源河合店),河南省,济源市,
20251411,ELEME,76W509504A,1086707443,世纪华联品乐超市(虹口精品店),上海市,上海市,
20251411,ELEME,76W509506A,1103465306,林先森精选超市(厦门店),福建省,厦门市,
20251411,ELEME,76W509535A,1102040326,京东便利店(福清中心店),福建省,福州市,
20251411,ELEME,76W509538A,1104852043,惠宜家精选超市,福建省,泉州市,
20251411,ELEME,76W509572A,292563321,好润多购物中心(李堡店),江苏省,南通市,smkt
20251411,ELEME,76W509667A,1103435185,罗森(203839五角场地铁站店),上海市,上海市,cvs
20251411,ELEME,76W509836A,1101756345,共橙24H超市(嘉兴海宁店),浙江省,嘉兴市,
20251411,ELEME,76W509956A,1103228356,云惠旺超市(益阳中心店),湖南省,益阳市,
20251411,ELEME,76W510112A,1105747051,美宜佳(上海城湘04298店),湖南省,永州市,cvs
20251411,ELEME,76W510187A,1104489138,天猫小店(直优超市凤起路店),浙江省,杭州市,
20251411,ELEME,76W510193A,1105373158,苏果超市,江苏省,苏州市,
20251411,ELEME,76W510198A,1101844440,京东便利店(集美中心店),福建省,厦门市,
20251411,ELEME,76W510237A,1101933059,京东便利店(徐州中心店),江苏省,徐州市,
20251411,ELEME,76W510270A,1092869368,美士多便利店(海东青店),湖南省,长沙市,
20251411,ELEME,76W510319A,1100948274,邻侣超市(宜兴中心店),江苏省,无锡市,
20251411,ELEME,76W510326A,1105253462,鲜一街(28光年店),广东省,佛山市,mmkt
20251411,ELEME,76W510376A,1103378497,惠立送精品超市(临港中心店),上海市,上海市,
20251411,ELEME,76W510442A,1105613161,711便利店(滨海大道店),山东省,青岛市,cvs
20251411,ELEME,76W510488A,1101862112,京东便利店(芜湖店),安徽省,芜湖市,
20251411,ELEME,76W510599A,1104451175,KKV校园超市(北京昌平悦荟广场店),北京市,北京市,mmkt
20251411,ELEME,76W510667A,1063465433,罗森便利店(3193保利茉莉公馆分店),辽宁省,沈阳市,cvs
20251411,ELEME,76W510677A,1105842232,惠立送超市(罗湖中心店),广东省,深圳市,
20251411,ELEME,76W510683A,1101478118,沃缤纷超市(民族大道店),湖北省,武汉市,
20251411,ELEME,76W510705A,1100623002,乐购汪超市(杭州九堡店),浙江省,杭州市,
20251411,ELEME,76W510709A,1104526105,探探超市(武城职店),湖北省,武汉市,
20251411,ELEME,76W510756A,1105009426,美宜佳(中部慧谷鄂02241店),湖北省,武汉市,cvs
20251411,ELEME,76W510759A,1103799137,罗森(5817台州巨鼎广场店),浙江省,台州市,cvs
20251411,ELEME,76W510805A,1102085282,京东便利店(南通中心店),江苏省,南通市,
20251411,ELEME,76W510869A,1105400457,世纪精品超市(新桥店),上海市,上海市,
20251411,ELEME,76W510911A,1105007313,世纪华联超市(平潭店),福建省,福州市,
20251411,ELEME,76W511121A,1105559043,711(天津之眼摩天轮店),天津市,天津市,cvs
20251411,ELEME,76W511155A,1102133103,超盒算NB(普陀远洋广场店),上海市,上海市,smkt
20251411,ELEME,76W511300A,1101454013,乐购汪超市(昆山中心店),江苏省,苏州市,
20251411,ELEME,76W511340A,1103250231,京东便利店(尚忠店),福建省,厦门市,
20251411,ELEME,76W511448A,1099889465,十足便利店(温州金德景园店),浙江省,温州市,cvs
20251411,ELEME,76W511490A,1104357258,京东便利店(海沧中心店),福建省,厦门市,
20251411,ELEME,76W511533A,1103510057,优品易购精品超市(晋江店),福建省,泉州市,
20251411,ELEME,76W511554A,1102532193,千家顺·鲸选超市(绍兴上虞店),浙江省,绍兴市,
20251411,ELEME,76W511560A,1104970169,罗森(9573泰州百脑汇店),江苏省,泰州市,cvs
20251411,ELEME,76W511567A,1105803023,乐心宜超市(华岩北路店),河北省,唐山市,
20251411,ELEME,76W511582A,1103546415,天猫小店(好便利超市望梅路店),浙江省,杭州市,
20251411,ELEME,76W511659A,1103072223,十足便利店(如皋宁海路店),江苏省,南通市,cvs
20251411,ELEME,76W511762A,1103013398,十足便利店(台州育德路店),浙江省,台州市,cvs
20251411,ELEME,76W511782A,1103358238,飞鸽到家生活超市(福永店),广东省,深圳市,
20251411,ELEME,76W511931A,1100847440,一心玛特生鲜生活超市(蔡路店),上海市,上海市,mmkt
20251411,ELEME,76W511986A,1102848400,盒马鲜生(城北万象城店),浙江省,杭州市,smkt
20251411,ELEME,76W511990A,1104566095,罗森(8515镇江中海润泽园店),江苏省,镇江市,cvs
20251411,ELEME,76W512028A,1104090307,京东便利店(上城店),浙江省,杭州市,
20251411,ELEME,76W512047A,1105131331,快赣特价超市(周浦店),上海市,上海市,
20251411,ELEME,76W512048A,1104528066,京东便利店(漳州中心店),福建省,漳州市,
20251411,ELEME,76W512085A,1104715172,7-11便利店(厦门中山路八市店),福建省,厦门市,cvs
20251411,ELEME,76W512279A,1102152214,京东便利店(张家港中心店),江苏省,苏州市,
20251411,ELEME,76W512319A,1103954058,711(华鑫天地店),上海市,上海市,cvs
20251411,ELEME,76W512383A,1103795217,之上便利店(博悦湾店),浙江省,温州市,cvs
20251411,ELEME,76W512463A,1102048282,快捷购精品超市(济宁中心店),山东省,济宁市,
20251411,ELEME,76W512485A,1104926123,超盒算NB(青浦重固店),上海市,上海市,smkt
20251411,ELEME,76W512537A,1101935408,惠立送精品超市(马桥优选店),上海市,上海市,
20251411,ELEME,76W512538A,1069163392,谊品生鲜超市(君雁优禾店),四川省,成都市,cvs
20251411,ELEME,76W512588A,1103291197,京东便利店(龙文旗舰店),福建省,漳州市,
20251411,ELEME,76W512749A,1105821051,乐心宜超市(光明北路店),河北省,唐山市,
20251411,ELEME,76W512800A,1104395229,京东便利店(同安中心店),福建省,厦门市,
20251411,ELEME,76W512981A,1104482210,世纪精品超市(凯旋路店),上海市,上海市,
20251411,ELEME,76W513026A,1105009491,新佳宜便利店(珠江好世界2555店),湖南省,长沙市,cvs
20251411,ELEME,76W513029A,1104581303,奥特乐(南充顺庆1227购物广场店),四川省,南充市,mmkt
20251411,ELEME,76W513062A,1105990079,美宜佳(横州体育馆桂02932号店),广西壮族自治区,南宁市,cvs
20251411,ELEME,76W513110A,1101463065,邻里物语精品超市(浒关店),江苏省,苏州市,
20251411,ELEME,76W513253A,1104583083,乐心宜超市(虎坊桥店),北京市,北京市,
20251411,ELEME,76W513258A,1105685487,可好(佳和广场163713店),山东省,菏泽市,cvs
20251411,ELEME,76W513278A,1103875350,拾客精品超市(南陵店),安徽省,芜湖市,
20251411,ELEME,76W513283A,1106055316,快捷购精品超市(东营中心店),山东省,东营市,
20251411,ELEME,76W513327A,1104860006,抢鲜隆精品超市(转塘店),浙江省,杭州市,
20251411,ELEME,76W513328A,1103500377,京东便利店(晋安中心店),福建省,福州市,
20251411,ELEME,76W513393A,1103897352,海港超市(人民医院店),浙江省,嘉兴市,mmkt
20251411,ELEME,76W513419A,1105023433,邻几(海沧佳福花园店),福建省,厦门市,cvs
20251411,ELEME,76W513455A,1105007385,共橙24小时超市(诸城店),山东省,潍坊市,
20251411,ELEME,76W513493A,1055595421,佳粮鑫谷生鲜超市(凤山店),天津市,天津市,
20251411,ELEME,76W513945A,1067866001,佳粮鑫谷超市(梅江店),天津市,天津市,
20251411,ELEME,76W513977A,1105575373,共橙24小时超市(汶上店),山东省,济宁市,
20251411,ELEME,76W513992A,1103739158,即时购生活超市(清滨路店),黑龙江省,哈尔滨市,
20251411,ELEME,76W514025A,1100217337,美宜佳(凤凰八村赣02095店),江西省,宜春市,cvs
20251411,ELEME,76W514082A,1103252238,京东便利店(鼓楼总店),福建省,福州市,
20251411,ELEME,76W514123A,1104327280,共橙24小时超市(宣城宁国店),安徽省,宣城市,
20251411,ELEME,76W514124A,1105504466,可好(青州泰华城050018店),山东省,潍坊市,cvs
20251411,ELEME,76W514283A,1104882474,乐心宜超市(万寿路店),北京市,北京市,
20251411,ELEME,76W514297A,1104606085,京东便利店(五棵松万达店),北京市,北京市,
20251411,ELEME,76W514317A,1100445100,美宜佳(中环一路粤32542店),广东省,湛江市,cvs
20251411,ELEME,76W514358A,1105468191,乐心宜超市(滨河南大街店),河北省,唐山市,
20251411,ELEME,76W514479A,1070389190,谊品生鲜超市(丰文大道店),重庆市,重庆市,cvs
20251411,ELEME,76W514537A,1100896297,罗森(南京天景山店),江苏省,南京市,cvs
20251411,ELEME,76W514562A,1097808322,万嘉便利(二十五中店),福建省,福州市,cvs
20251411,ELEME,76W514682A,1104823309,快客达·环球超市(瓯海店),浙江省,温州市,
20251411,ELEME,76W514704A,1104975463,熊本便利店(永定路店),北京市,北京市,
20251411,ELEME,76W514757A,1101908089,福宁易购(信宁店),广东省,汕头市,smkt
20251411,ELEME,76W514767A,1105094391,共橙24小时超市(营口大石桥店),辽宁省,营口市,
20251411,ELEME,76W514786A,1104987412,邻里物语精品超市(园区店),江苏省,苏州市,
20251411,ELEME,76W514813A,1105393360,十足便利店(橡树湾店),江苏省,盐城市,cvs
20251411,ELEME,76W514967A,1103581421,美宜佳(大王郢路皖00696店),安徽省,滁州市,cvs
20251411,ELEME,76W514983A,1102638284,罗森便利店(1534高新园区三丰大厦店),辽宁省,大连市,cvs
20251411,ELEME,76W515029A,1097824240,大润发(龙池店),江苏省,南京市,hmkt
20251411,ELEME,76W515064A,1102719057,京东便利店(中心广场店),山东省,烟台市,
20251411,ELEME,76W515097A,1105099075,快客达环球超市(金鸡湖店),江苏省,苏州市,
20251411,ELEME,76W515187A,1105525242,乐心宜超市(龙泽北路店),河北省,唐山市,
20251411,ELEME,76W515247A,1103619499,京东便利店(渝北中心店),重庆市,重庆市,
20251411,ELEME,76W515292A,1103744354,佳品易购(青年路店),北京市,北京市,
20251411,ELEME,76W515320A,1103419350,美宜佳(汇景南路粤32931店),广东省,茂名市,cvs
20251411,ELEME,76W515341A,1103351352,惠立送超市(萧山中心店),浙江省,杭州市,
20251411,ELEME,76W515373A,1104873061,比优特超市(铜锣湾店),黑龙江省,哈尔滨市,smkt
20251411,ELEME,76W519203A,1107250441,共橙24小时超市(亳州谯城店),安徽省,亳州市,
20251411,ELEME,76W519204A,1106033416,711便利店(济南章丘维华商业广场店),山东省,济南市,cvs
20251411,ELEME,76W519211A,1107647288,罗森便利店(泉州学府路店),福建省,泉州市,cvs
20251411,ELEME,76W519252A,1107095381,盒马鲜生(九棵树店),北京市,北京市,smkt
20251411,ELEME,76W519304A,1103799193,昆仑好客uSmile(莘庄店),上海市,上海市,cvs
20251411,ELEME,76W519323A,1104731451,京东便利店(南京建邺店),江苏省,南京市,
20251411,ELEME,76W519347A,1107264299,吉优客超市(亚泰梧桐公馆店),吉林省,长春市,cvs
20251411,ELEME,76W519487A,1105990157,佳品易购(将台店),北京市,北京市,
20251411,ELEME,76W519504A,1105552179,京东便利店(荆州中心店),湖北省,荆州市,
20251411,ELEME,76W519551A,1107998193,世纪精品超市(大华店),上海市,上海市,
20251411,ELEME,76W519678A,1106829111,飞猪到家精选超市,安徽省,合肥市,
20251411,ELEME,76W519722A,1106520209,超宜选精品超市(娄底店),湖南省,娄底市,
20251411,ELEME,76W519744A,1106597013,永惠超市(万科东第店),天津市,天津市,
20251411,ELEME,76W519793A,1105832122,柴小囤·精品超市(桓台店),山东省,淄博市,
20251411,ELEME,76W519801A,1107385049,KKV(南宁会展航洋城主力店),广西壮族自治区,南宁市,mmkt
20251411,ELEME,76W519857A,1106852139,哆逛逛·精品超市(临安店),浙江省,杭州市,
20251411,ELEME,76W519896A,1102455215,惠比熊超市(街道口店),湖北省,武汉市,
20251411,ELEME,76W519949A,1100907360,昆仑好客uSmile(松江第二店),上海市,上海市,cvs
20251411,ELEME,76W519989A,1105723125,十足便利店(潘天寿中学店),浙江省,宁波市,cvs
20251411,ELEME,76W519998A,1106620268,好又多超市(融城绿景F区店),安徽省,芜湖市,mmkt
20251411,ELEME,76W520037A,1106253299,快客达环球超市(相城店),江苏省,苏州市,
20251411,ELEME,76W520061A,1104472174,乐购汪超市(拱墅中心店),浙江省,杭州市,
20251411,ELEME,76W520066A,1106631026,厦一单超市(南山店),广东省,深圳市,
20251411,ELEME,76W520090A,1107487489,共橙24小时超市(安吉胜利路店),浙江省,湖州市,
20251411,ELEME,76W520106A,1107212468,盒马鲜生(mini汇京国际店),上海市,上海市,smkt
20251411,ELEME,76W520120A,1100314115,昆仑好客uSmile(三中心店),浙江省,湖州市,cvs
20251411,ELEME,76W520150A,1102494361,北园超市(银山路店),辽宁省,沈阳市,mmkt
20251411,ELEME,76W520182A,292376340,十足便利店(永丰店),浙江省,温州市,cvs
20251411,ELEME,76W520217A,1105812380,罗森(莘沥路518号店),上海市,上海市,cvs
20251411,ELEME,76W520223A,1107950146,世纪华联优选超市(奥体中心店),江苏省,南京市,
20251411,ELEME,76W520278A,1103889281,京东便利店(连云港店),江苏省,连云港市,
20251411,ELEME,76W520282A,1107673431,京东便利店(柳市店),浙江省,温州市,
20251411,ELEME,76W520329A,1106157209,海马集市便利店(和平店),辽宁省,沈阳市,
20251411,ELEME,76W520335A,1107503242,中百罗森(宜昌西苑小吃街店),湖北省,宜昌市,cvs
20251411,ELEME,76W520349A,1106378459,美宜佳(火电大院桂02850号店),广西壮族自治区,柳州市,cvs
20251411,ELEME,76W520393A,1106002021,罗森便利店(邢台燕云台店),河北省,邢台市,cvs
20251411,ELEME,76W520397A,1108906268,共橙24小时超市(溧阳苏宁广场店),江苏省,常州市,
20251411,ELEME,76W520401A,1102611298,昆仑好客uSmile(力胜店),上海市,上海市,cvs
20251411,ELEME,76W520426A,1107242114,共橙24小时超市(平邑店),山东省,临沂市,
20251411,ELEME,76W520428A,1108103047,新天地超市(敦化中兴现代居店),吉林省,延边朝鲜族自治州,cvs
20251411,ELEME,76W520465A,1107103248,赤兔24H超市(北海店),广西壮族自治区,北海市,
20251411,ELEME,76W520506A,1107052460,共橙24小时超市(辽宁锦州店),辽宁省,锦州市,
20251411,ELEME,76W520514A,1108172031,华欣生鲜超市(万科店),北京市,北京市,mmkt
20251411,ELEME,76W520559A,1108362277,钜哆兔超市(沧州店),河北省,沧州市,
20251411,ELEME,76W520618A,1102380146,京东便利店(桐庐店),浙江省,杭州市,
20251411,ELEME,76W520622A,1108082089,共橙24小时超市(安徽天长店),安徽省,滁州市,
20251411,ELEME,76W520658A,1107603129,之佳便利(祥云龙翔广场分店),云南省,大理白族自治州,cvs
20251411,ELEME,76W520659A,1103416475,美宜佳(东海山庄3340店),广东省,东莞市,cvs
20251411,ELEME,76W520695A,1105341487,十足便利店(丹凤街店),江苏省,南京市,cvs
20251411,ELEME,76W520750A,1106027327,美宜佳(裕城花园皖00731店),安徽省,宿州市,cvs
20251411,ELEME,76W520771A,1104119027,焕熊真选超市(象湖店),江西省,南昌市,
20251411,ELEME,76W520797A,1106538323,美宜佳(鲁215凤鸣广场店),山东省,济南市,cvs
20251411,ELEME,76W520808A,1107122421,711便利店(呈贡仕林街店),云南省,昆明市,cvs
20251411,ELEME,76W520838A,1102758415,昆仑好客uSmile(奉贤第六店),上海市,上海市,cvs
20251411,ELEME,76W520863A,1102608270,昆仑好客uSmile(爱使浦南店),上海市,上海市,cvs
20251411,ELEME,76W520865A,1107216352,想家便利店(园洲大道60509店),广东省,惠州市,cvs
20251411,ELEME,76W521122A,1106235025,世纪精品超市(静安优选店),上海市,上海市,
20251411,ELEME,76W521181A,1108122052,天福便利店(南昌第三新村15110店),广东省,深圳市,cvs
20251411,ELEME,76W521184A,1106228386,好润多超市(惠阳路店),江苏省,盐城市,smkt
20251411,ELEME,76W521186A,1105058006,沃缤纷超市(徐东店),湖北省,武汉市,
20251411,ELEME,76W521206A,1100605491,世纪优品超市(上海站店),上海市,上海市,
20251411,ELEME,76W521221A,1107554319,快客达环球超市(湖州织里店),浙江省,湖州市,
20251411,ELEME,76W521259A,1105858243,快捷购精品超市(桂林中心店),广西壮族自治区,桂林市,
20251411,ELEME,76W521374A,1106323190,共橙24小时超市(阜新爱国路店),辽宁省,阜新市,
20251411,ELEME,76W521377A,1106951127,十足便利店(温州新国光店),浙江省,温州市,cvs
20251411,ELEME,76W521415A,1099975397,京东便利店(江宁中心店),江苏省,南京市,
20251411,ELEME,76W521437A,1106093239,罗森(临海靖江壹号店),浙江省,台州市,cvs
20251411,ELEME,76W521472A,1108771216,壹度便利(鄄城人民广场店),山东省,菏泽市,cvs
20251411,ELEME,76W521500A,1106155496,佳汇精品超市(白云店),广东省,广州市,
20251411,ELEME,76W521530A,1105650028,共橙24小时超市(涡阳店),安徽省,亳州市,
20251411,ELEME,76W521557A,1107643132,新佳宜便利店(乐尚城2562店),湖南省,长沙市,cvs
20251411,ELEME,76W521601A,1105515490,万家兴达超市(南川店),重庆市,重庆市,
20251411,ELEME,76W521664A,1102695257,昆仑好客uSmile(泥城店),上海市,上海市,cvs
20251411,ELEME,76W521673A,1105691014,美宜佳(阜成路川01496店),四川省,眉山市,cvs
20251411,ELEME,76W521705A,1099989232,佳惠超市(酉阳桃花源生活广场店),重庆市,重庆市,smkt
20251411,ELEME,76W521729A,1101766111,blt精品超市(南京万象店),江苏省,南京市,smkt
20251411,ELEME,76W521738A,1103268193,十足便利店(复悦里店),江苏省,南通市,cvs
20251411,ELEME,76W521762A,1105380304,快购精品超市(达州店),四川省,达州市,
20251411,ELEME,76W521763A,1104079389,世纪华联(柳市精品店),浙江省,温州市,
20251411,ELEME,76W521765A,1107143267,美宜佳(翡翠郡桂02930号店),广西壮族自治区,百色市,cvs
20251411,ELEME,76W521779A,1103273335,华联万家超市(当湖街道店),浙江省,嘉兴市,
20251411,ELEME,76W521785A,1105622165,世纪华联品乐超市(虹口优选店),上海市,上海市,
20251411,ELEME,76W521793A,1105968030,京东便利店(苏州大学店),江苏省,苏州市,
20251411,ELEME,76W521800A,1105391141,美宜佳(苏01526长江一号店),江苏省,无锡市,cvs
20251411,ELEME,76W521890A,1105256382,京东便利店(天河中心店),广东省,广州市,
20251411,ELEME,76W521950A,1107352033,京东便利店(五四店),福建省,福州市,
20251411,ELEME,76W521951A,1106076201,便民优选超市,四川省,眉山市,
20251411,ELEME,76W522077A,1107914062,美宜佳(雄楚广场鄂02435店),湖北省,武汉市,cvs
20251411,ELEME,76W522188A,1105068090,麦客联华超市(宝鸡店),陕西省,宝鸡市,
20251411,ELEME,76W522210A,1106333368,一心玛特生活超市(博兴店),上海市,上海市,mmkt
20251411,ELEME,76W522256A,1106246090,京东便利店(中心店),河南省,郑州市,
20251411,ELEME,76W522270A,1090892299,美宜佳(兴发中路5823店),广东省,东莞市,cvs
20251411,ELEME,76W522278A,1106323118,艾易特仓储超市(泉水店),辽宁省,大连市,
20251411,ELEME,76W522341A,1108592440,新天地超市(苏宁广场店),辽宁省,沈阳市,cvs
20251411,ELEME,76W522384A,1107351493,鲸GO生活超市(天安云谷店),广东省,深圳市,
20251411,ELEME,76W522390A,1105469166,罗森便利店(2015海城唯美品格分店),辽宁省,鞍山市,cvs
20251411,ELEME,76W522405A,1107385063,全好佳超市(华阳店),四川省,成都市,
20251411,ELEME,76W522538A,1107147258,老余杭超市,浙江省,杭州市,
20251411,ELEME,76W522577A,1105526155,鲸鱼嗨购超市(奉城店),上海市,上海市,
20251411,ELEME,76W522676A,1107175278,京东便利店(泉州店),福建省,泉州市,
20251411,ELEME,76W522691A,1106227358,谊品生鲜超市(嘉御湾店),重庆市,重庆市,cvs
20251411,ELEME,76W522700A,1103880319,昆仑好客uSmile(洪庙店),上海市,上海市,cvs
20251411,ELEME,76W522723A,1106531003,云惠旺超市(宁乡中心店),湖南省,长沙市,
20251411,ELEME,76W522778A,1105672127,邻几(和县小市口店),安徽省,马鞍山市,cvs
20251411,ELEME,76W522787A,1106949059,京东便利店(西海岸店),山东省,青岛市,
20251411,ELEME,76W522828A,1107328117,友客(绿地新希望花园店),山东省,济南市,cvs
20251411,ELEME,76W522842A,1103668341,六意便利店(鼓屏店),福建省,福州市,cvs
20251411,ELEME,76W522843A,1102633469,昆仑好客uSmile(妙境店),上海市,上海市,cvs
20251411,ELEME,76W522860A,1108044043,美宜佳(黔龙新城贵01213号店),贵州省,毕节市,cvs
20251411,ELEME,76W522874A,1105378359,京东便利店(玉环店),浙江省,台州市,
20251411,ELEME,76W522897A,1104711203,京东便利店(海沧店),福建省,厦门市,
20251411,ELEME,76W522898A,1107158042,佐客便利店(1239号中海城店),辽宁省,沈阳市,cvs
20251411,ELEME,76W522910A,1106711190,乐心宜超市(固安店),河北省,廊坊市,
20251411,ELEME,76W522924A,1105561469,宏远上铖超市(玫瑰国际店),四川省,眉山市,smkt
20251411,ELEME,76W522976A,1105808388,盒马鲜生(无锡滨湖万象汇店),江苏省,无锡市,smkt
20251411,ELEME,76W522981A,1107207140,共橙24小时超市(承德平泉店),河北省,承德市,
20251411,ELEME,76W523006A,1107788030,美宜佳(森林公馆赣02105店),江西省,赣州市,cvs
20251411,ELEME,76W523019A,1107949024,好又多超市(农大店),黑龙江省,哈尔滨市,smkt
20251411,ELEME,76W523081A,1107353138,共橙24小时超市(时代嘉园店),江苏省,泰州市,
20251411,ELEME,76W523087A,1106576238,美宜佳(仁爱医院闽02738店),福建省,泉州市,cvs
20251411,ELEME,76W523091A,1103979038,邻满旺超市(梅溪湖店),湖南省,长沙市,
20251411,ELEME,76W523188A,1105429492,共橙24小时超市(金华东阳店),浙江省,金华市,
20251411,ELEME,76W523384A,1107858209,恒晟超市(云霄南大街店),福建省,漳州市,smkt
20251411,ELEME,76W523440A,1105361290,万客华联超市(北海中心店),广西壮族自治区,北海市,
20251411,ELEME,76W523466A,1104044080,焕熊真选超市(梦时代店),江西省,南昌市,
20251411,ELEME,76W523518A,1107169040,快客达环球超市(西溪银泰店),浙江省,杭州市,
20251411,ELEME,76W523572A,1104533319,美宜佳(天岳新村湘03276店),湖南省,岳阳市,cvs
20251411,ELEME,76W523604A,1105812441,共橙24小时超市(禹州颖川店),河南省,许昌市,
20251411,ELEME,76W523618A,1092536487,美宜佳(武江御龙湾G561店),广东省,韶关市,cvs
20251411,ELEME,76W523637A,1104396135,乐购汪超市(萧山中心店),浙江省,杭州市,
20251411,ELEME,76W523639A,1106463421,京东便利店(昭通中心店),云南省,昭通市,
20251411,ELEME,76W523655A,650365275,金虎便利(3289富力湾店),山西省,太原市,cvs
20251411,ELEME,76W523657A,1107048085,欧乐福超市(越溪店),江苏省,苏州市,
20251411,ELEME,76W523658A,1107680197,华润万家便利超市(颐合府店),陕西省,西安市,mmkt
20251411,ELEME,76W523660A,1107882458,7-11便利店(福清清昌万达店),福建省,福州市,cvs
20251411,ELEME,76W523705A,1105379185,美宜佳(世纪江尚中心鄂02487店),湖北省,武汉市,cvs
20251411,ELEME,76W523743A,1107503321,超级购生活超市(栖霞店),江苏省,南京市,
20251411,ELEME,76W523765A,1107211236,盒马鲜生(mini大融城店),上海市,上海市,smkt
20251411,ELEME,76W523805A,1107000017,十足便利店(贾汪人民医院店),江苏省,徐州市,cvs
20251411,ELEME,76W523911A,1103483428,美宜佳(建设东路桂01518号店),广西壮族自治区,贺州市,cvs
20251411,ELEME,76W523921A,287906406,加得超市,浙江省,温州市,
20251411,ELEME,76W523928A,1106502405,超宜选精品超市(萍乡店),江西省,萍乡市,
20251411,ELEME,76W523943A,1107015451,共橙24小时超市(湖州德清店),浙江省,湖州市,
20251411,ELEME,76W524194A,1107327124,711(镇江苏宁广场店),江苏省,镇江市,cvs
20251411,ELEME,76W524267A,1104876448,京东便利店(马鞍山中心店),安徽省,马鞍山市,
20251411,ELEME,76W524306A,1106257272,京东便利店(富阳店),浙江省,杭州市,
20251411,ELEME,76W524330A,1106945129,艾易特仓储超市(高新店),辽宁省,大连市,
20251411,ELEME,76W524417A,1106889093,十足便利店(绍兴诸暨广和大厦店),浙江省,绍兴市,cvs
20251411,ELEME,76W524439A,1105260138,世纪生活超市(真如店),上海市,上海市,
20251411,ELEME,76W524470A,1105934292,厦一单超市(未央国际店),陕西省,西安市,
20251411,ELEME,76W524497A,1107967313,华润万家(荔湾健康港店),广东省,广州市,hmkt
20251411,ELEME,76W524520A,1108109111,共橙24小时超市(长春德惠店),吉林省,长春市,
20251411,ELEME,76W524558A,1108238304,每日隆便利店(敦化凯悦名居店),吉林省,延边朝鲜族自治州,cvs
20251411,ELEME,76W524583A,1106086267,世纪精品超市(月浦中心店),上海市,上海市,
20251411,ELEME,76W524585A,1105068248,美一天省钱超市(石狮中心店),福建省,泉州市,
20251411,ELEME,76W524606A,1108237234,加贝超市(凤山街道店),浙江省,金华市,mmkt
20251411,ELEME,76W524608A,1107101286,美宜佳(乌布小街桂03602号店),广西壮族自治区,桂林市,cvs
20251411,ELEME,76W524645A,1104537175,倾鑫优选生活超市(金水区店),河南省,郑州市,
20251411,ELEME,76W524685A,1106518417,共橙24小时超市(沂南店),山东省,临沂市,
20251411,ELEME,76W524706A,1098786322,7-Eleven便利店(阳春东湖广场-4211店),广东省,阳江市,cvs
20251411,ELEME,76W524710A,1106383022,共橙24小时超市(宿迁宿豫店),江苏省,宿迁市,
20251411,ELEME,76W524770A,1105341460,美好便利(海安曲塘人民路店),江苏省,南通市,cvs
20251411,ELEME,76W524803A,1104533299,京东便利店(泉安店),福建省,泉州市,
20251411,ELEME,76W524826A,1108153247,罗森(苏州开元里店),江苏省,苏州市,cvs
20251411,ELEME,76W524922A,1107618044,共橙24小时超市(海门长江路店),江苏省,南通市,
20251411,ELEME,76W524944A,1107124192,艾易特仓储超市(前关店),辽宁省,大连市,
20251411,ELEME,76W524967A,1106381145,快客达·环球超市(塘下店),浙江省,温州市,
20251411,ELEME,76W524985A,1103242429,昆仑好客uSmile(奉贤第三店),上海市,上海市,cvs
20251411,ELEME,76W525029A,1107727454,美宜佳(北京西路凯里亚德鄂02503店),湖北省,荆州市,cvs
20251411,ELEME,76W525034A,1104895045,大润发(阜宁店),江苏省,盐城市,hmkt
20251411,ELEME,76W525075A,1106089107,共橙24小时超市(鞍山铁西区店),辽宁省,鞍山市,
20251411,ELEME,76W525128A,1106462490,美宜佳(封州一路粤32912店),广东省,肇庆市,cvs
20251411,ELEME,76W525193A,1098293246,美宜佳(石排大道2902店),广东省,东莞市,cvs
20251411,ELEME,76W525217A,1099259335,美宜佳(金威郦都粤22692店),广东省,佛山市,cvs
20251411,ELEME,76W525278A,1104830026,句鲸百货Mart(江城店),广东省,阳江市,
20251411,ELEME,76W525316A,1101958135,家家悦(文登南海奥莱店),山东省,威海市,smkt
20251411,ELEME,76W525338A,1106391181,京东便利店(中山店),广东省,中山市,
20251411,ELEME,76W525388A,1105070274,罗森(3836国权北路1688弄店),上海市,上海市,cvs
20251411,ELEME,76W525393A,1106903123,罗森(6481杭州萧山博亚时代中心店),浙江省,杭州市,cvs
20251411,ELEME,76W525479A,1106121279,乐购超市(东昌店),吉林省,通化市,
20251411,ELEME,76W525509A,1107373087,千家顺·鲸选超市(扬州高邮店),江苏省,扬州市,
20251411,ELEME,76W525521A,1107557272,厦一单超市(莱安逸境店),陕西省,西安市,
20251411,ELEME,76W525591A,1107713338,熊本便利店(团结湖店),北京市,北京市,
20251411,ELEME,76W525609A,1108541258,之佳便利(昆明俊福花城分店),云南省,昆明市,cvs
20251411,ELEME,76W525629A,1106088086,世纪优品超市(普陀中心店),上海市,上海市,
20251411,ELEME,76W525640A,1097314478,华联优选超市(新站店),安徽省,合肥市,
20251411,ELEME,76W525702A,1107690351,京东便利店(三水店),广东省,佛山市,
20251411,ELEME,76W525746A,1105729221,共橙24小时超市(辽阳白塔店),辽宁省,辽阳市,
20251411,ELEME,76W525756A,1107738205,共橙24小时超市(天津蓟州店),天津市,天津市,
20251411,ELEME,76W525795A,1102688475,昆仑好客uSmile(青一店),上海市,上海市,cvs
20251411,ELEME,76W525816A,1106310429,三只羊の生活超市,上海市,上海市,
20251411,ELEME,76W525828A,1107213469,共橙24小时超市(金坛店),江苏省,常州市,
20251411,ELEME,76W525907A,1105585192,ALDI奥乐齐超市(长白店),上海市,上海市,mmkt
20251411,ELEME,76W525921A,1106590453,盒马鲜生(航空港店),四川省,成都市,smkt
20251411,ELEME,76W525922A,1108130075,共橙一站式超市(广德店),安徽省,宣城市,
20251411,ELEME,76W526014A,1107460070,迪购超市(龙海店),福建省,漳州市,
20251411,ELEME,76W526050A,1106238183,物u购24小时超市(温州中心店),浙江省,温州市,
20251411,ELEME,76W526166A,1107452462,罗森便利店(石家庄藏龙福地店),河北省,石家庄市,cvs
20251411,ELEME,76W526172A,1105675336,共橙24小时超市(海州店),江苏省,连云港市,
20251411,ELEME,76W526181A,1106120070,罗森(宁波顺德路店),浙江省,宁波市,cvs
20251411,ELEME,76W526253A,1107987160,麦客联华超市(龙口店),山东省,烟台市,
20251411,ELEME,76W526255A,1103646287,共橙24小时超市(新华区店),河南省,平顶山市,
20251411,ELEME,76W526277A,1107584349,美宜佳(鲁225长安花园店),山东省,济宁市,cvs
20251411,ELEME,76W526286A,1108045101,世纪精品超市(沪太路店),上海市,上海市,
20251411,ELEME,76W526300A,1102970164,Today今天便利店(佳园路店),湖北省,武汉市,cvs
20251411,ELEME,76W526394A,1106312131,美宜佳(华创步行街渝02068店),重庆市,重庆市,cvs
20251411,ELEME,76W526433A,1101914176,惠康超市(集贤南路店),安徽省,安庆市,mmkt
20251411,ELEME,76W526454A,1108125083,共橙一站式超市(山西阳泉店),山西省,阳泉市,
20251411,ELEME,76W526501A,1105558098,世纪精品超市(徐泾店),上海市,上海市,
20251411,ELEME,76W526539A,1107638229,京东便利店(中心店),山东省,青岛市,
20251411,ELEME,76W526602A,1106212141,惠康超市(吉祥花园店),安徽省,安庆市,mmkt
20251411,ELEME,76W526616A,1068608367,汇宁便利店(漳湖店),福建省,福州市,cvs
20251411,ELEME,76W526646A,1106482143,美好便利(靖江民兵小区店),江苏省,泰州市,cvs
20251411,ELEME,76W526676A,1102677200,沃缤纷超市(常青店),湖北省,武汉市,
20251411,ELEME,76W526727A,1106574013,速购精品超市(潍坊中心店),山东省,潍坊市,
20251411,ELEME,76W526765A,1105720186,惠邻百佳超市(顺义店),北京市,北京市,
20251411,ELEME,76W526774A,1108013049,快客达环球超市(江宁店),江苏省,南京市,
20251411,ELEME,76W526830A,1104793479,美宜佳(北环东路闽02710店),福建省,龙岩市,cvs
20251411,ELEME,76W526849A,1103310198,世纪精品超市(虹口店),上海市,上海市,
20251411,ELEME,76W526901A,671785018,日之惠超市(金梅店),安徽省,合肥市,mmkt
20251411,ELEME,76W526928A,264632082,超市发(四道口二店),北京市,北京市,cvs
20251411,ELEME,76W526929A,672808038,盒马鲜生(大钟寺店),北京市,北京市,smkt
20251411,ELEME,76W526939A,675812494,安德利超市(巢湖凤凰名城店),安徽省,合肥市,smkt
20251411,ELEME,76W526966A,676333093,北山超市(和塘悦舍店),湖北省,宜昌市,smkt
20251411,ELEME,76W526999A,239282123,友客(益欣春光山色店),山东省,青岛市,cvs
20251411,ELEME,76W527032A,239309442,华润万家(先锋路店),天津市,天津市,cvs
20251411,ELEME,76W527041A,239313181,AEON永旺超市(金桥店),湖北省,武汉市,hmkt
20251411,ELEME,76W527045A,239313401,华润万家便利超市(广石家园店),江苏省,无锡市,mmkt
20251411,ELEME,76W527049A,239316358,华润万家(福州道店),天津市,天津市,smkt
20251411,ELEME,76W527062A,239322192,华润万家(紫金山路店),天津市,天津市,smkt
20251411,ELEME,76W527085A,239337155,华润万家乐购express(四季雅园店),天津市,天津市,mmkt
20251411,ELEME,76W527117A,239355214,盒马鲜生(望京万科店),北京市,北京市,mmkt
20251411,ELEME,76W527122A,239357083,华润万家(台城店),广东省,江门市,smkt
20251411,ELEME,76W527126A,239358087,华润万家(塘沽外滩店),天津市,天津市,smkt
20251411,ELEME,76W527127A,239359046,1+家超市(娇子1号店),四川省,成都市,cvs
20251411,ELEME,76W527160A,239738451,融惠微利便利店(丽景店),黑龙江省,哈尔滨市,cvs
20251411,ELEME,76W527170A,239744435,微利便利店(长安城店),黑龙江省,哈尔滨市,cvs
20251411,ELEME,76W527201A,239767449,微利便利店(泰富店),黑龙江省,哈尔滨市,cvs
20251411,ELEME,76W527203A,239769007,1+家便利超市(高新下街店),四川省,成都市,cvs
20251411,ELEME,76W527234A,239782191,世纪联华(莲花店),浙江省,杭州市,hmkt
20251411,ELEME,76W527245A,239789003,融惠微利便利店(169辰能店),黑龙江省,哈尔滨市,cvs
20251411,ELEME,76W527260A,239804197,苏果生活超市(丰县翡翠城店),江苏省,徐州市,mmkt
20251411,ELEME,76W527264A,239807088,悦来悦喜便利店(楷林店),河南省,郑州市,cvs
20251411,ELEME,76W527269A,239812230,美宜佳(南成金座川00019店),四川省,遂宁市,cvs
20251411,ELEME,76W527293A,240074369,美好便利(常州星河花园店),江苏省,常州市,cvs
20251411,ELEME,76W527324A,240353250,华润苏果(铁匠营社区店),江苏省,南京市,smkt
20251411,ELEME,76W527347A,240377433,浙北便利(西白鱼潭店),浙江省,湖州市,mmkt
20251411,ELEME,76W527350A,240381198,苏果便利(丹青路店),江苏省,南京市,mmkt
20251411,ELEME,76W527356A,240384385,华润苏果(淮南科技大厦店),安徽省,淮南市,hmkt
20251411,ELEME,76W527362A,240388308,银座商城(济南七里山店),山东省,济南市,hmkt
20251411,ELEME,76W527372A,240392177,华润苏果(东宝路购物广场),江苏省,南京市,smkt
20251411,ELEME,76W527375A,240393333,苏果便利(水西门外店),江苏省,南京市,mmkt
20251411,ELEME,76W527386A,240405031,百家乐超市(风雨坛店),辽宁省,沈阳市,cvs
20251411,ELEME,76W527394A,245502061,银座商城(日照商城店),山东省,日照市,hmkt
20251411,ELEME,76W527410A,246627468,华润万家便利超市(华银店),江苏省,苏州市,mmkt
20251411,ELEME,76W527421A,246635416,华润万家便利超市(大庆路店),陕西省,西安市,mmkt
20251411,ELEME,76W527435A,246645373,华润万家便利超市(御景园店),广东省,广州市,smkt
20251411,ELEME,76W527441A,246648310,华润万家(韩森路店),陕西省,西安市,hmkt
20251411,ELEME,76W527443A,246648350,华润万家便利超市(蔚蓝海岸店),广东省,深圳市,smkt
20251411,ELEME,76W527455A,246655249,乐购express(寰宇天下店),浙江省,杭州市,cvs
20251411,ELEME,76W527458A,246657257,华润万家便利超市(公园北路店),陕西省,西安市,hmkt
20251411,ELEME,76W527460A,246658223,华润万家便利超市(新洲花园店),江苏省,无锡市,mmkt
20251411,ELEME,76W527463A,246662220,华润万家(黄纬路店),天津市,天津市,mmkt
20251411,ELEME,76W527476A,246670112,华润万家(掌起二店),浙江省,宁波市,smkt
20251411,ELEME,76W527479A,246671130,华润万家便利超市(馨泰花苑店),江苏省,苏州市,cvs
20251411,ELEME,76W527488A,246680027,华润万家(升安大街店),天津市,天津市,cvs
20251411,ELEME,76W527517A,246756269,金凯达便利店(073春光店),辽宁省,本溪市,cvs
20251411,ELEME,76W527531A,246779178,仲家汇生活超市(开元店),山东省,济南市,mmkt
20251411,ELEME,76W527576A,247018477,仲家汇生活超市(山大花洪店),山东省,济南市,mmkt
20251411,ELEME,76W527607A,264588279,华润万家乐购express(龙海家园一店),广东省,深圳市,mmkt
20251411,ELEME,76W527656A,265596021,银座商城(泰安新泰店),山东省,泰安市,hmkt
20251411,ELEME,76W527661A,265857468,银座商城(莱芜钢城店),山东省,济南市,hmkt
20251411,ELEME,76W527665A,265880398,银座商城(滨州黄河店),山东省,滨州市,hmkt
20251411,ELEME,76W527673A,265928025,美宜佳(人民南路川00050店),四川省,广安市,cvs
20251411,ELEME,76W527682A,266064202,联华超市(四平店),上海市,上海市,smkt
20251411,ELEME,76W527703A,266972442,塞北福满家超市(生活购物广场店),河北省,承德市,cvs
20251411,ELEME,76W527728A,269037202,盒马鲜生(丁香国际店),上海市,上海市,smkt
20251411,ELEME,76W527769A,277006125,中百仓储超市(咸宁店),湖北省,咸宁市,hmkt
20251411,ELEME,76W527773A,277055035,中百仓储(金银湖店),湖北省,武汉市,hmkt
20251411,ELEME,76W527836A,287906476,悦来悦喜(龙子湖微时代店),河南省,郑州市,cvs
20251411,ELEME,76W527849A,290048176,佳惠鲜天下(在水一方店),湖南省,怀化市,smkt
20251411,ELEME,76W527883A,291458013,中百仓储超市(古田店),湖北省,武汉市,hmkt
20251411,ELEME,76W527961A,300280317,北山生鲜超市(梧桐邑店),湖北省,宜昌市,smkt
20251411,ELEME,76W527992A,307918180,融惠微利便利店(群力第四大道店),黑龙江省,哈尔滨市,cvs
20251411,ELEME,76W528017A,321150384,盒马鲜生(世博源店),上海市,上海市,mmkt
20251411,ELEME,76W528023A,322154371,谊品生鲜超市(力高国际城店),江西省,南昌市,mmkt
20251411,ELEME,76W528031A,322427128,谊品生鲜超市(金盛田锦上店),江苏省,南京市,mmkt
20251411,ELEME,76W528073A,355637049,苏果便利(沛县香港街店),江苏省,徐州市,mmkt
20251411,ELEME,76W528100A,364980233,人本超市(兴利店),浙江省,温州市,smkt
20251411,ELEME,76W528117A,371007436,友客(功德坊路中南熙悦店),山东省,青岛市,cvs
20251411,ELEME,76W528152A,384841042,真实惠便民店(南楼店),辽宁省,营口市,mmkt
20251411,ELEME,76W528173A,398358027,小月亮,黑龙江省,哈尔滨市,cvs
20251411,ELEME,76W528181A,401271267,美宜佳(金阳街川00176店),四川省,遂宁市,cvs
20251411,ELEME,76W528189A,406013250,大润发(super活力城店),吉林省,长春市,smkt
20251411,ELEME,76W528208A,414712050,盒马鲜生(老西门南六店),上海市,上海市,mmkt
20251411,ELEME,76W528215A,424279284,美好便利(泰州许庄店),江苏省,泰州市,mmkt
20251411,ELEME,76W528227A,426360023,谊品生鲜超市(金科天宸店),四川省,成都市,cvs
20251411,ELEME,76W528232A,427215316,融惠微利便利店(香武店),黑龙江省,哈尔滨市,cvs
20251411,ELEME,76W528240A,429710325,谊品生鲜超市(万科金域国际店),江西省,南昌市,mmkt
20251411,ELEME,76W528281A,436249481,融惠微利便利店(双龙家园店),黑龙江省,哈尔滨市,cvs
20251411,ELEME,76W528285A,437488385,壹度便利(济宁万达D座店),山东省,济宁市,cvs
20251411,ELEME,76W528289A,447110389,美宜佳(万达广场川00198店),四川省,内江市,cvs
20251411,ELEME,76W528293A,447438407,盒马鲜生(仁恒雅苑店),上海市,上海市,mmkt
20251411,ELEME,76W528313A,531249241,供销超市(柯岩大卖场店),浙江省,绍兴市,mmkt
20251411,ELEME,76W528365A,571270081,谊品生鲜超市(霞麦村店),江西省,南昌市,mmkt
20251411,ELEME,76W528370A,572660049,家乐园超市(冶金路购物广场店),河北省,邢台市,smkt
20251411,ELEME,76W528373A,574189402,悦来悦喜(新乡星海国际店),河南省,新乡市,cvs
20251411,ELEME,76W528388A,657111466,美宜佳(天成国际川00353店),四川省,内江市,cvs
20251411,ELEME,76W528399A,525708376,美宜佳(时光里川00199店),四川省,泸州市,cvs
20251411,ELEME,76W528411A,654569124,可多便利(中建福地星城店),湖北省,武汉市,cvs
20251411,ELEME,76W528414A,664384238,可多便利(旭辉江夏府店),湖北省,武汉市,cvs
20251411,ELEME,76W528431A,239737473,融惠微利便利店(河松店),黑龙江省,哈尔滨市,cvs
20251411,ELEME,76W528439A,239785055,微利便利店(悦山店),黑龙江省,哈尔滨市,cvs
20251411,ELEME,76W528440A,273042370,微利便利店(南极国际店),黑龙江省,哈尔滨市,cvs
20251411,ELEME,76W528454A,611977468,盒马鲜生(通州新华东街店),北京市,北京市,smkt
20251411,ELEME,76W528521A,592607147,中百超市(黄石还地桥店),湖北省,黄石市,smkt
20251411,ELEME,76W528522A,667856129,金色华联(阜阳颍泉万达店),安徽省,阜阳市,hmkt
20251411,ELEME,76W528562A,307851193,壹度便利(中置华府北门店),河南省,商丘市,cvs
20251411,ELEME,76W528566A,603970036,美好便利(海安泰宁村店),江苏省,南通市,mmkt
20251411,ELEME,76W528574A,355440372,苏果便利(沛县鼓楼街店),江苏省,徐州市,mmkt
20251411,ELEME,76W528581A,279757306,六意鲜超市(朝阳店),福建省,福州市,cvs
20251411,ELEME,76W528593A,583782364,大润发(贵港店),广西壮族自治区,贵港市,smkt
20251411,ELEME,76W528596A,648183313,谊品生鲜超市(加州风情店),江西省,九江市,mmkt
20251411,ELEME,76W528598A,648320274,谊品生鲜超市(江州华府店),江西省,九江市,mmkt
20251411,ELEME,76W528606A,592300318,可好(迎春大街041538店),山东省,烟台市,cvs
20251411,ELEME,76W528622A,672132493,美宜佳便利店(苏00490东园路店),江苏省,扬州市,mmkt
20251411,ELEME,76W528637A,239290400,大润发(科兴店),北京市,北京市,smkt
20251411,ELEME,76W528656A,239364141,盒马鲜生(湖南路店),江苏省,南京市,smkt
20251411,ELEME,76W528660A,239728493,微利便利店(健康店),黑龙江省,哈尔滨市,cvs
20251411,ELEME,76W528662A,239748483,微利便利店(通站店),黑龙江省,哈尔滨市,cvs
20251411,ELEME,76W528668A,239772107,中百超市硬折扣店(恒大绿洲店),湖北省,武汉市,smkt
20251411,ELEME,76W528672A,239780221,苏果生活超市(孝陵卫店),江苏省,南京市,smkt
20251411,ELEME,76W528685A,240112028,微利便利店(中兴家园店),黑龙江省,哈尔滨市,cvs
20251411,ELEME,76W528695A,240395330,华润万家(常州新桥店),江苏省,常州市,hmkt
20251411,ELEME,76W528702A,246635404,华润万家便利超市(宝带西路店),江苏省,苏州市,mmkt
20251411,ELEME,76W528712A,246674059,华润万家便利超市(澄湖路店),江苏省,苏州市,mmkt
20251411,ELEME,76W528728A,264586309,北山生活超市(星火路店),湖北省,宜昌市,smkt
20251411,ELEME,76W528734A,264600217,苏果便利(扬州百祥路店),江苏省,扬州市,mmkt
20251411,ELEME,76W528738A,264631052,联盛超市(御江一品店),江西省,九江市,mmkt
20251411,ELEME,76W528745A,266999390,塞北福满家超市(围场一店),河北省,承德市,cvs
20251411,ELEME,76W528766A,282000174,申客隆超市(天润嘉城店),安徽省,铜陵市,mmkt
20251411,ELEME,76W528769A,283150014,盒马鲜生(川沙路店),上海市,上海市,mmkt
20251411,ELEME,76W528773A,286611005,绿城超市(紫东店),河南省,濮阳市,cvs
20251411,ELEME,76W528779A,291361384,黄商超市(黄州胜利街购物中心店),湖北省,黄冈市,mmkt
20251411,ELEME,76W528787A,292686191,苏果便利(陈庄新区店),江苏省,泰州市,mmkt
20251411,ELEME,76W528806A,356845063,美宜佳(君临天下川00136店),四川省,南充市,cvs
20251411,ELEME,76W528811A,372095018,吉优客超市(隆德华府店),吉林省,长春市,mmkt
20251411,ELEME,76W528819A,390966329,绿城超市(京开店),河南省,濮阳市,smkt
20251411,ELEME,76W528828A,409231149,苏果生活超市(徐州市丰县栖凤路店),江苏省,徐州市,mmkt
20251411,ELEME,76W528840A,482923062,华运超市(五河红树湾店),安徽省,蚌埠市,smkt
20251411,ELEME,76W528841A,524565053,浙北超市(南浔练市店),浙江省,湖州市,smkt
20251411,ELEME,76W528865A,648282015,谊品鲜超市(凤凰花园东区店),江西省,南昌市,mmkt
20251411,ELEME,76W528866A,593584389,可多便利(都会道店),湖北省,武汉市,cvs
20251411,ELEME,76W528897A,688353006,天福便利店(12185国际公馆店),江西省,赣州市,cvs
20251411,ELEME,76W528922A,707461007,天生祥超市(中心店),云南省,普洱市,hmkt
20251411,ELEME,76W528944A,708172442,苏果便利(万达家园店),江苏省,南京市,mmkt
20251411,ELEME,76W528946A,708022482,苏果便利(盘锦花园店),江苏省,南京市,mmkt
20251411,ELEME,76W528949A,708234332,苏果便利(二板桥店),江苏省,南京市,mmkt
20251411,ELEME,76W528956A,707988457,苏果便利(马群店),江苏省,南京市,mmkt
20251411,ELEME,76W528961A,686542172,苏果便利(莱茵东郡店),江苏省,南京市,mmkt
20251411,ELEME,76W528968A,688167116,可多便利(舜安大厦店),湖北省,武汉市,cvs
20251411,ELEME,76W528982A,686990451,国光(信丰铂金湾店),江西省,赣州市,mmkt
20251411,ELEME,76W529013A,709839211,美宜佳(国际社区川00535店),四川省,自贡市,cvs
20251411,ELEME,76W529058A,748132164,美宜佳(紫天大世界川00330店),四川省,达州市,cvs
20251411,ELEME,76W529061A,678266036,谊品生鲜超市(红岭花园店),江西省,南昌市,mmkt
20251411,ELEME,76W529105A,708167002,苏果便利(马家街店),江苏省,南京市,mmkt
20251411,ELEME,76W529165A,557570091,乐豆家(红星美凯龙0355店),江西省,上饶市,cvs
20251411,ELEME,76W529175A,769526015,乐豆家(卧龙城0503店),江西省,上饶市,mmkt
20251411,ELEME,76W529210A,656962144,乐豆家(康居外滩0410店),江西省,吉安市,mmkt
20251411,ELEME,76W529231A,246663195,华润万家便利超市(双月湾2店),广东省,惠州市,mmkt
20251411,ELEME,76W529273A,893568476,黄商生活超市(浠水彩虹广场店),湖北省,黄冈市,smkt
20251411,ELEME,76W529292A,271916216,悦来悦喜(中豪汇景湾店),河南省,郑州市,cvs
20251411,ELEME,76W529321A,899373097,苏果生活超市(邵巷店),江苏省,连云港市,mmkt
20251411,ELEME,76W529322A,999400149,美宜佳(吾悦广场川00682店),四川省,内江市,cvs
20251411,ELEME,76W529348A,981780379,全能超市(星沙店),湖南省,长沙市,mmkt
20251411,ELEME,76W529354A,912655205,美宜佳(盛唐国际川00603店),四川省,遂宁市,cvs
20251411,ELEME,76W529358A,945396399,美宜佳(陕69北欧半岛店),陕西省,渭南市,cvs
20251411,ELEME,76W529359A,1005695063,36524便利店(平山汽车站店),河北省,石家庄市,mmkt
20251411,ELEME,76W529360A,828353190,KKV(太原茂业天地主力店),山西省,太原市,mmkt
20251411,ELEME,76W529411A,1055804355,壹度便利(碧桂园黄金时代南门店),安徽省,淮北市,cvs
20251411,ELEME,76W529422A,1055769338,联盛超市(九龙广场店),江西省,九江市,smkt
20251411,ELEME,76W529424A,1034806320,可多便利(复地东湖国际八期店),湖北省,武汉市,cvs
20251411,ELEME,76W529441A,1018404246,新佳宜超市(明发国际公馆2045店),湖南省,长沙市,cvs
20251411,ELEME,76W529463A,1060790210,美宜佳(陕118长丰国际店),陕西省,西安市,cvs
20251411,ELEME,76W529507A,1064774165,壹度便利(华海又一城店),安徽省,蚌埠市,cvs
20251411,ELEME,76W529511A,1067330109,天福便利店(四平13192店),江西省,赣州市,mmkt
20251411,ELEME,76W529521A,1066108193,华联超市(堡镇中路店),上海市,上海市,mmkt
20251411,ELEME,76W529527A,707714024,苏果便利(丁家庄华银路二店),江苏省,南京市,mmkt
20251411,ELEME,76W529541A,1067765107,美宜佳(世锦文苑川00915店),四川省,遂宁市,cvs
20251411,ELEME,76W529555A,1066961288,汇星超市(江油平等街总店),四川省,绵阳市,hmkt
20251411,ELEME,76W529568A,1069970188,壹度便利(周口昌建新世界写字楼店),河南省,周口市,cvs
20251411,ELEME,76W529610A,1068857095,家得福(九龙城市乐园店),江苏省,连云港市,mmkt
20251411,ELEME,76W529613A,1068755243,国光(赣州新天地店),江西省,赣州市,smkt
20251411,ELEME,76W529618A,1070022124,每日隆便利店(公园市场店),吉林省,延边朝鲜族自治州,cvs
20251411,ELEME,76W529653A,1068221124,华润万家(卓越东分店),广东省,惠州市,mmkt
20251411,ELEME,76W529664A,1085065125,华润万家便利超市(乐城店),广东省,深圳市,smkt
20251411,ELEME,76W529672A,1079718419,永丰超市(新桥店),浙江省,温州市,smkt
20251411,ELEME,76W529690A,1067986356,大润发(路北店),河北省,唐山市,smkt
20251411,ELEME,76W529692A,1086427113,码上鲜(千灯店),江苏省,苏州市,mmkt
20251411,ELEME,76W529698A,1086790153,盒马鲜生(梅陇店),上海市,上海市,mmkt
20251411,ELEME,76W529779A,1092934161,保真华龙仓(吾悦店),江苏省,连云港市,smkt
20251411,ELEME,76W529784A,239767313,新佳宜(西子一间1594店),湖南省,长沙市,cvs
20251411,ELEME,76W529821A,1095712086,壹度便利(开封国宾府东门店),河南省,开封市,mmkt
20251411,ELEME,76W529830A,1084881242,盒马鲜生(mini花木陆悦坊店),上海市,上海市,mmkt
20251411,ELEME,76W529834A,1096828047,超盒算NB(宝山向阳900店),上海市,上海市,mmkt
20251411,ELEME,76W529835A,1096693361,超盒算NB(金山朱泾城南店),上海市,上海市,smkt
20251411,ELEME,76W529839A,1096801133,超盒算NB(浦东博华路店),上海市,上海市,mmkt
20251411,ELEME,76W529843A,1096694370,超盒算NB(宝山长江西路店),上海市,上海市,mmkt
20251411,ELEME,76W529846A,1098163383,盒马鲜生(马利来店),上海市,上海市,mmkt
20251411,ELEME,76W529847A,1096780170,超盒算NB(闵行报春路店),上海市,上海市,mmkt
20251411,ELEME,76W529880A,1099438239,家得福(锦程佳园店),江苏省,连云港市,smkt
20251411,ELEME,76W529927A,1100075428,联盛超市(德安快乐城店),江西省,九江市,smkt
20251411,ELEME,76W529946A,1097963336,万嘉便利(阳光城大都会店),福建省,福州市,cvs
20251411,ELEME,76W529950A,1101814041,超市发(炸子市街店),河北省,张家口市,smkt
20251411,ELEME,76W529972A,1101967099,家家悦(乳山东方2店),山东省,威海市,smkt
20251411,ELEME,76W530026A,1105373147,世纪联华(天空之城店),浙江省,杭州市,smkt
20251411,ELEME,76W533472A,1109780361,溧家百货超市(溧阳店),江苏省,常州市,
20251411,ELEME,76W533475A,1108951177,佑哒超市(汉川店),湖北省,孝感市,
20251411,ELEME,76W533485A,1105837267,千与寻便利店,黑龙江省,齐齐哈尔市,
20251411,ELEME,76W533500A,1108286414,京东便利店(常熟店),江苏省,苏州市,
20251411,ELEME,76W533504A,1109331329,新力有家便利店(泰康人寿店),湖北省,武汉市,cvs
20251411,ELEME,76W533508A,1109399499,十足便利店(杭州潘水路店),浙江省,杭州市,cvs
20251411,ELEME,76W533511A,1109278062,世纪精品超市(古北店),上海市,上海市,
20251411,ELEME,76W533519A,1108902447,美好便利(常州景秀世家店),江苏省,常州市,cvs
20251411,ELEME,76W533525A,1106525439,麦客·联华生活超市,四川省,广安市,
20251411,ELEME,76W533568A,1108031019,快客达超市(回兴店),重庆市,重庆市,
20251411,ELEME,76W533642A,1108415057,易惠达超市(沙河店),北京市,北京市,
20251411,ELEME,76W533666A,1109960230,凯辉便利店(首钢3店),贵州省,贵阳市,cvs
20251411,ELEME,76W533675A,1102962466,共橙24小时超市(梅河口新华街店),吉林省,通化市,
20251411,ELEME,76W533685A,1108225369,京东便利店(二七中心店),河南省,郑州市,
20251411,ELEME,76W533825A,1108441350,宅可送生活超市(莲花南路店),上海市,上海市,
20251411,ELEME,76W533844A,409499191,美宜佳(下岐万达粤17695店),广东省,汕头市,cvs
20251411,ELEME,76W533877A,1109159078,购好生活超市(融侨悦城店),江苏省,南京市,mmkt
20251411,ELEME,76W533970A,1108145146,昔多购云上超市(建德店),浙江省,杭州市,
20251411,ELEME,76W534036A,1109979259,明湖超市(人民路一店),广东省,茂名市,hmkt
20251411,ELEME,76W534048A,1099177003,考拉易购生活超市(红山店),广东省,深圳市,
20251411,ELEME,76W534052A,1108804278,沃缤纷超市(钟家村店),湖北省,武汉市,
20251411,ELEME,76W534101A,1105831419,近距梨超市(海盐店),浙江省,嘉兴市,
20251411,ELEME,76W534150A,1099398370,美宜佳(天花园粤24206店),广东省,汕头市,cvs
20251411,ELEME,76W534182A,1108775285,沃缤纷超市(南湖店),湖北省,武汉市,
20251411,ELEME,76W534186A,1109145197,多当家超市(平潭店),福建省,福州市,
20251411,ELEME,76W534209A,1105259331,京东便利店(晋江阳光店),福建省,泉州市,
20251411,ELEME,76W534372A,1107137272,京东便利店(宁德中心店),福建省,宁德市,
20251411,ELEME,76W534388A,1108942346,共橙24H超市(滁州凤阳店),安徽省,滁州市,
20251411,ELEME,76W534423A,1108434058,店呱呱生活超市(双流海滨城店),四川省,成都市,
20251411,ELEME,76W534461A,1108570349,快客达·环球超市(慈溪店),浙江省,宁波市,
20251411,ELEME,76W534473A,1098411480,众客邻24h精品超市(吉安中心店),江西省,吉安市,
20251411,ELEME,76W534535A,1106351470,快达精选超市(江宁店),江苏省,南京市,
20251411,ELEME,76W534561A,1106503434,京东便利店(大连西岗店),辽宁省,大连市,
20251411,ELEME,76W534569A,1108721445,昔多购超市(新昌店),浙江省,绍兴市,
20251411,ELEME,76W534584A,1108713390,悦来悦喜(兰寨新城店),河南省,郑州市,cvs
20251411,ELEME,76W534639A,1108195229,共橙一站式超市(杭州钱王街店),浙江省,杭州市,
20251411,ELEME,76W534754A,1107868434,新天地超市(繁荣路叁店),吉林省,长春市,cvs
20251411,ELEME,76W534832A,1105878095,柴小囤·精品超市(平邑店),山东省,临沂市,
20251411,ELEME,76W534853A,1107721309,盒马鲜生(浦江欢乐颂店),上海市,上海市,smkt
20251411,ELEME,76W534861A,1108525337,共橙一站式超市(泗县东方明珠店),安徽省,宿州市,
20251411,ELEME,76W534877A,1108954451,NOW即享生活超市(凤凰店),广东省,深圳市,
20251411,ELEME,76W534917A,1109790239,麦客联华超市(雅安店),四川省,雅安市,
20251411,ELEME,76W534937A,1101017271,昆仑好客uSmile(华辉店),上海市,上海市,cvs
20251411,ELEME,76W534951A,1108687217,京东便利店(杭玻街店),浙江省,杭州市,
20251411,ELEME,76W534999A,1109239225,共橙24小时超市(淮安楚州店),江苏省,淮安市,
20251411,ELEME,76W535006A,1107865094,昔多购便利店(湘绣城店),湖南省,长沙市,
20251411,ELEME,76W535070A,1094193143,十足便利店(舜禹大厦店),江苏省,南京市,cvs
20251411,ELEME,76W535114A,1109847320,共橙24小时超市(聊城万达店),山东省,聊城市,
20251411,ELEME,76W535134A,1108334269,悦来悦喜(瀚宇天悦城二店),河南省,郑州市,cvs
20251411,ELEME,76W535172A,1109418312,昔多购超市(仙居店),浙江省,台州市,
20251411,ELEME,76W535181A,1108824097,爱乐达超市(永昌兰湾店),云南省,保山市,
20251411,ELEME,76W535260A,1107173429,美道家超市梦乐城店,河南省,三门峡市,
20251411,ELEME,76W535336A,1108525215,快客达环球超市(义乌万达店),浙江省,金华市,
20251411,ELEME,76W535349A,1108527157,昔多购超市(嵊州店),浙江省,绍兴市,
20251411,ELEME,76W535368A,1108246261,美宜佳(金港路E782店),广东省,中山市,cvs
20251411,ELEME,76W535488A,1105269418,嗨购生活超市(小白楼店),天津市,天津市,
20251411,ELEME,76W535535A,1108828132,七鲜超市(北京通州领展店),北京市,北京市,smkt
20251411,ELEME,76W535536A,1109903459,十分便利店(金龙广场店),福建省,厦门市,cvs
20251411,ELEME,76W535545A,1110146235,熊本便利店(西直门店),北京市,北京市,
20251411,ELEME,76W535563A,1109322015,十足便利店(绍兴嵊州大道店),浙江省,绍兴市,cvs
20251411,ELEME,76W535568A,1108586137,美宜佳(豫1780济源福源店),河南省,济源市,cvs
20251411,ELEME,76W535672A,1109936083,联品优选(0063百家湖店),江苏省,南京市,
20251411,ELEME,76W535776A,1108606211,7-Eleven便利店(文园店4475店),广东省,珠海市,cvs
20251411,ELEME,76W535780A,1108415200,快捷购精品超市(昆山中心店),江苏省,苏州市,
20251411,ELEME,76W535807A,1109234423,711(南京雨花世茂店),江苏省,南京市,cvs
20251411,ELEME,76W535884A,1108989079,美宜佳(苏01546德驰商城店),江苏省,盐城市,cvs
20251411,ELEME,76W535888A,1109607038,购好生活超市(祈泽佳苑店),江苏省,南京市,cvs
20251411,ELEME,76W535896A,1107151202,京东便利店(诸暨店),浙江省,绍兴市,
20251411,ELEME,76W535913A,1108625072,新佳宜便利店(未来城2603店),湖南省,长沙市,cvs
20251411,ELEME,76W535920A,1108780100,京东便利店(临沂中心店),山东省,临沂市,
20251411,ELEME,76W536042A,1108720381,团优达生活超市(富阳店),浙江省,杭州市,
20251411,ELEME,76W536104A,1109313449,共橙24小时超市(宁波象山店),浙江省,宁波市,
20251411,ELEME,76W536138A,1108062045,世纪精品超市(迪士尼店),上海市,上海市,
20251411,ELEME,76W536163A,1107930147,京东便利店(南京浦口店),江苏省,南京市,
20251411,ELEME,76W536250A,1108694169,美宜佳(沪00182浦江智汇店),上海市,上海市,cvs
20251411,ELEME,76W536260A,1104869113,京东便利店(昌平中心店),北京市,北京市,
20251411,ELEME,76W536292A,1106495114,京东便利店(保利店),湖北省,武汉市,
20251411,ELEME,76W536355A,1108522189,老邻居超市(万花一路店),四川省,成都市,mmkt
20251411,ELEME,76W536405A,1104422099,乐购汪超市(南湖中心店),浙江省,嘉兴市,
20251411,ELEME,76W536471A,1109048016,罗森便利超市(南沙悠方店),广东省,广州市,cvs
20251411,ELEME,76W536513A,1107664316,盒马鲜生(青浦吾悦店),上海市,上海市,smkt
20251411,ELEME,76W536532A,1108978387,711(世茂湖滨店),浙江省,绍兴市,cvs
20251411,ELEME,76W536552A,1107655120,优一鸣超市(太古里店),四川省,成都市,
20251411,ELEME,76W536610A,1108765207,7-11便利店(万科光谷锦曜店),湖北省,武汉市,cvs
20251411,ELEME,76W536697A,1108497230,老邻居(金彭西路店),四川省,成都市,mmkt
20251411,ELEME,76W536717A,1110360307,美宜佳(浙01133金鑫店),浙江省,杭州市,cvs
20251411,ELEME,76W536735A,264578042,礼阁仕(苏宁广场店),江苏省,无锡市,
20251411,ELEME,76W536804A,1099613194,可购(文旅城御华店),重庆市,重庆市,cvs
20251411,ELEME,76W536856A,1108749041,惠宜选超市(黄山黎阳店),安徽省,黄山市,
20251411,ELEME,76W536951A,1109525386,十足便利店(张家港第一人民医院店),江苏省,苏州市,cvs
20251411,ELEME,76W536973A,1109554175,闪电购精品超市(嘉华店),福建省,泉州市,
20251411,ELEME,76W536980A,1098191338,小红岛(螺丝桥店),江苏省,南京市,mmkt
20251411,ELEME,76W537124A,1104595026,苏果生活超市(东曦路店),江苏省,南京市,smkt
20251411,ELEME,76W537128A,1108973456,洲岛和园购好社区店,江苏省,南京市,
20251411,ELEME,76W537163A,1110204022,美宜佳(芙蓉盛世花园湘04370店),湖南省,长沙市,cvs
20251411,ELEME,76W537171A,1108296444,零购超市(金保大厦店),福建省,漳州市,
20251411,ELEME,76W537256A,1108825100,世纪华联品乐超市(奉贤中心店),上海市,上海市,
20251411,ELEME,76W537306A,1109941186,美宜佳(白石路粤35783店),广东省,广州市,cvs
20251411,ELEME,76W537353A,1110382093,美宜佳(苏01570南苑邻里店),江苏省,南京市,cvs
20251411,ELEME,76W537406A,1109552170,京东便利店(江阴店),江苏省,无锡市,
20251411,ELEME,76W537557A,1110416403,共橙24小时超市(桐乡濮院店),浙江省,嘉兴市,
20251411,ELEME,76W537628A,1109383034,万购猫城市超市(顾村公园店),上海市,上海市,
20251411,ELEME,76W537662A,1108257146,拾客精品超市(蒙城店),安徽省,亳州市,
20251411,ELEME,76W537667A,1110761454,罗森(中泰国际广场店),江苏省,南京市,cvs
20251411,ELEME,76W537668A,1105904075,京东便利店(永康店),浙江省,金华市,
20251411,ELEME,76W537880A,1073281449,美地平价超市,浙江省,温州市,
20251411,ELEME,76W537942A,1110617473,快客达环球超市(姑苏店),江苏省,苏州市,
20251411,ELEME,76W537962A,1110509234,世纪精品超市(普陀店),上海市,上海市,
20251411,ELEME,76W537968A,1107284073,京东便利店(浦口精品店),江苏省,南京市,
20251411,ELEME,76W537973A,1109619048,闪电购精品超市(漳州店),福建省,漳州市,
20251411,ELEME,76W537983A,1104795499,麦德好超市(余杭塘路店),浙江省,杭州市,
20251411,ELEME,76W537987A,1108467404,美宜佳(金沙洲路粤18840店),广东省,广州市,cvs
20251411,ELEME,76W537989A,1108317222,幸福荣耀超市(石景山万达店),北京市,北京市,smkt
20251411,ELEME,76W538069A,1108970124,京东便利店(太仓店),江苏省,苏州市,
20251411,ELEME,76W538102A,1110982063,美宜佳(峰璟府湘04198店),湖南省,长沙市,cvs
20251411,ELEME,76W538149A,1110455366,共橙24小时超市(泗阳黄金广场店),江苏省,宿迁市,
20251411,ELEME,76W538151A,1110287396,711(南京浦口雅居乐店),江苏省,南京市,cvs
20251411,ELEME,76W538166A,1110632052,小红岛(银城东苑),江苏省,南京市,mmkt
20251411,ELEME,76W538211A,1108043467,罗森(第七人民医院店),上海市,上海市,cvs
20251411,ELEME,76W538213A,1111455446,麦客联华超市(昌东中心店),江西省,南昌市,
20251411,ELEME,76W538258A,1111146130,新佳宜便利店(时代先锋2633店),湖南省,长沙市,cvs
20251411,ELEME,76W538330A,1110082065,博利批发超市(机场店),重庆市,重庆市,
20251411,ELEME,76W538356A,1103639372,JD.COM京东便利店(南京店),江苏省,南京市,
20251411,ELEME,76W538410A,1107252152,艾易特仓储超市(圣克拉店),辽宁省,大连市,
20251411,ELEME,76W538426A,1109453301,京东便利店(金山店),福建省,福州市,
20251411,ELEME,76W538600A,1109217157,零购超市(云霄店),福建省,漳州市,
20251411,ELEME,76W564296A,20005658357,京东便利店(白城店),吉林省,白城市,
20251411,ELEME,76W564298A,1113009243,JD.COM京东便利店(合肥店),安徽省,合肥市,
20251411,ELEME,76W564301A,20008097117,京东便利店(渤海国际店),山东省,滨州市,
20251411,ELEME,76W564302A,20003687427,京东便利店(盛岸店),江苏省,无锡市,
20251411,ELEME,76W564305A,20005238159,京东便利店(宝龙店),广东省,深圳市,
20251411,ELEME,76W564306A,20000483202,京东便利店(北京中心店),北京市,北京市,
20251411,ELEME,76W564307A,20001685130,JD.COM京东便利店(无锡店),江苏省,无锡市,
20251411,ELEME,76W564314A,20003824152,京东便利店(福州1号店),福建省,福州市,
20251411,ELEME,76W564316A,20002155067,京东便利(六安中心店),安徽省,六安市,
20251411,ELEME,76W564317A,20002868121,JD.COM京东便利店(武进吾悦店),江苏省,常州市,
20251411,ELEME,76W564318A,20004009133,京东便利(江宁东山店),江苏省,南京市,
20251411,ELEME,76W564325A,1112977286,JD.COM京东便利店(蜀山店),安徽省,合肥市,
20251411,ELEME,76W564327A,20006300268,京东便利店(蚌埠店),安徽省,蚌埠市,
20251411,ELEME,76W564328A,20001463090,京东便利店(滨海新区店),天津市,天津市,
20251411,ELEME,76W564331A,20000154134,京东便利店(奥体中路店),山东省,济南市,
20251411,ELEME,76W564332A,20002065009,京东便利超市,福建省,宁德市,
20251411,ELEME,76W564333A,20002651327,京东便利超市(中关村店),北京市,北京市,
20251411,ELEME,76W564334A,20002890453,京东便利店(仓山中心店),福建省,福州市,
20251411,ELEME,76W564337A,20003785261,京东便利店(仓山万达店),福建省,福州市,
20251411,ELEME,76W564339A,1110367496,京东便利店(常平中心店),广东省,东莞市,
20251411,ELEME,76W564340A,20001545291,京东便利店,广东省,珠海市,
20251411,ELEME,76W564341A,20008591447,京东便利店(郴州店),湖南省,郴州市,
20251411,ELEME,76W564342A,20005100481,京东便利店(茶园店),重庆市,重庆市,
20251411,ELEME,76W564343A,20005308452,京东便利店(常熟万达店),江苏省,苏州市,
20251411,ELEME,76W564344A,20002818171,京东便利店(成都牛市口店),四川省,成都市,
20251411,ELEME,76W564346A,20004667405,京东便利店(成华店),四川省,成都市,
20251411,ELEME,76W564348A,20002187299,京东便利店(城南卓越店),安徽省,滁州市,
20251411,ELEME,76W564350A,1112978378,京东便利店(城阳店),山东省,青岛市,
20251411,ELEME,76W564351A,20004401006,京东便利店(滁州店),安徽省,滁州市,
20251411,ELEME,76W564352A,20002397190,京东便利店(城市生活店),辽宁省,大连市,
20251411,ELEME,76W564354A,20008699318,京东便利店(城西店),江苏省,南通市,
20251411,ELEME,76W564356A,20001325344,京东便利店(春熙路店),四川省,成都市,
20251411,ELEME,76W564357A,20000424452,京东便利店(慈溪店),浙江省,宁波市,
20251411,ELEME,76W564358A,20001186084,京东便利店(瓷都中心店),江西省,景德镇市,
20251411,ELEME,76W564359A,1110815442,京东便利店(大朗中心店),广东省,东莞市,
20251411,ELEME,76W564360A,1114087156,京东便利店(大连高新店),辽宁省,大连市,
20251411,ELEME,76W564361A,20007505295,京东便利店(大理中心店),云南省,大理白族自治州,
20251411,ELEME,76W564362A,20003654500,京东便利店(大丰店),四川省,成都市,
20251411,ELEME,76W564365A,1112653395,京东便利店(大理洱海店),云南省,大理白族自治州,
20251411,ELEME,76W564367A,20003350076,京东便利店(大明湖店),山东省,济南市,
20251411,ELEME,76W564370A,20004113184,京东便利店(大润发店),山东省,日照市,
20251411,ELEME,76W564371A,20004399156,京东便利店(大同中心店),山西省,大同市,
20251411,ELEME,76W564372A,1107541474,京东便利店(北海中心店),广西壮族自治区,北海市,
20251411,ELEME,76W564375A,20001745176,京东便利店(大旺店),广东省,肇庆市,
20251411,ELEME,76W564378A,20008607178,京东便利店(丹霞路店),安徽省,合肥市,
20251411,ELEME,76W564382A,20004366150,京东便利店(丹阳店),江苏省,镇江市,
20251411,ELEME,76W564384A,20005259102,京东便利店(迪士尼店),上海市,上海市,
20251411,ELEME,76W564385A,20003714104,京东便利店(叠彩店),广西壮族自治区,桂林市,
20251411,ELEME,76W564390A,1110587003,京东便利店(东城中心店),广东省,东莞市,
20251411,ELEME,76W564391A,20000687412,京东便利店(东区店),河南省,郑州市,
20251411,ELEME,76W564392A,1114235022,京东便利店(东舍坊店),山东省,济南市,
20251411,ELEME,76W564393A,20000341194,京东便利店(常德中心店),湖南省,常德市,
20251411,ELEME,76W564395A,20003563377,京东便利店(东阳店),浙江省,金华市,
20251411,ELEME,76W564397A,20003976023,京东便利店(东台店),江苏省,盐城市,
20251411,ELEME,76W564398A,20005703235,京东便利店(朝阳门店),陕西省,西安市,
20251411,ELEME,76W564400A,20004940234,京东便利店(慈溪浒山店),浙江省,宁波市,
20251411,ELEME,76W564401A,1112927114,京东便利店(端州中心店),广东省,肇庆市,
20251411,ELEME,76W564404A,20005353130,京东便利店(东直门店),北京市,北京市,
20251411,ELEME,76W564406A,20001597207,京东便利店(独墅湖店),江苏省,苏州市,
20251411,ELEME,76W564409A,20005189480,京东便利店(二七广场店),辽宁省,大连市,
20251411,ELEME,76W564410A,20004666364,京东便利店(二仙桥店),四川省,成都市,
20251411,ELEME,76W564411A,20005750388,京东便利店(肥西店),安徽省,合肥市,
20251411,ELEME,76W564412A,20004185340,京东便利店(北大槐树店),山东省,济南市,
20251411,ELEME,76W564416A,20000400434,京东便利店(福永中心店),广东省,深圳市,
20251411,ELEME,76W564417A,20000240177,京东便利店(福州总仓店),福建省,福州市,
20251411,ELEME,76W564419A,1111661486,京东便利店(凤岗中心店),广东省,东莞市,
20251411,ELEME,76W564421A,20002709129,京东便利店(富阳中心店),浙江省,杭州市,
20251411,ELEME,76W564422A,1109461248,京东便利店(阜阳店),安徽省,阜阳市,
20251411,ELEME,76W564427A,20000458283,京东便利店(高新区店),安徽省,合肥市,
20251411,ELEME,76W564428A,20004151208,京东便利店(高新万达店),福建省,福州市,
20251411,ELEME,76W564430A,20004894377,京东便利店(高邮店),江苏省,扬州市,
20251411,ELEME,76W564431A,20005829175,京东便利店(高新中心店),安徽省,合肥市,
20251411,ELEME,76W564433A,20003367057,京东便利店(高淳店),江苏省,南京市,
20251411,ELEME,76W564436A,20005225262,京东便利店(个旧中心店),云南省,红河哈尼族彝族自治州,
20251411,ELEME,76W564437A,20003122396,京东便利店(固安店),河北省,廊坊市,
20251411,ELEME,76W564438A,20002277436,京东便利店(鼓楼店),江苏省,南京市,
20251411,ELEME,76W564439A,20005641181,京东便利店(古城店),云南省,大理白族自治州,
20251411,ELEME,76W564442A,20002355385,京东便利店(光谷东店),湖北省,武汉市,
20251411,ELEME,76W564443A,20000350489,京东便利店(广益店),江苏省,无锡市,
20251411,ELEME,76W564445A,1112953207,京东便利店(广元店),四川省,广元市,
20251411,ELEME,76W564446A,20000974415,京东便利店(广粤路店),上海市,上海市,
20251411,ELEME,76W564450A,20002219440,京东便利店(海安店),江苏省,南通市,
20251411,ELEME,76W564451A,20002462394,京东便利店(哈西精品店),黑龙江省,哈尔滨市,
20251411,ELEME,76W564452A,20004196392,京东便利店(邯郸店),河北省,邯郸市,
20251411,ELEME,76W564455A,20004126082,京东便利店(海宁1号店),浙江省,嘉兴市,
20251411,ELEME,76W564456A,20004281470,京东便利店(海宁店),浙江省,嘉兴市,
20251411,ELEME,76W564457A,20006156041,京东便利店(海珠中心店),广东省,广州市,
20251411,ELEME,76W564458A,1112285013,京东便利店(杭州店),浙江省,杭州市,
20251411,ELEME,76W564459A,20003111256,京东便利店(杭州1号店),浙江省,杭州市,
20251411,ELEME,76W564460A,20004291016,京东便利店(海港店),河北省,秦皇岛市,
20251411,ELEME,76W564461A,20005743261,京东便利店(濠江店),福建省,泉州市,
20251411,ELEME,76W564462A,20003262285,京东便利店(合肥包河店),安徽省,合肥市,
20251411,ELEME,76W564466A,20008048466,京东便利店(合肥庐阳店),安徽省,合肥市,
20251411,ELEME,76W564467A,20007577154,京东便利店(合肥瑶海店),安徽省,合肥市,
20251411,ELEME,76W564468A,20001408156,京东便利店(河源中心店),广东省,河源市,
20251411,ELEME,76W564469A,20005439081,京东便利店(菏泽店),山东省,菏泽市,
20251411,ELEME,76W564474A,20000223309,京东便利店(红军营店),北京市,北京市,
20251411,ELEME,76W564477A,20005390348,京东便利店(后沙峪店),北京市,北京市,
20251411,ELEME,76W564479A,1110514075,京东便利店(厚街中心店),广东省,东莞市,
20251411,ELEME,76W564480A,1112224273,京东便利店(虎泉店),湖北省,武汉市,
20251411,ELEME,76W564481A,20007828211,京东便利店(浒关店),江苏省,苏州市,
20251411,ELEME,76W564482A,1111962145,京东便利店(虎门中心店),广东省,东莞市,
20251411,ELEME,76W564485A,20005559398,京东便利店(湖州店),浙江省,湖州市,
20251411,ELEME,76W564486A,20005415425,京东便利店(花都中心店),广东省,广州市,
20251411,ELEME,76W564487A,20000090049,京东便利店(华林花园店),福建省,福州市,
20251411,ELEME,76W564488A,20004424162,京东便利店(怀特店),河北省,石家庄市,
20251411,ELEME,76W564489A,20000460043,京东便利店(怀化店),湖南省,怀化市,
20251411,ELEME,76W564491A,20005567366,京东便利店(葫芦岛店),辽宁省,葫芦岛市,
20251411,ELEME,76W564492A,20003321487,京东便利店(海门店),江苏省,南通市,
20251411,ELEME,76W564493A,20001626329,京东便利店(淮安中心店),江苏省,淮安市,
20251411,ELEME,76W564495A,20000271269,京东便利店(黄岛中心店),山东省,青岛市,
20251411,ELEME,76W564496A,20004940300,京东便利店(黄岩精品店),浙江省,台州市,
20251411,ELEME,76W564499A,20004183062,京东便利店(黄埔中心店),广东省,广州市,
20251411,ELEME,76W564500A,20002902232,京东便利店(黄岛开发区店),山东省,青岛市,
20251411,ELEME,76W564501A,20000391212,京东便利店(黄河路店),上海市,上海市,
20251411,ELEME,76W564503A,20001726347,京东便利店(黄岩店),浙江省,台州市,
20251411,ELEME,76W564504A,20002927018,京东便利店(惠东中心店),广东省,惠州市,
20251411,ELEME,76W564507A,20003339304,京东便利店(惠济店),河南省,郑州市,
20251411,ELEME,76W564508A,20001455448,京东便利店(惠阳店),广东省,惠州市,
20251411,ELEME,76W564509A,1112293007,京东便利店(惠州旗舰店),广东省,惠州市,
20251411,ELEME,76W564511A,20006010246,京东便利店(火炬园店),福建省,厦门市,
20251411,ELEME,76W564512A,20008450186,京东便利店(机场店),辽宁省,大连市,
20251411,ELEME,76W564513A,20001316215,京东便利店(济南二店),山东省,济南市,
20251411,ELEME,76W564514A,20000715019,京东便利店(济南泉城店),山东省,济南市,
20251411,ELEME,76W564516A,20003166007,京东便利店(吉首店),湖南省,湘西土家族苗族自治州,
20251411,ELEME,76W564517A,20004305125,京东便利店(集美店),福建省,厦门市,
20251411,ELEME,76W564518A,20004194173,京东便利店(嘉定店),上海市,上海市,
20251411,ELEME,76W564520A,1105621349,京东便利店(济南店),山东省,济南市,
20251411,ELEME,76W564521A,1111816327,京东便利店(吉首中心店),湖南省,湘西土家族苗族自治州,
20251411,ELEME,76W564523A,20001995226,京东便利店(蓟州店),天津市,天津市,
20251411,ELEME,76W564526A,20007524334,京东便利店(嘉善中心店),浙江省,嘉兴市,
20251411,ELEME,76W564527A,1111776059,京东便利店(惠城中心店),广东省,惠州市,
20251411,ELEME,76W564528A,20007784368,京东便利店(建材城店),浙江省,湖州市,
20251411,ELEME,76W564531A,20001020271,京东便利店(嘉禾店),广东省,广州市,
20251411,ELEME,76W564532A,20007582138,京东便利店(建阳中心店),福建省,南平市,
20251411,ELEME,76W564534A,20004208461,京东便利店(金开店),重庆市,重庆市,
20251411,ELEME,76W564535A,20005309038,京东便利店(金港店),广西壮族自治区,玉林市,
20251411,ELEME,76W564536A,1113359199,京东便利店(金沙中心店),浙江省,杭州市,
20251411,ELEME,76W564538A,20008188348,喜购多超市(南宁店),广西壮族自治区,南宁市,
20251411,ELEME,76W564539A,20003279394,快趣逛超市(角美店),福建省,漳州市,
20251411,ELEME,76W564540A,20003722405,京东便利店(建邺奥南店),江苏省,南京市,
20251411,ELEME,76W564545A,20003059482,京东便利店(金平店),广东省,汕头市,
20251411,ELEME,76W564546A,20003334414,京东便利店(京溪店),广东省,广州市,
20251411,ELEME,76W564547A,20006279330,京东便利店(晋安店),福建省,福州市,
20251411,ELEME,76W564548A,20007136469,京东便利店(金鼎中心店),广东省,珠海市,
20251411,ELEME,76W564549A,20004392069,京东便利店(津南店),天津市,天津市,
20251411,ELEME,76W564550A,1109286338,京东便利店(锦盛大楼店),浙江省,杭州市,
20251411,ELEME,76W564551A,20007307464,京东便利店(晋城店),山西省,晋城市,
20251411,ELEME,76W564552A,20001983334,京东便利店(锦州店),辽宁省,锦州市,
20251411,ELEME,76W564553A,20003718445,京东便利店(经开区店),江西省,南昌市,
20251411,ELEME,76W564554A,20004334288,京东便利店(金山中心店),上海市,上海市,
20251411,ELEME,76W564555A,20005486319,京东便利店(精品超市店),浙江省,宁波市,
20251411,ELEME,76W564556A,20007169329,京东便利店(经开店),陕西省,西安市,
20251411,ELEME,76W564558A,20008198204,京东便利店(金州店),辽宁省,大连市,
20251411,ELEME,76W564559A,20002619069,京东便利店(嘉兴中心店),浙江省,嘉兴市,
20251411,ELEME,76W564560A,20004023027,京东便利店(靖江店),江苏省,泰州市,
20251411,ELEME,76W564561A,20002661126,京东便利店(静安中心店),上海市,上海市,
20251411,ELEME,76W564562A,20006337183,京东便利店(九江店),江西省,九江市,
20251411,ELEME,76W564565A,20001371496,京东便利店(金水中心店),河南省,郑州市,
20251411,ELEME,76W564568A,20005456230,京东便利店(开远店),云南省,红河哈尼族彝族自治州,
20251411,ELEME,76W564569A,20004017038,京东便利店(句容店),江苏省,镇江市,
20251411,ELEME,76W564570A,20002299287,京东便利店(昆明店),云南省,昆明市,
20251411,ELEME,76W564571A,20004347122,京东便利店(句容中心店),江苏省,镇江市,
20251411,ELEME,76W564572A,20001269425,京东便利店(昆山中心店),江苏省,苏州市,
20251411,ELEME,76W564574A,20004948270,京东便利店(宽窄巷子店),四川省,成都市,
20251411,ELEME,76W564576A,20004342065,京东便利店(聚丰园路店),上海市,上海市,
20251411,ELEME,76W564577A,20006036290,京东便利店(康桥店),上海市,上海市,
20251411,ELEME,76W564582A,20002120173,京东便利店(科技园店),河南省,郑州市,
20251411,ELEME,76W564583A,20002057107,京东便利店(荔城店),福建省,莆田市,
20251411,ELEME,76W564584A,20001912367,京东便利店(溧阳店),江苏省,常州市,
20251411,ELEME,76W564585A,20007808499,京东便利店(昆山白塔店),江苏省,苏州市,
20251411,ELEME,76W564587A,20001920474,京东便利店(崂山店),山东省,青岛市,
20251411,ELEME,76W564588A,20004240048,京东便利店(梁家巷银海中心店),四川省,成都市,
20251411,ELEME,76W564589A,20001225485,京东便利店(利丰路店),浙江省,杭州市,
20251411,ELEME,76W564591A,20006966230,京东便利店(良庆店),广西壮族自治区,南宁市,
20251411,ELEME,76W564592A,1112444372,京东便利店(梁溪店),江苏省,无锡市,
20251411,ELEME,76W564593A,20004170415,京东便利店(溧水店),江苏省,南京市,
20251411,ELEME,76W564594A,20000515013,京东便利店(廖沈保山店),云南省,保山市,
20251411,ELEME,76W564595A,1113268456,京东便利店(临安店),浙江省,杭州市,
20251411,ELEME,76W564597A,20002454298,喜购多临平店,浙江省,杭州市,
20251411,ELEME,76W564599A,20002220020,京东便利店(临海店),浙江省,台州市,
20251411,ELEME,76W564600A,20003381340,京东便利店(临平月荷路店),浙江省,杭州市,
20251411,ELEME,76W564601A,1111684443,京东便利店(柳州中心店),广西壮族自治区,柳州市,
20251411,ELEME,76W564602A,20002756115,京东便利店(刘园店),天津市,天津市,
20251411,ELEME,76W564605A,20003793340,京东便利店(临安中心店),浙江省,杭州市,
20251411,ELEME,76W564607A,20003749489,京东便利店(龙水南路店),上海市,上海市,
20251411,ELEME,76W564609A,20000134160,世纪生活超市(老闵行店),上海市,上海市,
20251411,ELEME,76W564611A,20005876391,京东便利店(马台街店),江苏省,南京市,
20251411,ELEME,76W564613A,1111581379,京东便利店(罗湖中心店),广东省,深圳市,
20251411,ELEME,76W564614A,20001459473,世纪精品超市(娄山关路店),上海市,上海市,
20251411,ELEME,76W564615A,20001981085,京东便利店(茂名中心店),广东省,茂名市,
20251411,ELEME,76W564616A,20005758431,京东便利店(马家堡店),北京市,北京市,
20251411,ELEME,76W564618A,20008436333,京东便利店(旅顺店),辽宁省,大连市,
20251411,ELEME,76W564619A,20001110396,京东便利店(梅州店),广东省,梅州市,
20251411,ELEME,76W564620A,20002226091,京东便利店(梅州总店),广东省,梅州市,
20251411,ELEME,76W564621A,20003928436,京东便利店(梅江店),天津市,天津市,
20251411,ELEME,76W564623A,1113623180,京东便利店(弥勒店),云南省,红河哈尼族彝族自治州,
20251411,ELEME,76W564625A,20004298066,京东便利店(梅县店),广东省,梅州市,
20251411,ELEME,76W564626A,20005269343,京东便利店(勐海中心店),云南省,西双版纳傣族自治州,
20251411,ELEME,76W564627A,20003675447,京东便利店(南昌中心店),江西省,南昌市,
20251411,ELEME,76W564629A,1110432233,京东便利店(南城中心店),广东省,东莞市,
20251411,ELEME,76W564632A,20006395420,京东便利店(南充店),四川省,南充市,
20251411,ELEME,76W564634A,20003415367,京东便利店(南海店),广东省,佛山市,
20251411,ELEME,76W564636A,1111783076,京东便利店(南海中心店),广东省,佛山市,
20251411,ELEME,76W564637A,20003100410,京东便利店(南京1号店),江苏省,南京市,
20251411,ELEME,76W564638A,20000255023,京东便利店(南京店),江苏省,南京市,
20251411,ELEME,76W564641A,1109721459,京东便利店(南京中心店),江苏省,南京市,
20251411,ELEME,76W564642A,20003219480,京东便利店(南京六合店),江苏省,南京市,
20251411,ELEME,76W564643A,20005291495,京东便利店(南通店),江苏省,南通市,
20251411,ELEME,76W564645A,20005358174,京东便利店(南京中心店),江苏省,南京市,
20251411,ELEME,76W564646A,20002173219,京东便利店(南坪店),重庆市,重庆市,
20251411,ELEME,76W564647A,20005559401,京东便利店(南浔店),浙江省,湖州市,
20251411,ELEME,76W564648A,20003654255,京东便利店(南商店),浙江省,宁波市,
20251411,ELEME,76W564649A,20000149372,京东便利店(宁波店),浙江省,宁波市,
20251411,ELEME,76W564650A,20003350481,京东便利店(南阳中心店),河南省,南阳市,
20251411,ELEME,76W564651A,20002640034,京东便利店(宁波海曙店),浙江省,宁波市,
20251411,ELEME,76W564653A,20001435295,京东便利店(鸟巢店),北京市,北京市,
20251411,ELEME,76W564654A,20002145199,京东便利店(宁波鄞州店),浙江省,宁波市,
20251411,ELEME,76W564655A,20002399171,京东便利店(宁波臻品店),浙江省,宁波市,
20251411,ELEME,76W564656A,1103918378,京东便利店(宁波中心店),浙江省,宁波市,
20251411,ELEME,76W564657A,20005767393,京东便利店(平湖店),浙江省,嘉兴市,
20251411,ELEME,76W564658A,20004932131,京东便利店(宁海店),浙江省,宁波市,
20251411,ELEME,76W564659A,20008143224,京东便利店(潘家园店),北京市,北京市,
20251411,ELEME,76W564660A,20001173250,京东便利店(平潭中心店),福建省,福州市,
20251411,ELEME,76W564661A,20001705296,京东便利店(普宁旗舰店),广东省,揭阳市,
20251411,ELEME,76W564662A,1113929152,京东便利店(普宁中心店),广东省,揭阳市,
20251411,ELEME,76W564663A,20002363021,京东便利店(平潭精品店),福建省,福州市,
20251411,ELEME,76W564664A,20000029193,京东便利店(盘门店),江苏省,苏州市,
20251411,ELEME,76W564665A,20003585140,京东便利店(普陀中心店),上海市,上海市,
20251411,ELEME,76W564666A,20005552395,京东便利店(濮阳店),河南省,濮阳市,
20251411,ELEME,76W564667A,20001512189,京东便利店(盘锦中心店),辽宁省,盘锦市,
20251411,ELEME,76W564668A,20003208377,京东便利店(七宝店),上海市,上海市,
20251411,ELEME,76W564669A,20002103147,京东便利店(琴湖店),江苏省,苏州市,
20251411,ELEME,76W564670A,20004203183,京东便利店(钱江新城店),浙江省,杭州市,
20251411,ELEME,76W564671A,20004195477,京东便利店(浦秀路店),上海市,上海市,
20251411,ELEME,76W564675A,20004483211,京东便利店(钱塘店),浙江省,杭州市,
20251411,ELEME,76W564676A,20005352488,京东便利店(蓬江店),广东省,江门市,
20251411,ELEME,76W564680A,20001729264,京东便利店(如皋店),江苏省,南通市,
20251411,ELEME,76W564683A,20002602085,京东便利店(软件园店),福建省,厦门市,
20251411,ELEME,76W564684A,20003959305,京东便利店(如东店),江苏省,南通市,
20251411,ELEME,76W564690A,20004492018,京东便利店(汕尾中心店),广东省,汕尾市,
20251411,ELEME,76W564692A,20004453195,京东便利店(上海中心店),上海市,上海市,
20251411,ELEME,76W564695A,20001981086,京东便利店(上虞中心店),浙江省,绍兴市,
20251411,ELEME,76W564697A,20003585448,京东便利店(顺德中心店),广东省,佛山市,
20251411,ELEME,76W564698A,20006083448,京东便利店(绍兴总店),浙江省,绍兴市,
20251411,ELEME,76W564702A,20005444051,京东便利店(神都古城店),河南省,洛阳市,
20251411,ELEME,76W564706A,20004216397,京东便利店(石家庄裕华店),河北省,石家庄市,
20251411,ELEME,76W564707A,20004754483,京东便利店(世纪金源购物中心店),安徽省,合肥市,
20251411,ELEME,76W564708A,1112449306,京东便利店(嵊州店),浙江省,绍兴市,
20251411,ELEME,76W564710A,20006176173,京东便利店(佘山店),上海市,上海市,
20251411,ELEME,76W564712A,20004705178,京东便利店(曙光路店),吉林省,长春市,
20251411,ELEME,76W564713A,20008166055,京东便利店(十里堡店),北京市,北京市,
20251411,ELEME,76W564716A,20002432356,京东便利店(寿光店),山东省,潍坊市,
20251411,ELEME,76W564717A,20002143393,京东便利店(石狮世茂店),福建省,泉州市,
20251411,ELEME,76W564718A,20003541358,京东便利店(市南中心店),山东省,青岛市,
20251411,ELEME,76W564720A,20001587417,京东便利店(万悦店),浙江省,绍兴市,
20251411,ELEME,76W564721A,20002140464,京东便利店(泰州店),江苏省,泰州市,
20251411,ELEME,76W564722A,20002155393,京东便利店(万达店),山东省,泰安市,
20251411,ELEME,76W564724A,20001634024,京东便利店(桐庐中心店),浙江省,杭州市,
20251411,ELEME,76W564725A,20002085390,京东便利店(天河店),广东省,广州市,
20251411,ELEME,76W564727A,20001562246,京东便利店(泰州路店),山东省,青岛市,
20251411,ELEME,76W564728A,1111039191,京东便利店(谈固东街店),河北省,石家庄市,
20251411,ELEME,76W564729A,20002364327,京东便利店(桐乡店),浙江省,嘉兴市,
20251411,ELEME,76W564730A,20003479110,京东便利店(旺角店),辽宁省,大连市,
20251411,ELEME,76W564732A,20003800469,京东便利店(通达路店),江苏省,扬州市,
20251411,ELEME,76W564736A,20001169281,京东便利店(上饶店),江西省,上饶市,
20251411,ELEME,76W564737A,1109572476,京东便利店(坦洲中心店),广东省,中山市,
20251411,ELEME,76W564739A,20005562346,京东便利店(宿迁店),江苏省,宿迁市,
20251411,ELEME,76W564740A,1110481108,京东便利店(塘厦中心店),广东省,东莞市,
20251411,ELEME,76W564742A,20003821368,京东便利店(市心路店),浙江省,杭州市,
20251411,ELEME,76W564744A,20001693069,京东便利店(吾悦广场店),江苏省,苏州市,
20251411,ELEME,76W564745A,20002781440,京东便利店(万达店),江西省,上饶市,
20251411,ELEME,76W564747A,20004148016,京东便利店(桃源店),广西壮族自治区,南宁市,
20251411,ELEME,76W564748A,20002143431,京东便利店(泰兴店),江苏省,泰州市,
20251411,ELEME,76W564749A,20001998060,京东便利店(温州中心店),浙江省,温州市,
20251411,ELEME,76W564750A,20005988172,京东便利店(天府五街店),四川省,成都市,
20251411,ELEME,76W564751A,20005888076,京东便利店(天津河东店),天津市,天津市,
20251411,ELEME,76W564752A,1109166106,京东便利店(束河店),云南省,丽江市,
20251411,ELEME,76W564753A,20002722431,京东便利店(万象城店),福建省,厦门市,
20251411,ELEME,76W564755A,20002459207,京东便利店(泰山路店),河南省,郑州市,
20251411,ELEME,76W564756A,20005011390,京东便利店(王家湾店),湖北省,武汉市,
20251411,ELEME,76W564757A,20000808177,京东便利店(温州总店),浙江省,温州市,
20251411,ELEME,76W564758A,20003221461,京东便利店(万达店),福建省,宁德市,
20251411,ELEME,76W564762A,20003268173,京东便利店(王府井中心店),北京市,北京市,
20251411,ELEME,76W564765A,20001321220,京东便利店(万泉城店),广西壮族自治区,北海市,
20251411,ELEME,76W564768A,20004920329,京东便利店(唐冶店),山东省,济南市,
20251411,ELEME,76W564770A,1103579488,京东便利店(潍坊中心店),山东省,潍坊市,
20251411,ELEME,76W564771A,20003814179,京东便利店(桐心园店),辽宁省,锦州市,
20251411,ELEME,76W564772A,20003388288,京东便利店(四季广场店),浙江省,杭州市,
20251411,ELEME,76W564773A,20005790200,京东便利店(通州中心店),北京市,北京市,
20251411,ELEME,76W564775A,20005182101,京东便利店(太仓万达店),江苏省,苏州市,
20251411,ELEME,76W564777A,20002669072,京东便利店(太仓中心店),江苏省,苏州市,
20251411,ELEME,76W564778A,1112947017,京东便利店(同安店),福建省,厦门市,
20251411,ELEME,76W564779A,20008524038,京东便利店(芜湖中心店),安徽省,芜湖市,
20251411,ELEME,76W564780A,20003605220,京东便利店(吴中店),江苏省,苏州市,
20251411,ELEME,76W564781A,20000947012,京东便利店(武清店),天津市,天津市,
20251411,ELEME,76W564783A,20000677032,京东便利店(锡山店),江苏省,无锡市,
20251411,ELEME,76W564784A,20004954370,京东便利店(香港路店),山东省,青岛市,
20251411,ELEME,76W564785A,20003090429,京东便利店(西站店),江西省,南昌市,
20251411,ELEME,76W564786A,20001212071,京分达(五一路店),福建省,福州市,
20251411,ELEME,76W564787A,20007970317,京东便利店(无锡中心店),江苏省,无锡市,
20251411,ELEME,76W564790A,20001480409,京东便利店(西安和平店),陕西省,西安市,
20251411,ELEME,76W564791A,20008690461,京东便利店(西城中心店),北京市,北京市,
20251411,ELEME,76W564792A,20001934293,京东便利店(西站店),浙江省,杭州市,
20251411,ELEME,76W564793A,20002363301,京东便利店(吴江中心店),江苏省,苏州市,
20251411,ELEME,76W564795A,20004896269,京东便利店(五常店),黑龙江省,哈尔滨市,
20251411,ELEME,76W564796A,20002460008,京东便利店(伍家岗店),湖北省,宜昌市,
20251411,ELEME,76W564800A,20003580343,京东便利店(仙林店),江苏省,南京市,
20251411,ELEME,76W564801A,1111479056,京东便利店(翔安店),福建省,厦门市,
20251411,ELEME,76W564803A,20003600471,京东便利店(向阳路店),上海市,上海市,
20251411,ELEME,76W564805A,20004906344,京东便利店(象山店),浙江省,宁波市,
20251411,ELEME,76W564807A,1111683171,京东便利店(小榄中心店),广东省,中山市,
20251411,ELEME,76W564808A,1111440469,京东便利店(新安店),江苏省,无锡市,
20251411,ELEME,76W564812A,20004441255,京东便利店(小寨店),陕西省,西安市,
20251411,ELEME,76W564813A,20005365131,京东便利店(新之城店),江苏省,无锡市,
20251411,ELEME,76W564814A,1104868210,京东便利店(孝南店),湖北省,孝感市,
20251411,ELEME,76W564815A,20005778385,京东便利店(咸阳店),陕西省,咸阳市,
20251411,ELEME,76W564817A,20000202317,京东便利店(新乡中心店),河南省,新乡市,
20251411,ELEME,76W564818A,20005295139,京东便利店(新浦路店),福建省,漳州市,
20251411,ELEME,76W564820A,20002644403,京东便利店(新昌店),浙江省,绍兴市,
20251411,ELEME,76W564821A,1112415367,京东便利店(新乡店),河南省,新乡市,
20251411,ELEME,76W564822A,20004470056,京东便利店(新城店),陕西省,西安市,
20251411,ELEME,76W564823A,1113690060,京东便利店(信阳店),河南省,信阳市,
20251411,ELEME,76W564824A,20005205404,京东便利店(新郑店),河南省,郑州市,
20251411,ELEME,76W564825A,20001829023,京东便利店(学院路店),黑龙江省,哈尔滨市,
20251411,ELEME,76W564826A,1112717482,京东便利店(薛家岛店),山东省,青岛市,
20251411,ELEME,76W564827A,20002370136,京东便利店(延吉总店),吉林省,延边朝鲜族自治州,
20251411,ELEME,76W564830A,20001924433,京东便利店(烟台店),山东省,烟台市,
20251411,ELEME,76W564832A,1112613278,京东便利店(盐城中心店),江苏省,盐城市,
20251411,ELEME,76W564833A,20002495429,京东便利店(扬名店),江苏省,无锡市,
20251411,ELEME,76W564835A,20007760437,京东便利店(扬州店),江苏省,扬州市,
20251411,ELEME,76W564836A,20005705083,京东便利店(阳朔店),广西壮族自治区,桂林市,
20251411,ELEME,76W564837A,20002029229,世纪精品超市(政立路店),上海市,上海市,
20251411,ELEME,76W564839A,20000580263,京东便利店(杨浦中心店),上海市,上海市,
20251411,ELEME,76W564840A,20003304270,京东便利店(依山郡店),吉林省,吉林市,
20251411,ELEME,76W564842A,20004671214,京东便利店(义蓬店),浙江省,杭州市,
20251411,ELEME,76W564844A,20003121040,京东便利店(尹山湖店),江苏省,苏州市,
20251411,ELEME,76W564846A,20002421380,京东便利店(鹰潭旗舰店),江西省,鹰潭市,
20251411,ELEME,76W564848A,20002414250,京东便利店(宜兴店),江苏省,无锡市,
20251411,ELEME,76W564849A,1111806309,京东便利店(义乌中心店),浙江省,金华市,
20251411,ELEME,76W564850A,20004233049,京东便利店(亦庄店),北京市,北京市,
20251411,ELEME,76W564851A,1114120361,京东便利店(友谊路店),湖北省,武汉市,
20251411,ELEME,76W564853A,20001488470,京东便利店(宇济商贸城店),湖北省,孝感市,
20251411,ELEME,76W564854A,20002096336,京东便利店(余姚店),浙江省,宁波市,
20251411,ELEME,76W564857A,20002487458,京东便利店(雨花台店),江苏省,南京市,
20251411,ELEME,76W564859A,20008159223,京东便利店(园区斜塘店),江苏省,苏州市,
20251411,ELEME,76W564861A,20003355025,京东便利店(园区店),江苏省,苏州市,
20251411,ELEME,76W564862A,20005186322,京东便利店(运城店),山西省,运城市,
20251411,ELEME,76W564863A,20004057072,京东便利店(枣庄店),山东省,枣庄市,
20251411,ELEME,76W564866A,20001452447,京东便利店(湛江中心店),广东省,湛江市,
20251411,ELEME,76W564868A,20005833159,京东便利店(增城店),广东省,广州市,
20251411,ELEME,76W564872A,20001607482,京东便利店(漳浦店),福建省,漳州市,
20251411,ELEME,76W564873A,20000966292,京东便利店(长安中心店),广东省,东莞市,
20251411,ELEME,76W564874A,20001623191,京东便利店(长春中心店),吉林省,长春市,
20251411,ELEME,76W564875A,20002652437,京东便利店(长沙中心店),湖南省,长沙市,
20251411,ELEME,76W564878A,20001042419,京东便利店(长兴店),浙江省,湖州市,
20251411,ELEME,76W564879A,20002496158,京东便利店(镇江店),江苏省,镇江市,
20251411,ELEME,76W564880A,20007697148,京东便利店(真如店),上海市,上海市,
20251411,ELEME,76W564881A,20003228373,京东便利店(中山西路店),上海市,上海市,
20251411,ELEME,76W564882A,20004150125,京东便利店(肇庆四会店),广东省,肇庆市,
20251411,ELEME,76W564884A,1111687223,京东便利店(中山店),广东省,中山市,
20251411,ELEME,76W564886A,20003305223,京东便利店(中北镇店),天津市,天津市,
20251411,ELEME,76W564887A,20000257489,京东便利店(郑州西区店),河南省,郑州市,
20251411,ELEME,76W564888A,20002445201,京东便利店(中原店),河南省,郑州市,
20251411,ELEME,76W564889A,20002516106,京东便利店(钟楼店),江苏省,常州市,
20251411,ELEME,76W564890A,1111417090,京东便利店(中山中心店),广东省,中山市,
20251411,ELEME,76W564892A,20000922337,京东便利店(周浦店),上海市,上海市,
20251411,ELEME,76W564893A,1113053112,京东便利店(仲恺中心店),广东省,惠州市,
20251411,ELEME,76W564895A,1111305470,京东便利店(珠海中心店),广东省,珠海市,
20251411,ELEME,76W564897A,20000648467,京东便利店(珠江路店),江苏省,苏州市,
20251411,ELEME,76W564898A,1113457112,京东便利店(转塘店),浙江省,杭州市,
20251411,ELEME,76W564899A,20005825112,京东便利店(珠海斗门店),广东省,珠海市,
20251411,ELEME,76W564900A,20008398452,京东便利店(淄博中心店),山东省,淄博市,
20251411,ELEME,76W564901A,20001325051,京东便利店(诸暨优选店),浙江省,绍兴市,
20251411,ELEME,76W564903A,1112315149,京东便利店九州路店,浙江省,杭州市,
20251411,ELEME,76W564905A,20003333390,京东便利店(紫辰路店),河南省,郑州市,
20251411,ELEME,76W564907A,20000428224,京东超市(江北店),广东省,惠州市,
20251411,ELEME,76W564910A,1099039192,京东便利店(盛景华庭北苑店),江苏省,南京市,
20251411,ELEME,76W564916A,20007894280,京东便利店(庄河店),辽宁省,大连市,
20251411,ELEME,76W564957A,20003147383,世纪华联超市(八一广场店),江西省,南昌市,
20251411,ELEME,76W564963A,20002950165,沃缤纷超市(沌口店),湖北省,武汉市,
20251411,ELEME,76W564964A,1113025196,世纪华联超市(奉贤店),上海市,上海市,
20251411,ELEME,76W564965A,20002935300,沃缤纷超市(光谷店),湖北省,武汉市,
20251411,ELEME,76W564967A,20002828270,优买兔精品生活超市(硚口店),湖北省,武汉市,
20251411,ELEME,76W564972A,20004891153,世纪精品超市(虹桥店),上海市,上海市,
20251411,ELEME,76W564974A,20001909344,世纪华联超市(淮北店),安徽省,淮北市,
20251411,ELEME,76W564975A,20003453017,世纪华联超市(黄岩店),浙江省,台州市,
20251411,ELEME,76W564980A,20002932339,沃缤纷(武珞路店),湖北省,武汉市,
20251411,ELEME,76W564981A,20004550129,义百精品超市(江东吾悦店),浙江省,金华市,
20251411,ELEME,76W564982A,20002838218,优买兔精品生活超市(江岸店),湖北省,武汉市,
20251411,ELEME,76W564985A,20007367394,佑哒超市(江夏店),湖北省,武汉市,
20251411,ELEME,76W564986A,20006066128,世纪精品超市(金山万达店),上海市,上海市,
20251411,ELEME,76W564989A,20003113103,佑哒超市(荆州店),湖北省,荆州市,
20251411,ELEME,76W564990A,20002941273,沃缤纷超市(泾河店),湖北省,武汉市,
20251411,ELEME,76W564991A,1114303001,世纪华联超市(乐清店),浙江省,温州市,
20251411,ELEME,76W564993A,20002840249,优买兔精品生活超市(后湖店),湖北省,武汉市,
20251411,ELEME,76W564998A,20007528395,佑哒超市(梨园店),湖北省,武汉市,
20251411,ELEME,76W565000A,20002793034,迪购超市(平和店),福建省,漳州市,
20251411,ELEME,76W565002A,20000399450,世纪华联品乐超市(木渎店),江苏省,苏州市,
20251411,ELEME,76W565005A,1108583064,世纪华联超市(普洱中心店),云南省,普洱市,
20251411,ELEME,76W565008A,20002051291,世纪精品超市(浦东中心店),上海市,上海市,
20251411,ELEME,76W565011A,20000581085,世纪优品超市(上海中心店),上海市,上海市,
20251411,ELEME,76W565013A,1113072409,世纪华联超市(深圳中心店),广东省,深圳市,
20251411,ELEME,76W565018A,20003203113,厦一单超市(义乌商城店),陕西省,渭南市,
20251411,ELEME,76W565019A,20002771263,迪购超市(吾悦广场店),福建省,泉州市,
20251411,ELEME,76W565022A,20002830271,优买兔精品生活超市(徐东店),湖北省,武汉市,
20251411,ELEME,76W565024A,20008693294,世纪华联超市(中山路店),江西省,南昌市,
20251411,ELEME,76W565030A,1109802340,世纪精品超市(五角场店),上海市,上海市,
20251411,ELEME,76W565031A,20003048428,世纪精选超市(八佰伴店),上海市,上海市,
20251411,ELEME,76W565032A,1109950010,世纪华联超市(象山中心店),浙江省,宁波市,
20251411,ELEME,76W565033A,20000408214,厦一单超市(仙游店),福建省,莆田市,
20251411,ELEME,76W565043A,1106427254,世纪精品超市,上海市,上海市,
20251411,ELEME,76W565044A,1113116248,世纪生活超市(佘山店),上海市,上海市,
20251411,ELEME,76W565045A,20001546184,世纪华联品乐超市(康桥店),上海市,上海市,
20251411,ELEME,76W565046A,20005072171,世纪华联生活超市(温州中心店),浙江省,温州市,
20251411,ELEME,76W565050A,20001149083,世纪优品超市,安徽省,合肥市,
20251411,ELEME,76W565053A,20005319424,世纪优选超市(青浦中心店),上海市,上海市,
20251411,ELEME,76W565054A,20001531064,世纪优品超市(唐镇店),上海市,上海市,
20251411,ELEME,76W565062A,264577040,礼阁仕(海岸城店),江苏省,无锡市,
20251411,ELEME,76W565075A,284546408,永丰超市(步行街店),安徽省,安庆市,
20251411,ELEME,76W565102A,672016277,乐佰超市,辽宁省,铁岭市,
20251411,ELEME,76W565115A,1064049455,美宜佳(新安路粤29252店),广东省,惠州市,cvs
20251411,ELEME,76W565117A,1064370047,美家乐食品超市,吉林省,通化市,
20251411,ELEME,76W565126A,1071388321,维好客(东基路店),广东省,佛山市,cvs
20251411,ELEME,76W565130A,1074920218,美宜佳(毓桂大街粤30455店),广东省,广州市,cvs
20251411,ELEME,76W565180A,1095502204,美宜佳(人民路粤31952店),广东省,湛江市,cvs
20251411,ELEME,76W565190A,1098091121,左邻右舍(長庆街店),浙江省,杭州市,mmkt
20251411,ELEME,76W565200A,1098481071,优客家便利店(珊瑚路店),重庆市,重庆市,cvs
20251411,ELEME,76W565209A,1099113337,美宜佳(建设路粤25986店),广东省,肇庆市,cvs
20251411,ELEME,76W565210A,1099121174,7-Eleven便利店(京基水贝-7460店),广东省,深圳市,cvs
20251411,ELEME,76W565211A,1099127188,大润发(花桥店),江苏省,苏州市,hmkt
20251411,ELEME,76W565218A,1099324231,美宜佳(新圩路粤19711店),广东省,广州市,cvs
20251411,ELEME,76W565239A,1101082045,美宜佳(金城路粤32482店),广东省,湛江市,cvs
20251411,ELEME,76W565246A,1101788413,美宜佳(星悦花园粤32463店),广东省,清远市,cvs
20251411,ELEME,76W565250A,1102089237,家家悦(乳山大陶家店),山东省,威海市,smkt
20251411,ELEME,76W565298A,1102725273,快时多超市(蒙自店),云南省,红河哈尼族彝族自治州,
20251411,ELEME,76W565313A,1103844169,昆仑好客(保定市莲池区1店),河北省,保定市,cvs
20251411,ELEME,76W565320A,1104581148,沃缤纷超市(天门店),湖北省,天门市,
20251411,ELEME,76W565331A,1105075073,优沃森超市,湖北省,仙桃市,
20251411,ELEME,76W565350A,1105633146,伴跃超市(咸安店),湖北省,咸宁市,
20251411,ELEME,76W565362A,1105970339,雅斯超市(云梦雅斯广场店),湖北省,孝感市,
20251411,ELEME,76W565369A,1106130010,伴跃超市(天门店),湖北省,天门市,
20251411,ELEME,76W565370A,1106138087,悦活里(金隅南七里店),安徽省,合肥市,
20251411,ELEME,76W565405A,1107345355,朝阳佳惠超市(北票寰宇店),辽宁省,朝阳市,
20251411,ELEME,76W565414A,1107601220,711(云漫里店),浙江省,杭州市,cvs
20251411,ELEME,76W565423A,1107790181,7-Eleven便利店(海格堡7500店),广东省,深圳市,cvs
20251411,ELEME,76W565428A,1107899285,乐购汪超市(虹桥中心店),上海市,上海市,
20251411,ELEME,76W565438A,1108009003,美宜佳(梅松路G099店),广东省,梅州市,cvs
20251411,ELEME,76W565452A,1108148403,共橙24小时超市(周口沈丘店),河南省,周口市,
20251411,ELEME,76W565453A,1108158265,艾易特仓储超市(瓦房店店),辽宁省,大连市,
20251411,ELEME,76W565468A,1108399034,快捷购精品超市(潮州中心店),广东省,潮州市,
20251411,ELEME,76W565473A,1108469298,共橙24小时超市(衡百国际店),河北省,衡水市,
20251411,ELEME,76W565477A,1108492488,美宜佳(彩塘镇粤23756店),广东省,潮州市,cvs
20251411,ELEME,76W565478A,1108493304,天天便利(宁晋凤城国际店),河北省,邢台市,cvs
20251411,ELEME,76W565480A,1108507221,711便利店(李哥庄联谊大街店),山东省,青岛市,cvs
20251411,ELEME,76W565483A,1108513326,兴勤超市(万福店),广东省,惠州市,
20251411,ELEME,76W565484A,1108529358,厦一单超市(都市之门店),陕西省,西安市,
20251411,ELEME,76W565485A,1108543372,家得福(九龙港店),江苏省,连云港市,smkt
20251411,ELEME,76W565486A,1108545442,罗森便利店(绿海湾花园店),广东省,深圳市,cvs
20251411,ELEME,76W565488A,1108561460,海选精品超市(通州店),北京市,北京市,
20251411,ELEME,76W565489A,1108562096,美宜佳(浙01033奥创中心店),浙江省,宁波市,mmkt
20251411,ELEME,76W565491A,1108590241,家家悦(张家口万全人防广场店),河北省,张家口市,smkt
20251411,ELEME,76W565507A,1108732179,盒马mini(LG壹城店),江苏省,南京市,mmkt
20251411,ELEME,76W565516A,1108780193,爱乐达超市(四化路南店),安徽省,阜阳市,
20251411,ELEME,76W565523A,1108860262,安德利(和县乌江店),安徽省,马鞍山市,
20251411,ELEME,76W565543A,1109004429,可好(西元庄010522店),山东省,青岛市,cvs
20251411,ELEME,76W565548A,1109029343,昔多购超市(醴陵店),湖南省,株洲市,
20251411,ELEME,76W565561A,1109150295,物便利生活超市(弘善家园店),北京市,北京市,
20251411,ELEME,76W565562A,1109158201,十足便利店(梧田老街店),浙江省,温州市,cvs
20251411,ELEME,76W565579A,1109246365,铃铛购超市(宜宾店),四川省,宜宾市,
20251411,ELEME,76W565606A,1109371158,共橙24小时超市(聊城莘县店),山东省,聊城市,
20251411,ELEME,76W565607A,1109373337,拾客精品超市(肥西店),安徽省,合肥市,
20251411,ELEME,76W565614A,1109413448,惠比熊超市(江夏店),湖北省,武汉市,
20251411,ELEME,76W565629A,1109482471,亿佳超市(合肥店),安徽省,合肥市,
20251411,ELEME,76W565636A,1109559079,小饿生活全能超市(绥化店),黑龙江省,绥化市,
20251411,ELEME,76W565641A,1109597055,可好(金色荔园010531店),山东省,青岛市,cvs
20251411,ELEME,76W565668A,1109864416,乐尔乐优选(马王堆店),湖南省,长沙市,
20251411,ELEME,76W565674A,1109944311,顶丰臻选超市(宁波中心店),浙江省,宁波市,
20251411,ELEME,76W565680A,1110029261,邻几(经开御景前城店),安徽省,合肥市,cvs
20251411,ELEME,76W565685A,1110052173,米图便利店(王城大道店),河南省,洛阳市,
20251411,ELEME,76W565688A,1110063370,便客达快送超市(曲江店),陕西省,西安市,
20251411,ELEME,76W565697A,1110109094,美宜佳(常禄大街鄂02532店),湖北省,武汉市,cvs
20251411,ELEME,76W565706A,1110164320,美宜佳(梅菉街道粤33359店),广东省,湛江市,cvs
20251411,ELEME,76W565730A,1110379142,美好便利(如皋长青沙店),江苏省,南通市,cvs
20251411,ELEME,76W565752A,1110514155,老地方超市(萍乡润达国际店),江西省,萍乡市,
20251411,ELEME,76W565753A,1110515154,优购严选·超市(海丰店),广东省,汕尾市,
20251411,ELEME,76W565760A,1110575372,fudi+精选超市京西大悦城店,北京市,北京市,
20251411,ELEME,76W565766A,1110594328,fudi+精选超市(五道口店),北京市,北京市,
20251411,ELEME,76W565774A,1110667425,快客达·环球超市·(南通海门店),江苏省,南通市,
20251411,ELEME,76W565775A,1110676201,闪电购精品超市(兴贤店),福建省,泉州市,
20251411,ELEME,76W565776A,1110697469,共橙24小时超市(盖州店),辽宁省,营口市,
20251411,ELEME,76W565780A,1110756108,惠唛优品便利超市(河西店),湖南省,湘潭市,
20251411,ELEME,76W565786A,1110801051,千家顺·鲸选超市(泉州南安店),福建省,泉州市,
20251411,ELEME,76W565789A,1110826326,共橙24小时超市(惠民店),山东省,滨州市,
20251411,ELEME,76W565790A,1110829421,零购超市(三明店),福建省,三明市,
20251411,ELEME,76W565801A,1110963035,罗森(台州万华城店),浙江省,台州市,cvs
20251411,ELEME,76W565804A,1111028160,共橙24小时超市(泰安宁阳店),山东省,泰安市,
20251411,ELEME,76W565807A,1111042244,迪购超市(德辉广场店),福建省,泉州市,
20251411,ELEME,76W565808A,1111065151,共橙24小时超市(沈北店),辽宁省,沈阳市,
20251411,ELEME,76W565826A,1111188018,小橙生活超市(天河湾店),辽宁省,丹东市,
20251411,ELEME,76W565828A,1111192057,千家顺·鲸选超市(临安店),浙江省,杭州市,
20251411,ELEME,76W565830A,1111218329,千家顺·鲸选超市(蒙自店),云南省,红河哈尼族彝族自治州,
20251411,ELEME,76W565836A,1111258219,东方优选生活超市(张家界店),湖南省,张家界市,
20251411,ELEME,76W565850A,1111330008,711便利店(潍坊医学院虞河校区店),山东省,潍坊市,cvs
20251411,ELEME,76W565856A,1111387224,罗森便利店(北京通州新光大店),北京市,北京市,cvs
20251411,ELEME,76W565858A,1111391165,世纪精品超市(新吴店),江苏省,无锡市,
20251411,ELEME,76W565860A,1111393139,旺联超市(象山店),广西壮族自治区,桂林市,
20251411,ELEME,76W565861A,1111395431,千家顺·鲸选超市(安溪店),福建省,泉州市,
20251411,ELEME,76W565877A,1111491444,罗森便利店(米酷云城店),广东省,广州市,cvs
20251411,ELEME,76W565879A,1111495314,千家顺·鲸选超市(池州店),安徽省,池州市,
20251411,ELEME,76W565881A,1111498214,711便利店(济宁曲阜曲师大北门店),山东省,济宁市,cvs
20251411,ELEME,76W565882A,1111505243,711便利店(雁塔西路店),陕西省,西安市,cvs
20251411,ELEME,76W565888A,1111537020,邻里物语精品超市(陆家店),江苏省,苏州市,
20251411,ELEME,76W565889A,1111541390,共橙24小时超市(新华路店),山东省,聊城市,
20251411,ELEME,76W565892A,1111551120,美宜佳(苏01653红豆首府店),江苏省,无锡市,cvs
20251411,ELEME,76W565893A,1111553177,美宜佳(浙01149铁路港店),浙江省,金华市,cvs
20251411,ELEME,76W565906A,1111645348,新惠百货超市(罗阳店),广东省,惠州市,
20251411,ELEME,76W565909A,1111664325,新惠百货超市(岳麓店),湖南省,长沙市,
20251411,ELEME,76W565913A,1111685014,共橙24小时超市(菏泽鄄城店),山东省,菏泽市,
20251411,ELEME,76W565915A,1111689473,考拉优选超市(高密店),山东省,潍坊市,
20251411,ELEME,76W565922A,1111724448,怡可达旗舰·超市(镇江丹阳店),江苏省,镇江市,
20251411,ELEME,76W565933A,1111794372,拾客精品超市(亳州市店),安徽省,亳州市,
20251411,ELEME,76W565941A,1111829343,乐时便利店(太平金澄广场店),江苏省,苏州市,
20251411,ELEME,76W565942A,1111840164,小饿生活全能超市,黑龙江省,佳木斯市,
20251411,ELEME,76W565948A,1111907450,美宜佳(苏01491max科技园店),江苏省,苏州市,cvs
20251411,ELEME,76W565949A,1111918001,优享购超市(友谊路店),天津市,天津市,
20251411,ELEME,76W565957A,1111938115,万家兴达超市(大足店),重庆市,重庆市,
20251411,ELEME,76W565963A,1111968125,1号便利店(连山店),辽宁省,葫芦岛市,
20251411,ELEME,76W565965A,1111976007,厉臣便利店(芜湖繁昌店),安徽省,芜湖市,
20251411,ELEME,76W565967A,1111983206,共橙24小时超市(安阳师范店),河南省,安阳市,
20251411,ELEME,76W565974A,1112015129,惠立送超市(苏州店),江苏省,苏州市,
20251411,ELEME,76W565981A,1112061456,赣舟·精品超市,浙江省,杭州市,
20251411,ELEME,76W565983A,1112088081,麦格连锁超市(双桥店),河北省,承德市,
20251411,ELEME,76W565984A,1112093180,快客达环球超市(大坪店),重庆市,重庆市,
20251411,ELEME,76W565998A,1112174395,快客达超市(丽水莲都店),浙江省,丽水市,
20251411,ELEME,76W566000A,1112190040,闪电购精品超市(云霄店),福建省,漳州市,
20251411,ELEME,76W566001A,1112197364,速达精品超市(大东店),辽宁省,沈阳市,
20251411,ELEME,76W566014A,1112234335,拾惠客超市(常州学院店),江苏省,常州市,
20251411,ELEME,76W566016A,1112242267,十足便利店(海洋科学城店),浙江省,舟山市,cvs
20251411,ELEME,76W566017A,1112252336,拾惠客超市(老城区店),河南省,洛阳市,
20251411,ELEME,76W566022A,1112263292,昔多购超市(天台店),浙江省,台州市,
20251411,ELEME,76W566024A,1112265417,半时达闪送超市(夫子庙店),江苏省,南京市,
20251411,ELEME,76W566030A,1112300470,伴跃超市(左岭店),湖北省,武汉市,
20251411,ELEME,76W566035A,1112326448,句鲸百货Mart(阳东店),广东省,阳江市,
20251411,ELEME,76W566039A,1112344451,拾惠客超市(日照岚山店),山东省,日照市,
20251411,ELEME,76W566040A,1112352150,共橙24小时超市(溧阳万达店),江苏省,常州市,
20251411,ELEME,76W566054A,1112394435,快赣特价超市(长宁店),上海市,上海市,
20251411,ELEME,76W566055A,1112398090,千家顺·鲸选超市(浦江店),浙江省,金华市,
20251411,ELEME,76W566059A,1112414144,零购超市(阳江店),广东省,阳江市,
20251411,ELEME,76W566064A,1112452080,拾惠客超市(凌源店),辽宁省,朝阳市,
20251411,ELEME,76W566065A,1112454054,共橙24小时超市(仪征店),江苏省,扬州市,
20251411,ELEME,76W566066A,1112454064,优享购超市(华苑店),天津市,天津市,
20251411,ELEME,76W566072A,1112469089,惠邻百佳超市(旧宫店),北京市,北京市,
20251411,ELEME,76W566075A,1112483110,可好(珠海雅苑010525店),山东省,青岛市,cvs
20251411,ELEME,76W566076A,1112484323,超盒算NB(浦东惠南店),上海市,上海市,mmkt
20251411,ELEME,76W566078A,1112487080,鲸GO生活超市(增城店),广东省,广州市,
20251411,ELEME,76W566085A,1112498229,易惠达超市(花桥店),江苏省,苏州市,
20251411,ELEME,76W566098A,1112561359,快客达超市(乔司翁梅店),浙江省,杭州市,
20251411,ELEME,76W566106A,1112614134,沃玛希精品超市(鹿城店),浙江省,温州市,
20251411,ELEME,76W566107A,1112618210,莱森食品超市,黑龙江省,齐齐哈尔市,
20251411,ELEME,76W566111A,1112635263,千家顺·鲸选超市(桐庐店),浙江省,杭州市,
20251411,ELEME,76W566119A,1112669269,罗森(马群地铁站店),江苏省,南京市,cvs
20251411,ELEME,76W566130A,1112703463,美宜佳(苏01645砂之船雨虹店),江苏省,南京市,cvs
20251411,ELEME,76W566132A,1112715432,十足便利店(无锡五星家园店),江苏省,无锡市,cvs
20251411,ELEME,76W566138A,1112751096,罗森(南京星智汇店),江苏省,南京市,cvs
20251411,ELEME,76W566141A,1112762271,永鲜优选,浙江省,宁波市,
20251411,ELEME,76W566147A,1112771397,快时多超市(国贸中心店),浙江省,嘉兴市,
20251411,ELEME,76W566155A,1112818008,明日轩便利店(空中花园店),河北省,石家庄市,
20251411,ELEME,76W566156A,1112818052,优优熊24H超市(汕头店),广东省,汕头市,
20251411,ELEME,76W566157A,1112854017,新惠百货超市(潮南店),广东省,汕头市,
20251411,ELEME,76W566162A,1112903404,711(陈塘庄地铁站店),天津市,天津市,cvs
20251411,ELEME,76W566167A,1112927123,隋你购连锁超市(定福庄店),北京市,北京市,
20251411,ELEME,76W566169A,1112929219,畅淘集市精品超市(江宁店),江苏省,南京市,
20251411,ELEME,76W566170A,1112939485,焕熊真选超市(万象城店),江西省,南昌市,
20251411,ELEME,76W566171A,1112945476,焕熊真选超市(万达店),江西省,南昌市,
20251411,ELEME,76W566180A,1112978298,拾惠客超市(商丘虞城店),河南省,商丘市,
20251411,ELEME,76W566185A,1113004172,线上鲜生活便利店,黑龙江省,大庆市,
20251411,ELEME,76W566188A,1113024060,快赣特价超市(打浦桥店),上海市,上海市,
20251411,ELEME,76W566189A,1113031123,宽广超市(滦平店),河北省,承德市,smkt
20251411,ELEME,76W566191A,1113032024,卓之优品(万霖花苑吉友店),安徽省,阜阳市,
20251411,ELEME,76W566194A,1113038074,千家顺·鲸选超市(桐乡店),浙江省,嘉兴市,
20251411,ELEME,76W566197A,1113047173,百家来生活广场(十三里桥店),河南省,信阳市,mmkt
20251411,ELEME,76W566201A,1113067094,伴跃超市(国广店),湖北省,武汉市,
20251411,ELEME,76W566202A,1113069059,邻几(信达邻里坊店),安徽省,合肥市,cvs
20251411,ELEME,76W566207A,1113082065,海豚购(拱墅万达店),浙江省,杭州市,
20251411,ELEME,76W566221A,1113110325,宽广超市(财富九龙城店),河北省,承德市,smkt
20251411,ELEME,76W566226A,1113122254,罗森便利店(1557甘井子区姚家店),辽宁省,大连市,cvs
20251411,ELEME,76W566228A,1113129261,沃玛希精品超市(龙港中心店),浙江省,温州市,
20251411,ELEME,76W566234A,1113178427,宽广超市(商城店),河北省,承德市,smkt
20251411,ELEME,76W566236A,1113187318,美宜佳(浙01165中茂商厦店),浙江省,嘉兴市,mmkt
20251411,ELEME,76W566245A,1113247378,真给力生活超市,黑龙江省,佳木斯市,
20251411,ELEME,76W566248A,1113259064,快捷购精品超市(丽江中心店),云南省,丽江市,
20251411,ELEME,76W566250A,1113281454,迪购超市(石狮世贸店),福建省,泉州市,
20251411,ELEME,76W566255A,1113329157,悠米极速超市(西山店),云南省,昆明市,
20251411,ELEME,76W566259A,1113341139,乐购汪超市(松江区店),上海市,上海市,
20251411,ELEME,76W566280A,1113417291,万家便利店24小时营业(灌云店),江苏省,连云港市,
20251411,ELEME,76W566288A,1113458355,711便利店(淄博新世界商业街店),山东省,淄博市,
20251411,ELEME,76W566291A,1113464069,芙蓉兴盛(勤劳街店),浙江省,湖州市,
20251411,ELEME,76W566298A,1113490135,一百分便利店(眉山店),四川省,眉山市,
20251411,ELEME,76W566300A,1113503110,711(万都中心店),上海市,上海市,cvs
20251411,ELEME,76W566307A,1113528375,拾惠客超市(锦州凌海店),辽宁省,锦州市,
20251411,ELEME,76W566318A,1113584100,超宜选精品超市(常德中心店),湖南省,常德市,
20251411,ELEME,76W566320A,1113603115,拾惠客超市(温州世贸店),浙江省,温州市,
20251411,ELEME,76W566322A,1113606123,拾惠客超市(池州青阳店),安徽省,池州市,
20251411,ELEME,76W566334A,1113691044,乐购汪超市(西湖区店),浙江省,杭州市,
20251411,ELEME,76W566342A,1113759022,乐购优品超市(虹桥店),浙江省,温州市,
20251411,ELEME,76W566345A,1113772322,贝壳甄选超市(平度店),山东省,青岛市,
20251411,ELEME,76W566349A,1113782324,十足便利店(南通海安高尔夫公寓店),江苏省,南通市,cvs
20251411,ELEME,76W566351A,1113787017,迪购超市(连江店),福建省,福州市,
20251411,ELEME,76W566353A,1113800331,美好便利(海安恒源新村店),江苏省,南通市,cvs
20251411,ELEME,76W566354A,1113802382,阜阳商厦中新超市双清西路店,安徽省,阜阳市,mmkt
20251411,ELEME,76W566363A,1113832249,超宜选精品超市(宜春中心店),江西省,宜春市,
20251411,ELEME,76W566367A,1113841189,拾惠客24H超市(临邑店),山东省,德州市,
20251411,ELEME,76W566368A,1113844185,拾惠客24H超市(德州陵城店),山东省,德州市,
20251411,ELEME,76W566369A,1113845354,拾惠客24h超市(马鞍山当涂店),安徽省,马鞍山市,
20251411,ELEME,76W566370A,1113846131,速囤(金融城店),四川省,成都市,
20251411,ELEME,76W566371A,1113855364,老地方超市(宜春润达国际店),江西省,宜春市,
20251411,ELEME,76W566379A,1113888334,拾惠客24h超市(宁波镇海店),浙江省,宁波市,
20251411,ELEME,76W566387A,1113916117,婕妮王超市(北辰荟店),北京市,北京市,
20251411,ELEME,76W566396A,1113937196,十足便利店(无锡传感信息园店),江苏省,无锡市,cvs
20251411,ELEME,76W566397A,1113940172,鲸GO生活超市(光明店),广东省,深圳市,
20251411,ELEME,76W566401A,1113951120,拾惠客24H超市(大连庄河店),辽宁省,大连市,
20251411,ELEME,76W566408A,1113962068,海选精品超市(朝阳店),北京市,北京市,
20251411,ELEME,76W566410A,1113973290,711便利店(机场前站地铁店),云南省,昆明市,cvs
20251411,ELEME,76W566411A,1113976089,新力有家便利店(后湖大道地铁站店),湖北省,武汉市,cvs
20251411,ELEME,76W566413A,1113988280,711便利店(观云集店),云南省,昆明市,cvs
20251411,ELEME,76W566426A,1114031274,美宜佳(武昌大道鄂02478店),湖北省,鄂州市,cvs
20251411,ELEME,76W566427A,1114037251,711便利店(淄博淄川通济街店),山东省,淄博市,
20251411,ELEME,76W566428A,1114038067,熊本便利店(双营路店),北京市,北京市,
20251411,ELEME,76W566441A,1114098322,厦一单超市(五路口店),陕西省,西安市,
20251411,ELEME,76W566445A,1114113400,闪购便利超市(经开店),安徽省,合肥市,
20251411,ELEME,76W566451A,1114134262,佳多美超市(嘉州水郡店),北京市,北京市,
20251411,ELEME,76W566452A,1114137179,来福隆购物广场(金井店),福建省,泉州市,
20251411,ELEME,76W566454A,1114141011,拾惠客24h超市(杭州建德店),浙江省,杭州市,
20251411,ELEME,76W566457A,1114148265,友客(泰城路万科桃花源三期店),山东省,青岛市,cvs
20251411,ELEME,76W566458A,1114149350,美宜佳(金领国际赣02218店),江西省,宜春市,cvs
20251411,ELEME,76W566459A,1114150018,拾惠客24h超市(温州龙港店),浙江省,温州市,
20251411,ELEME,76W566463A,1114161029,熊本便利店(广安门店),北京市,北京市,
20251411,ELEME,76W566467A,1114182269,榛好物超市(萧山店),浙江省,杭州市,
20251411,ELEME,76W566477A,1114216233,盒马鲜生(常熟天虹店),江苏省,苏州市,smkt
20251411,ELEME,76W566491A,1114302093,美宜佳(江朗大道粤33923店),广东省,阳江市,cvs
20251411,ELEME,76W566492A,1114364073,拾惠客24H超市(沈阳于洪店),辽宁省,沈阳市,
20251411,ELEME,76W566497A,1114398111,十足便利店(徐州鑫苑景城店),江苏省,徐州市,cvs
20251411,ELEME,76W566500A,1114423004,东方优选生活超市(文山店),云南省,文山壮族苗族自治州,
20251411,ELEME,76W566517A,20000047344,海豚购(德阳旌阳店),四川省,德阳市,
20251411,ELEME,76W566519A,20000049485,拾惠客24H超市(德州庆云店),山东省,德州市,
20251411,ELEME,76W566523A,20000056230,711便利店(济宁科苑路店),山东省,济宁市,cvs
20251411,ELEME,76W566545A,20000107229,宽广超市(C017安定里店),河北省,承德市,smkt
20251411,ELEME,76W566546A,20000107347,世纪精品超市(航头中心店),上海市,上海市,
20251411,ELEME,76W566552A,20000110264,迪购超市(诏安店),福建省,漳州市,
20251411,ELEME,76W566557A,20000125372,超宜选精品超市(邵东店),湖南省,邵阳市,
20251411,ELEME,76W566564A,20000132140,万惠佳超市(中信大道店),四川省,成都市,
20251411,ELEME,76W566567A,20000142332,海后便利超市(胜利店)(超省钱),辽宁省,葫芦岛市,
20251411,ELEME,76W566568A,20000144159,世纪优品超市(真如店),上海市,上海市,
20251411,ELEME,76W566570A,20000147499,熊本便利店(首经贸店),北京市,北京市,
20251411,ELEME,76W566572A,20000148464,拾惠客24h超市(南阳邓州店),河南省,南阳市,
20251411,ELEME,76W566574A,20000151405,新佳宜便利店(中交凤鸣九章2536店),湖南省,长沙市,cvs
20251411,ELEME,76W566576A,20000156290,世纪精品超市(惠南中心店),上海市,上海市,
20251411,ELEME,76W566581A,20000162488,快客达·环球超市(柳市店),浙江省,温州市,
20251411,ELEME,76W566584A,20000166390,NOW即享快送超市(黄埔东区店),广东省,广州市,
20251411,ELEME,76W566585A,20000167287,美宜佳(新建村鄂02657店),湖北省,武汉市,mmkt
20251411,ELEME,76W566587A,20000169468,快客达·环球超市(龙港店),浙江省,温州市,
20251411,ELEME,76W566588A,20000172021,拾惠客24h超市(泰州姜堰店),江苏省,泰州市,
20251411,ELEME,76W566590A,20000174146,给力送超市(龙光城店),广东省,惠州市,
20251411,ELEME,76W566596A,20000180424,速囤(江油店),四川省,绵阳市,
20251411,ELEME,76W566597A,20000186098,隋你购连锁超市(沙河店),北京市,北京市,
20251411,ELEME,76W566599A,20000186326,千家顺·鲸选超市(横店店),浙江省,金华市,
20251411,ELEME,76W566600A,20000188066,快客达·环球超市(鳌江店),浙江省,温州市,
20251411,ELEME,76W566604A,20000191046,快客达超市(锦江店),浙江省,温州市,
20251411,ELEME,76W566608A,20000195279,环好超市(亿发店),福建省,莆田市,
20251411,ELEME,76W566615A,20000209443,美宜佳(中海寰宇闽02795店),福建省,福州市,cvs
20251411,ELEME,76W566618A,20000213076,拾惠客超市阳光水岸店,河北省,承德市,
20251411,ELEME,76W566620A,20000215354,昔多购云上超市(丽水店),浙江省,丽水市,
20251411,ELEME,76W566621A,20000216399,焕熊真选超市(海曙中心店),浙江省,宁波市,
20251411,ELEME,76W566623A,20000224074,厉臣便利店(黄岛泊里店),山东省,青岛市,
20251411,ELEME,76W566643A,20000253229,迪购超市(角美店),福建省,漳州市,
20251411,ELEME,76W566644A,20000253349,鲸GO生活超市(莞城店),广东省,东莞市,
20251411,ELEME,76W566646A,20000255153,711(苏州协鑫广场店),江苏省,苏州市,cvs
20251411,ELEME,76W566650A,20000258238,711便利店(淄博水晶街店),山东省,淄博市,
20251411,ELEME,76W566653A,20000259172,乐宜购精品超市,安徽省,亳州市,
20251411,ELEME,76W566657A,20000267092,711(镇江红豆广场店),江苏省,镇江市,cvs
20251411,ELEME,76W566660A,20000275098,万家兴达超市(大源店),四川省,成都市,
20251411,ELEME,76W566662A,20000279404,NOW即享快送超市(龙华店),广东省,深圳市,
20251411,ELEME,76W566666A,20000281189,聚哆购超市(大学城店),重庆市,重庆市,
20251411,ELEME,76W566667A,20000281251,KKV(西安荟聚店),陕西省,西安市,mmkt
20251411,ELEME,76W566674A,20000298009,迪购超市(东山店),福建省,漳州市,
20251411,ELEME,76W566681A,20000329146,7-ELEVEn(永州万达广场店),湖南省,永州市,
20251411,ELEME,76W566682A,20000329279,闪电购精品超市(惠安科山店),福建省,泉州市,
20251411,ELEME,76W566689A,20000338049,海豚购(昆明正义店),云南省,昆明市,
20251411,ELEME,76W566705A,20000359369,考拉优选(昭通店),云南省,昭通市,
20251411,ELEME,76W566708A,20000361140,共橙24H超市(蒙阴店),山东省,临沂市,
20251411,ELEME,76W566712A,20000363398,拾惠客24H超市(盘锦兴隆店),辽宁省,盘锦市,
20251411,ELEME,76W566713A,20000364269,多多购超市(王府井店),湖南省,长沙市,
20251411,ELEME,76W566715A,20000370411,拾惠客24h超市(新沂店),江苏省,徐州市,
20251411,ELEME,76W566720A,20000374354,拾惠客24h超市(嘉兴海盐店),浙江省,嘉兴市,
20251411,ELEME,76W566728A,20000379367,海豚购(乐山二店),四川省,乐山市,
20251411,ELEME,76W566730A,20000380206,罗森(淮安绿地世纪城二店),江苏省,淮安市,cvs
20251411,ELEME,76W566734A,20000383370,乐购汪超市(武林壹号店),浙江省,杭州市,
20251411,ELEME,76W566741A,20000392194,之上便利店(庆元沁心园店),浙江省,丽水市,cvs
20251411,ELEME,76W566742A,20000395290,惠邻百佳超市(北工大店),北京市,北京市,
20251411,ELEME,76W566757A,20000411360,闪宅便利(吾悦店),辽宁省,沈阳市,
20251411,ELEME,76W566759A,20000413060,罗森(杭州中山中路店),浙江省,杭州市,cvs
20251411,ELEME,76W566761A,20000414145,拾惠客24h超市(诸暨宝龙店),浙江省,绍兴市,
20251411,ELEME,76W566767A,20000417496,熊本便利店(石景山店),北京市,北京市,
20251411,ELEME,76W566786A,20000431048,万淘超市(丽水店),浙江省,丽水市,
20251411,ELEME,76W566789A,20000434322,快客达·环球超市(沈家门店),浙江省,舟山市,
20251411,ELEME,76W566791A,20000436416,ALDI奥乐齐超市(亚乐城店),上海市,上海市,mmkt
20251411,ELEME,76W566793A,20000437162,拾惠客24h超市(许昌天明店),河南省,许昌市,
20251411,ELEME,76W566794A,20000437324,比优特超市(大连金马路店),辽宁省,大连市,smkt
20251411,ELEME,76W566807A,20000445083,拾惠客24h超市(余姚店),浙江省,宁波市,
20251411,ELEME,76W566808A,20000445204,淘宝便利店(中骏广场店),福建省,泉州市,
20251411,ELEME,76W566810A,20000446265,新四兴超市(沈北店),辽宁省,沈阳市,
20251411,ELEME,76W566814A,20000450038,新佳宜便利店(星都汇2636店),湖南省,长沙市,cvs
20251411,ELEME,76W566818A,20000452444,新佳宜便利店(耒阳金域中央2685店),湖南省,衡阳市,cvs
20251411,ELEME,76W566821A,20000453490,近距梨超市(兰溪店),浙江省,金华市,
20251411,ELEME,76W566837A,20000475044,润都超市(郫都中心店),四川省,成都市,
20251411,ELEME,76W566839A,20000477304,中商罗森(祥源金港湾店),安徽省,合肥市,cvs
20251411,ELEME,76W566843A,20000482393,千家顺·鲸选超市(舟山东港店),浙江省,舟山市,
20251411,ELEME,76W566848A,20000485280,昔多购超市(新开铺店),湖南省,长沙市,
20251411,ELEME,76W566851A,20000486292,中商罗森(淮南四中店),安徽省,淮南市,cvs
20251411,ELEME,76W566857A,20000501017,中商罗森(阜阳金悦时代店),安徽省,阜阳市,cvs
20251411,ELEME,76W566859A,20000504176,千家顺·鲸选超市(南平建阳店),福建省,南平市,
20251411,ELEME,76W566867A,20000516338,拾惠客24H超市(沈阳迎宾店),辽宁省,沈阳市,
20251411,ELEME,76W566870A,20000520105,荧顶优选超市(北海大道店),广西壮族自治区,北海市,
20251411,ELEME,76W566877A,20000526035,乐购汪超市(鄞州店),浙江省,宁波市,
20251411,ELEME,76W566878A,20000527005,乐小二·连锁超市,浙江省,金华市,
20251411,ELEME,76W566881A,20000527366,拾惠客24h超市(渭南富平店),陕西省,渭南市,
20251411,ELEME,76W566887A,20000532217,惠邻百佳超市(新石北路店),河北省,石家庄市,
20251411,ELEME,76W566891A,20000537171,惠邻百佳超市(万象城店),河北省,石家庄市,
20251411,ELEME,76W566894A,20000539177,惠邻百佳超市(海光寺店),天津市,天津市,
20251411,ELEME,76W566896A,20000539265,拾惠客24h超市(渭南大荔店),陕西省,渭南市,
20251411,ELEME,76W566900A,20000544236,拾惠客24h超市(渭南韩城店),陕西省,渭南市,
20251411,ELEME,76W566903A,20000548175,惠邻百佳超市(三元桥店),北京市,北京市,
20251411,ELEME,76W566907A,20000551455,十足便利店(恒润国际店),江苏省,苏州市,cvs
20251411,ELEME,76W566908A,20000553348,厉臣便利店(济宁爱琴海店),山东省,济宁市,
20251411,ELEME,76W566920A,20000563078,拾惠客24h超市(西安鄠邑店),陕西省,西安市,
20251411,ELEME,76W566922A,20000564232,谊品批发超市(长寿中央公园店),重庆市,重庆市,cvs
20251411,ELEME,76W566923A,20000566088,京华百货超市(潮南店),广东省,汕头市,
20251411,ELEME,76W566929A,20000572069,拾惠客24h超市(渭南信达广场店),陕西省,渭南市,
20251411,ELEME,76W566932A,20000574162,天猫小店,浙江省,杭州市,
20251411,ELEME,76W566943A,20000577282,友客(汉峪新苑店),山东省,济南市,cvs
20251411,ELEME,76W566944A,20000577307,十足便利店(绍兴镜海家苑店),浙江省,绍兴市,cvs
20251411,ELEME,76W566952A,20000583132,惠邻百货超市(唯亭店),江苏省,苏州市,
20251411,ELEME,76W566963A,20000602426,鲸GO生活超市(白石龙店),广东省,深圳市,
20251411,ELEME,76W566970A,20000635259,悠米极速超市(西安店),陕西省,西安市,
20251411,ELEME,76W566971A,20000642008,小月亮(南岗店),黑龙江省,哈尔滨市,mmkt
20251411,ELEME,76W566972A,20000642101,鲸GO生活超市(百鸽笼店),广东省,深圳市,
20251411,ELEME,76W566994A,20000686395,叮当便利店(肇源店),黑龙江省,大庆市,
20251411,ELEME,76W567011A,20000727053,闪电24h便利店,山东省,枣庄市,
20251411,ELEME,76W567014A,20000731307,超宜选精品超市(九江店),江西省,九江市,
20251411,ELEME,76W567015A,20000736214,易惠达超市(黄渡店),上海市,上海市,
20251411,ELEME,76W567016A,20000739030,树懒先生超市(龙口店),山东省,烟台市,
20251411,ELEME,76W567031A,20000757294,优选精品生活超市(合肥店),安徽省,合肥市,
20251411,ELEME,76W567036A,20000763116,世纪优选超市(京华城店),江苏省,扬州市,
20251411,ELEME,76W567037A,20000763471,快捷购精品超市(烟台中心店),山东省,烟台市,
20251411,ELEME,76W567039A,20000766422,速购精品超市(红旗店),河南省,新乡市,
20251411,ELEME,76W567042A,20000773010,世纪优选超市(东区店),江苏省,扬州市,
20251411,ELEME,76W567046A,20000780386,超盒算NB(杨浦平凉路地铁站店),上海市,上海市,mmkt
20251411,ELEME,76W567047A,20000783450,乐购汪超市(苏州独墅湖店),江苏省,苏州市,
20251411,ELEME,76W567055A,20000799487,千家顺·鲸选超市(缙云店),浙江省,丽水市,
20251411,ELEME,76W567056A,20000802150,拾惠客24h超市(咸阳兴平店),陕西省,咸阳市,
20251411,ELEME,76W567059A,20000804157,拾惠客24h超市(安阳汤阴店),河南省,安阳市,
20251411,ELEME,76W567066A,20000810169,友客(牡丹区融邦大厦店),山东省,菏泽市,cvs
20251411,ELEME,76W567070A,20000815406,鲸鱼嗨购超市(奉贤中心店),上海市,上海市,
20251411,ELEME,76W567077A,20000824127,罗森(沭阳修远中学店),江苏省,宿迁市,cvs
20251411,ELEME,76W567080A,20000827013,考拉优选(阳逻店),湖北省,武汉市,
20251411,ELEME,76W567086A,20000837088,考拉优选(利川店),湖北省,恩施土家族苗族自治州,
20251411,ELEME,76W567089A,20000846295,拾惠客24H超市(辽中店),辽宁省,沈阳市,
20251411,ELEME,76W567097A,20000874244,福瑞达精品超市(龙湾店),浙江省,温州市,
20251411,ELEME,76W567104A,20000885205,四季超市(廉江店),广东省,湛江市,
20251411,ELEME,76W567107A,20000892283,闪宅便利(正阳店),辽宁省,沈阳市,
20251411,ELEME,76W567113A,20000906499,环球壹号超市(凯旋路店),上海市,上海市,
20251411,ELEME,76W567114A,20000909065,罗森(秀浦路店),上海市,上海市,cvs
20251411,ELEME,76W567120A,20000918331,惠比熊超市(光谷店),湖北省,武汉市,
20251411,ELEME,76W567125A,20000929429,团哆点便利超市(盖山店),福建省,福州市,
20251411,ELEME,76W567126A,20000931383,小仓生活(怀庆里店),天津市,天津市,
20251411,ELEME,76W567136A,20000939431,罗森(石家庄翰科大厦店),河北省,石家庄市,cvs
20251411,ELEME,76W567142A,20000945421,世纪优选超市(丹阳店),江苏省,镇江市,
20251411,ELEME,76W567145A,20000950067,优+便利店(阜阳清河路吉友店),安徽省,阜阳市,
20251411,ELEME,76W567147A,20000951064,罗森小站(华新现代学院店),四川省,成都市,cvs
20251411,ELEME,76W567150A,20000954350,团哆点便利超市(莆田店),福建省,莆田市,
20251411,ELEME,76W567151A,20000960196,小马购●生活超市(肥东店),安徽省,合肥市,
20251411,ELEME,76W567153A,20000966209,美宜佳(潭庄街粤34455店),广东省,广州市,cvs
20251411,ELEME,76W567155A,20000970102,美宜佳(榕云路粤34275店),广东省,揭阳市,cvs
20251411,ELEME,76W567165A,20000979493,优选便利(会展中心店),黑龙江省,哈尔滨市,
20251411,ELEME,76W567170A,20000985268,团哆点便利超市(平潭店),福建省,福州市,
20251411,ELEME,76W567175A,20000992231,联华超市(板桥西路店),上海市,上海市,smkt
20251411,ELEME,76W567176A,20000993104,拾惠客24h超市(绍兴嵊州店),浙江省,绍兴市,
20251411,ELEME,76W567184A,20001000174,闪电购精品超市(芗城店),福建省,漳州市,
20251411,ELEME,76W567185A,20001000179,闪电购精品超市(西贤店),福建省,泉州市,
20251411,ELEME,76W567186A,20001002130,闪电购精品超市(平潭店),福建省,福州市,
20251411,ELEME,76W567195A,20001019333,十足便利店(盐城中海世纪公馆店),江苏省,盐城市,cvs
20251411,ELEME,76W567198A,20001023022,世纪华联(建设路店),江西省,南昌市,
20251411,ELEME,76W567202A,20001029249,苏宁小店(鹤沙店),上海市,上海市,mmkt
20251411,ELEME,76W567204A,20001032126,宅可送超市(科技城店),江苏省,苏州市,
20251411,ELEME,76W567205A,20001032359,超宜选精品超市(新余店),江西省,新余市,
20251411,ELEME,76W567212A,20001041299,快捷购精品超市(呈贡店),云南省,昆明市,
20251411,ELEME,76W567220A,20001046356,麦客联华超市(乐山店),四川省,乐山市,
20251411,ELEME,76W567223A,20001053336,海豚购(遂宁店),四川省,遂宁市,
20251411,ELEME,76W567232A,20001057445,迪购超市(莆田店),福建省,莆田市,
20251411,ELEME,76W567238A,20001063341,菜蔬生·生鲜果蔬·超市(永乐店),浙江省,温州市,mmkt
20251411,ELEME,76W567239A,20001064035,拾惠客24h超市(慈溪周巷店),浙江省,宁波市,
20251411,ELEME,76W567245A,20001068463,术木优选超市(昌东店),江西省,南昌市,
20251411,ELEME,76W567254A,20001107072,明日轩便利店(塔谈店),河北省,石家庄市,
20251411,ELEME,76W567262A,20001118387,新佳宜便利店(耒阳合兴广场2708店),湖南省,衡阳市,cvs
20251411,ELEME,76W567272A,20001134401,新惠百货超市(平山店),广东省,惠州市,
20251411,ELEME,76W567273A,20001134490,壹购汇超市(横琴店),广东省,珠海市,
20251411,ELEME,76W567278A,20001140312,罗森(连云港通灌南路店),江苏省,连云港市,cvs
20251411,ELEME,76W567283A,20001149220,罗森(连云港吾悦广场店),江苏省,连云港市,cvs
20251411,ELEME,76W567284A,20001149344,团哆点便利超市(福清店),福建省,福州市,
20251411,ELEME,76W567285A,20001149426,拾惠客24h超市(南京江北店),江苏省,南京市,
20251411,ELEME,76W567289A,20001160200,鲸GO生活超市(横岗店),广东省,深圳市,
20251411,ELEME,76W567293A,20001165073,拾惠客24h超市(颍上前进路店),安徽省,阜阳市,
20251411,ELEME,76W567296A,20001171321,罗森(杭州临安宝龙广场店),浙江省,杭州市,cvs
20251411,ELEME,76W567299A,20001175006,团哆点便利超市(后埔店),福建省,福州市,
20251411,ELEME,76W567302A,20001177339,百万超市(平潭店),福建省,福州市,
20251411,ELEME,76W567306A,20001195325,千家顺·鲸选超市(台州临海店),浙江省,台州市,
20251411,ELEME,76W567307A,20001195373,鲸到·24H超市(宝龙店),广东省,珠海市,
20251411,ELEME,76W567308A,20001196014,厦一单超市(纬一街店),陕西省,西安市,
20251411,ELEME,76W567314A,20001213447,麦客联华超市(梁平店),重庆市,重庆市,
20251411,ELEME,76W567320A,20001223245,厉臣便利店(镇江句容宝华店),江苏省,镇江市,
20251411,ELEME,76W567324A,20001225226,拾惠客24h超市(宣城泾县店),安徽省,宣城市,
20251411,ELEME,76W567328A,20001235014,拾惠客24h超市(阜南春光店),安徽省,阜阳市,
20251411,ELEME,76W567329A,20001235015,拾惠客24h超市(台州黄岩店),浙江省,台州市,
20251411,ELEME,76W567331A,20001236120,仓鼠便利店(建华店),黑龙江省,齐齐哈尔市,
20251411,ELEME,76W567336A,20001248283,拾惠客24h超市(咸阳杨凌店),陕西省,咸阳市,
20251411,ELEME,76W567337A,20001252101,优享购超市(卫国道店),天津市,天津市,
20251411,ELEME,76W567341A,20001261315,迪购超市(海沧天虹店),福建省,厦门市,
20251411,ELEME,76W567343A,20001263193,拾惠客24H超市(龙口西城店),山东省,烟台市,
20251411,ELEME,76W567347A,20001264376,老邻居超市(金府路东段店),四川省,成都市,mmkt
20251411,ELEME,76W567354A,20001273432,拾惠客24h超市(咸阳彬州店),陕西省,咸阳市,
20251411,ELEME,76W567356A,20001274472,7-Eleven便利店(创想大厦7501店),广东省,深圳市,cvs
20251411,ELEME,76W567360A,20001280488,惠比熊超市(汉口店),湖北省,武汉市,
20251411,ELEME,76W567362A,20001282446,711(宝应金源广场店),江苏省,扬州市,cvs
20251411,ELEME,76W567363A,20001283433,在鹿上精品超市(常州店),江苏省,常州市,
20251411,ELEME,76W567366A,20001288337,昔多购超市(慈利店),湖南省,张家界市,
20251411,ELEME,76W567378A,20001296318,拾惠客24h超市(渭南华阴店),陕西省,渭南市,
20251411,ELEME,76W567382A,20001299205,7-Eleven便利店(新市花园4479店),广东省,珠海市,cvs
20251411,ELEME,76W567385A,20001303265,惠邻百佳超市(人民公园店),天津市,天津市,
20251411,ELEME,76W567390A,20001305160,千家顺·鲸选超市(嘉善店),浙江省,嘉兴市,
20251411,ELEME,76W567392A,20001306472,迪购超市(建阳店),福建省,南平市,
20251411,ELEME,76W567397A,20001313180,惠邻百佳超市(万博中心店),河北省,保定市,
20251411,ELEME,76W567400A,20001316023,邻几(贵池金鼎大厦店),安徽省,池州市,cvs
20251411,ELEME,76W567401A,20001316180,万嘉便利(闽侯技工学院店),福建省,福州市,cvs
20251411,ELEME,76W567402A,20001317139,迪购超市(漳州明发广场店),福建省,漳州市,
20251411,ELEME,76W567403A,20001317263,拾惠客24h超市(拱墅万达店),浙江省,杭州市,
20251411,ELEME,76W567404A,20001318312,拾惠客24h超市(芜湖奇瑞城北店),安徽省,芜湖市,
20251411,ELEME,76W567408A,20001323173,世纪优品超市(九亭店),上海市,上海市,
20251411,ELEME,76W567411A,20001330150,拾惠客24h超市(宁波奉化店),浙江省,宁波市,
20251411,ELEME,76W567416A,20001339228,拾惠客24h超市(马鞍山含山店),安徽省,马鞍山市,
20251411,ELEME,76W567422A,20001348457,谷得乐购(双港店),天津市,天津市,
20251411,ELEME,76W567423A,20001352316,世纪精品超市(静安中心店),上海市,上海市,
20251411,ELEME,76W567427A,20001353364,厉臣便利店(城阳高新店),山东省,青岛市,
20251411,ELEME,76W567431A,20001355341,拾惠客24H超市(兖州二店),山东省,济宁市,
20251411,ELEME,76W567435A,20001358398,拾惠客24h超市(全椒港口路店),安徽省,滁州市,
20251411,ELEME,76W567438A,20001359455,拾惠客24h超市(东阳店),浙江省,金华市,
20251411,ELEME,76W567440A,20001360236,美一天省钱超市(鼎盛店),福建省,泉州市,
20251411,ELEME,76W567445A,20001364438,物u购24小时超市(瑞安中心店),浙江省,温州市,
20251411,ELEME,76W567447A,20001367214,拾惠客24h超市(滁州明光店),安徽省,滁州市,
20251411,ELEME,76W567470A,20001400092,乐心宜超市(东渠路店),北京市,北京市,
20251411,ELEME,76W567474A,20001406179,快客达·环球超市(北仑中心店),浙江省,宁波市,
20251411,ELEME,76W567475A,20001407231,快客达环球超市(南通店),江苏省,南通市,
20251411,ELEME,76W567476A,20001409487,一百分便利店(水街店),四川省,眉山市,
20251411,ELEME,76W567479A,20001412040,德宝生活超市(人民南路店),四川省,成都市,
20251411,ELEME,76W567482A,20001422114,快客达·环球超市(诸暨郭家店),浙江省,绍兴市,
20251411,ELEME,76W567485A,20001428223,好多购超市(嘉善店),浙江省,嘉兴市,
20251411,ELEME,76W567495A,20001436070,闪电购精品超市(水头店),福建省,泉州市,
20251411,ELEME,76W567496A,20001436171,盒马鲜生代买(义乌万象天地),浙江省,金华市,
20251411,ELEME,76W567504A,20001439159,盒马鲜生代买(桐乡万象汇),浙江省,嘉兴市,
20251411,ELEME,76W567508A,20001440192,福佳乐超市,黑龙江省,哈尔滨市,
20251411,ELEME,76W567510A,20001441177,盒马鲜生代买(德清银泰城),浙江省,湖州市,
20251411,ELEME,76W567517A,20001445059,新惠百货生活超市(营口店),辽宁省,营口市,
20251411,ELEME,76W567519A,20001446147,邻里物语精品超市(普陀区店),上海市,上海市,
20251411,ELEME,76W567524A,20001447424,美宜佳(浙01196芳正国际广场店),浙江省,杭州市,cvs
20251411,ELEME,76W567530A,20001449484,新惠百货超市(黄埠店),广东省,惠州市,
20251411,ELEME,76W567535A,20001453185,美宜佳(庄周十里皖00795店),安徽省,亳州市,cvs
20251411,ELEME,76W567551A,20001460256,大兴量贩(普洱店),云南省,普洱市,smkt
20251411,ELEME,76W567555A,20001465286,罗森(江阴利南街店),江苏省,无锡市,cvs
20251411,ELEME,76W567559A,20001470101,美宜佳(付家坡鄂02776店),湖北省,武汉市,cvs
20251411,ELEME,76W567564A,20001476287,十足便利店(澳洋医院店),江苏省,苏州市,cvs
20251411,ELEME,76W567565A,20001477293,711(南京仁恒新天地店),江苏省,南京市,cvs
20251411,ELEME,76W567567A,20001478262,盒马鲜生(常州万象城店),江苏省,常州市,
20251411,ELEME,76W567581A,20001491275,快时多超市(诸暨店),浙江省,绍兴市,
20251411,ELEME,76W567585A,20001499128,快赣特价超市(虹桥店),上海市,上海市,
20251411,ELEME,76W567592A,20001506003,美宜佳(晋526景里街店),山西省,长治市,cvs
20251411,ELEME,76W567594A,20001507291,家家悦(海阳勇士机械方圆路店),山东省,烟台市,smkt
20251411,ELEME,76W567600A,20001509256,佳品易购(石景山店),北京市,北京市,
20251411,ELEME,76W567608A,20001517139,家家悦(海阳悦北店),山东省,烟台市,smkt
20251411,ELEME,76W567613A,20001519428,拾惠客24h超市(杭州良渚店),浙江省,杭州市,
20251411,ELEME,76W567614A,20001520446,吉友?吉象便利店(盖州店),辽宁省,营口市,
20251411,ELEME,76W567633A,20001534066,乐购汪超市(西湖中心店),浙江省,杭州市,
20251411,ELEME,76W567636A,20001535267,爱乐达精品超市(沙河冲南店),广东省,茂名市,
20251411,ELEME,76W567637A,20001535447,海豚购(福安店),福建省,宁德市,
20251411,ELEME,76W567642A,20001541201,罗森(南通中港翡翠城店),江苏省,南通市,cvs
20251411,ELEME,76W567647A,20001543085,厉选百货超市(福田店),浙江省,金华市,
20251411,ELEME,76W567650A,20001543338,NOW即享快送超市(天旺店),河南省,郑州市,
20251411,ELEME,76W567651A,20001544082,沃缤纷超市(生物城店),湖北省,武汉市,
20251411,ELEME,76W567652A,20001545135,711便利店(淄博临淄金三角店),山东省,淄博市,
20251411,ELEME,76W567653A,20001545176,惠邻百佳超市(安定门店),北京市,北京市,
20251411,ELEME,76W567660A,20001550264,易惠达超市(世茂广场店),江苏省,苏州市,
20251411,ELEME,76W567665A,20001555101,711便利店(威海市立医院店),山东省,威海市,cvs
20251411,ELEME,76W567669A,20001559098,711便利店(淄博财富广场店),山东省,淄博市,
20251411,ELEME,76W567676A,20001563079,美宜佳(侨兴西苑川01851店),四川省,达州市,cvs
20251411,ELEME,76W567688A,20001602435,优选快送超市,云南省,红河哈尼族彝族自治州,
20251411,ELEME,76W567695A,20001625404,拾惠客24H超市(沈阳沈辽店),辽宁省,沈阳市,
20251411,ELEME,76W567696A,20001627406,拾惠客超市(浑南店),辽宁省,沈阳市,
20251411,ELEME,76W567698A,20001629386,拾惠客超市(威海哈工大店),山东省,威海市,
20251411,ELEME,76W567709A,20001653423,罗森(杭州科技馆街店),浙江省,杭州市,cvs
20251411,ELEME,76W567710A,20001659424,珍惠达超市(南开区店),天津市,天津市,
20251411,ELEME,76W567711A,20001663360,7-11(百湾家园店),北京市,北京市,cvs
20251411,ELEME,76W567712A,20001665470,优享购超市(财经大学店),天津市,天津市,
20251411,ELEME,76W567713A,20001672283,榛好物超市(临平店),浙江省,杭州市,
20251411,ELEME,76W567714A,20001673386,好多购便利店(安吉中心店),浙江省,湖州市,
20251411,ELEME,76W567717A,20001678155,共橙24小时超市(溧阳中关村店),江苏省,常州市,
20251411,ELEME,76W567721A,20001684087,优享购超市(未来城店),天津市,天津市,
20251411,ELEME,76W567724A,20001692061,拾惠客24h超市(洛阳偃师店),河南省,洛阳市,
20251411,ELEME,76W567726A,20001696236,711便利店(宝鸡人民商场店),陕西省,宝鸡市,
20251411,ELEME,76W567727A,20001699178,考拉易购生活超市(南山店),广东省,深圳市,
20251411,ELEME,76W567728A,20001700229,惠邻百佳超市(门头沟店),北京市,北京市,
20251411,ELEME,76W567739A,20001716272,新佳宜连锁便利店(常宁泉峰广场2751店),湖南省,衡阳市,cvs
20251411,ELEME,76W567743A,20001724070,拾惠客24H超市(滦平店),河北省,承德市,
20251411,ELEME,76W567744A,20001724120,新佳宜便利店(益阳碧桂园壹中心2316店),湖南省,益阳市,cvs
20251411,ELEME,76W567753A,20001738027,超宜选精品超市(上饶店),江西省,上饶市,
20251411,ELEME,76W567764A,20001768182,千家顺·鲸选超市(菏泽店),山东省,菏泽市,
20251411,ELEME,76W567767A,20001771499,拾惠客24h超市(义乌佛堂店),浙江省,金华市,
20251411,ELEME,76W567768A,20001775183,快客达·环球超市(德清店),浙江省,湖州市,
20251411,ELEME,76W567769A,20001775359,家家悦(胶南袁家村店),山东省,青岛市,smkt
20251411,ELEME,76W567770A,20001778134,711便利店(上林天地店),陕西省,咸阳市,cvs
20251411,ELEME,76W567772A,20001780040,拾惠客超市(曲阜孔庙店),山东省,济宁市,
20251411,ELEME,76W567774A,20001788096,拾惠客24h超市(宣城郎溪店),安徽省,宣城市,
20251411,ELEME,76W567776A,20001794071,迪购超市(软件三期店),福建省,厦门市,
20251411,ELEME,76W567779A,20001796203,东方优选生活超市(楚雄店),云南省,楚雄彝族自治州,
20251411,ELEME,76W567780A,20001801062,拾惠客24h超市(宁波江北店),浙江省,宁波市,
20251411,ELEME,76W567783A,20001820263,快客达·环球超市(桐乡店),浙江省,嘉兴市,
20251411,ELEME,76W567786A,20001842213,明日轩便利店(万达店),河北省,石家庄市,
20251411,ELEME,76W567792A,20001856263,厉选百货超市(桐庐店),浙江省,杭州市,
20251411,ELEME,76W567799A,20001887352,比优特超市(丹东万达店),辽宁省,丹东市,
20251411,ELEME,76W567803A,20001892355,快客达超市(安吉店),浙江省,湖州市,
20251411,ELEME,76W567805A,20001894484,千家顺·鲸选超市(诸暨店),浙江省,绍兴市,
20251411,ELEME,76W567806A,20001901083,万象良品仓储超市,广东省,深圳市,
20251411,ELEME,76W567808A,20001903481,迪购超市(延平店),福建省,南平市,
20251411,ELEME,76W567809A,20001904310,美宜佳(东湖胜利赣02289店),江西省,南昌市,cvs
20251411,ELEME,76W567812A,20001909240,千家顺·鲸选超市(兰溪店),浙江省,金华市,
20251411,ELEME,76W567821A,20001917094,NOW即享快送超市(石岩店),广东省,深圳市,
20251411,ELEME,76W567822A,20001919084,奥利购超市(青羊店),四川省,成都市,
20251411,ELEME,76W567824A,20001921366,乐毓福超市,吉林省,白城市,
20251411,ELEME,76W567827A,20001926422,易惠达超市(朱泾店),上海市,上海市,
20251411,ELEME,76W567835A,20001939146,优享购超市(张贵庄店),天津市,天津市,
20251411,ELEME,76W567837A,20001943327,KiSsYou便利店(富力城店),黑龙江省,哈尔滨市,
20251411,ELEME,76W567850A,20001960439,小仓生活(滨海东江路店),天津市,天津市,
20251411,ELEME,76W567860A,20001982289,美宜佳(绿地光谷星河绘鄂02743店),湖北省,武汉市,cvs
20251411,ELEME,76W567866A,20001989241,拾惠客24h超市(杭州空港店),浙江省,杭州市,
20251411,ELEME,76W567878A,20002015136,新佳宜便利店(宁乡達翰乾隆公馆2743店),湖南省,长沙市,cvs
20251411,ELEME,76W567880A,20002016005,拾惠客24h超市(台州天台店),浙江省,台州市,
20251411,ELEME,76W567883A,20002020381,711便利店(济南泺口服装商贸城店),山东省,济南市,cvs
20251411,ELEME,76W567888A,20002027364,共橙24小时超市(高青店),山东省,淄博市,
20251411,ELEME,76W567889A,20002028184,迪购超市(城东店),福建省,泉州市,
20251411,ELEME,76W567890A,20002029310,金叶便利,黑龙江省,绥化市,cvs
20251411,ELEME,76W567892A,20002030468,世纪精品超市(松江中心店),上海市,上海市,
20251411,ELEME,76W567893A,20002032472,小宅生活超市(合肥店),安徽省,合肥市,
20251411,ELEME,76W567898A,20002035352,乐尔乐(五一店),湖南省,长沙市,
20251411,ELEME,76W567901A,20002038019,千家顺·鲸选超市(壶镇店),浙江省,丽水市,
20251411,ELEME,76W567904A,20002042193,拾惠客24h超市(汉中汉台店),陕西省,汉中市,
20251411,ELEME,76W567908A,20002046227,海棠便利店(哈尔滨店),黑龙江省,哈尔滨市,
20251411,ELEME,76W567909A,20002047288,拾惠客24h超市(来安汊河店),安徽省,滁州市,
20251411,ELEME,76W567915A,20002054457,橙子便利(济阳众海新天地店),山东省,济南市,cvs
20251411,ELEME,76W567916A,20002055459,拾惠客24H超市(新民店),辽宁省,沈阳市,
20251411,ELEME,76W567919A,20002057312,拾惠客24h超市(容城店),河北省,保定市,
20251411,ELEME,76W567923A,20002068327,迪购超市(狮标店),福建省,泉州市,
20251411,ELEME,76W567926A,20002074219,好多购(恒大雅苑店),湖南省,长沙市,
20251411,ELEME,76W567928A,20002075099,拾惠客24H超市(望花店),辽宁省,抚顺市,
20251411,ELEME,76W567931A,20002084128,拾惠客24H超市(廊坊开发区店),河北省,廊坊市,
20251411,ELEME,76W567934A,20002097007,畅淘集市精品超市(鼓楼店),江苏省,南京市,
20251411,ELEME,76W567936A,20002101056,新佳宜便利店(新兴北京御园2718店),湖南省,长沙市,cvs
20251411,ELEME,76W567938A,20002102280,谷得乐购(咸水沽店),天津市,天津市,
20251411,ELEME,76W567942A,20002108260,沃缤纷超市(南昌店),江西省,南昌市,
20251411,ELEME,76W567944A,20002111380,好惠来超市(江都区店),江苏省,扬州市,
20251411,ELEME,76W567952A,20002125028,天福便利店(东成路13209店),广东省,肇庆市,cvs
20251411,ELEME,76W567955A,20002128163,沃玛希精品超市(高新店),浙江省,宁波市,
20251411,ELEME,76W567960A,20002134065,海豚购(南充店),四川省,南充市,
20251411,ELEME,76W567962A,20002140150,海豚购(临汾店),山西省,临汾市,
20251411,ELEME,76W567969A,20002146198,惠邻百佳超市(长沙路店),山东省,青岛市,
20251411,ELEME,76W567974A,20002155361,同城快送超市,广东省,佛山市,
20251411,ELEME,76W567975A,20002155488,千家顺·鲸选超市(怀化店),湖南省,怀化市,
20251411,ELEME,76W567980A,20002163348,NOW即享快送超市(布吉店),广东省,深圳市,
20251411,ELEME,76W567981A,20002165298,迪购超市(海沧新阳店),福建省,厦门市,
20251411,ELEME,76W567982A,20002167376,鲸鱼嗨购超市(浦东总店),上海市,上海市,
20251411,ELEME,76W567984A,20002170199,罗森便利店(金荣达产业园店),广东省,深圳市,cvs
20251411,ELEME,76W567987A,20002172138,迪购超市(集美店),福建省,厦门市,
20251411,ELEME,76W567992A,20002174343,隋你购连锁超市(青塔店),北京市,北京市,
20251411,ELEME,76W567993A,20002175053,沃缤纷超市(庙山店),湖北省,武汉市,
20251411,ELEME,76W567995A,20002177253,快客达.环球超市(福清店),福建省,福州市,
20251411,ELEME,76W568003A,20002186420,榛好物超市(上城店),浙江省,杭州市,
20251411,ELEME,76W568008A,20002189446,拾惠客24H超市(蓟县店),天津市,天津市,
20251411,ELEME,76W568013A,20002197038,千家顺·鲸选超市(丽江店),云南省,丽江市,
20251411,ELEME,76W568018A,20002199061,句鲸百货Mart(禅城店),广东省,佛山市,
20251411,ELEME,76W568019A,20002200309,超宜选精品超市(仙游店),福建省,莆田市,
20251411,ELEME,76W568025A,20002207285,昔多购云上超市(河西店),湖南省,永州市,
20251411,ELEME,76W568026A,20002208355,江小囤精品超市(铜陵店),安徽省,铜陵市,
20251411,ELEME,76W568027A,20002210096,超宜选精品超市(江阴店),江苏省,无锡市,
20251411,ELEME,76W568028A,20002210451,美好便利(无锡信成道店),江苏省,无锡市,cvs
20251411,ELEME,76W568029A,20002211082,罗森(南京华润国际社区店),江苏省,南京市,cvs
20251411,ELEME,76W568033A,20002215411,快邻达超市(菏泽店),山东省,菏泽市,
20251411,ELEME,76W568034A,20002216178,树懒先生超市(伍家岗店),湖北省,宜昌市,
20251411,ELEME,76W568036A,20002216265,快客达.环球超市(庐山中路店),浙江省,宁波市,
20251411,ELEME,76W568038A,20002218016,榛好物超市(下沙店),浙江省,杭州市,
20251411,ELEME,76W568039A,20002218328,7-Eleven便利店(李锦记大厦1405店),广东省,广州市,cvs
20251411,ELEME,76W568047A,20002222335,易尔惠超市(合肥北城店),安徽省,合肥市,
20251411,ELEME,76W568052A,20002226454,迪购超市(翔安店),福建省,厦门市,
20251411,ELEME,76W568061A,20002234126,沃玛希精品超市(温州中心店),浙江省,温州市,
20251411,ELEME,76W568078A,20002250306,罗森便利店(1560丹东东港锦绣家园店),辽宁省,丹东市,cvs
20251411,ELEME,76W568086A,20002264031,厦一单超市(中央天成店),福建省,厦门市,
20251411,ELEME,76W568087A,20002264042,711(盐城盐都吾悦店),江苏省,盐城市,cvs
20251411,ELEME,76W568091A,20002276009,公里购·精品超市(勾庄店),浙江省,杭州市,
20251411,ELEME,76W568093A,20002277336,六意便利店(大唐星悦店),福建省,福州市,cvs
20251411,ELEME,76W568096A,20002279426,盒马鲜生(宝山宝乐汇店),上海市,上海市,smkt
20251411,ELEME,76W568097A,20002281034,飞鼠仓储日用百货超市(锦州港店),辽宁省,锦州市,
20251411,ELEME,76W568106A,20002287192,放心品购超市(龙鼎万达店),浙江省,嘉兴市,
20251411,ELEME,76W568119A,20002305267,盒马鲜生(江桥万达店),上海市,上海市,mmkt
20251411,ELEME,76W568122A,20002316085,抢鲜隆快送超市(云水店),浙江省,杭州市,
20251411,ELEME,76W568125A,20002317259,惠邻百佳超市(裕华路店),河北省,保定市,
20251411,ELEME,76W568126A,20002317349,快客达.环球超市(万汇城店),江苏省,南京市,
20251411,ELEME,76W568128A,20002320194,比优特超市(阳光生活广场店),辽宁省,沈阳市,smkt
20251411,ELEME,76W568138A,20002336385,惠比熊超市(南湖店),湖北省,武汉市,
20251411,ELEME,76W568140A,20002337477,NOW即享快送超市(晋阳街店),山西省,太原市,
20251411,ELEME,76W568149A,20002343298,苏宁小店百货仓(义乌店),浙江省,金华市,
20251411,ELEME,76W568152A,20002347100,711(连云港苍梧店),江苏省,连云港市,
20251411,ELEME,76W568155A,20002351443,美士多便利店(咸嘉湖店),湖南省,长沙市,
20251411,ELEME,76W568159A,20002354398,世纪精品超市(智慧湾店),上海市,上海市,
20251411,ELEME,76W568177A,20002367055,苏宁小店(武进店),江苏省,常州市,mmkt
20251411,ELEME,76W568178A,20002367282,世纪生活超市(张江店),上海市,上海市,
20251411,ELEME,76W568202A,20002381306,JustFresh捷德鲜超市(静安中心店),上海市,上海市,
20251411,ELEME,76W568205A,20002383419,华豫佰佳超市(大学路店),河南省,郑州市,smkt
20251411,ELEME,76W568209A,20002387012,沃缤纷(恩施火车站店),湖北省,恩施土家族苗族自治州,
20251411,ELEME,76W568213A,20002389131,有购优品生活超市(宝山店),上海市,上海市,
20251411,ELEME,76W568224A,20002393349,厦一单超市(咸宁路店),陕西省,西安市,
20251411,ELEME,76W568237A,20002397331,迪购超市(灌口店),福建省,厦门市,
20251411,ELEME,76W568246A,20002403234,快捷购精品超市(沈阳店),辽宁省,沈阳市,
20251411,ELEME,76W568247A,20002404181,华豫佰佳超市(三全路店),河南省,郑州市,smkt
20251411,ELEME,76W568248A,20002404253,厦一单超市(曲江大道店),陕西省,西安市,
20251411,ELEME,76W568251A,20002406216,厦一单超市(大明宫万达店),陕西省,西安市,
20251411,ELEME,76W568253A,20002406277,罗森(5534东阳总部中心店),浙江省,金华市,cvs
20251411,ELEME,76W568261A,20002410318,树懒先生超市(大学城店),重庆市,重庆市,
20251411,ELEME,76W568265A,20002413083,罗森(203939江文路店),上海市,上海市,cvs
20251411,ELEME,76W568267A,20002414040,拾惠客24H超市(铁岭银州店),辽宁省,铁岭市,
20251411,ELEME,76W568294A,20002436320,迪购超市(城市广场店),浙江省,宁波市,
20251411,ELEME,76W568295A,20002438072,树懒先生超市(启东店),江苏省,南通市,
20251411,ELEME,76W568296A,20002438268,闪电购精品超市(漳浦店),福建省,漳州市,
20251411,ELEME,76W568305A,20002444081,小仓生活(怀柔店),北京市,北京市,
20251411,ELEME,76W568307A,20002448360,千里优品超市(长安店),河北省,石家庄市,
20251411,ELEME,76W568315A,20002464067,罗森(南京汉中路金智里店),江苏省,南京市,cvs
20251411,ELEME,76W568318A,20002465427,NOW即享快送超市(光明店),广东省,深圳市,
20251411,ELEME,76W568324A,20002475019,拾惠客24H超市(枣庄峄城店),山东省,枣庄市,
20251411,ELEME,76W568334A,20002484391,迪购超市(丰泽广场店),福建省,泉州市,
20251411,ELEME,76W568339A,20002492251,7-ELEVEn(岳阳八字门店),湖南省,岳阳市,cvs
20251411,ELEME,76W568344A,20002496264,迪购超市(浦西万达店),福建省,泉州市,
20251411,ELEME,76W568349A,20002499122,拾惠客24H超市(红椿街店),河北省,唐山市,
20251411,ELEME,76W568353A,20002503342,拾惠客24h超市(淮安金湖金达广场店),江苏省,淮安市,
20251411,ELEME,76W568355A,20002505470,佳品易购(雅宝路店),北京市,北京市,
20251411,ELEME,76W568368A,20002521253,鲸鱼嗨购超市(杨浦店),上海市,上海市,
20251411,ELEME,76W568374A,20002534044,熊本便利店(东直门店),北京市,北京市,
20251411,ELEME,76W568378A,20002544105,龙华购物,广东省,汕头市,
20251411,ELEME,76W568380A,20002549457,拾惠客24H超市(沈阳会展店),辽宁省,沈阳市,
20251411,ELEME,76W568386A,20002564257,拾惠客超市(沈北大学城店),辽宁省,沈阳市,
20251411,ELEME,76W568417A,20002612396,鲸GO生活超市(固戍店),广东省,深圳市,
20251411,ELEME,76W568418A,20002614265,美好便利(大丰凰家御庭店),江苏省,盐城市,cvs
20251411,ELEME,76W568426A,20002630058,零购超市(同安店),福建省,厦门市,
20251411,ELEME,76W568432A,20002638406,KKV(重庆龙湖云领天街店),重庆市,重庆市,mmkt
20251411,ELEME,76W568436A,20002647392,厦一单超市(万象城店),陕西省,西安市,
20251411,ELEME,76W568438A,20002651251,惠邻百佳超市(密云店),北京市,北京市,
20251411,ELEME,76W568458A,20002672170,麦格便利店(平潭店),福建省,福州市,
20251411,ELEME,76W568466A,20002682227,快客达环球超市(诸暨城东店),浙江省,绍兴市,
20251411,ELEME,76W568474A,20002694052,罗森便利店(川师狮子山),四川省,成都市,cvs
20251411,ELEME,76W568480A,20002702262,永丰超市(枞阳中心店),安徽省,铜陵市,
20251411,ELEME,76W568484A,20002706289,永丰超市(星河一品店),安徽省,安庆市,
20251411,ELEME,76W568486A,20002707198,美宜佳(沪00208奉炮公路店),上海市,上海市,cvs
20251411,ELEME,76W568487A,20002708021,惠选百货超市(峡山店),广东省,汕头市,
20251411,ELEME,76W568489A,20002712308,壹度便利(碧桂园黄金时代北门店),安徽省,淮北市,mmkt
20251411,ELEME,76W568493A,20002716062,永丰超市(港城店),安徽省,铜陵市,
20251411,ELEME,76W568496A,20002717061,乐小二优选超市(桐乡店),浙江省,嘉兴市,
20251411,ELEME,76W568499A,20002718075,永丰超市(新城吾悦店),安徽省,安庆市,
20251411,ELEME,76W568500A,20002718223,千家顺·鲸选超市(景德镇店),江西省,景德镇市,
20251411,ELEME,76W568504A,20002723009,易购优选超市,湖北省,武汉市,
20251411,ELEME,76W568506A,20002723143,迪购超市(集美中心店),福建省,厦门市,
20251411,ELEME,76W568508A,20002726033,乐淘淘便利店(饶平店),广东省,潮州市,
20251411,ELEME,76W568510A,20002727401,焕熊真选超市(新建中心店),江西省,南昌市,
20251411,ELEME,76W568513A,20002730310,焕熊真选超市(昌东店),江西省,南昌市,
20251411,ELEME,76W568520A,20002742295,鲸鱼嗨购超市(杨行店),上海市,上海市,
20251411,ELEME,76W568524A,20002746449,小仓生活(房山店),北京市,北京市,
20251411,ELEME,76W568525A,20002747083,拾惠客24h超市(苏州吴中店),江苏省,苏州市,
20251411,ELEME,76W568526A,20002750348,超宜选精品超市(昌江区店),江西省,景德镇市,
20251411,ELEME,76W568529A,20002752078,美宜佳(天府公馆川01563店),四川省,成都市,cvs
20251411,ELEME,76W568540A,20002761157,惠邻百佳超市(石榴庄店),北京市,北京市,
20251411,ELEME,76W568541A,20002761410,可好(潍坊站050026店),山东省,潍坊市,cvs
20251411,ELEME,76W568550A,20002767247,惠邻百佳超市(天洋广场店),河北省,廊坊市,
20251411,ELEME,76W568559A,20002786487,快客达.环球超市(独墅湖店),江苏省,苏州市,
20251411,ELEME,76W568565A,20002797116,惠立送精品超市(科技城店),江苏省,苏州市,
20251411,ELEME,76W568566A,20002798364,快赣特价超市(浦建路店),上海市,上海市,
20251411,ELEME,76W568568A,20002802319,快时多超市(桐乡店),浙江省,嘉兴市,
20251411,ELEME,76W568571A,20002804168,好快生活超市(吴中店),江苏省,苏州市,
20251411,ELEME,76W568574A,20002806218,小杨便利店,江西省,景德镇市,
20251411,ELEME,76W568575A,20002806371,小仓生活(涿州店),河北省,保定市,
20251411,ELEME,76W568592A,20002823186,世纪生活超市(江镇店),上海市,上海市,
20251411,ELEME,76W568595A,20002825321,优买兔精品生活超市(泛海店),湖北省,武汉市,
20251411,ELEME,76W568603A,20002830372,嘉怡超市,上海市,上海市,
20251411,ELEME,76W568605A,20002832136,厉选百货超市(滨江店),浙江省,杭州市,
20251411,ELEME,76W568612A,20002835278,超悠森活超市(坚基店),广东省,河源市,
20251411,ELEME,76W568622A,20002844114,快买快乐·生活超市(新桥优选店),上海市,上海市,
20251411,ELEME,76W568624A,20002844133,超悠森活超市(河源中心店),广东省,河源市,
20251411,ELEME,76W568633A,20002856402,优享购超市(张家窝店),天津市,天津市,
20251411,ELEME,76W568634A,20002858457,比德福超市BIDFOODMART,上海市,上海市,
20251411,ELEME,76W568643A,20002873311,惠立送精品超市(江南大学店),江苏省,无锡市,
20251411,ELEME,76W568652A,20002880218,新天地超市(梅河口维港城店),吉林省,通化市,
20251411,ELEME,76W568654A,20002886015,罗森(7382象山蓬莱路店),浙江省,宁波市,cvs
20251411,ELEME,76W568658A,20002888486,快客达.环球超市(邗江万达店),江苏省,扬州市,
20251411,ELEME,76W568660A,20002891400,易惠达超市(安亭店),江苏省,苏州市,
20251411,ELEME,76W568661A,20002892066,厦一单超市(体育中心店),福建省,三明市,
20251411,ELEME,76W568679A,20002907108,榛好物超市(万融城店),浙江省,杭州市,
20251411,ELEME,76W568685A,20002912189,惠邻百佳超市(回龙观店),北京市,北京市,
20251411,ELEME,76W568696A,20002922400,拾惠客24H超市(晋中介休店),山西省,晋中市,
20251411,ELEME,76W568698A,20002924434,沃缤纷超市(软件园店),湖北省,武汉市,
20251411,ELEME,76W568700A,20002928294,拾惠客24H超市(朝阳建平店),辽宁省,朝阳市,
20251411,ELEME,76W568701A,20002928321,拾惠客24H超市(中商世界里店),吉林省,长春市,
20251411,ELEME,76W568704A,20002932414,全好佳超市(海昌路店),四川省,成都市,
20251411,ELEME,76W568706A,20002933234,拾惠客24H超市(峰峰矿区店),河北省,邯郸市,
20251411,ELEME,76W568707A,20002934295,快时多超市(上饶店),江西省,上饶市,
20251411,ELEME,76W568708A,20002934305,沃缤纷超市(佰港城店),湖北省,武汉市,
20251411,ELEME,76W568710A,20002935308,沃缤纷超市(武昌店),湖北省,武汉市,
20251411,ELEME,76W568714A,20002940282,沃缤纷超市(新建店),江西省,南昌市,
20251411,ELEME,76W568715A,20002940450,罗森(南京鱼市街店),江苏省,南京市,cvs
20251411,ELEME,76W568717A,20002941270,树懒先生超市(蒸湘店),湖南省,衡阳市,
20251411,ELEME,76W568724A,20002943232,沃缤纷超市(杨家湾店),湖北省,武汉市,
20251411,ELEME,76W568728A,20002944495,惠邻百佳超市(西北角店),天津市,天津市,
20251411,ELEME,76W568744A,20002956350,快客达.环球超市(上海静安店),上海市,上海市,
20251411,ELEME,76W568745A,20002958035,天天惠超市,江苏省,南京市,
20251411,ELEME,76W568746A,20002958105,沃缤纷超市(荆门店),湖北省,荆门市,
20251411,ELEME,76W568747A,20002958258,吉速达·海囤购超市,浙江省,舟山市,
20251411,ELEME,76W568763A,20002972215,拾惠客24h超市(句容碧桂园店),江苏省,镇江市,
20251411,ELEME,76W568770A,20002976029,鲸鱼嗨购超市(菊园新区店),上海市,上海市,
20251411,ELEME,76W568785A,20002986105,拾惠客24h超市(衢州常山店),浙江省,衢州市,
20251411,ELEME,76W568790A,20002990152,焕熊真选超市(五一广场店),湖南省,长沙市,
20251411,ELEME,76W568792A,20002992138,711(玉兰苑店),天津市,天津市,cvs
20251411,ELEME,76W568795A,20002994112,乐小二优选超市(枣阳店),湖北省,襄阳市,
20251411,ELEME,76W568798A,20002996483,万佳宁便利超市(五象店),广西壮族自治区,南宁市,
20251411,ELEME,76W568803A,20003002308,永汇超市(洪垸店),湖北省,荆州市,mmkt
20251411,ELEME,76W568807A,20003005370,雅斯超市(沙市北京路店),湖北省,荆州市,smkt
20251411,ELEME,76W568814A,20003015017,美宜佳(西苑广场粤34995店),广东省,中山市,cvs
20251411,ELEME,76W568815A,20003015178,万佳宁便利超市(瀚天店),广西壮族自治区,南宁市,
20251411,ELEME,76W568820A,20003026462,迪购超市(霞福店),福建省,泉州市,
20251411,ELEME,76W568823A,20003027286,条纹兔·精选超市(湖塘店),江苏省,常州市,
20251411,ELEME,76W568824A,20003029351,惠购超市1店,河南省,郑州市,
20251411,ELEME,76W568827A,20003032200,惠比熊超市(光谷东店),湖北省,武汉市,
20251411,ELEME,76W568830A,20003035351,爱喜猫超市(浦江店),浙江省,金华市,
20251411,ELEME,76W568838A,20003039248,美好便利(常州圩塘店),江苏省,常州市,cvs
20251411,ELEME,76W568850A,20003052421,星马快送超市(富阳店),浙江省,杭州市,
20251411,ELEME,76W568851A,20003053217,惠邻百佳超市(后沙峪店),北京市,北京市,
20251411,ELEME,76W568856A,20003058246,焕熊真选超市(高桥店),湖南省,长沙市,
20251411,ELEME,76W568859A,20003058500,谊品批发部(东原逸墅店),四川省,成都市,cvs
20251411,ELEME,76W568861A,20003060360,棋茂鑫超市(宁波中心店),浙江省,宁波市,
20251411,ELEME,76W568869A,20003064184,焕熊真选超市(九江店),江西省,九江市,
20251411,ELEME,76W568872A,20003067293,罗森(南京峰云府店),江苏省,南京市,cvs
20251411,ELEME,76W568875A,20003071106,美宜佳(阳光悦城云00781号店),云南省,普洱市,mmkt
20251411,ELEME,76W568879A,20003076187,棋茂鑫·超市(乐清店),浙江省,温州市,
20251411,ELEME,76W568881A,20003079319,优乐购超市(和平店),广东省,汕头市,
20251411,ELEME,76W568885A,20003083158,拾惠客24h超市(上海松江店),上海市,上海市,
20251411,ELEME,76W568891A,20003085182,迪购超市(安海店),福建省,泉州市,
20251411,ELEME,76W568907A,20003099225,天天便利(燕郊福成五期三店),河北省,廊坊市,cvs
20251411,ELEME,76W568913A,20003102314,伴跃超市(东风大道店),湖北省,武汉市,
20251411,ELEME,76W568917A,20003104212,盒马鲜生(义乌天地店),浙江省,金华市,
20251411,ELEME,76W568918A,20003105140,惠民生活超市(天长店),安徽省,滁州市,
20251411,ELEME,76W568925A,20003111395,熊本便利店(上地店),北京市,北京市,
20251411,ELEME,76W568927A,20003113186,伴跃超市(纸纺店),湖北省,武汉市,
20251411,ELEME,76W568930A,20003114157,惠邻百佳超市(大成路店),北京市,北京市,
20251411,ELEME,76W568932A,20003117334,新力有家便利店(新东合中心店),湖北省,武汉市,cvs
20251411,ELEME,76W568933A,20003117446,小惠便利超市(黄州店),湖北省,黄冈市,
20251411,ELEME,76W568935A,20003118313,麦客联华超市(普洱店),云南省,普洱市,
20251411,ELEME,76W568943A,20003127259,畅淘集市精品超市(桥北店),江苏省,南京市,
20251411,ELEME,76W568944A,20003128110,厦一单超市(高新旺座店),陕西省,西安市,
20251411,ELEME,76W568956A,20003133296,美宜佳(创意路川01581店),四川省,成都市,cvs
20251411,ELEME,76W568960A,20003136186,半时达闪送超市(江宁百家湖店),江苏省,南京市,
20251411,ELEME,76W568968A,20003143375,菲凡仓储折扣超市,黑龙江省,佳木斯市,
20251411,ELEME,76W568969A,20003145397,惠比熊超市(徐东店),湖北省,武汉市,
20251411,ELEME,76W568986A,20003155416,十足便利店(嵊州人民医院一店),浙江省,绍兴市,cvs
20251411,ELEME,76W568988A,20003157441,快客达.环球超市(八一南街店),浙江省,金华市,
20251411,ELEME,76W568991A,20003158469,德宝生活超市(大兴店),北京市,北京市,
20251411,ELEME,76W568999A,20003165331,拾惠客24H超市(沈阳长青城店),辽宁省,沈阳市,
20251411,ELEME,76W569001A,20003166197,熊本便利店(燕郊店),河北省,廊坊市,
20251411,ELEME,76W569008A,20003170240,近距梨超市(海宁店),浙江省,嘉兴市,
20251411,ELEME,76W569010A,20003173239,拾惠客24H超市(长春双阳店),吉林省,长春市,
20251411,ELEME,76W569027A,20003190270,世纪生活超市(张江高科店),上海市,上海市,
20251411,ELEME,76W569055A,20003213018,NOW即享快送超市(大浪店),广东省,深圳市,
20251411,ELEME,76W569061A,20003218039,百姓量贩(邻里中心店),河南省,濮阳市,smkt
20251411,ELEME,76W569077A,20003228421,隋你购连锁超市(北京南站店),北京市,北京市,
20251411,ELEME,76W569080A,20003230065,NOW即享快送超市(白沙洲店),湖北省,武汉市,
20251411,ELEME,76W569082A,20003233436,小时便利(双流店),四川省,成都市,
20251411,ELEME,76W569083A,20003233438,美宜佳(金色地带皖00833店),安徽省,合肥市,cvs
20251411,ELEME,76W569085A,20003235034,比优特超市(通化万达店),吉林省,通化市,
20251411,ELEME,76W569091A,20003239350,e购超市(回龙观店),北京市,北京市,
20251411,ELEME,76W569098A,20003246236,711便利店(威海秦权步行街店),山东省,威海市,cvs
20251411,ELEME,76W569102A,20003247183,美宜佳(罗二酒店人民大道粤35103店),广东省,湛江市,cvs
20251411,ELEME,76W569110A,20003250215,沃缤纷超市(青山店),湖北省,武汉市,
20251411,ELEME,76W569113A,20003252212,超盒算NB(黄浦香港名都店),上海市,上海市,mmkt
20251411,ELEME,76W569116A,20003252426,宅捷送精品超市(萧山店),浙江省,杭州市,
20251411,ELEME,76W569119A,20003254318,美宜佳(金鑫路闽02869店),福建省,泉州市,cvs
20251411,ELEME,76W569135A,20003266121,惠邻百佳超市(国贸店),河南省,郑州市,
20251411,ELEME,76W569144A,20003271381,厉臣便利店(兴隆九城店),河北省,承德市,
20251411,ELEME,76W569156A,20003279106,711(宁波大酒店店),浙江省,宁波市,cvs
20251411,ELEME,76W569157A,20003279122,易捷速购(天目中路店),上海市,上海市,cvs
20251411,ELEME,76W569165A,20003287201,乐购汪(顾村中心店),上海市,上海市,
20251411,ELEME,76W569167A,20003288219,拾惠客24H超市(大连中山店),辽宁省,大连市,
20251411,ELEME,76W569168A,20003288276,永利生活超市(奥体店),辽宁省,沈阳市,
20251411,ELEME,76W569171A,20003289177,厦一单超市(沙县店),福建省,三明市,
20251411,ELEME,76W569176A,20003296120,家运超市(包河店),安徽省,合肥市,
20251411,ELEME,76W569184A,20003306042,家运超市(合肥中心店),安徽省,合肥市,
20251411,ELEME,76W569190A,20003314030,永利生活超市(中街店),辽宁省,沈阳市,
20251411,ELEME,76W569191A,20003317367,惠邻百佳超市(石牌岭店),湖北省,武汉市,
20251411,ELEME,76W569193A,20003319264,金瀛广联鲜e家超市(通州店),北京市,北京市,
20251411,ELEME,76W569195A,20003322310,惠邻百佳超市(北辰店),天津市,天津市,
20251411,ELEME,76W569201A,20003327186,易佳超市(长沙店),湖南省,长沙市,
20251411,ELEME,76W569215A,20003345104,家运超市(昆明店),云南省,昆明市,
20251411,ELEME,76W569228A,20003356200,惠邻百佳超市(裕华万达店),河北省,石家庄市,
20251411,ELEME,76W569246A,20003370050,Today(光谷APP广场四店),湖北省,武汉市,cvs
20251411,ELEME,76W569250A,20003371301,惠邻百佳超市(复兴路店),河北省,保定市,
20251411,ELEME,76W569251A,20003371323,麦客联华超市(五一店),湖南省,长沙市,
20251411,ELEME,76W569254A,20003374156,嘉佳加精品超市,安徽省,合肥市,
20251411,ELEME,76W569261A,20003379099,小仓生活(奥体中路店),山东省,济南市,
20251411,ELEME,76W569262A,20003379103,小仓生活(章丘店),山东省,济南市,
20251411,ELEME,76W569269A,20003384266,厉臣便利店(武汉阳逻街店),湖北省,武汉市,
20251411,ELEME,76W569275A,20003385379,金虎便利(7123新华西街店),山西省,大同市,cvs
20251411,ELEME,76W569277A,20003390021,优乐购超市(海淀区店),北京市,北京市,
20251411,ELEME,76W569281A,20003391296,左邻右舍(西湖文化广场店),浙江省,杭州市,mmkt
20251411,ELEME,76W569283A,20003391491,乐豆家(中辉学府2432店),江西省,九江市,cvs
20251411,ELEME,76W569297A,20003402034,厉臣便利店(武汉黄陂前川店),湖北省,武汉市,
20251411,ELEME,76W569299A,20003404074,美宜佳(豫1971园林小区店),河南省,平顶山市,cvs
20251411,ELEME,76W569301A,20003407210,万家兴达超市(铜梁店),重庆市,重庆市,
20251411,ELEME,76W569305A,20003412377,拾惠客24H超市(丹东振兴店),辽宁省,丹东市,
20251411,ELEME,76W569314A,20003417491,厉臣便利店(渑池店店),河南省,三门峡市,
20251411,ELEME,76W569315A,20003418305,拾惠客24H超市(石家庄新乐店),河北省,石家庄市,
20251411,ELEME,76W569316A,20003418444,沃缤纷超市(藏龙岛店),湖北省,武汉市,
20251411,ELEME,76W569323A,20003422386,考拉优选(文山店),云南省,文山壮族苗族自治州,
20251411,ELEME,76W569338A,20003435100,拾惠客24H超市(沈阳长白店),辽宁省,沈阳市,
20251411,ELEME,76W569339A,20003435131,拾惠客24H超市(日照大学店),山东省,日照市,
20251411,ELEME,76W569342A,20003439016,惠邻百佳超市(滨海新区店),天津市,天津市,
20251411,ELEME,76W569345A,20003442137,考拉优选(海宁店),浙江省,嘉兴市,
20251411,ELEME,76W569346A,20003442167,共橙24h超市(温州万象城店),浙江省,温州市,
20251411,ELEME,76W569353A,20003449035,折扣牛超市(绿都城店),河南省,郑州市,
20251411,ELEME,76W569357A,20003455010,沃缤纷超市(襄阳店),湖北省,襄阳市,
20251411,ELEME,76W569364A,20003462311,鲸GO生活超市(爱联店),广东省,深圳市,
20251411,ELEME,76W569365A,20003464238,仓鼠宜佳超市(澄海店),广东省,汕头市,
20251411,ELEME,76W569371A,20003469461,小仓生活(远洋中心店),天津市,天津市,
20251411,ELEME,76W569381A,20003474313,惠邻百佳超市(靖江东路店),天津市,天津市,
20251411,ELEME,76W569383A,20003475465,沃缤纷超市(黄家湖店),湖北省,武汉市,
20251411,ELEME,76W569385A,20003477441,厉臣便利店(平湖乍浦镇店),浙江省,嘉兴市,
20251411,ELEME,76W569386A,20003478395,快客达.环球超市(恒业广场店),江苏省,苏州市,
20251411,ELEME,76W569390A,20003480321,友客(菏泽大学路皇家学府店),山东省,菏泽市,cvs
20251411,ELEME,76W569401A,20003487210,拾惠客24H超市(保定清苑店),河北省,保定市,
20251411,ELEME,76W569403A,20003488036,仓鼠宜佳超市(勒流店),广东省,佛山市,
20251411,ELEME,76W569408A,20003489403,熊猫购超市(颍州碧桂园店),安徽省,阜阳市,
20251411,ELEME,76W569419A,20003499140,美宜佳(黄村街粤34972店),广东省,湛江市,cvs
20251411,ELEME,76W569431A,20003511331,四季GO超市,广东省,揭阳市,
20251411,ELEME,76W569433A,20003513100,春外百货超市(千岛湖店),浙江省,杭州市,
20251411,ELEME,76W569438A,20003525282,千家顺·鲸选超市(三门店),浙江省,台州市,
20251411,ELEME,76W569440A,20003530498,快客达.环球超市(闲林店),浙江省,杭州市,
20251411,ELEME,76W569449A,20003549373,快客达.环球超市(虎丘公园店),江苏省,苏州市,
20251411,ELEME,76W569450A,20003553381,万家兴达超市(潼南64店),重庆市,重庆市,
20251411,ELEME,76W569452A,20003563464,仓鼠便利超市(河源店),广东省,河源市,
20251411,ELEME,76W569454A,20003565062,美宜佳(浙01261海盐北大街店),浙江省,嘉兴市,cvs
20251411,ELEME,76W569455A,20003567140,树懒先生超市(蒙自店),云南省,红河哈尼族彝族自治州,
20251411,ELEME,76W569460A,20003578050,美宜佳(海渡路粤34949店),广东省,汕尾市,cvs
20251411,ELEME,76W569462A,20003580047,美士多便利店(华创国际店),湖南省,长沙市,
20251411,ELEME,76W569463A,20003582278,美时便利店,黑龙江省,牡丹江市,
20251411,ELEME,76W569471A,20003590028,海豚购(萧山中心店),浙江省,杭州市,
20251411,ELEME,76W569474A,20003592490,迪购超市(漳州港店),福建省,漳州市,
20251411,ELEME,76W569479A,20003597358,惠邻百佳超市(延吉路店),山东省,青岛市,
20251411,ELEME,76W569486A,20003619041,罗森(297013沭阳苏奥产业园店),江苏省,宿迁市,cvs
20251411,ELEME,76W569492A,20003627203,今喜便利超市,广东省,深圳市,
20251411,ELEME,76W569493A,20003628088,世纪优品超市(惠南优选店),上海市,上海市,
20251411,ELEME,76W569499A,20003633155,拾惠客24h超市(驻马店遂平店),河南省,驻马店市,
20251411,ELEME,76W569502A,20003640198,安德利超市巢湖坝镇店,安徽省,合肥市,mmkt
20251411,ELEME,76W569506A,20003646022,臻品乐购超市(广德店),安徽省,宣城市,
20251411,ELEME,76W569511A,20003654140,十足便利店(武进万达二店),江苏省,常州市,cvs
20251411,ELEME,76W569514A,20003655418,7-Eleven便利店(高高天地0335店),广东省,广州市,cvs
20251411,ELEME,76W569520A,20003662169,惠立送精品超市(新吴优选店),江苏省,无锡市,
20251411,ELEME,76W569523A,20003663382,黄商超市(黄州西湖三路店),湖北省,黄冈市,mmkt
20251411,ELEME,76W569528A,20003665151,迪购超市(溪滨公园店),福建省,泉州市,
20251411,ELEME,76W569529A,20003667421,KKV(深圳卓悦中心店),广东省,深圳市,mmkt
20251411,ELEME,76W569530A,20003669145,厦一单超市(桥梓口店),陕西省,西安市,
20251411,ELEME,76W569533A,20003670313,迪购超市(马巷店),福建省,厦门市,
20251411,ELEME,76W569534A,20003671398,天天便利(石家庄北郡店),河北省,石家庄市,cvs
20251411,ELEME,76W569537A,20003673221,711(滨海中关村店),天津市,天津市,cvs
20251411,ELEME,76W569538A,20003675276,拾惠客24H超市(青岛瑞昌店),山东省,青岛市,
20251411,ELEME,76W569541A,20003676077,世纪精品超市(复兴东路店),上海市,上海市,
20251411,ELEME,76W569542A,20003676082,迪购超市(泰禾广场店),福建省,泉州市,
20251411,ELEME,76W569562A,20003698425,爱家超市(千岛湖店),浙江省,杭州市,
20251411,ELEME,76W569563A,20003699476,乐购汪生活超市(梅陇中心店),上海市,上海市,
20251411,ELEME,76W569574A,20003710069,快客达.环球超市(泰兴店),江苏省,泰州市,
20251411,ELEME,76W569577A,20003714149,鲸GO生活超市(茜坑店),广东省,深圳市,
20251411,ELEME,76W569582A,20003727009,松果便利(瓯海店),浙江省,温州市,
20251411,ELEME,76W569583A,20003727385,惠比熊超市(汉阳店),湖北省,武汉市,
20251411,ELEME,76W569584A,20003728490,迪购超市(普宁中心店),广东省,揭阳市,
20251411,ELEME,76W569585A,20003731072,乐购汪(莘庄中心店),上海市,上海市,
20251411,ELEME,76W569589A,20003735197,顺京优鲜超市(马驹桥店),北京市,北京市,
20251411,ELEME,76W569592A,20003740166,惠比熊超市(江汉店),湖北省,武汉市,
20251411,ELEME,76W569609A,20003751412,惠邻百佳超市(固安店),河北省,廊坊市,
20251411,ELEME,76W569611A,20003754038,集超市(虎门店),广东省,东莞市,
20251411,ELEME,76W569625A,20003771383,拾惠客24H超市(通化柳河店),吉林省,通化市,
20251411,ELEME,76W569628A,20003775352,拾惠客24h超市(铜川新区店),陕西省,铜川市,
20251411,ELEME,76W569633A,20003777415,小仓生活(滨海福州道店),天津市,天津市,
20251411,ELEME,76W569650A,20003796280,小仓生活(怒江道店),天津市,天津市,
20251411,ELEME,76W569657A,20003807056,乐购汪(静安中心店),上海市,上海市,
20251411,ELEME,76W569666A,20003817310,速囤(中和店),四川省,成都市,
20251411,ELEME,76W569668A,20003818059,拾惠客24H超市(青岛沧口店),山东省,青岛市,
20251411,ELEME,76W569685A,20003836269,美宜佳(御海湾粤35263店),广东省,湛江市,cvs
20251411,ELEME,76W569690A,20003844306,拾惠客24h超市(杭州青山湖店),浙江省,杭州市,
20251411,ELEME,76W569692A,20003846042,永利超市(万泉店),辽宁省,沈阳市,
20251411,ELEME,76W569699A,20003855016,小饿生活全能超市(海城店),辽宁省,鞍山市,
20251411,ELEME,76W569702A,20003861216,迪购超市(古雷店),福建省,漳州市,
20251411,ELEME,76W569704A,20003866147,拾惠客24h超市(嘉鱼江樱花园店),湖北省,咸宁市,
20251411,ELEME,76W569706A,20003925468,橙子便利(肥城新城路店),山东省,泰安市,cvs
20251411,ELEME,76W569711A,20003965283,龙江好日子生鲜超市(东六店),黑龙江省,牡丹江市,smkt
20251411,ELEME,76W569716A,20003979390,快易购闪送超市(静海店),天津市,天津市,
20251411,ELEME,76W569719A,20003982158,懒猫精品生活超市,云南省,昆明市,
20251411,ELEME,76W569721A,20003985384,千家顺·鲸选超市(娄底店),湖南省,娄底市,
20251411,ELEME,76W569725A,20003998253,千家顺·鲸选超市(平湖店),浙江省,嘉兴市,
20251411,ELEME,76W569732A,20004023106,美宜佳(龙湖嘉誉一期闽02831店),福建省,厦门市,cvs
20251411,ELEME,76W569737A,20004039013,厦一单超市(盛龙广场店),陕西省,西安市,
20251411,ELEME,76W569738A,20004039102,熊本便利店(旧宫店),北京市,北京市,
20251411,ELEME,76W569757A,20004056435,十足便利店(台州杜桥环城东路店),浙江省,台州市,cvs
20251411,ELEME,76W569761A,20004063052,迪购超市(福鼎店),福建省,宁德市,
20251411,ELEME,76W569762A,20004063204,拉齐超市(柳青店),浙江省,金华市,
20251411,ELEME,76W569769A,20004068482,新佳宜便利店(宁乡玉虹蓝庭2847店),湖南省,长沙市,cvs
20251411,ELEME,76W569770A,20004069111,麦客联华超市(腾冲店),云南省,保山市,
20251411,ELEME,76W569772A,20004070108,熊本便利店(万柳店),北京市,北京市,
20251411,ELEME,76W569773A,20004072030,迪购超市(莆田万达店),福建省,莆田市,
20251411,ELEME,76W569774A,20004073091,拾惠客超市(阎良店),陕西省,西安市,
20251411,ELEME,76W569776A,20004074248,东方优选生活超市(西昌店),四川省,凉山彝族自治州,
20251411,ELEME,76W569777A,20004074415,千家顺·鲸选超市(宁海店),浙江省,宁波市,
20251411,ELEME,76W569780A,20004076491,KDA精品超市,浙江省,金华市,
20251411,ELEME,76W569787A,20004090234,苏宁小店超市(鹰潭店),江西省,鹰潭市,
20251411,ELEME,76W569789A,20004091232,海豚购(阜阳店),安徽省,阜阳市,
20251411,ELEME,76W569790A,20004091256,乐购汪(北桥中心店),上海市,上海市,
20251411,ELEME,76W569794A,20004092102,快邻达超市(许昌店),河南省,许昌市,
20251411,ELEME,76W569800A,20004094491,乐购汪(颛桥中心店),上海市,上海市,
20251411,ELEME,76W569802A,20004095447,乐购汪(西郊中心店),上海市,上海市,
20251411,ELEME,76W569805A,20004098482,乐购汪(龙柏中心店),上海市,上海市,
20251411,ELEME,76W569811A,20004106321,7-11(阜安西路东侧店),北京市,北京市,cvs
20251411,ELEME,76W569812A,20004107273,家家悦(日照东港后大洼店),山东省,日照市,smkt
20251411,ELEME,76W569813A,20004107488,麦格·精品超市(信阳店),河南省,信阳市,
20251411,ELEME,76W569815A,20004108012,淘宝便利店(东海店),福建省,泉州市,
20251411,ELEME,76W569816A,20004108122,拾惠客24H超市(合肥新中心店),安徽省,合肥市,
20251411,ELEME,76W569819A,20004109141,考拉优选(濮阳店),河南省,濮阳市,
20251411,ELEME,76W569821A,20004110099,河马快送超市(光谷店),湖北省,武汉市,
20251411,ELEME,76W569824A,20004111210,乐购汪(九亭中心店),上海市,上海市,
20251411,ELEME,76W569830A,20004115094,共橙24h超市(杭州余杭富力中心店),浙江省,杭州市,
20251411,ELEME,76W569831A,20004116091,共橙24h一站式超市(盐城射阳吾悦店),江苏省,盐城市,
20251411,ELEME,76W569832A,20004116185,仓鼠宜佳超市(潮阳店),广东省,汕头市,
20251411,ELEME,76W569840A,20004120406,共橙24H超市(日照大连花园店),山东省,日照市,
20251411,ELEME,76W569841A,20004121140,千家顺·鲸选超市(景宁店),浙江省,丽水市,
20251411,ELEME,76W569848A,20004136001,厉臣便利店(辽化奥林店),辽宁省,辽阳市,
20251411,ELEME,76W569849A,20004137013,乐购汪(虹口中心店),上海市,上海市,
20251411,ELEME,76W569854A,20004148251,树懒先生(东郊记忆店),四川省,成都市,
20251411,ELEME,76W569856A,20004152307,团哆点便利超市(泉州店),福建省,泉州市,
20251411,ELEME,76W569861A,20004159269,零购超市(沪太路店),上海市,上海市,
20251411,ELEME,76W569864A,20004159359,德宝生活超市(荣华中路店),北京市,北京市,
20251411,ELEME,76W569867A,20004162317,团哆点便利超市(高仑店),福建省,福州市,
20251411,ELEME,76W569870A,20004163275,7-ELEVEn(桐梓坡路店),湖南省,长沙市,cvs
20251411,ELEME,76W569873A,20004164276,迪购超市(德化店),福建省,泉州市,
20251411,ELEME,76W569884A,20004185433,美宜佳(隆鑫·中央公园渝02528店),重庆市,重庆市,cvs
20251411,ELEME,76W569892A,20004199140,超宜选精品超市(集美中心店),福建省,厦门市,
20251411,ELEME,76W569894A,20004199495,沃缤纷超市(纸坊店),湖北省,武汉市,
20251411,ELEME,76W569896A,20004200243,万惠佳超市(永宁店),四川省,成都市,
20251411,ELEME,76W569898A,20004200422,惠邻百佳超市(红旗南路店),天津市,天津市,
20251411,ELEME,76W569901A,20004211157,罗森(金园一路店),上海市,上海市,cvs
20251411,ELEME,76W569906A,20004214210,共橙24h超市(常州外国语学校店),江苏省,常州市,
20251411,ELEME,76W569907A,20004214381,快捷购精品超市(文荣店),云南省,丽江市,
20251411,ELEME,76W569910A,20004216020,惠邻百佳超市(燕顺路店),河北省,廊坊市,
20251411,ELEME,76W569919A,20004226090,乐购汪(滨江壹号店),浙江省,杭州市,cvs
20251411,ELEME,76W569921A,20004228255,乐小二·精品超市(长峰店),山东省,威海市,
20251411,ELEME,76W569938A,20004243385,万家兴达超市(接龙桥店),重庆市,重庆市,
20251411,ELEME,76W569941A,20004250256,星选兔超市(大庆店),黑龙江省,大庆市,
20251411,ELEME,76W569943A,20004252288,友客(中铁博览城21号楼店),山东省,青岛市,cvs
20251411,ELEME,76W569948A,20004261129,美宜佳(浙01335浔南新村店),浙江省,湖州市,cvs
20251411,ELEME,76W569950A,20004266475,优上佳超市(嘉定店),上海市,上海市,
20251411,ELEME,76W569953A,20004268447,千家顺·鲸选超市(吉首店),湖南省,湘西土家族苗族自治州,
20251411,ELEME,76W569955A,20004272196,超宜选精品超市(芦淞店),湖南省,株洲市,
20251411,ELEME,76W569956A,20004272339,世纪精品超市(大华店),上海市,上海市,
20251411,ELEME,76W569957A,20004275342,厉臣便利店(咸宁通山店),湖北省,咸宁市,
20251411,ELEME,76W569959A,20004277497,KKV(上海CP静安购物中心店),上海市,上海市,mmkt
20251411,ELEME,76W569964A,20004283028,迪购超市(龙岩中心店),福建省,龙岩市,
20251411,ELEME,76W569977A,20004291231,千家顺·鲸选超市(安海店),福建省,泉州市,
20251411,ELEME,76W569986A,20004296139,天猫小店(大滩超市大滩路店),浙江省,绍兴市,
20251411,ELEME,76W569988A,20004296354,美宜佳(苏01916同仁医院店),江苏省,南京市,cvs
20251411,ELEME,76W569990A,20004298111,满仓甄选24H超市(池州店),安徽省,池州市,
20251411,ELEME,76W569992A,20004299248,罗森(7825舟山日报社店),浙江省,舟山市,cvs
20251411,ELEME,76W569993A,20004300110,团哆点便利超市(南屿店),福建省,福州市,
20251411,ELEME,76W569997A,20004301260,厉臣便利店(黄冈红安店),湖北省,黄冈市,
20251411,ELEME,76W570000A,20004304227,海豚购(芜湖店),安徽省,芜湖市,
20251411,ELEME,76W570011A,20004309325,十足便利店(徐州晴朗谷店),江苏省,徐州市,cvs
20251411,ELEME,76W570013A,20004311445,快客达.环球超市(崇川店),江苏省,南通市,
20251411,ELEME,76W570020A,20004322300,小饿生活超市(曲阜店),山东省,济宁市,
20251411,ELEME,76W570028A,20004330113,苏宁小店(大学东路店),广西壮族自治区,南宁市,cvs
20251411,ELEME,76W570029A,20004331302,永利生活超市(沈北店),辽宁省,沈阳市,
20251411,ELEME,76W570043A,20004345028,小仓生活(运河桥店),河北省,石家庄市,
20251411,ELEME,76W570045A,20004345487,海豚购(青白江店),四川省,成都市,
20251411,ELEME,76W570047A,20004348042,小仓生活(和平东路店),河北省,石家庄市,
20251411,ELEME,76W570049A,20004348211,吉友精品超市(无锡店),江苏省,无锡市,
20251411,ELEME,76W570053A,20004354189,小仓生活(马驹桥店),北京市,北京市,
20251411,ELEME,76W570070A,20004374123,美宜佳(曾福路渝02505店),重庆市,重庆市,cvs
20251411,ELEME,76W570073A,20004374410,KKV(北京领展中关村购物中心店),北京市,北京市,mmkt
20251411,ELEME,76W570084A,20004381086,惠宜购超市(龙湖湾店),安徽省,芜湖市,
20251411,ELEME,76W570093A,20004391190,宅可送生活超市(保山店),云南省,保山市,
20251411,ELEME,76W570099A,20004397077,易甄选超市(武侯店),四川省,成都市,
20251411,ELEME,76W570101A,20004397465,星速购超市,广东省,深圳市,
20251411,ELEME,76W570104A,20004398273,乐购汪(日月光中心店),上海市,上海市,
20251411,ELEME,76W570106A,20004399063,优享购超市(中山门店),天津市,天津市,
20251411,ELEME,76W570107A,20004401031,拾惠客24H超市(沧州献县店),河北省,沧州市,
20251411,ELEME,76W570110A,20004403225,术木优选超市(万家丽店),湖南省,长沙市,
20251411,ELEME,76W570119A,20004411130,中百罗森(泛海V46公寓店),湖北省,武汉市,cvs
20251411,ELEME,76W570122A,20004416029,十足便利店(江宁中医院店),江苏省,南京市,cvs
20251411,ELEME,76W570132A,20004424429,十足便利店(润地商业广场店),安徽省,芜湖市,cvs
20251411,ELEME,76W570133A,20004424490,日佳百货超市,广东省,深圳市,
20251411,ELEME,76W570134A,20004425073,句鲸百货Mart(梅县店),广东省,梅州市,
20251411,ELEME,76W570138A,20004428047,仓鼠便利超市(宜春店),江西省,宜春市,
20251411,ELEME,76W570146A,20004434263,春外百货超市(诸暨店),浙江省,绍兴市,
20251411,ELEME,76W570160A,20004439476,小飞象超市(布吉分店),广东省,深圳市,
20251411,ELEME,76W570163A,20004440492,团哆点便利超市(仓山店),福建省,福州市,
20251411,ELEME,76W570165A,20004441121,海豚购(观音桥店),重庆市,重庆市,
20251411,ELEME,76W570172A,20004445463,快客达超市(绿地468店),四川省,成都市,
20251411,ELEME,76W570177A,20004450446,惠美优选超市(相城店),江苏省,苏州市,
20251411,ELEME,76W570178A,20004450497,厉臣便利店(黄石阳新店),湖北省,黄石市,
20251411,ELEME,76W570181A,20004451444,罗森(南京金审学院店),江苏省,南京市,cvs
20251411,ELEME,76W570186A,20004456103,佳品易购(望京店),北京市,北京市,
20251411,ELEME,76W570195A,20004461212,喜物哆精品超市(常州总店),江苏省,常州市,
20251411,ELEME,76W570198A,20004463366,团哆点便利超市(金山店),福建省,福州市,
20251411,ELEME,76W570201A,20004464349,团哆点便利超市(晋安店),福建省,福州市,
20251411,ELEME,76W570202A,20004464411,团哆点便利超市(广达店),福建省,福州市,
20251411,ELEME,76W570203A,20004464412,云惠旺超市(贺州店),广西壮族自治区,贺州市,
20251411,ELEME,76W570205A,20004465424,厉臣便利店(蚌埠淮上风情街店),安徽省,蚌埠市,
20251411,ELEME,76W570206A,20004465433,世纪精品超市(奉贤店),上海市,上海市,
20251411,ELEME,76W570209A,20004467205,蓝鲨仓买超市,黑龙江省,佳木斯市,
20251411,ELEME,76W570216A,20004473303,NOW即享快送超市(管城店),河南省,郑州市,
20251411,ELEME,76W570217A,20004478055,团哆点便利超市(东街店),福建省,福州市,
20251411,ELEME,76W570221A,20004479395,宅可送生活超市,浙江省,嘉兴市,
20251411,ELEME,76W570225A,20004481089,小仓生活(静海店),天津市,天津市,
20251411,ELEME,76W570229A,20004483157,惠邻百佳超市(白云路店),北京市,北京市,
20251411,ELEME,76W570233A,20004486038,满仓甄选24H超市(泗县店),安徽省,宿州市,
20251411,ELEME,76W570234A,20004487343,宁惠超24小时超市(福豪店),江苏省,常州市,
20251411,ELEME,76W570238A,20004488438,金桔生活便利超市(雨花店),湖南省,长沙市,
20251411,ELEME,76W570243A,20004491148,团哆点便利超市(澜山店),福建省,福州市,
20251411,ELEME,76W570245A,20004492159,团哆点便利超市(航城店),福建省,福州市,
20251411,ELEME,76W570246A,20004492197,斑点先生超市(中山西路店),上海市,上海市,
20251411,ELEME,76W570249A,20004493410,折扣牛超市(绿都澜湾店),河南省,郑州市,
20251411,ELEME,76W570251A,20004494350,711(金街店),天津市,天津市,cvs
20251411,ELEME,76W570254A,20004496422,严选购,山东省,青岛市,
20251411,ELEME,76W570258A,20004498445,折扣牛超市(姚夏路店),河南省,郑州市,
20251411,ELEME,76W570264A,20004501261,京牛快送超市(陈店店),广东省,汕头市,
20251411,ELEME,76W570278A,20004512313,沃缤纷超市(钟楼店),陕西省,西安市,
20251411,ELEME,76W570281A,20004514319,超宜选精品超市(增城中心店),广东省,广州市,
20251411,ELEME,76W570288A,20004527092,小仓生活(大学城店),天津市,天津市,
20251411,ELEME,76W570301A,20004540149,近距梨精选超市(霞浦店),福建省,宁德市,
20251411,ELEME,76W570302A,20004541078,厉臣便利店(南京禄口信陵路店),江苏省,南京市,
20251411,ELEME,76W570305A,20004546173,惠邻百佳超市(长虹公园店),天津市,天津市,
20251411,ELEME,76W570306A,20004552063,厉臣便利店(济阳融创店),山东省,济南市,
20251411,ELEME,76W570307A,20004554024,厉臣便利店(兴悟中心花园店),湖北省,孝感市,
20251411,ELEME,76W570332A,20004605146,新佳宜便利店(宁乡滨江国际城2850店),湖南省,长沙市,cvs
20251411,ELEME,76W570333A,20004605419,厉臣便利店(宁陵碧桂园店),河南省,商丘市,
20251411,ELEME,76W570342A,20004623229,快捷购精品超市(椒江店),浙江省,台州市,
20251411,ELEME,76W570343A,20004623359,兔喜生活超市(中央大街店),黑龙江省,哈尔滨市,
20251411,ELEME,76W570344A,20004624077,零购超市(顾众湾店),上海市,上海市,
20251411,ELEME,76W570346A,20004627294,7-11(知春路店),北京市,北京市,cvs
20251411,ELEME,76W570351A,20004640393,乐购汪(南翔中心店),上海市,上海市,
20251411,ELEME,76W570356A,20004645404,乐购汪(金桥中心店),上海市,上海市,
20251411,ELEME,76W570360A,20004648469,闪电购精品超市(德化店),福建省,泉州市,
20251411,ELEME,76W570362A,20004650201,星亦选精品超市(陈店店),广东省,汕头市,
20251411,ELEME,76W570365A,20004654182,裕客隆百货超市(绥化店),黑龙江省,绥化市,
20251411,ELEME,76W570367A,20004654416,闪电购精品超市(宝龙店),福建省,泉州市,
20251411,ELEME,76W570368A,20004655380,乐购汪(钱江中心店),浙江省,杭州市,
20251411,ELEME,76W570374A,20004663056,漳新便利超市(金峰店),福建省,漳州市,
20251411,ELEME,76W570375A,20004663355,大雄生活超市(武钢店),湖北省,武汉市,
20251411,ELEME,76W570378A,20004669153,KKV(青岛凯德新都心店),山东省,青岛市,mmkt
20251411,ELEME,76W570381A,20004674018,小饿生活全能超市(盘锦店),辽宁省,盘锦市,
20251411,ELEME,76W570382A,20004675072,小象壹仓超市(中山路店),重庆市,重庆市,
20251411,ELEME,76W570386A,20004676330,7-11(定慧寺店),北京市,北京市,cvs
20251411,ELEME,76W570411A,20004703337,友客(滨海大道华发CBD公寓店),山东省,威海市,cvs
20251411,ELEME,76W570413A,20004705136,共橙24H超市(市北区店),山东省,青岛市,
20251411,ELEME,76W570420A,20004711106,臻惠点精品超市(滨湖店),安徽省,合肥市,
20251411,ELEME,76W570422A,20004715015,邻里物语精品超市(嘉兴店),浙江省,嘉兴市,
20251411,ELEME,76W570424A,20004717066,联华超市(静安中心店),上海市,上海市,mmkt
20251411,ELEME,76W570435A,20004734290,宅捷送精品超市,浙江省,杭州市,
20251411,ELEME,76W570439A,20004737286,超宜选精品超市(昌江广场店),江西省,景德镇市,
20251411,ELEME,76W570445A,20004758217,四季优选生活超市(深圳总店),广东省,深圳市,
20251411,ELEME,76W570453A,20004766426,快客达环球超市(中央公园店),江苏省,南通市,
20251411,ELEME,76W570454A,20004767345,考拉优选(沛县店),江苏省,徐州市,
20251411,ELEME,76W570456A,20004771198,易捷速购(重庆黄泥磅店),重庆市,重庆市,cvs
20251411,ELEME,76W570457A,20004772368,网易严选·快送超市(九堡店),浙江省,杭州市,
20251411,ELEME,76W570464A,20004788164,团哆点便利超市(闽侯店),福建省,福州市,
20251411,ELEME,76W570466A,20004793465,厉臣便利店(蓝田店),陕西省,西安市,
20251411,ELEME,76W570473A,20004806094,拾惠客24h超市(乌镇店),浙江省,嘉兴市,
20251411,ELEME,76W570475A,20004811092,全佳临·景乐超市(平湖店),浙江省,嘉兴市,
20251411,ELEME,76W570476A,20004812060,哆逛逛精品超市(青山店),浙江省,杭州市,
20251411,ELEME,76W570478A,20004818026,7-Eleven便利店(上乘Vpark5092店),广东省,中山市,cvs
20251411,ELEME,76W570485A,20004843125,舫舟优选超市(楚雄店),云南省,楚雄彝族自治州,
20251411,ELEME,76W570486A,20004843158,711便利店(即墨墨香郡店),山东省,青岛市,cvs
20251411,ELEME,76W570487A,20004843460,悠米极速超市(世纪城店),云南省,昆明市,
20251411,ELEME,76W570488A,20004844068,迪购超市(玉溪店),云南省,玉溪市,
20251411,ELEME,76W570490A,20004845163,711便利店(烟台盛泉东路店),山东省,烟台市,cvs
20251411,ELEME,76W570491A,20004847296,麦客联华超市(雨城店),四川省,雅安市,
20251411,ELEME,76W570492A,20004849067,迪购超市(东风家园店),江苏省,无锡市,
20251411,ELEME,76W570497A,20004854328,乐易购生活超市(坂田店),广东省,深圳市,
20251411,ELEME,76W570498A,20004854382,大象超市(花园桥店),北京市,北京市,
20251411,ELEME,76W570501A,20004858070,迪购超市(长泰店),福建省,漳州市,
20251411,ELEME,76W570502A,20004858158,惠邻百佳超市(长江路店),河南省,郑州市,
20251411,ELEME,76W570504A,20004859039,中商罗森(涡阳青牛广场店),安徽省,亳州市,
20251411,ELEME,76W570511A,20004870050,淘宝便利店(人民广场店),广东省,潮州市,
20251411,ELEME,76W570519A,20004890077,富业购物(昆明店),云南省,昆明市,
20251411,ELEME,76W570522A,20004891373,立刻有精品超市,福建省,漳州市,
20251411,ELEME,76W570524A,20004895355,佳品易购(延吉路店),山东省,青岛市,
20251411,ELEME,76W570539A,20004924300,迪购超市(同安中心店),福建省,厦门市,
20251411,ELEME,76W570541A,20004929284,快客达环球超市(瓜沥店),浙江省,杭州市,
20251411,ELEME,76W570545A,20004936246,好快送超市,浙江省,金华市,
20251411,ELEME,76W570548A,20004941331,昔多购超市(黎托店),湖南省,长沙市,
20251411,ELEME,76W570569A,20004955253,美宜佳(兴德名轩粤35505店),广东省,湛江市,cvs
20251411,ELEME,76W570578A,20004966094,十足便利店(杭州兴耀鑫都汇店),浙江省,杭州市,cvs
20251411,ELEME,76W570579A,20004968220,厉臣便利店(梨树朝阳大路店),吉林省,四平市,
20251411,ELEME,76W570591A,20004993206,鲸GO生活超市(坪山店),广东省,深圳市,
20251411,ELEME,76W570599A,20005003249,惠邻百佳超市(上地店),北京市,北京市,
20251411,ELEME,76W570605A,20005007010,即刻购超市(照母山店),重庆市,重庆市,
20251411,ELEME,76W570606A,20005009213,拾惠客超市(大同云冈店),山西省,大同市,
20251411,ELEME,76W570610A,20005015212,拾惠客24h超市(濮阳县店),河南省,濮阳市,
20251411,ELEME,76W570612A,20005016192,厉臣便利店(法库湖畔新城店),辽宁省,沈阳市,
20251411,ELEME,76W570613A,20005017271,优购超市(高邮店),江苏省,扬州市,
20251411,ELEME,76W570614A,20005019028,便利豚(义乌店),浙江省,金华市,
20251411,ELEME,76W570617A,20005024145,沃缤纷超市(樊城店),湖北省,襄阳市,
20251411,ELEME,76W570625A,20005030469,天一优选超市(铁西店),辽宁省,沈阳市,
20251411,ELEME,76W570627A,20005032082,世纪甄选便利店,江苏省,南京市,
20251411,ELEME,76W570628A,20005032302,咪吖超市,辽宁省,大连市,
20251411,ELEME,76W570629A,20005034047,小仓生活(紫竹院店),北京市,北京市,
20251411,ELEME,76W570631A,20005036500,网易严选·快送超市(万象城店),江西省,赣州市,
20251411,ELEME,76W570633A,20005037244,邻几(颍州国际汽配城店),安徽省,阜阳市,cvs
20251411,ELEME,76W570634A,20005043461,十足便利店(南通碧桂园店),江苏省,南通市,cvs
20251411,ELEME,76W570644A,20005057348,二十四小时超市,云南省,大理白族自治州,
20251411,ELEME,76W570646A,20005057389,麦客联华超市(长沙中心店),湖南省,长沙市,
20251411,ELEME,76W570648A,20005059033,快客达环球超市(金楠龙湖天街店),四川省,成都市,
20251411,ELEME,76W570652A,20005063225,1+家(秦皇帝景钰翠轩店),四川省,成都市,cvs
20251411,ELEME,76W570657A,20005065417,百世好邻超市(龙湖熙上店),江苏省,苏州市,
20251411,ELEME,76W570659A,20005066385,云惠旺超市(开福店),湖南省,长沙市,
20251411,ELEME,76W570661A,20005067372,仓鼠便利超市(惠来店),广东省,揭阳市,
20251411,ELEME,76W570665A,20005071145,新力有家便利店(新城吾悦四店),江西省,南昌市,cvs
20251411,ELEME,76W570675A,20005086187,惠邻百佳超市(塘沽店),天津市,天津市,
20251411,ELEME,76W570676A,20005089403,罗森便利店(招商大厦店),重庆市,重庆市,cvs
20251411,ELEME,76W570677A,20005091042,迪购超市(明超店),福建省,泉州市,
20251411,ELEME,76W570682A,20005094399,世纪生活超市,上海市,上海市,
20251411,ELEME,76W570688A,20005101359,友客(团结路汉庭酒店店),山东省,青岛市,cvs
20251411,ELEME,76W570700A,20005114085,厉选百货超市(横店中心店),浙江省,金华市,
20251411,ELEME,76W570710A,20005122259,厉臣便利店(平顶山新城区店),河南省,平顶山市,
20251411,ELEME,76W570714A,20005129220,便客达快送超市(浐灞店),陕西省,西安市,
20251411,ELEME,76W570721A,20005133475,惠立送精品超市(创客中心店),上海市,上海市,
20251411,ELEME,76W570726A,20005142290,拾惠客24H超市(盘锦店),辽宁省,盘锦市,
20251411,ELEME,76W570729A,20005144098,新天地超市(梅河口江南明珠店),吉林省,通化市,
20251411,ELEME,76W570732A,20005147266,网易严选·快送超市(尹山湖店),江苏省,苏州市,
20251411,ELEME,76W570739A,20005153123,惠立送精品超市(金桥店),上海市,上海市,
20251411,ELEME,76W570742A,20005155067,乐嘉超市,四川省,成都市,
20251411,ELEME,76W570744A,20005157292,鲸GO生活超市(新塘店),广东省,广州市,
20251411,ELEME,76W570745A,20005157465,好惠来超市(玄武店),江苏省,南京市,
20251411,ELEME,76W570746A,20005160192,贝壳甄选超市(高密店),山东省,潍坊市,
20251411,ELEME,76W570747A,20005160308,兔喜生活+便利店(东盛大街店),吉林省,长春市,
20251411,ELEME,76W570750A,20005163068,拾惠客24H超市(廊坊胜芳店),河北省,廊坊市,
20251411,ELEME,76W570751A,20005164329,711(双峰北路店),上海市,上海市,cvs
20251411,ELEME,76W570752A,20005164426,惠邻百佳超市(世贸中心店),山西省,太原市,
20251411,ELEME,76W570754A,20005167043,拾惠客24H便利店(承德围场店),河北省,承德市,
20251411,ELEME,76W570768A,20005183310,迪购超市(潮安店),广东省,潮州市,
20251411,ELEME,76W570773A,20005189482,拾惠客24H超市(东营河口店),山东省,东营市,
20251411,ELEME,76W570779A,20005196327,乂优选快送超市(科韵南路店),广东省,广州市,
20251411,ELEME,76W570780A,20005198145,厉臣便利店(黑山南广场店),辽宁省,锦州市,
20251411,ELEME,76W570781A,20005198150,团优达精品超市(古城店),云南省,丽江市,
20251411,ELEME,76W570782A,20005201221,拾惠客24h超市(温州沙城店),浙江省,温州市,
20251411,ELEME,76W570783A,20005203352,优优熊24H超市(公明店),广东省,深圳市,
20251411,ELEME,76W570791A,20005211041,吉友超市(景德镇店),江西省,景德镇市,
20251411,ELEME,76W570792A,20005212231,迪购超市(泉港店),福建省,泉州市,
20251411,ELEME,76W570798A,20005219416,之上便利店(台州九龙商业街店),浙江省,台州市,cvs
20251411,ELEME,76W570802A,20005224135,伴跃超市(烽火店),湖北省,武汉市,
20251411,ELEME,76W570807A,20005227314,比优特超市(兴城店),辽宁省,葫芦岛市,
20251411,ELEME,76W570812A,20005231242,美宜佳(浙01362竹翠园店),浙江省,湖州市,cvs
20251411,ELEME,76W570813A,20005232027,优沃森超市(苏州站店),江苏省,苏州市,
20251411,ELEME,76W570819A,20005234343,沃玛希超市(红联店),浙江省,宁波市,
20251411,ELEME,76W570821A,20005234428,淘宝便利店(泽祥广场店),福建省,泉州市,
20251411,ELEME,76W570822A,20005236297,711便利店(潍坊蓉花路店),山东省,潍坊市,cvs
20251411,ELEME,76W570823A,20005238040,迪购超市(龙池店),福建省,漳州市,
20251411,ELEME,76W570832A,20005241150,盒马鲜生(中山石岐万象汇店),广东省,中山市,
20251411,ELEME,76W570836A,20005244440,易惠达超市(千灯店),江苏省,苏州市,
20251411,ELEME,76W570843A,20005253211,榛好物超市(滨江店),浙江省,杭州市,
20251411,ELEME,76W570846A,20005255087,Today(汉川世纪新城店),湖北省,孝感市,cvs
20251411,ELEME,76W570850A,20005257170,之上便利店(丽水遂昌江泰领悦广场店),浙江省,丽水市,cvs
20251411,ELEME,76W570852A,20005259333,星选兔超市(大理古城店),云南省,大理白族自治州,
20251411,ELEME,76W570858A,20005265132,千家顺·鲸选超市(益阳店),湖南省,益阳市,
20251411,ELEME,76W570859A,20005266420,快客达环球超市(中南世纪城店),江苏省,南京市,
20251411,ELEME,76W570866A,20005269101,迪购超市(同安官浔店),福建省,厦门市,
20251411,ELEME,76W570877A,20005278094,迪购超市(SM广场店),福建省,泉州市,
20251411,ELEME,76W570888A,20005284044,新惠百货超市(鄂州店),湖北省,鄂州市,
20251411,ELEME,76W570894A,20005287319,中百罗森(长沙尚清雅苑店),湖南省,长沙市,cvs
20251411,ELEME,76W570897A,20005292221,新天地超市(铂悦贰店),黑龙江省,哈尔滨市,cvs
20251411,ELEME,76W570904A,20005298493,七鲜超市(长宁荟聚店),上海市,上海市,smkt
20251411,ELEME,76W570905A,20005301299,好利惠超市(镇江店),江苏省,镇江市,
20251411,ELEME,76W570907A,20005302451,惠邻百佳超市(音乐学院店),天津市,天津市,
20251411,ELEME,76W570911A,20005306287,沃玛希超市(湖州店),浙江省,湖州市,
20251411,ELEME,76W570916A,20005309112,KKV(厦门大悦城店),福建省,厦门市,
20251411,ELEME,76W570923A,20005313216,拾惠客24H超市(山西平遥店),山西省,晋中市,
20251411,ELEME,76W570927A,20005315275,团哆点便利超市(西园店),福建省,福州市,
20251411,ELEME,76W570932A,20005318211,拾惠客24H超市(海城兴海大街店),辽宁省,鞍山市,
20251411,ELEME,76W570944A,20005328185,淘宝便利店(鼓楼小市店),江苏省,南京市,
20251411,ELEME,76W570949A,20005331133,迪购超市(普宁店),广东省,揭阳市,
20251411,ELEME,76W570956A,20005340425,速达精品超市(沈阳店),辽宁省,沈阳市,
20251411,ELEME,76W570958A,20005341114,沃缤纷超市(沈家营店),湖北省,黄石市,
20251411,ELEME,76W570966A,20005344202,快客达环球超市(大学城文鼎店),江苏省,南京市,
20251411,ELEME,76W570969A,20005345180,厉臣便利店(西安泾渭上城店),陕西省,西安市,
20251411,ELEME,76W570972A,20005350103,盒马鲜生(顾村沪太路店),上海市,上海市,smkt
20251411,ELEME,76W570979A,20005353125,厉臣便利店(黄冈蕲春店),湖北省,黄冈市,
20251411,ELEME,76W570983A,20005355257,迪购超市(汕头中心店),广东省,汕头市,
20251411,ELEME,76W570988A,20005358048,拾客精品超市(湾沚店),安徽省,芜湖市,
20251411,ELEME,76W570990A,20005358155,小鹿惠购超市(东阳店),浙江省,金华市,
20251411,ELEME,76W570991A,20005358178,全好佳超市(西山区店),云南省,昆明市,
20251411,ELEME,76W571001A,20005366182,快客达环球超市(盐城店),江苏省,盐城市,
20251411,ELEME,76W571003A,20005367202,宅小熊超市(佳木斯店),黑龙江省,佳木斯市,
20251411,ELEME,76W571005A,20005368188,盒里象生活超市(沙井店),广东省,深圳市,
20251411,ELEME,76W571010A,20005375469,拾惠客24h超市(福州青口店),福建省,福州市,
20251411,ELEME,76W571012A,20005376417,鲸鱼嗨购超市(重固店),上海市,上海市,
20251411,ELEME,76W571016A,20005383033,星选兔超市(晋城店),山西省,晋城市,
20251411,ELEME,76W571021A,20005386336,美宜佳(中山西路闽02928店),福建省,南平市,cvs
20251411,ELEME,76W571026A,20005387306,拾惠客24h超市(福州金峰店),福建省,福州市,
20251411,ELEME,76W571027A,20005388445,罗森(8793平湖银泰百货店),浙江省,嘉兴市,cvs
20251411,ELEME,76W571032A,20005391487,惠邻百佳超市(城东路店),河南省,郑州市,
20251411,ELEME,76W571034A,20005394412,快邻达超市(驻马中心店),河南省,驻马店市,
20251411,ELEME,76W571035A,20005395388,711(药科大学店),浙江省,宁波市,cvs
20251411,ELEME,76W571037A,20005397156,乐购汪(真大路店),上海市,上海市,
20251411,ELEME,76W571039A,20005398322,麦客联华超市(玉溪店),云南省,玉溪市,
20251411,ELEME,76W571041A,20005400363,友客(黄浦江路浦江公寓店),山东省,青岛市,cvs
20251411,ELEME,76W571043A,20005401110,好多购便利店(象山店),浙江省,宁波市,
20251411,ELEME,76W571044A,20005401243,拾惠客24h超市(范县店),河南省,濮阳市,
20251411,ELEME,76W571046A,20005403123,万惠佳超市(动物园店),四川省,成都市,
20251411,ELEME,76W571048A,20005404185,NOW即享快送超市(黄泥磅店),重庆市,重庆市,
20251411,ELEME,76W571061A,20005410035,近距梨精选超市(宁德店),福建省,宁德市,
20251411,ELEME,76W571071A,20005415251,超宜选精品超市(上饶中心店),江西省,上饶市,
20251411,ELEME,76W571072A,20005417255,迪购超市(鼓锣店),福建省,厦门市,
20251411,ELEME,76W571076A,20005419235,1号便利店(龙港店),辽宁省,葫芦岛市,
20251411,ELEME,76W571089A,20005427434,拾惠客24h超市(宝鸡高新开发区店),陕西省,宝鸡市,
20251411,ELEME,76W571091A,20005428339,永利生活超市(于洪店),辽宁省,沈阳市,
20251411,ELEME,76W571095A,20005431209,多啦便利(雁塔店),陕西省,西安市,
20251411,ELEME,76W571103A,20005435143,711(东方港城店),浙江省,宁波市,cvs
20251411,ELEME,76W571106A,20005437167,千家顺·鲸选超市(信宜中兴店),广东省,茂名市,
20251411,ELEME,76W571109A,20005438046,盒马鲜生(高新龙湖店),安徽省,合肥市,smkt
20251411,ELEME,76W571116A,20005445398,好多购便利店(横店店),浙江省,金华市,
20251411,ELEME,76W571117A,20005445459,惠多多超市(邗江区店),江苏省,扬州市,
20251411,ELEME,76W571130A,20005468231,NOW即享快送超市(洪山店),湖北省,武汉市,
20251411,ELEME,76W571135A,20005473192,舫舟优选生活超市(荣昌店),重庆市,重庆市,
20251411,ELEME,76W571140A,20005478183,淘宝便利店(牡丹江店),黑龙江省,牡丹江市,
20251411,ELEME,76W571142A,20005478315,惠邻百佳超市(华能店),山东省,济南市,
20251411,ELEME,76W571152A,20005485266,海豚购(解放碑店),重庆市,重庆市,
20251411,ELEME,76W571153A,20005485326,世纪精品超市(嘉兴店),浙江省,嘉兴市,
20251411,ELEME,76W571154A,20005486266,快时多生活超市(保山中心店),云南省,保山市,
20251411,ELEME,76W571156A,20005488264,海豚购(安庆七街店),安徽省,安庆市,
20251411,ELEME,76W571164A,20005493460,小仓生活(高碑店店),河北省,保定市,
20251411,ELEME,76W571165A,20005495262,迪购超市(南安店),福建省,泉州市,
20251411,ELEME,76W571169A,20005499024,万家兴达超市(宜宾江北店),四川省,宜宾市,
20251411,ELEME,76W571171A,20005500036,盒马鲜生(绍兴镜湖天街店),浙江省,绍兴市,
20251411,ELEME,76W571174A,20005502264,美宜佳(融创鄂02966店),湖北省,鄂州市,cvs
20251411,ELEME,76W571175A,20005503013,快买快乐生活超市(宝山店),上海市,上海市,
20251411,ELEME,76W571178A,20005505176,鲸鱼嗨购超市(航头店),上海市,上海市,
20251411,ELEME,76W571186A,20005516059,闪购豹超市(春柳店),辽宁省,大连市,
20251411,ELEME,76W571192A,20005524364,惠邻百佳超市(徐东店),湖北省,武汉市,
20251411,ELEME,76W571195A,20005525018,农姆客超市(颍上一中店),安徽省,阜阳市,
20251411,ELEME,76W571199A,20005535054,拾惠客24H超市(延安吾悦广场店),陕西省,延安市,
20251411,ELEME,76W571200A,20005535222,小仓生活(马坡店),北京市,北京市,
20251411,ELEME,76W571202A,20005536317,小仓生活(邯郸店),河北省,邯郸市,
20251411,ELEME,76W571216A,20005560342,惠邻百佳超市(城阳店),山东省,青岛市,
20251411,ELEME,76W571217A,20005563331,7-11便利店(翔安汇景广场店),福建省,厦门市,cvs
20251411,ELEME,76W571220A,20005567348,沃玛希超市(东港店),浙江省,舟山市,
20251411,ELEME,76W571226A,20005587455,厉臣便利店(廊坊大城店),河北省,廊坊市,
20251411,ELEME,76W571227A,20005589149,迪购超市(南平邵武店),福建省,南平市,
20251411,ELEME,76W571228A,20005591293,迪购超市(世贸店),浙江省,绍兴市,
20251411,ELEME,76W571229A,20005592370,优选精品超市,浙江省,杭州市,
20251411,ELEME,76W571233A,20005620021,焕熊真选超市(岳麓王府井店),湖南省,长沙市,
20251411,ELEME,76W571241A,20005627362,快时多超市(余杭店),浙江省,杭州市,
20251411,ELEME,76W571242A,20005630052,十足便利店(苏州乐桥店),江苏省,苏州市,cvs
20251411,ELEME,76W571245A,20005632089,开心购特价超市(秦淮店),江苏省,南京市,
20251411,ELEME,76W571246A,20005632095,厉臣便利店(淮南山南新区店),安徽省,淮南市,
20251411,ELEME,76W571248A,20005637067,拾惠客24h超市(绍兴柯桥店),浙江省,绍兴市,
20251411,ELEME,76W571251A,20005637482,NOW即享超市(姑嫂树店),湖北省,武汉市,
20251411,ELEME,76W571252A,20005638044,优沃森超市(建湖店),江苏省,盐城市,
20251411,ELEME,76W571253A,20005638284,千家顺·鲸选超市(城东店),福建省,泉州市,
20251411,ELEME,76W571257A,20005640278,拾惠客24H超市(莆田秀屿店),福建省,莆田市,
20251411,ELEME,76W571258A,20005640343,厉臣便利店(望都店),河北省,保定市,
20251411,ELEME,76W571262A,20005642069,小饿生活全能超市(龙江店),黑龙江省,齐齐哈尔市,
20251411,ELEME,76W571273A,20005652363,昔多购超市(龙华店),广东省,深圳市,
20251411,ELEME,76W571275A,20005653418,惠立送精品超市(唯亭店),江苏省,苏州市,
20251411,ELEME,76W571277A,20005658077,厉臣便利店(全椒十字港口店),安徽省,滁州市,
20251411,ELEME,76W571290A,20005668058,惠邻百佳超市(南京新街口店),江苏省,南京市,
20251411,ELEME,76W571294A,20005672321,速达精品超市,辽宁省,沈阳市,
20251411,ELEME,76W571300A,20005675296,惠邻百佳超市(太阳城店),河北省,秦皇岛市,
20251411,ELEME,76W571304A,20005677056,拾惠客24h超市(淮南寿县店),安徽省,淮南市,
20251411,ELEME,76W571307A,20005678051,拾惠客24h超市(丽水龙泉店),浙江省,丽水市,
20251411,ELEME,76W571311A,20005683102,兔喜生活便利店(珠海路店),吉林省,长春市,
20251411,ELEME,76W571312A,20005683206,拾惠客24H超市(蓬莱2店),山东省,烟台市,
20251411,ELEME,76W571313A,20005683292,香雅生活超市,河南省,郑州市,
20251411,ELEME,76W571316A,20005684283,厉臣便利店(龙湖天街店),山东省,青岛市,
20251411,ELEME,76W571322A,20005689056,厉臣便利店(淮南泉山店),安徽省,淮南市,
20251411,ELEME,76W571330A,20005694124,吉友·珠珠超市(安吉店),浙江省,湖州市,
20251411,ELEME,76W571332A,20005696297,拾惠客24H超市(半壁店),北京市,北京市,
20251411,ELEME,76W571336A,20005697434,超宜选精品超市(虎丘店),江苏省,苏州市,
20251411,ELEME,76W571338A,20005699191,兔喜生活便利店(绿园店),吉林省,长春市,
20251411,ELEME,76W571341A,20005701325,711(科园南路店),四川省,成都市,cvs
20251411,ELEME,76W571345A,20005705302,快客达环球超市(北苑店),浙江省,金华市,
20251411,ELEME,76W571353A,20005708075,NOW即享快送超市(卓悦店),湖北省,宜昌市,
20251411,ELEME,76W571354A,20005711024,惠邻百佳超市(新华西道店),河北省,唐山市,
20251411,ELEME,76W571355A,20005715088,乐购汪(普陀真如店),上海市,上海市,
20251411,ELEME,76W571356A,20005716325,柴购超市(泰禾广场店),福建省,泉州市,
20251411,ELEME,76W571362A,20005724457,惠邻百佳超市(亚运村店),北京市,北京市,
20251411,ELEME,76W571363A,20005725421,十足便利店(绍兴宇邦大厦店),浙江省,绍兴市,cvs
20251411,ELEME,76W571365A,20005730341,美宜佳(听蓝湾川02102店),四川省,成都市,cvs
20251411,ELEME,76W571368A,20005731182,零购超市(汕头龙湖店),广东省,汕头市,
20251411,ELEME,76W571373A,20005740281,吉华盛超市(月湖店),浙江省,台州市,smkt
20251411,ELEME,76W571375A,20005741295,优优熊24H超市(宝安店),广东省,深圳市,
20251411,ELEME,76W571376A,20005747447,NOW即享超市(武丰佳园店),湖北省,武汉市,
20251411,ELEME,76W571394A,20005786172,BC进口超市(望京万科店),北京市,北京市,
20251411,ELEME,76W571397A,20005791136,世纪生活超市(丰庄店),上海市,上海市,
20251411,ELEME,76W571406A,20005805156,惠邻百佳超市(怀柔店),北京市,北京市,
20251411,ELEME,76W571411A,20005809459,小熊购超市(石碣店),广东省,东莞市,
20251411,ELEME,76W571413A,20005814091,NOW即享超市(青年城店),湖北省,武汉市,
20251411,ELEME,76W571422A,20005825403,乐豆家(广南2462店),江西省,景德镇市,cvs
20251411,ELEME,76W571428A,20005831431,小熊购超市(南城店),广东省,东莞市,
20251411,ELEME,76W571431A,20005834178,乐购汪(中山北路店),上海市,上海市,
20251411,ELEME,76W571436A,20005837089,刻达鸭超市(北蔡店),上海市,上海市,
20251411,ELEME,76W571439A,20005839206,快捷购精品超市(济宁高新店),山东省,济宁市,
20251411,ELEME,76W571440A,20005841416,KKV(台州温岭万达广场店),浙江省,台州市,mmkt
20251411,ELEME,76W571446A,20005849407,拾惠客24h超市(花桥店),江苏省,苏州市,
20251411,ELEME,76W571447A,20005849419,厉臣便利店(海盐锦绣中心店),浙江省,嘉兴市,
20251411,ELEME,76W571475A,20005874137,盒马鲜生(苏州尹山湖歌林公园店),江苏省,苏州市,smkt
20251411,ELEME,76W571478A,20005877063,昔多购特价超市(丰城店),江西省,宜春市,
20251411,ELEME,76W571481A,20005877186,超宜选精品超市(乐清店),浙江省,温州市,
20251411,ELEME,76W571494A,20005887487,悠米极速超市(人民路店),云南省,昆明市,
20251411,ELEME,76W571496A,20005889107,超宜选精品超市(丽水店),浙江省,丽水市,
20251411,ELEME,76W571506A,20005896302,一刻快送超市(拱墅店),浙江省,杭州市,
20251411,ELEME,76W571519A,20005909387,团团生活超市(临沭店),山东省,临沂市,
20251411,ELEME,76W571522A,20005914108,新佳宜便利店(麓山公寓3002店),湖南省,长沙市,cvs
20251411,ELEME,76W571525A,20005915044,考拉优选(三明店),福建省,三明市,
20251411,ELEME,76W571535A,20005924371,团团生活超市(沂水店),山东省,临沂市,
20251411,ELEME,76W571540A,20005926373,团团生活超市(乳山店),山东省,威海市,
20251411,ELEME,76W571546A,20005931497,厦一单超市(财富中心店),陕西省,西安市,
20251411,ELEME,76W571552A,20005936215,零售兔超市(福鼎店),福建省,宁德市,
20251411,ELEME,76W571553A,20005938191,零购超市(真大路店),上海市,上海市,
20251411,ELEME,76W571562A,20005945125,中百罗森(阳逻香榭花都店),湖北省,武汉市,cvs
20251411,ELEME,76W571563A,20005945318,十足便利店(永康王南山店),浙江省,金华市,cvs
20251411,ELEME,76W571564A,20005946408,拾惠客24h超市(榆林神木店),陕西省,榆林市,
20251411,ELEME,76W571566A,20005948266,近距梨超市(启东店),江苏省,南通市,
20251411,ELEME,76W571578A,20005964260,树懒先生超市(大丰店),四川省,成都市,
20251411,ELEME,76W571583A,20005969234,罗森(济南诚基中心店),山东省,济南市,cvs
20251411,ELEME,76W571586A,20005973085,悠米极速超市(群贤广场店),陕西省,西安市,
20251411,ELEME,76W571594A,20005978066,汤姆猫咪·生活超市(海丰店),广东省,汕尾市,
20251411,ELEME,76W571611A,20006002225,易惠达超市(赵巷店),上海市,上海市,
20251411,ELEME,76W571615A,20006006028,拾惠客24H超市(辽源东丰店),吉林省,辽源市,
20251411,ELEME,76W571616A,20006006086,苏宁小店(红门路店),湖北省,荆州市,mmkt
20251411,ELEME,76W571618A,20006011030,拾惠客24H超市(白山浑江店),吉林省,白山市,
20251411,ELEME,76W571619A,20006011159,麦客联华超市(龙凤区店),黑龙江省,大庆市,
20251411,ELEME,76W571629A,20006030142,全好佳超市(红牌楼店),四川省,成都市,
20251411,ELEME,76W571631A,20006032056,世纪优品超市,云南省,保山市,
20251411,ELEME,76W571633A,20006034131,快时多超市(横店店),浙江省,金华市,
20251411,ELEME,76W571650A,20006058331,NOW即享超市(新天地店),湖北省,荆州市,
20251411,ELEME,76W571655A,20006061399,百世好邻超市(昆山店),江苏省,苏州市,
20251411,ELEME,76W571657A,20006065330,NOW即享超市(陶家岭店),湖北省,武汉市,
20251411,ELEME,76W571658A,20006066120,超宜选精品超市(温州店),浙江省,温州市,
20251411,ELEME,76W571661A,20006067171,零购超市(国贸店),山西省,太原市,
20251411,ELEME,76W571667A,20006075233,悠米极速超市(同德广场店),云南省,昆明市,
20251411,ELEME,76W571669A,20006078232,美佳购超市(民丰店),江苏省,无锡市,
20251411,ELEME,76W571681A,20006090286,NOW即享超市(硚口店),湖北省,武汉市,
20251411,ELEME,76W571687A,20006096238,万惠莱超市,山西省,太原市,
20251411,ELEME,76W571688A,20006111370,厉臣便利店(蚌山二中店),安徽省,蚌埠市,
20251411,ELEME,76W571703A,20006132050,好多购便利店(南浔店),浙江省,湖州市,
20251411,ELEME,76W571721A,20006157310,惠邻百佳超市(四平路店),上海市,上海市,
20251411,ELEME,76W571729A,20006172006,焕熊真选超市(德思勤店),湖南省,长沙市,
20251411,ELEME,76W571732A,20006173162,万家兴达超市(北碚店),重庆市,重庆市,
20251411,ELEME,76W571736A,20006185346,全好佳超市(古楼店),云南省,大理白族自治州,
20251411,ELEME,76W571743A,20006197086,NOW即享超市(江夏店),湖北省,武汉市,
20251411,ELEME,76W571744A,20006198024,NOW即享快送超市(东站店),湖北省,宜昌市,
20251411,ELEME,76W571747A,20006238011,鲸鱼嗨购超市(罗泾店),上海市,上海市,
20251411,ELEME,76W571754A,20006286219,沃缤纷超市(五堰店),湖北省,十堰市,
20251411,ELEME,76W571758A,20006296192,惠优达精品超市(周浦店),上海市,上海市,
20251411,ELEME,76W571769A,20006311325,海豚购(崇州店),四川省,成都市,
20251411,ELEME,76W571777A,20006341115,开心购精品超市(建邺店),江苏省,南京市,
20251411,ELEME,76W571779A,20006348124,千家顺(天台店),浙江省,台州市,
20251411,ELEME,76W571788A,20006384367,罗森(南京丝兰湖商业中心店),江苏省,南京市,cvs
20251411,ELEME,76W571807A,20006425012,惠邻百佳超市(广阳万达店),河北省,廊坊市,
20251411,ELEME,76W571811A,20006438085,美宜佳(天梨豪园鄂02923店),湖北省,武汉市,cvs
20251411,ELEME,76W571815A,20006459114,NOW即享超市(茅箭店),湖北省,十堰市,
20251411,ELEME,76W571820A,20006507037,网易严选·快送超市(紫金港店),浙江省,杭州市,
20251411,ELEME,76W571842A,20006718096,斯瑞购超市(白城店),吉林省,白城市,
20251411,ELEME,76W571845A,20006722017,快客达环球超市(嘉兴万达店),浙江省,嘉兴市,
20251411,ELEME,76W571852A,20006738285,麦格超市(大学城店),河北省,承德市,
20251411,ELEME,76W571853A,20006751002,麦芽田精品超市(津南店),天津市,天津市,
20251411,ELEME,76W571855A,20006772291,NOW即享超市(前屿店),福建省,福州市,
20251411,ELEME,76W571857A,20006790166,中商罗森(太和奥莱店),安徽省,阜阳市,cvs
20251411,ELEME,76W571859A,20006793160,快客达环球超市(无锡梅村店),江苏省,无锡市,
20251411,ELEME,76W571860A,20006795317,鲸选乐购超市(海宁店),浙江省,嘉兴市,
20251411,ELEME,76W571870A,20006954458,迪购超市(晋江一中店),福建省,泉州市,
20251411,ELEME,76W571878A,20006986245,宅捷送精品超市(新天地店),浙江省,杭州市,
20251411,ELEME,76W571883A,20007001218,哆啦爱购生活超市,浙江省,温州市,
20251411,ELEME,76W571885A,20007010117,千家顺·鲸选超市(阳江店),广东省,阳江市,
20251411,ELEME,76W571888A,20007038096,惠邻百佳超市(商都路店),河南省,郑州市,
20251411,ELEME,76W571890A,20007063235,十足便利店(杭州桂冠东方城店),浙江省,杭州市,cvs
20251411,ELEME,76W571898A,20007106203,拾惠客24h超市(无锡前洲中心路店),江苏省,无锡市,
20251411,ELEME,76W571917A,20007150320,好物仓储超市(瑶湖店),江西省,南昌市,
20251411,ELEME,76W571921A,20007157035,美宜佳(台西路粤36072店),广东省,江门市,cvs
20251411,ELEME,76W571924A,20007164041,快邻达超市(周口店),河南省,周口市,
20251411,ELEME,76W571931A,20007173066,拾惠客24H超市(锦州凌河店),辽宁省,锦州市,
20251411,ELEME,76W571951A,20007198216,永利生活超市(浑南店),辽宁省,沈阳市,
20251411,ELEME,76W571971A,20007241096,全佳临·优品速达超市(平阳店),浙江省,温州市,
20251411,ELEME,76W571976A,20007247103,有客邻里生活超市(相城店),江苏省,苏州市,
20251411,ELEME,76W571978A,20007247126,多多甄选便利超市(白云店),广东省,广州市,
20251411,ELEME,76W571980A,20007252024,NOW即享超市(石牌岭店),湖北省,武汉市,
20251411,ELEME,76W571981A,20007255048,含星便利店,黑龙江省,哈尔滨市,
20251411,ELEME,76W571987A,20007256389,惠邻百佳超市(建通街店),河北省,石家庄市,
20251411,ELEME,76W571989A,20007261176,拾惠客24H超市(晋中太谷店),山西省,晋中市,
20251411,ELEME,76W571990A,20007263142,好多购便利店(奉化店),浙江省,宁波市,
20251411,ELEME,76W571997A,20007277041,厉臣便利店(咸宁永安店),湖北省,咸宁市,
20251411,ELEME,76W571999A,20007280026,厉臣便利店(荆州公安店),湖北省,荆州市,
20251411,ELEME,76W572000A,20007282043,超盒算NB(临平荷花路店),浙江省,杭州市,smkt
20251411,ELEME,76W572006A,20007317353,唐久便利(咸阳丽彩潮流港店),陕西省,咸阳市,cvs
20251411,ELEME,76W572007A,20007321319,惠不二超市(华远好天地店),北京市,北京市,
20251411,ELEME,76W572012A,20007343113,佳品易购(门头沟店),北京市,北京市,
20251411,ELEME,76W572013A,20007345218,沃缤纷超市(黄石港店),湖北省,黄石市,
20251411,ELEME,76W572032A,20007366052,蜗崽送便利店(寮步店),广东省,东莞市,
20251411,ELEME,76W572041A,20007369454,鲸GO生活超市(中新店),广东省,广州市,
20251411,ELEME,76W572043A,20007371003,罗森(7386北仑春晓明月路店),浙江省,宁波市,cvs
20251411,ELEME,76W572044A,20007373071,拾惠客24H超市(温州泰顺店),浙江省,温州市,
20251411,ELEME,76W572047A,20007374451,鲸GO生活超市(揭东店),广东省,揭阳市,
20251411,ELEME,76W572055A,20007381315,惠邻百佳超市(李沧店),山东省,青岛市,
20251411,ELEME,76W572059A,20007384117,惠邻百佳超市(大明湖店),山东省,济南市,
20251411,ELEME,76W572060A,20007384207,罗森(6979杭州上峰电商产业园店),浙江省,杭州市,cvs
20251411,ELEME,76W572062A,20007387081,优沃森超市(瘦西湖店),江苏省,扬州市,
20251411,ELEME,76W572063A,20007387134,鲸选云仓·便利超市(宿州店),安徽省,宿州市,
20251411,ELEME,76W572069A,20007390082,飞鸽到家生活超市(宝安店),广东省,深圳市,
20251411,ELEME,76W572077A,20007392331,囤小满精品超市(镇江总店),江苏省,镇江市,
20251411,ELEME,76W572079A,20007394064,厉臣便利店(西塘店),浙江省,嘉兴市,
20251411,ELEME,76W572086A,20007400054,快购精品超市(西外店),四川省,达州市,
20251411,ELEME,76W572089A,20007401427,世纪优选超市(御桥店),上海市,上海市,
20251411,ELEME,76W572093A,20007404043,隋你购连锁超市(郑州店),河南省,郑州市,
20251411,ELEME,76W572097A,20007405444,宅可送生活超市(宁国中心店),安徽省,宣城市,
20251411,ELEME,76W572102A,20007426144,唐久便利(5150北关村店),山西省,晋中市,cvs
20251411,ELEME,76W572105A,20007428057,全好佳超市(苏州中心店),江苏省,苏州市,
20251411,ELEME,76W572112A,20007437035,星选兔超市(娄底店),湖南省,娄底市,
20251411,ELEME,76W572115A,20007442001,拾惠客24H超市(无锡东站店),江苏省,无锡市,
20251411,ELEME,76W572126A,20007479061,万惠莱生活超市(延庆店),北京市,北京市,
20251411,ELEME,76W572136A,20007485490,星选兔超市(景洪店),云南省,西双版纳傣族自治州,
20251411,ELEME,76W572139A,20007488488,美士多便利超市(星沙店),湖南省,长沙市,
20251411,ELEME,76W572142A,20007494185,批发熊精品超市(观沙岭店),湖南省,长沙市,
20251411,ELEME,76W572143A,20007494246,AEON永旺超市(苏州吴中店),江苏省,苏州市,hmkt
20251411,ELEME,76W572144A,20007494488,十足便利店(常州四院店),江苏省,常州市,cvs
20251411,ELEME,76W572151A,20007501425,悠百佳超市连锁,安徽省,安庆市,
20251411,ELEME,76W572155A,20007505395,罗森便利店(顺德清晖园店),广东省,佛山市,cvs
20251411,ELEME,76W572157A,20007509327,小仓生活(宝坻店),天津市,天津市,
20251411,ELEME,76W572165A,20007516476,常客隆(海虞新天地店),江苏省,苏州市,smkt
20251411,ELEME,76W572172A,20007525219,盒马鲜生(美兰湖金地店),上海市,上海市,smkt
20251411,ELEME,76W572178A,20007529082,NOW即享快送超市(高新店),河南省,郑州市,
20251411,ELEME,76W572186A,20007534462,拾惠客24H超市(渭南蒲城中央公馆店),陕西省,渭南市,
20251411,ELEME,76W572196A,20007541133,1+家超市(清河庭苑店),四川省,成都市,cvs
20251411,ELEME,76W572198A,20007543205,盛吉惠炫酷超市(江北曼斗店),云南省,西双版纳傣族自治州,
20251411,ELEME,76W572202A,20007548015,迪购超市(汕头万象城店),广东省,汕头市,
20251411,ELEME,76W572208A,20007552048,美宜佳(仕春村闽02942店),福建省,泉州市,cvs
20251411,ELEME,76W572213A,20007554399,拾惠客24H超市(三门峡万达广场店),河南省,三门峡市,
20251411,ELEME,76W572215A,20007558041,淘宝便利店(汉中店),陕西省,汉中市,
20251411,ELEME,76W572219A,20007559317,佳和星选超市(盐田店),广东省,深圳市,
20251411,ELEME,76W572238A,20007582029,放心品购(秋江花苑店),浙江省,嘉兴市,
20251411,ELEME,76W572249A,20007606053,拾客精品超市(九江店),江西省,九江市,
20251411,ELEME,76W572252A,20007613090,麦客联华超市(福山店),山东省,烟台市,
20251411,ELEME,76W572257A,20007624382,超宜选精品超市(龙岩店),福建省,龙岩市,
20251411,ELEME,76W572260A,20007629350,罗森便利店(黎安小镇店),福建省,厦门市,cvs
20251411,ELEME,76W572269A,20007644454,快时多超市(慈溪店),浙江省,宁波市,
20251411,ELEME,76W572271A,20007651439,千家顺·鲸选超市(漳浦店),福建省,漳州市,
20251411,ELEME,76W572274A,20007656029,快客达环球超市(万和中心店),四川省,成都市,
20251411,ELEME,76W572288A,20007693238,惠比熊超市(盘龙店),云南省,昆明市,
20251411,ELEME,76W572293A,20007705185,唯客生活超市(萧山店),浙江省,杭州市,
20251411,ELEME,76W572294A,20007705458,吉友超市(安吉店),浙江省,湖州市,
20251411,ELEME,76W572302A,20007732226,盛吉惠优选超市(叠石桥店),江苏省,南通市,
20251411,ELEME,76W572309A,20007740424,拾惠客24H超市(林甸鹤乡路店),黑龙江省,大庆市,
20251411,ELEME,76W572316A,20007752267,共橙24小时超市(大安大赉南街店),吉林省,白城市,
20251411,ELEME,76W572319A,20007757242,拾惠客24H超市(常熟碧溪镇店),江苏省,苏州市,
20251411,ELEME,76W572327A,20007772055,全佳临便利店,湖北省,武汉市,
20251411,ELEME,76W572331A,20007779310,拾惠客24H超市(如皋长江镇店),江苏省,南通市,
20251411,ELEME,76W572336A,20007793052,开心购生活超市(宁谷路店),江苏省,南京市,
20251411,ELEME,76W572337A,20007800453,迪购超市(美峰创谷店),福建省,厦门市,
20251411,ELEME,76W572338A,20007803186,快客达环球超市(新转塘店),浙江省,杭州市,
20251411,ELEME,76W572339A,20007805339,罗森(7384宁波气象路店),浙江省,宁波市,cvs
20251411,ELEME,76W572343A,20007814343,KKV(杭州紫荆龙湖天街店),浙江省,杭州市,mmkt
20251411,ELEME,76W572346A,20007817403,NOW即享快送超市(万达店),河南省,郑州市,
20251411,ELEME,76W572348A,20007820045,新佳宜便利店(华容城市广场3068店),湖南省,岳阳市,cvs
20251411,ELEME,76W572351A,20007829253,佳品易购(广安门店),北京市,北京市,
20251411,ELEME,76W572360A,20007847227,罗森(盱眙第二中学店),江苏省,淮安市,cvs
20251411,ELEME,76W572361A,20007848190,海后便利超市(观海国际店),辽宁省,葫芦岛市,
20251411,ELEME,76W572363A,20007852491,嘉急达超市(鹿城店),浙江省,温州市,
20251411,ELEME,76W572378A,20007880298,惠邻百佳超市(建国北路店),浙江省,杭州市,
20251411,ELEME,76W572384A,20007892192,NOW即享快送超市(省医店),河南省,郑州市,
20251411,ELEME,76W572395A,20007922147,NOW即享快送超市(吾悦店),湖北省,宜昌市,
20251411,ELEME,76W572398A,20007959364,厉臣便利店(丽水遂昌水阁店),浙江省,丽水市,
20251411,ELEME,76W572402A,20007967460,团团生活超市(曲阜店),山东省,济宁市,
20251411,ELEME,76W572409A,20007985273,繁花优选超市(观前街店),江苏省,苏州市,
20251411,ELEME,76W572410A,20007988241,厉臣便利店(宁波慈城镇店),浙江省,宁波市,
20251411,ELEME,76W572416A,20008009132,711便利店(淄博临淄方正2009南区店),山东省,淄博市,
20251411,ELEME,76W572417A,20008014461,快邻达超市(六安店),安徽省,六安市,
20251411,ELEME,76W572422A,20008028226,惠美优选超市(闵行店),上海市,上海市,
20251411,ELEME,76W572423A,20008033242,厦一单超市(上街店),福建省,福州市,
20251411,ELEME,76W572424A,20008034461,拾惠客24H超市(泰兴黄桥镇店),江苏省,泰州市,
20251411,ELEME,76W572426A,20008036406,佳品易购(定海园店),北京市,北京市,
20251411,ELEME,76W572430A,20008062139,惠买到家超市(状元里店),江苏省,盐城市,
20251411,ELEME,76W572433A,20008069195,盛吉惠优选超市(金坛店),江苏省,常州市,
20251411,ELEME,76W572436A,20008078022,拾惠客24H超市(桐乡崇福镇店),浙江省,嘉兴市,
20251411,ELEME,76W572439A,20008081232,幸福家园24H超市(世纪商贸城店),河北省,沧州市,
20251411,ELEME,76W572443A,20008099320,厉臣便利店(蚌埠山香路店),安徽省,蚌埠市,
20251411,ELEME,76W572444A,20008102180,罗森(5839台州仙居群贤府店),浙江省,台州市,cvs
20251411,ELEME,76W572448A,20008109466,爱家超市(诸暨大唐店),浙江省,绍兴市,
20251411,ELEME,76W572450A,20008112311,罗森(廊坊燕郊夏威夷蓝湾店),河北省,廊坊市,cvs
20251411,ELEME,76W572452A,20008113358,家乐选超市(大学城店),黑龙江省,哈尔滨市,
20251411,ELEME,76W572461A,20008138184,拾惠客24H超市(洮南光明北街店),吉林省,白城市,
20251411,ELEME,76W572462A,20008138212,吉友超市(晋江店),福建省,泉州市,
20251411,ELEME,76W572464A,20008150435,惠邻百佳超市(西安路店),辽宁省,大连市,
20251411,ELEME,76W572469A,20008160173,拾惠客24H超市(亳州仙翁路店),安徽省,亳州市,
20251411,ELEME,76W572475A,20008187379,拾惠客24h超市(金安区三十铺镇长江东路店),安徽省,六安市,
20251411,ELEME,76W572478A,20008197472,十足便利店(台州黄岩澄江店),浙江省,台州市,cvs
20251411,ELEME,76W572479A,20008198395,拾惠客24H超市(沙县长富南路店),福建省,三明市,
20251411,ELEME,76W572483A,20008210277,厉臣便利店(宁波石浦店),浙江省,宁波市,
20251411,ELEME,76W572488A,20008238043,拾惠客24H超市(屏南长汾东路店),福建省,宁德市,
20251411,ELEME,76W572490A,20008240196,迪购超市(漳州港2店),福建省,漳州市,
20251411,ELEME,76W572491A,20008244168,迪购超市(深圳桥头店),广东省,深圳市,
20251411,ELEME,76W572492A,20008244229,盒马鲜生(滁州吾悦广场店),安徽省,滁州市,
20251411,ELEME,76W572493A,20008246116,NOW即享超市(潜江店),湖北省,潜江市,
20251411,ELEME,76W572495A,20008264035,鲸GO生活超市(花都店),广东省,广州市,
20251411,ELEME,76W572496A,20008305406,盒马鲜生(徐州云龙万达店),江苏省,徐州市,
20251411,ELEME,76W572497A,20008316435,网易严选·快送超市(奥体店),浙江省,杭州市,
20251411,ELEME,76W572499A,20008399491,厉臣便利店(柘荣县仙屿路店),福建省,宁德市,
20251411,ELEME,76W572503A,20008412451,嘉急达超市(嘉兴南湖店),浙江省,嘉兴市,
20251411,ELEME,76W572504A,20008425294,优沃森超市(奥体中心店),山东省,济南市,
20251411,ELEME,76W572506A,20008428226,厉臣便利店(福清龙田店),福建省,福州市,
20251411,ELEME,76W572512A,20008446301,惠邻百佳超市(韩乐坊店),山东省,威海市,
20251411,ELEME,76W572514A,20008466092,厉臣便利店(宜春市上高店),江西省,宜春市,
20251411,ELEME,76W572515A,20008468097,麦客联华超市(莱山店),山东省,烟台市,
20251411,ELEME,76W572518A,20008481340,树懒先生超市(世纪城店),浙江省,宁波市,
20251411,ELEME,76W572519A,20008497353,超宜选精品超市(浮梁店),江西省,景德镇市,
20251411,ELEME,76W572520A,20008500355,迪购超市(澄海中心店),广东省,汕头市,
20251411,ELEME,76W572522A,20008516092,厉臣便利店(淮南潘集区店),安徽省,淮南市,
20251411,ELEME,76W572525A,20008551465,厉臣便利店(宿州双新路店),安徽省,宿州市,
20251411,ELEME,76W572526A,20008557428,厉臣便利店(尤溪解放路店),福建省,三明市,
20251411,ELEME,76W572530A,20008579236,天鹅飞购(东门店),四川省,成都市,
20251411,ELEME,76W572532A,20008579438,拾惠客24H超市(大连虹锦路店),辽宁省,大连市,
20251411,ELEME,76W572535A,20008585385,拾惠客24H超市(绥化中直北路店),黑龙江省,绥化市,
20251411,ELEME,76W572540A,20008595031,天鹅飞购(金科店),四川省,成都市,
20251411,ELEME,76W572542A,20008597336,新天地超市(绥化华府店),黑龙江省,绥化市,
20251411,ELEME,76W572545A,20008612081,厉臣便利店(衢州开化店),浙江省,衢州市,
20251411,ELEME,76W572547A,20008618210,壹购汇超市(湾仔店),广东省,珠海市,
20251411,ELEME,76W572551A,20008628136,厦一单超市(星火路店),陕西省,西安市,
20251411,ELEME,76W572552A,20008630083,快时多超市(南浔店),浙江省,湖州市,
20251411,ELEME,76W572555A,20008639347,美士多便利超市(东方红店),湖南省,长沙市,
20251411,ELEME,76W572557A,20008671006,拾惠客24H超市(哈尔滨解放大街店),黑龙江省,哈尔滨市,
20251411,ELEME,76W572558A,20008671242,拾惠客24H超市(九江共青城店),江西省,九江市,
20251411,ELEME,76W572560A,20008685349,厉臣便利店(闽侯县南通镇店),福建省,福州市,
20251411,ELEME,76W572561A,20008691124,拾惠客24H超市(咸宁大道店),湖北省,咸宁市,
20251411,ELEME,76W572564A,20008711038,沃玛希超市(海曙天街店),浙江省,宁波市,
20251411,ELEME,76W572567A,20008714005,拾惠客24H超市(随州迎宾大道店),湖北省,随州市,
20251411,ELEME,76W572570A,20008724083,拾惠客24H超市(福州闽侯店),福建省,福州市,
20251411,ELEME,76W572573A,20008760406,盒马鲜生(世茂广场店),四川省,成都市,smkt
20251411,ELEME,76W572577A,20008903188,厉臣便利店(蚌埠朝阳路店),安徽省,蚌埠市,
20251411,ELEME,76W573382A,1103573034,悦购生活超市(天虹店),福建省,厦门市,
20251411,ELEME,76W573439A,1107725076,惠美悠选超市(前滩店),上海市,上海市,
20251411,ELEME,76W573564A,1111028027,沃缤纷超市(江岸店),湖北省,武汉市,
20251411,ELEME,76W573587A,1111539484,华乐超市(川沙店),上海市,上海市,
20251411,ELEME,76W573590A,1111585287,超盒算NB(松江御上海店),上海市,上海市,mmkt
20251411,ELEME,76W573596A,1111720356,麦客联华超市(丰台店),北京市,北京市,
20251411,ELEME,76W573623A,1112472377,惠通优品超市(万象汇店),山东省,青岛市,
20251411,ELEME,76W573625A,1112746297,超前生鲜超市(柳城店),福建省,泉州市,
20251411,ELEME,76W573654A,1113135180,小仓精品超市(南坪店),重庆市,重庆市,
20251411,ELEME,76W573735A,20000332457,飞鸽到家生活超市(汉口店),湖北省,武汉市,
20251411,ELEME,76W573739A,20000355268,快客达环球超市(油坊桥店),江苏省,南京市,
20251411,ELEME,76W573751A,20000439373,好邻居超市(思明店),福建省,厦门市,
20251411,ELEME,76W574134A,20002794426,沃缤纷超市(东山店),湖北省,宜昌市,
20251411,ELEME,76W574156A,20002894290,昔多购超市(凯里店),贵州省,黔东南苗族侗族自治州,
20251411,ELEME,76W574166A,20002933326,沃缤纷超市(杨园南路店),湖北省,武汉市,
20251411,ELEME,76W574172A,20002962009,沃缤纷超市(后湖店),湖北省,武汉市,
20251411,ELEME,76W574191A,20003068297,棋茂鑫·便利超市(首南店),浙江省,宁波市,
20251411,ELEME,76W574192A,20003069280,棋茂鑫·精品超市(上城店),浙江省,杭州市,
20251411,ELEME,76W574221A,20003267319,隋你购连锁超市(博物馆店),河北省,石家庄市,
20251411,ELEME,76W574246A,20003409242,星马快送超市(航天大厦店),浙江省,杭州市,
20251411,ELEME,76W574256A,20003468250,仓鼠便利超市(大沥店),广东省,佛山市,
20251411,ELEME,76W574284A,20003645039,京东便利店(舒也时代广场店),上海市,上海市,
20251411,ELEME,76W574345A,20004118273,京东便利店(陈埭店),福建省,泉州市,
20251411,ELEME,76W574377A,20004258420,易惠达超市(七宝店),上海市,上海市,
20251411,ELEME,76W574410A,20004376441,京东便利店(东大街店),河南省,郑州市,
20251411,ELEME,76W574468A,20004701417,术木优选超市(国宾府店),贵州省,贵阳市,
20251411,ELEME,76W574536A,20005233252,京东便利店(延吉中心店),吉林省,延边朝鲜族自治州,
20251411,ELEME,76W574574A,20005298448,超盒算NB(静安沪太店),上海市,上海市,mmkt
20251411,ELEME,76W574602A,20005368177,京东便利店(应天门店),河南省,洛阳市,
20251411,ELEME,76W574606A,20005387192,乐购汪超市(奉贤中心店),上海市,上海市,
20251411,ELEME,76W574633A,20005477478,树懒先生超市(渝北店),重庆市,重庆市,
20251411,ELEME,76W574641A,20005490023,京东便利店(庐阳店),安徽省,合肥市,
20251411,ELEME,76W574646A,20005518049,小饿生活全能超市(邢台店),河北省,邢台市,
20251411,ELEME,76W574663A,20005631208,京东便利店(余姚新城市店),浙江省,宁波市,
20251411,ELEME,76W574664A,20005631210,京东便利店(光谷大道店),湖北省,武汉市,
20251411,ELEME,76W574671A,20005668228,京东便利店(莲湖店),陕西省,西安市,
20251411,ELEME,76W574689A,20005771339,快时多超市(观山湖店),贵州省,贵阳市,
20251411,ELEME,76W574707A,20005838449,京东便利店(临泉店),安徽省,阜阳市,
20251411,ELEME,76W574708A,20005842496,沃玛希便利店(双东坊店),浙江省,宁波市,
20251411,ELEME,76W574712A,20005868281,京东便利店(空港店),天津市,天津市,
20251411,ELEME,76W574731A,20005958060,JustFresh捷德鲜超市(浦东中心店),上海市,上海市,
20251411,ELEME,76W574738A,20006010064,沃玛希超市(永康万达店),浙江省,金华市,
20251411,ELEME,76W574742A,20006051251,快时多超市(宁海店),浙江省,宁波市,
20251411,ELEME,76W574748A,20006079330,京东便利店(河西中心店),天津市,天津市,
20251411,ELEME,76W574754A,20006092358,榛好物超市(江岸店),湖北省,武汉市,
20251411,ELEME,76W574759A,20006133284,熊猫购(蒙城店),安徽省,亳州市,
20251411,ELEME,76W574774A,20006329235,聚尚淘便捷超市(五里店),重庆市,重庆市,
20251411,ELEME,76W574780A,20006419060,京东便利店(中南店),江苏省,盐城市,
20251411,ELEME,76W574789A,20006464444,京东便利店(新都店),四川省,成都市,
20251411,ELEME,76W574791A,20006469237,时代优选超市(文涵店),上海市,上海市,
20251411,ELEME,76W574808A,20007170386,京东便利店(石芽岭店),广东省,深圳市,
20251411,ELEME,76W574839A,20007348158,世纪华联品乐超市(金桥店),上海市,上海市,
20251411,ELEME,76W574843A,20007366103,惠邻百佳超市(小寨店),陕西省,西安市,
20251411,ELEME,76W574856A,20007385006,乐购汪生活超市(高新区店),江苏省,苏州市,
20251411,ELEME,76W574863A,20007390180,闪电猫生活超市(莘庄店),上海市,上海市,
20251411,ELEME,76W574865A,20007392314,海豚购(滁州店),安徽省,滁州市,
20251411,ELEME,76W574867A,20007404472,青屿便利超市(钱隆首府店),广西壮族自治区,南宁市,
20251411,ELEME,76W574875A,20007483159,惠吉送24h超市(唐镇店),上海市,上海市,
20251411,ELEME,76W574882A,20007504022,京东便利店(荔湾店),广东省,广州市,
20251411,ELEME,76W574891A,20007516452,多米快送超市(龙城店),广东省,深圳市,
20251411,ELEME,76W574907A,20007541075,超宜选精品超市(衢州店),浙江省,衢州市,
20251411,ELEME,76W574910A,20007548019,家运超市(天心店),湖南省,长沙市,
20251411,ELEME,76W574912A,20007553015,家运超市(岳麓店),湖南省,长沙市,
20251411,ELEME,76W574914A,20007555024,家运超市(雨花店),湖南省,长沙市,
20251411,ELEME,76W574918A,20007561023,超宜选精品超市(金华店),浙江省,金华市,
20251411,ELEME,76W574927A,20007574420,即时购生活超市(太平桥店),黑龙江省,哈尔滨市,
20251411,ELEME,76W574931A,20007586125,考拉易购生活超市(罗湖店),广东省,深圳市,
20251411,ELEME,76W574932A,20007591021,惠美佳超市(镇江新区店),江苏省,镇江市,
20251411,ELEME,76W574954A,20007651338,斑马生活特价超市(阿里店),浙江省,杭州市,
20251411,ELEME,76W574963A,20007704344,超然速达便利店,黑龙江省,绥化市,
20251411,ELEME,76W574983A,20007778448,斑马生活超市(林和东店),广东省,广州市,
20251411,ELEME,76W574989A,20007796279,有客邻里生活超市(武进店),江苏省,常州市,
20251411,ELEME,76W574996A,20007824062,京东便利店(璧山店),重庆市,重庆市,
20251411,ELEME,76W575004A,20007853181,京东便利店(黑龙江绥化店),黑龙江省,绥化市,
20251411,ELEME,76W575005A,20007868340,天天到家超市(胶州店),山东省,青岛市,
20251411,ELEME,76W575012A,20007891465,京东便利店(财富广场店),福建省,宁德市,
20251411,ELEME,76W575014A,20007895076,嘉急达超市(龙湾店),浙江省,温州市,
20251411,ELEME,76W575027A,20007951277,NOW即享超市(保广店),河北省,保定市,
20251411,ELEME,76W575051A,20008067321,星选兔超市(信阳店),河南省,信阳市,
20251411,ELEME,76W575053A,20008073165,永利生活超市(锦州店),辽宁省,锦州市,
20251411,ELEME,76W575065A,20008095367,华欣超市(春熙路店),四川省,成都市,
20251411,ELEME,76W575067A,20008102315,京东便利店(凯旋路店),浙江省,杭州市,
20251411,ELEME,76W575080A,20008144042,1+精品超市(慈云寺店),北京市,北京市,
20251411,ELEME,76W575081A,20008145035,1+精品超市(东城店),北京市,北京市,
20251411,ELEME,76W575093A,20008158429,公里购·精品超市(哈西店),黑龙江省,哈尔滨市,
20251411,ELEME,76W575100A,20008168499,沃缤纷超市(樊西店),湖北省,襄阳市,
20251411,ELEME,76W575101A,20008172198,拾客精品超市(南艳湖店),安徽省,合肥市,
20251411,ELEME,76W575104A,20008181396,京东便利店(四新店),湖北省,武汉市,
20251411,ELEME,76W575107A,20008183246,NOW即享超市(东西湖店),湖北省,武汉市,
20251411,ELEME,76W575108A,20008184145,京东便利店(靖江新城店),江苏省,泰州市,
20251411,ELEME,76W575116A,20008193234,小飞象超市(宝石店),广东省,深圳市,
20251411,ELEME,76W575128A,20008223103,世纪生活超市(松江店),上海市,上海市,
20251411,ELEME,76W575144A,20008300443,京东便利店(巢湖店),安徽省,合肥市,
20251411,ELEME,76W575146A,20008319448,京东便利店(大学城店),天津市,天津市,
20251411,ELEME,76W575148A,20008331245,惠邻百佳超市(红旗街店),吉林省,长春市,
20251411,ELEME,76W575149A,20008341065,拾客精品超市(高新店),安徽省,合肥市,
20251411,ELEME,76W575150A,20008343021,拾客精品超市(新站店),安徽省,合肥市,
20251411,ELEME,76W575156A,20008396461,京东便利店(浦口店),江苏省,南京市,
20251411,ELEME,76W575157A,20008409381,快客达超市(天府新区店),四川省,成都市,
20251411,ELEME,76W575163A,20008430208,闪电购精品超市(福州仓山店),福建省,福州市,
20251411,ELEME,76W575164A,20008433437,京东便利店(转塘中心店),浙江省,杭州市,
20251411,ELEME,76W575166A,20008437426,口袋便利店,黑龙江省,哈尔滨市,
20251411,ELEME,76W575174A,20008463027,京东便利店(青洋花苑店),江苏省,常州市,
20251411,ELEME,76W575176A,20008467063,京东便利店(福安店),福建省,宁德市,
20251411,ELEME,76W575187A,20008520211,NOW即享超市(北大街店),山西省,太原市,
20251411,ELEME,76W575198A,20008586295,惠宜选超市(苍南店),浙江省,温州市,
20251411,ELEME,76W575207A,20008602235,鲸鱼嗨购超市(汇源路店),上海市,上海市,
20251411,ELEME,76W575214A,20008610237,星马快送超市(奉化店),浙江省,宁波市,
20251411,ELEME,76W575217A,20008613484,优沃森超市(胜浦店),江苏省,苏州市,
20251411,ELEME,76W575220A,20008620077,世纪华联品乐超市(徐家汇店),上海市,上海市,
20251411,ELEME,76W575227A,20008632201,龙腾超市,北京市,北京市,
20251411,ELEME,76W575229A,20008635376,京东便利店(湘浙店),湖南省,长沙市,
20251411,ELEME,76W575230A,20008636496,超盒算NB(工业园万科美好广场店),江苏省,苏州市,mmkt
20251411,ELEME,76W575235A,20008642047,京东便利店(周口中心店),河南省,周口市,
20251411,ELEME,76W575239A,20008661455,趟姆猫精品超市(苍南店),浙江省,温州市,
20251411,ELEME,76W575244A,20008677040,京东便利店(奥莱店),湖南省,长沙市,
20251411,ELEME,76W575267A,20008696011,美士多便利超市(月亮岛店),湖南省,长沙市,
20251411,ELEME,76W575269A,20008697412,厉臣便利店(闽清解放大街店),福建省,福州市,
20251411,ELEME,76W575270A,20008699009,美士多便利超市(咸宁店),湖北省,咸宁市,
20251411,ELEME,76W575271A,20008699190,乐小二·连锁超市(扬州店),江苏省,扬州市,
20251411,ELEME,76W575275A,20008706335,永利生活超市(中山店),辽宁省,大连市,
20251411,ELEME,76W575280A,20008711447,星选兔超市(清远店),广东省,清远市,
20251411,ELEME,76W575286A,20008715409,全够优品(宜兴阜店),天津市,天津市,
20251411,ELEME,76W575287A,20008715415,榛好物超市(良渚店),浙江省,杭州市,
20251411,ELEME,76W575290A,20008717143,超级购生活超市(合肥店),安徽省,合肥市,
20251411,ELEME,76W575297A,20008724222,全够优品(宁园店),天津市,天津市,
20251411,ELEME,76W575300A,20008726047,永利生活超市(营口店),辽宁省,营口市,
20251411,ELEME,76W575301A,20008726422,兴勤超市(鑫月广场店),广东省,惠州市,
20251411,ELEME,76W575303A,20008729059,永利生活超市(大东店),辽宁省,沈阳市,
20251411,ELEME,76W575306A,20008730162,全够优品(天拖店),天津市,天津市,
20251411,ELEME,76W575311A,20008749205,快乐购便利超市(晋安店),福建省,福州市,
20251411,ELEME,76W575313A,20008750221,京东便利店(徐州中心店),江苏省,徐州市,
20251411,ELEME,76W575314A,20008750238,京东便利店(新街口店),北京市,北京市,
20251411,ELEME,76W575321A,20008755307,京东便利店(融创店),山东省,济南市,
20251411,ELEME,76W575323A,20008758288,猫猫快送超市(睢阳中心店),河南省,商丘市,
20251411,ELEME,76W575324A,20008761373,惠邻百佳超市(大悦城店),浙江省,杭州市,
20251411,ELEME,76W575326A,20008767155,众吉生活超市,吉林省,通化市,
20251411,ELEME,76W575330A,20008772006,京东便利店(徐州店),江苏省,徐州市,
20251411,ELEME,76W575345A,20008796235,快时多超市(东阳店),浙江省,金华市,
20251411,ELEME,76W575351A,20008820500,京东便利店(文登店),山东省,威海市,
20251411,ELEME,76W575356A,20008855229,越惠淘超市(佛山店),广东省,佛山市,
20251411,ELEME,76W575357A,20008855434,拾惠客24H超市(临海杜桥镇店),浙江省,台州市,
20251411,ELEME,76W575359A,20008858371,猫猫快送超市(南岸中心店),重庆市,重庆市,
20251411,ELEME,76W575360A,20008860450,超宜选精品超市(赣州店),江西省,赣州市,
20251411,ELEME,76W575361A,20008861098,京东便利店(开发区店),江苏省,南通市,
20251411,ELEME,76W575365A,20008882292,拾惠客24h超市(湖州港南路店),浙江省,湖州市,
20251411,ELEME,76W575367A,20008884281,京东便利店(无锡梁溪店),江苏省,无锡市,
20251411,ELEME,76W575370A,20008897428,倍惠购超市(葫芦商贸城店),云南省,玉溪市,
20251411,ELEME,76W575371A,20008908125,京东便利店(南安梅亭店),福建省,泉州市,
20251411,ELEME,76W575374A,20008909084,新惠百货超市(北滘店),广东省,佛山市,
20251411,ELEME,76W575381A,20008937166,欢临精品超市(滁州世贸店),安徽省,滁州市,
20251411,ELEME,76W575387A,20008940432,快赣特价超市(江桥店),上海市,上海市,
20251411,ELEME,76W575391A,20008954097,云客岛甄选超市(海丰店),广东省,汕尾市,
20251411,ELEME,76W575400A,20009088383,京东便利店(湛江店),广东省,湛江市,
20251411,ELEME,76W575401A,20009090460,快买快乐·生活超市(曹路店),上海市,上海市,
20251411,ELEME,76W575406A,20009096397,京东便利店(阎良店),陕西省,西安市,
20251411,ELEME,76W575407A,20009124289,快赣特价超市(川沙店),上海市,上海市,
20251411,ELEME,76W575408A,20009202302,全够优品(广开店),天津市,天津市,
20251411,ELEME,76W575410A,20009203325,快赣特价超市(麒麟店),江苏省,南京市,
20251411,ELEME,76W575411A,20009207153,网易严选·快送超市(保山店),云南省,保山市,
20251411,ELEME,76W575412A,20009210187,拾惠客24H超市(延安中心街店),陕西省,延安市,
20251411,ELEME,76W575415A,20009215126,超宜选精品超市(翔安店),福建省,厦门市,
20251411,ELEME,76W575417A,20009219227,快赣特价超市(瑶海店),安徽省,合肥市,
20251411,ELEME,76W575418A,20009220399,京东便利店(佳木斯店),黑龙江省,佳木斯市,
20251411,ELEME,76W575419A,20009221329,宅捷送精品超市(萧山银泰店),浙江省,杭州市,
20251411,ELEME,76W575421A,20009227102,榛好物超市(富阳店),浙江省,杭州市,
20251411,ELEME,76W575425A,20009237125,快赣特价超市(田林店),上海市,上海市,
20251411,ELEME,76W575429A,20009250025,快赣特价超市(莘庄店),上海市,上海市,
20251411,ELEME,76W575430A,20009251070,京东便利店(萧山总店),浙江省,杭州市,
20251411,ELEME,76W575431A,20009270026,超宜选精品超市(铜陵店),安徽省,铜陵市,
20251411,ELEME,76W575438A,20009291351,焕熊真选超市(黄兴广场店),湖南省,长沙市,
20251411,ELEME,76W575443A,20009310164,万客华联超市(岳阳店),湖南省,岳阳市,
20251411,ELEME,76W575445A,20009314382,世纪优品百货超市(梁溪店),江苏省,无锡市,
20251411,ELEME,76W575449A,20009326466,HAKY超市(青秀店),广西壮族自治区,南宁市,
20251411,ELEME,76W575451A,20009335392,惠邻百佳超市(硚口店),湖北省,武汉市,
20251411,ELEME,76W575455A,20009347283,京东便利店(淮北店),安徽省,淮北市,
20251411,ELEME,76W575456A,20009355498,快送侠超市(9号仓店),山东省,青岛市,
20251411,ELEME,76W575457A,20009356369,京东便利店(城市中心店),安徽省,阜阳市,
20251411,ELEME,76W575459A,20009400004,鲸鱼嗨购超市(华新店),上海市,上海市,
20251411,ELEME,76W575461A,20009460316,放心品购超市(老佛爷店),浙江省,嘉兴市,
20251411,ELEME,76W575463A,20009464083,拾客精品超市(温州景山店),浙江省,温州市,
20251411,ELEME,76W575465A,20009471128,超宜选精品超市(浏阳店),湖南省,长沙市,
20251411,ELEME,76W575466A,20009473281,京东便利店(南京江北店),江苏省,南京市,
20251411,ELEME,76W575473A,20009490072,满佳喜超市(金坛店),江苏省,常州市,
20251411,ELEME,76W575475A,20009490163,大于臻选超市(濮院店),浙江省,嘉兴市,
20251411,ELEME,76W575476A,20009491397,京东便利店(随州店),湖北省,随州市,
20251411,ELEME,76W575479A,20009494365,京东便利店(六安店),安徽省,六安市,
20251411,ELEME,76W575484A,20009504020,左右邻居24h超市(荟城路店),山东省,青岛市,
20251411,ELEME,76W575485A,20009504240,迪购超市(罗源店),福建省,福州市,
20251411,ELEME,76W575488A,20009508456,惠美悠选超市(奉贤店),上海市,上海市,
20251411,ELEME,76W575491A,20009510067,拾客精品超市(青云谱店),江西省,南昌市,
20251411,ELEME,76W575493A,20009512010,拾客精品超市(滨湖店),安徽省,合肥市,
20251411,ELEME,76W575494A,20009532210,拾惠客24H超市(佳木斯红旗街店),黑龙江省,佳木斯市,
20251411,ELEME,76W575495A,20009617077,星选兔超市(新能源店),福建省,宁德市,
20251411,ELEME,76W575505A,20009642146,拾惠客24H超市(黄冈明珠大道店),湖北省,黄冈市,
20251411,ELEME,76W575514A,20009658029,畅淘集市精品超市(奥体店),江苏省,南京市,
20251411,ELEME,76W575516A,20009660018,沃缤纷超市(漳河店),湖北省,荆门市,
20251411,ELEME,76W575524A,20009697172,哈士购超市(会展店),黑龙江省,哈尔滨市,
20251411,ELEME,76W575527A,20009726298,世纪优品超市(古城店),云南省,大理白族自治州,
20251411,ELEME,76W575528A,20009726371,世纪优品超市(盛泽店),江苏省,苏州市,
20251411,ELEME,76W575532A,20009738030,拾惠客24H超市(贵溪雄石路店),江西省,鹰潭市,
20251411,ELEME,76W575533A,20009738055,京东便利店(京商商贸城店),安徽省,合肥市,
20251411,ELEME,76W575538A,20009742233,京东便利店(建邺店),江苏省,南京市,
20251411,ELEME,76W575542A,20009759003,艾易购超市(天津大学店),天津市,天津市,
20251411,ELEME,76W575544A,20009761045,比优特超市(长春上海路店),吉林省,长春市,
20251411,ELEME,76W575546A,20009765430,海豚东东便利店(万达茂店),江苏省,南京市,
20251411,ELEME,76W575561A,20009813307,优沃森超市(尹山湖店),江苏省,苏州市,
20251411,ELEME,76W575565A,20009825304,京东便利店(鄞州臻品店),浙江省,宁波市,
20251411,ELEME,76W575569A,20009866253,乐乐精品超市(大成路店),北京市,北京市,
20251411,ELEME,76W575571A,20009869119,永利生活超市(四平店),吉林省,四平市,
20251411,ELEME,76W575575A,20009873160,惠邻百佳超市(未来石店),河北省,保定市,
20251411,ELEME,76W575577A,20009876247,永利生活超市(西安路店),辽宁省,大连市,
20251411,ELEME,76W575579A,20009884222,惠邻百佳超市(长安公园店),河北省,石家庄市,
20251411,ELEME,76W575580A,20009884495,沃玛希超市(金华店),浙江省,金华市,
20251411,ELEME,76W575589A,20009896205,沃玛希超市(杭州湾店),浙江省,宁波市,
20251411,ELEME,76W575596A,20009910058,榛好物超市(九堡店),浙江省,杭州市,
20251411,ELEME,76W575603A,20009927489,沃玛希超店(临城店),浙江省,舟山市,
20251411,ELEME,76W575607A,20009945477,京选便利超市(三月街店),云南省,大理白族自治州,
20251411,ELEME,76W575609A,20010016334,沃玛希超店(姜山店),浙江省,宁波市,
20251411,ELEME,76W575613A,20010025243,京东便利店(三元店),福建省,三明市,
20251411,ELEME,76W575614A,20010029027,超宜选精品超市(大理店),云南省,大理白族自治州,
20251411,ELEME,76W575616A,20010031457,沃玛希超市(路桥店),浙江省,台州市,
20251411,ELEME,76W575620A,20010034229,沃玛希超店(衢州店),浙江省,衢州市,
20251411,ELEME,76W575621A,20010034357,盒马鲜生(东莞海德汇一城店),广东省,东莞市,
20251411,ELEME,76W575625A,20010041412,树懒先生超市(菏泽店),山东省,菏泽市,
20251411,ELEME,76W575627A,20010048235,迪购超市(中山街店),福建省,厦门市,
20251411,ELEME,76W575632A,20010060052,拾惠客24H超市(象富广场店),江苏省,淮安市,
20251411,ELEME,76W575635A,20010064136,嘟有便利店,江苏省,无锡市,
20251411,ELEME,76W575656A,20010287383,昔多购超市(福州店),福建省,福州市,
20251411,ELEME,76W575657A,20010289393,尚诚购超市(江油店),四川省,绵阳市,
20251411,ELEME,76W575664A,20010307491,惠美悠选超市(海洲店),江苏省,连云港市,
20251411,ELEME,76W575668A,20010319218,盒马鲜生(苏州印象城店),江苏省,苏州市,smkt
20251411,ELEME,76W575671A,20010322344,京东便利店(定海中心店),浙江省,舟山市,
20251411,ELEME,76W575675A,20010326341,优沃森超市(唯亭店),江苏省,苏州市,
20251411,ELEME,76W575683A,20010370327,京东便利店(牡丹江店),黑龙江省,牡丹江市,
20251411,ELEME,76W575690A,20010376028,优沃森超市(黄埭店),江苏省,苏州市,
20251411,ELEME,76W575691A,20010378168,比优特超市(七台河店),黑龙江省,七台河市,
20251411,ELEME,76W575694A,20010408158,世纪精品超市(美兰湖店),上海市,上海市,
20251411,ELEME,76W575697A,20010424281,畅淘集市精品超市(金箔路店),江苏省,南京市,
20251411,ELEME,76W575698A,20010430376,京东便利店(舟山普陀店),浙江省,舟山市,
20251411,ELEME,76W575699A,20010431306,沃玛希超市(鄞州中心店),浙江省,宁波市,
20251411,ELEME,76W575700A,20010435445,惠邻百佳超市(北七家店),北京市,北京市,
20251411,ELEME,76W575704A,20010439469,雅斯超市(应城全州盛世城店),湖北省,孝感市,
20251411,ELEME,76W575708A,20010443084,京东便利店(鸡西店),黑龙江省,鸡西市,
20251411,ELEME,76W575712A,20010447370,公里购·精品超市(德清店),浙江省,湖州市,
20251411,ELEME,76W575716A,20010458046,惠美悠选超市(南通店),江苏省,南通市,
20251411,ELEME,76W575718A,20010462307,沃玛希超市(联丰店),浙江省,宁波市,
20251411,ELEME,76W575721A,20010468341,京东便利店超市(金普新区店),辽宁省,大连市,
20251411,ELEME,76W575722A,20010472023,世纪华联超市(南京西路店),江西省,南昌市,
20251411,ELEME,76W575726A,20010477169,京东便利店(仙游店),福建省,莆田市,
20251411,ELEME,76W575728A,20010478385,沃玛希超市(百丈店),浙江省,宁波市,
20251411,ELEME,76W575730A,20010541058,珍惠达超市(温州店),浙江省,温州市,
20251411,ELEME,76W575731A,20010541064,京东便利店(宿州店),安徽省,宿州市,
20251411,ELEME,76W575732A,20010541346,惠邻百佳超市(空港店),天津市,天津市,
20251411,ELEME,76W575737A,20010548463,汇购兔超市(芝罘区店),山东省,烟台市,
20251411,ELEME,76W575739A,20010550087,沃玛希超市(东部店),浙江省,宁波市,
20251411,ELEME,76W575741A,20010552378,京东便利店(盐步店),广东省,佛山市,
20251411,ELEME,76W575744A,20010558278,特零生活超市(大亚湾店),广东省,惠州市,
20251411,ELEME,76W575745A,20010558301,速卖熊超市(同德店),云南省,昆明市,
20251411,ELEME,76W575749A,20010560054,惠邻百佳超市(房山良乡店),北京市,北京市,
20251411,ELEME,76W575751A,20010561434,惠比熊超市(青山店),湖北省,武汉市,
20251411,ELEME,76W575752A,20010562209,沃玛希精品超市(江北店),浙江省,宁波市,
20251411,ELEME,76W575759A,20010568177,沃玛希超市(海曙店),浙江省,宁波市,
20251411,ELEME,76W575764A,20010574182,惠美悠选超市(奉贤中心店),上海市,上海市,
20251411,ELEME,76W575773A,20010578182,京东便利店(北湖店),广西壮族自治区,南宁市,
20251411,ELEME,76W575779A,20010583204,惠邻百佳超市(黄村店),北京市,北京市,
20251411,ELEME,76W575780A,20010584230,惠邻百佳超市(西红门店),北京市,北京市,
20251411,ELEME,76W575784A,20010595116,沃玛希超市(镇海新城店),浙江省,宁波市,
20251411,ELEME,76W575788A,20010603105,昔多购超市(鹰潭店),江西省,鹰潭市,
20251411,ELEME,76W575794A,20010607348,惠元超市(豆各庄店),北京市,北京市,
20251411,ELEME,76W575796A,20010607493,京东便利店(东港店),辽宁省,丹东市,
20251411,ELEME,76W575797A,20010608196,京东便利店(吴中石湖店),江苏省,苏州市,
20251411,ELEME,76W575801A,20010614298,京东便利店(绿地468店),四川省,成都市,
20251411,ELEME,76W575810A,20010630468,迪购超市(闽侯店),福建省,福州市,
20251411,ELEME,76W575816A,20010668404,乐乐精品超市(宣武门店),北京市,北京市,
20251411,ELEME,76W575818A,20010668489,拾惠客24h超市(福鼎天湖路店),福建省,宁德市,
20251411,ELEME,76W575819A,20010669233,拾惠客24h超市(南京爱陵路店),江苏省,南京市,
20251411,ELEME,76W575823A,20010671443,迪购超市(淮安店),江苏省,淮安市,
20251411,ELEME,76W575828A,20010709375,厉臣便利店(响水黄海路店),江苏省,盐城市,
20251411,ELEME,76W575834A,20010743454,拾惠客24h超市(南京珠泉西路店),江苏省,南京市,
20251411,ELEME,76W575838A,20010747205,迪购超市(东山铜陵店),福建省,漳州市,
20251411,ELEME,76W575839A,20010747476,惠邻百佳超市(紫庐店),安徽省,合肥市,
20251411,ELEME,76W575841A,20010748172,京东便利店(桐柏路店),河南省,郑州市,
20251411,ELEME,76W575843A,20010749161,惠邻百佳超市(崂山店),山东省,青岛市,
20251411,ELEME,76W575846A,20010750475,飞愉即送超市(产业园店),安徽省,合肥市,
20251411,ELEME,76W575847A,20010751135,世纪优品超市(川沙店),上海市,上海市,
20251411,ELEME,76W575851A,20010754201,惠宜选超市(花港幸福城店),江苏省,南京市,
20251411,ELEME,76W575852A,20010755119,宝利·精选超市(万国公馆店),辽宁省,大连市,
20251411,ELEME,76W575854A,20010756067,京东便利店(朝阳店),辽宁省,朝阳市,
20251411,ELEME,76W575857A,20010759366,百联多超市(马家堡店),北京市,北京市,
20251411,ELEME,76W575860A,20010763274,拾惠客24h超市(阜阳太和大道店),安徽省,阜阳市,
20251411,ELEME,76W575862A,20010763306,永相逢(城北店),福建省,泉州市,
20251411,ELEME,76W575865A,20010764277,百联多超市(安贞桥店),北京市,北京市,
20251411,ELEME,76W575866A,20010766352,拾惠客24h超市(宁化中环南路店),福建省,三明市,
20251411,ELEME,76W575867A,20010768402,盒马鲜生(PAC购物中心店),上海市,上海市,smkt
20251411,ELEME,76W575877A,20010783090,1+精品超市(顺义店),北京市,北京市,
20251411,ELEME,76W575878A,20010784224,圆淘生活超市(江宁店),江苏省,南京市,
20251411,ELEME,76W575879A,20010787494,树懒先生超市(常德店),湖南省,常德市,
20251411,ELEME,76W575882A,20010795357,树懒先生超市(亳州谯城店),安徽省,亳州市,
20251411,ELEME,76W575884A,20010797404,树懒先生超市(南外店),四川省,达州市,
20251411,ELEME,76W575885A,20010805216,树懒先生超市(龙泉驿店),四川省,成都市,
20251411,ELEME,76W575888A,20010814175,惠多多超市,辽宁省,大连市,
20251411,ELEME,76W575889A,20010814330,乐小二生活超市(如皋中心店),江苏省,南通市,
20251411,ELEME,76W575891A,20010817436,仓鼠宜佳超市(厚街店),广东省,东莞市,
20251411,ELEME,76W575893A,20010826415,超宜选精品超市(湘潭店),湖南省,湘潭市,
20251411,ELEME,76W575894A,20010830044,惠邻百佳超市(三牌楼店),江苏省,南京市,
20251411,ELEME,76W575897A,20010831216,京东便利店(镇海店),浙江省,宁波市,
20251411,ELEME,76W575899A,20010833070,树懒先生超市(铜梁店),重庆市,重庆市,
20251411,ELEME,76W575901A,20010835006,树懒先生超市(青白江店),四川省,成都市,
20251411,ELEME,76W575903A,20010839164,佑哒超市(藏龙岛店),湖北省,武汉市,
20251411,ELEME,76W575905A,20010840228,拾惠客24h超市(南平人民西路店),福建省,南平市,
20251411,ELEME,76W575907A,20010848147,金色四季超市,福建省,泉州市,
20251411,ELEME,76W575915A,20010860463,沃玛希超市(定海店),浙江省,舟山市,
20251411,ELEME,76W575916A,20010862186,臻惠选便利店(盐城店),江苏省,盐城市,
20251411,ELEME,76W575919A,20010868093,快邻达超市(南阳店),河南省,南阳市,
20251411,ELEME,76W575920A,20010872173,小二到家·生活超市(胶州店),山东省,青岛市,
20251411,ELEME,76W575924A,20010882258,京东便利店(永川店),重庆市,重庆市,
20251411,ELEME,76W575928A,20010885283,沃玛希超市(衢州吾悦店),浙江省,衢州市,
20251411,ELEME,76W575930A,20010888146,佑哒超市(汉阳总店),湖北省,武汉市,
20251411,ELEME,76W575931A,20010888210,拾惠客24h超市(丽水绿谷大道店),浙江省,丽水市,
20251411,ELEME,76W575935A,20010893121,拾惠客24H超市(常州金坛鑫盛大道店),江苏省,常州市,
20251411,ELEME,76W575938A,20010896195,百联多超市(荣业大街店),天津市,天津市,
20251411,ELEME,76W575941A,20010906080,拾惠客24h超市(北京尚水园店),北京市,北京市,
20251411,ELEME,76W575943A,20010917044,京东便利店(观音桥店),重庆市,重庆市,
20251411,ELEME,76W575945A,20010925363,树懒先生超市(昭通店),云南省,昭通市,
20251411,ELEME,76W575946A,20010937020,公里购·精品超市(嵊州店),浙江省,绍兴市,
20251411,ELEME,76W575947A,20010937103,沃玛希超市(长兴店),浙江省,湖州市,
20251411,ELEME,76W575948A,20010953223,树懒先生超市(内江店),四川省,内江市,
20251411,ELEME,76W575950A,20010961486,拾惠客24H超市(台州仙居店),浙江省,台州市,
20251411,ELEME,76W575956A,20010977386,团团生活超市(泰山中路店),山东省,枣庄市,
20251411,ELEME,76W575958A,20010977428,惠宜选超市(柳树塘店),安徽省,合肥市,
20251411,ELEME,76W575960A,20010981192,易可购超市(苏坡店),四川省,成都市,
20251411,ELEME,76W575965A,20010985287,大田园超市(蔡桥店),浙江省,温州市,
20251411,ELEME,76W575972A,20010990232,拾惠客24H超市(谯城店),安徽省,亳州市,
20251411,ELEME,76W575975A,20010994432,京东便利店(人民大学店),北京市,北京市,
20251411,ELEME,76W575990A,20011005312,团团生活超市(天山店),河北省,石家庄市,
20251411,ELEME,76W575993A,20011010084,满惠多特价超市(高新店),安徽省,合肥市,
20251411,ELEME,76W576000A,20011014423,惠邻百佳超市(胜利北街店),河北省,石家庄市,
20251411,ELEME,76W576004A,20011017048,世纪精品超市(梅村店),江苏省,无锡市,
20251411,ELEME,76W576010A,20011022363,惠邻百佳超市(会展中心店),山东省,济南市,
20251411,ELEME,76W576015A,20011026220,超士自由超市(宝山店),上海市,上海市,
20251411,ELEME,76W576019A,20011032224,京东便利店(群力店),黑龙江省,哈尔滨市,
20251411,ELEME,76W576020A,20011032437,超宜选精品超市(福清店),福建省,福州市,
20251411,ELEME,76W576021A,20011032438,拾惠客24h超市(盐城市阜宁店),江苏省,盐城市,
20251411,ELEME,76W576024A,20011035028,迪购超市(仓山店),福建省,福州市,
20251411,ELEME,76W576028A,20011041030,满佳喜便利店(温州店),浙江省,温州市,
20251411,ELEME,76W576030A,20011043195,快客达环球超市(芜湖店),安徽省,芜湖市,
20251411,ELEME,76W576031A,20011045454,惠宜选超市(中山门大街店),江苏省,南京市,
20251411,ELEME,76W576033A,20011060111,拾惠客24h超市(上海文翔路店),上海市,上海市,
20251411,ELEME,76W576035A,20011066153,拾惠客24h超市(济南济阳店),山东省,济南市,
20251411,ELEME,76W576036A,20011069012,拾惠客24h超市(文登米山东路店),山东省,威海市,
20251411,ELEME,76W576038A,20011072043,惠邻百佳超市(王舍人店),山东省,济南市,
20251411,ELEME,76W576039A,20011072295,快客达环球超市(仙游店),福建省,莆田市,
20251411,ELEME,76W576040A,20011074172,惠邻百佳超市(观象山店),山东省,青岛市,
20251411,ELEME,76W576044A,20011076184,拾惠客24h超市(德化县后城路店),福建省,泉州市,
20251411,ELEME,76W576045A,20011076245,易而购生活超市,江苏省,无锡市,
20251411,ELEME,76W576051A,20011110040,拾惠客24h超市(汕尾大道店),广东省,汕尾市,
20251411,ELEME,76W576052A,20011111016,超宜选精品超市(蚌埠店),安徽省,蚌埠市,
20251411,ELEME,76W576054A,20011123006,吉惠达超市(马驹桥店),北京市,北京市,
20251411,ELEME,76W576060A,20011139225,鲸鱼嗨购超市(新场店),上海市,上海市,
20251411,ELEME,76W576069A,20011153473,猫猫快送超市(大朗中心店),广东省,东莞市,
20251411,ELEME,76W576076A,20011161205,美士多便利超市(芙蓉广场店),湖南省,长沙市,
20251411,ELEME,76W576077A,20011162249,麦客联华超市(西昌总店),四川省,凉山彝族自治州,
20251411,ELEME,76W576085A,20011168359,沃玛希超市(城西店),浙江省,宁波市,
20251411,ELEME,76W576086A,20011168459,猫猫快送超市(石龙中心店),广东省,东莞市,
20251411,ELEME,76W576087A,20011171283,惠邻百佳超市(财经大学店),天津市,天津市,
20251411,ELEME,76W576088A,20011172216,优购达超市(白云店),广东省,广州市,
20251411,ELEME,76W576091A,20011175241,吉惠达超市(大兴店),北京市,北京市,
20251411,ELEME,76W576097A,20011182197,拾惠客24h超市(英德英州大道店),广东省,清远市,
20251411,ELEME,76W576098A,20011183158,盒马鲜生(渭南临渭万达广场店),陕西省,渭南市,
20251411,ELEME,76W576101A,20011185181,拾惠客24h超市(廊坊润泽道店),河北省,廊坊市,
20251411,ELEME,76W576102A,20011185186,拾惠客24h超市(常熟东南大道店),江苏省,苏州市,
20251411,ELEME,76W576106A,20011189317,优品汇快送超市(沙坪坝店),重庆市,重庆市,
20251411,ELEME,76W576110A,20011191078,拾惠客24h超市(昆山市周市镇店),江苏省,苏州市,
20251411,ELEME,76W576111A,20011192075,拾惠客24h超市(云霄县宝城路店),福建省,漳州市,
20251411,ELEME,76W576119A,20011203088,厦一单超市(世纪广场店),福建省,漳州市,
20251411,ELEME,76W576121A,20011205405,惠比熊超市(高新店),云南省,昆明市,
20251411,ELEME,76W576123A,20011207150,优品汇快送超市(八桥店),重庆市,重庆市,
20251411,ELEME,76W576124A,20011207211,惠邻百佳超市(高新区店),河南省,郑州市,
20251411,ELEME,76W576133A,20011215218,悠米极速超市(保利店),云南省,昆明市,
20251411,ELEME,76W576134A,20011217013,百联多超市(鸟巢店),北京市,北京市,
20251411,ELEME,76W576135A,20011218215,华宁24小时生鲜百货超市(福安店),福建省,宁德市,
20251411,ELEME,76W576149A,20011233297,隋你购连锁超市(国美店),北京市,北京市,
20251411,ELEME,76W576152A,20011243057,世纪精品超市(长宁店),上海市,上海市,
20251411,ELEME,76W576154A,20011245233,千家顺鲸选超市(开远店),云南省,红河哈尼族彝族自治州,
20251411,ELEME,76W576157A,20011250018,华宁24小时生鲜百货超市(连江店),福建省,福州市,
20251411,ELEME,76W576159A,20011257112,惠宜选24h超市(沙河新村店),安徽省,铜陵市,
20251411,ELEME,76W576160A,20011264401,海豚购(奥体店),浙江省,杭州市,
20251411,ELEME,76W576167A,20011279480,放心品购超市(九里亭店),上海市,上海市,
20251411,ELEME,76W576180A,20011307318,京东便利店(珲春店),吉林省,延边朝鲜族自治州,
20251411,ELEME,76W576181A,20011307487,筱店生活精品超市(蚌埠店),安徽省,蚌埠市,
20251411,ELEME,76W576187A,20011326203,京东便利店(郑州1店),河南省,郑州市,
20251411,ELEME,76W576188A,20011329373,京东便利店(龙华中心店),广东省,深圳市,
20251411,ELEME,76W576190A,20011329475,惠美悠选超市(昆山店),江苏省,苏州市,
20251411,ELEME,76W576191A,20011330027,沃家惠生活超市(常州店),江苏省,常州市,
20251411,ELEME,76W576199A,20011342200,妙多客超市(昆阳百悦店),浙江省,温州市,
20251411,ELEME,76W576211A,20011369459,筱店生活精品超市(日照店),山东省,日照市,
20251411,ELEME,76W576224A,20011406388,惠宜选24H超市(汇龙台湾装饰街店),江苏省,南通市,
20251411,ELEME,76W576242A,20011435254,盒马鲜生(苏州盛泽天虹店),江苏省,苏州市,smkt
20251411,ELEME,76W576244A,20011436100,团哆点便利超市(福飞店),福建省,福州市,
20251411,ELEME,76W576258A,20011452478,仓鼠便利超市(平舆店),河南省,驻马店市,
20251411,ELEME,76W576288A,20011483184,蚂蚁嘉吉超市(高新店),安徽省,合肥市,
20251411,ELEME,76W576316A,20011524097,芙宜邻超市(江北店),浙江省,宁波市,
20251411,ELEME,76W576356A,20011616373,拾客精品超市(庐江店),安徽省,合肥市,
20251411,ELEME,76W576455A,20011733114,佰汇优选超市(万家丽店),湖南省,长沙市,
20251411,ELEME,76W576463A,20011741194,亿家易选生活超市,黑龙江省,哈尔滨市,
20251411,ELEME,76W576499A,20011784212,有货便利店(群力店),黑龙江省,哈尔滨市,
20251411,ELEME,76W576580A,20011864146,公里购·精品超市(之江店),浙江省,杭州市,
20251411,ELEME,76W576705A,20012256104,超盒算NB(宝山大华虎城中心店),上海市,上海市,mmkt
20251411,ELEME,76W576767A,20012458110,京东便利店(苏州中心店),江苏省,苏州市,
20251411,ELEME,76W576773A,20012472456,榛好物超市(东湖店),浙江省,杭州市,
20251411,ELEME,76W576834A,20012624001,优享购超市(海泰店),天津市,天津市,
20251411,ELEME,76W576894A,20012873060,猫猫快送超市(凤岗店),广东省,东莞市,
20251411,ELEME,76W576896A,20012878449,超盒算NB(虹口四川北路店),上海市,上海市,mmkt
20251411,ELEME,76W576901A,20012882379,盒马鲜生(太平洋广场店),上海市,上海市,smkt
20251411,ELEME,76W576905A,20012888188,惠邻百佳超市(宜兴埠店),天津市,天津市,
20251411,ELEME,76W576930A,20012941368,惠邻百佳超市(中山店),辽宁省,大连市,
20251411,ELEME,76W576950A,20013031452,快客达超市(婺城店),浙江省,金华市,
20251411,ELEME,76W577006A,20013499447,满佳喜超市(海沧店),福建省,厦门市,
20251411,ELEME,76W577031A,20013748345,满佳喜超市(吴中店),江苏省,苏州市,
20251411,ELEME,76W577039A,1097196291,惠宜选校园超市(衡水学院店),江苏省,盐城市,
20251411,MEITUAN,76W000010C,845100478590733,罗森（9607南京云锦美地店）,江苏省,南京市,cvs
20251411,MEITUAN,76W000022C,845594399851534,美宜佳(五象路桂00963号店),广西壮族自治区,南宁市,
20251411,MEITUAN,76W000072C,847561494872498,罗森便利店（3100中金启城分店）,辽宁省,沈阳市,cvs
20251411,MEITUAN,76W000288C,857594538452666,可多（宝丰一路店）,湖北省,武汉市,mmkt
20251411,MEITUAN,76W001482C,916658928696078,美宜佳（九集小镇赣00976店）,江西省,景德镇市,
20251411,MEITUAN,76W001540C,919124239924554,华润万家(周庄全功路店),江苏省,苏州市,mmkt
20251411,MEITUAN,76W001884C,935745763346267,罗森（前溪巷店）,江苏省,苏州市,cvs
20251411,MEITUAN,76W001980C,939499564793999,融惠微利超市（河松店）,黑龙江省,哈尔滨市,cvs
20251411,MEITUAN,76W002128C,945881886194578,便利蜂（亿城堂庭店）,天津市,天津市,cvs
20251411,MEITUAN,76W002207C,949876205759412,悦来悦喜（建正东方中心店）,河南省,郑州市,cvs
20251411,MEITUAN,76W002237C,951040141944519,便利蜂(数码大厦A座店),北京市,北京市,cvs
20251411,MEITUAN,76W002380C,957761765749720,华润万家（西安雁塔路店）,陕西省,西安市,hmkt
20251411,MEITUAN,76W002453C,960682343497433,壹度便利（碧桂园时代印象店）,安徽省,亳州市,cvs
20251411,MEITUAN,76W002497C,963083230240761,美好便利店（靖江朱大路店）,江苏省,泰州市,cvs
20251411,MEITUAN,76W002532C,965037440357442,24客（富力新天地3店）,贵州省,贵阳市,cvs
20251411,MEITUAN,76W003026C,988019810312731,便利蜂(百子湾南路沿海赛洛城店),北京市,北京市,cvs
20251411,MEITUAN,76W003167C,995789406171727,便利蜂(悦邻店),北京市,北京市,cvs
20251411,MEITUAN,76W003220C,998817358116605,四方街超市（宾川店）,云南省,大理白族自治州,mmkt
20251411,MEITUAN,76W003364C,1005234039226869,便利蜂(望京SOHO2号塔B座店),北京市,北京市,cvs
20251411,MEITUAN,76W003487C,1011689375132719,中商罗森（新天地国际中心店）,安徽省,合肥市,
20251411,MEITUAN,76W003502C,1012428109447283,便利蜂（房山绿地启航社店）,北京市,北京市,cvs
20251411,MEITUAN,76W003740C,1024041701050056,中百罗森（天顺园店）,湖北省,武汉市,cvs
20251411,MEITUAN,76W003878C,1030415432506381,邻几（六安浙东商贸城店）,安徽省,六安市,cvs
20251411,MEITUAN,76W003908C,1031918671076297,新天地超市(海棠店),辽宁省,沈阳市,cvs
20251411,MEITUAN,76W003930C,1032833499123077,友客（大崂路一店）,山东省,青岛市,cvs
20251411,MEITUAN,76W003957C,1034418342005949,便利蜂（天通苑北苑一区甲6号店）,北京市,北京市,cvs
20251411,MEITUAN,76W004131C,1043704061344332,便利蜂（罗廊巷2号店）,江苏省,南京市,cvs
20251411,MEITUAN,76W004157C,1045009731393368,罗森（西郊路店）,重庆市,重庆市,cvs
20251411,MEITUAN,76W004161C,1045263134438030,联盛超市（学院店）,江西省,九江市,smkt
20251411,MEITUAN,76W004195C,1046895222040504,乐爱达左邻右舍便利店,浙江省,杭州市,
20251411,MEITUAN,76W004381C,1056163761438927,友客(金水路军体中心店),山东省,青岛市,cvs
20251411,MEITUAN,76W004629C,1068241209477892,中百罗森（融侨悦府店）,湖北省,武汉市,cvs
20251411,MEITUAN,76W004730C,1072720860394534,每日隆便利店(益华店),吉林省,延边朝鲜族自治州,cvs
20251411,MEITUAN,76W004812C,1076388762452513,每日隆便利店(清水湾店),吉林省,延边朝鲜族自治州,cvs
20251411,MEITUAN,76W004863C,1079326520098125,新佳宜超市（新世界创邸店1637店）,湖南省,长沙市,
20251411,MEITUAN,76W004903C,1081126111363937,美宜佳（火车站南广场赣00126店）,江西省,吉安市,cvs
20251411,MEITUAN,76W004991C,1085558517642755,优客家（冉家坝店）,重庆市,重庆市,cvs
20251411,MEITUAN,76W005060C,1089333793883524,美宜佳（思湖路桂00496号店）,广西壮族自治区,梧州市,cvs
20251411,MEITUAN,76W005101C,1091481277523128,美宜佳（教育局赣00447店）,江西省,赣州市,cvs
20251411,MEITUAN,76W005123C,1092194242094799,新天地超市(支农大街店),吉林省,长春市,cvs
20251411,MEITUAN,76W005141C,1093040350664126,便利蜂（时间国际A座店）,北京市,北京市,cvs
20251411,MEITUAN,76W005254C,1097803469358919,可好（岙兰路0205店）,山东省,青岛市,
20251411,MEITUAN,76W005259C,1098164246655418,中百仓储超市（恩施咸丰店）,湖北省,恩施土家族苗族自治州,smkt
20251411,MEITUAN,76W005376C,1103481416131166,友客（平度福州路店）,山东省,青岛市,cvs
20251411,MEITUAN,76W005393C,1104271690130912,罗森（合川中学店）,重庆市,重庆市,cvs
20251411,MEITUAN,76W005527C,1110585292039790,优同便利店（依山半岛店）,山东省,青岛市,cvs
20251411,MEITUAN,76W005535C,1110821515294322,旺中旺生活超市（鸿峰店）,江西省,南昌市,mmkt
20251411,MEITUAN,76W005632C,1115820857214856,中商罗森（中国声谷店）,安徽省,合肥市,cvs
20251411,MEITUAN,76W005860C,1013931346335140,乐豆家（国贸0049店）,江西省,南昌市,cvs
20251411,MEITUAN,76W005882C,1037149939564718,711便利店（南横街店）,北京市,北京市,cvs
20251411,MEITUAN,76W005936C,897606452053025,711（熙街公寓店）,重庆市,重庆市,cvs
20251411,MEITUAN,76W005949C,849159221026768,美宜佳（果喜大厦赣00981店）,江西省,鹰潭市,cvs
20251411,MEITUAN,76W005964C,900183432482107,罗森（枫丹路店）,重庆市,重庆市,cvs
20251411,MEITUAN,76W006093C,889351524949071,可多便利（华瑞大厦店）,湖北省,武汉市,cvs
20251411,MEITUAN,76W006095C,1117581792056284,邻几（佳源广场二店）,安徽省,合肥市,cvs
20251411,MEITUAN,76W006101C,857573061961342,百家顺·生活超市（龙飞山城店）,河南省,信阳市,mmkt
20251411,MEITUAN,76W006143C,927224546574010,便利蜂（朝阳门南小街店）,北京市,北京市,cvs
20251411,MEITUAN,76W006283C,1021924280494191,旺中旺生活超市（鸿发店）,江西省,南昌市,smkt
20251411,MEITUAN,76W006896C,1025038131737924,万家福（龙源府邸店）,四川省,宜宾市,cvs
20251411,MEITUAN,76W006917C,1113888120183750,邻几（桐城南路店）,安徽省,合肥市,cvs
20251411,MEITUAN,76W006959C,1032537144661888,罗森（和煦路店）,重庆市,重庆市,cvs
20251411,MEITUAN,76W007128C,981568767755864,罗森（尖顶坡店）,重庆市,重庆市,cvs
20251411,MEITUAN,76W007143C,1045434931478334,711便利店(百利达广场3097店),广东省,佛山市,cvs
20251411,MEITUAN,76W007152C,1015765297349549,711便利店(君临海域7093店),广东省,深圳市,cvs
20251411,MEITUAN,76W007165C,1107273870565393,Today（范湖地铁站店）,湖北省,武汉市,cvs
20251411,MEITUAN,76W007222C,942080838426752,有家便利店（滨江明珠店）,江西省,南昌市,cvs
20251411,MEITUAN,76W007313C,881564749295894,享买乐（花园店）,湖北省,恩施土家族苗族自治州,mmkt
20251411,MEITUAN,76W007431C,1033348893489955,7-ELEVEn（运达店）,湖南省,长沙市,cvs
20251411,MEITUAN,76W007487C,1003739388996612,711便利店(尚岛国际1116店),广东省,广州市,cvs
20251411,MEITUAN,76W007583C,1101179311974265,711便利店（北沙滩店）,北京市,北京市,cvs
20251411,MEITUAN,76W007649C,1028405386120522,融惠微利便利店（东风店）,黑龙江省,哈尔滨市,cvs
20251411,MEITUAN,76W007687C,938120878608316,万嘉便利（宏航新城店）,福建省,福州市,cvs
20251411,MEITUAN,76W007723C,930664815366953,中百仓储超市（孝感马口店）,湖北省,孝感市,smkt
20251411,MEITUAN,76W007726C,1020051674748431,中百罗森（东湖国贸店）,湖北省,武汉市,cvs
20251411,MEITUAN,76W007922C,1038326760582721,Today（青城华府店）,湖北省,武汉市,cvs
20251411,MEITUAN,76W008135C,886379420734565,华辰超市（中兴春天店）,黑龙江省,绥化市,smkt
20251411,MEITUAN,76W008151C,1074073786529052,乐豆家（书香公寓0492店）,江西省,上饶市,cvs
20251411,MEITUAN,76W008167C,846071152711672,便利蜂(住邦2000店),北京市,北京市,cvs
20251411,MEITUAN,76W008174C,956932848496188,壹度便利（皇家华韵店）,河南省,开封市,mmkt
20251411,MEITUAN,76W008226C,954849789382666,罗森（江津一中店）,重庆市,重庆市,cvs
20251411,MEITUAN,76W008264C,853819273720722,联华超市（卫清店）,上海市,上海市,mmkt
20251411,MEITUAN,76W008266C,924308276965390,可好（高鸿科技大厦3号门103206店）,山东省,济宁市,cvs
20251411,MEITUAN,76W008373C,1036256599501555,每一天便利店(祥瑞店）,陕西省,汉中市,cvs
20251411,MEITUAN,76W008418C,846268721192165,中百罗森（长江紫都店）,湖北省,武汉市,cvs
20251411,MEITUAN,76W008460C,1096510695714822,邻几（铜陵环球港二店）,安徽省,铜陵市,cvs
20251411,MEITUAN,76W008462C,1030204990581362,美好便利店（江阴祝塘店),江苏省,无锡市,cvs
20251411,MEITUAN,76W008483C,849605911134081,家佳超市（下西街店）,四川省,凉山彝族自治州,smkt
20251411,MEITUAN,76W008524C,909868596900377,新天地超市(谷丰店),黑龙江省,哈尔滨市,cvs
20251411,MEITUAN,76W008535C,845040360505450,优同便利店（正阳公馆店）,山东省,青岛市,cvs
20251411,MEITUAN,76W008543C,1057168795249415,万逸之家（雍景湾店）,云南省,昆明市,cvs
20251411,MEITUAN,76W008600C,1063198929387385,联华（南亭公路店）,上海市,上海市,mmkt
20251411,MEITUAN,76W008608C,997266886372862,塞北福满家(祥宁店),河北省,承德市,
20251411,MEITUAN,76W008637C,851903718256408,华润万家（荣康园分店),天津市,天津市,
20251411,MEITUAN,76W008647C,1000286248416191,融惠微利超市（江畔店）,黑龙江省,哈尔滨市,mmkt
20251411,MEITUAN,76W008682C,1020292206053497,新佳宜便利店(中天广场1591店）,湖南省,长沙市,cvs
20251411,MEITUAN,76W008692C,1019317248464358,之佳便利（昆明颐高数码城分店）,云南省,昆明市,cvs
20251411,MEITUAN,76W008812C,874924742981150,可好（万达广场173805店）,山东省,东营市,cvs
20251411,MEITUAN,76W008856C,902631577020722,之佳便利（江东花园分店）,云南省,昆明市,cvs
20251411,MEITUAN,76W008891C,991799393006986,之佳便利（曲靖吉象园店）,云南省,曲靖市,cvs
20251411,MEITUAN,76W009006C,1116069976754659,友客（丹江路店）,山东省,青岛市,cvs
20251411,MEITUAN,76W009024C,853544396226893,优亿嘉生活超市（中南路店）,辽宁省,大连市,
20251411,MEITUAN,76W009057C,1017298613874582,711便利店（华苑智慧山店）,天津市,天津市,cvs
20251411,MEITUAN,76W009071C,919192970898575,融惠微利超市（建文店）,黑龙江省,哈尔滨市,cvs
20251411,MEITUAN,76W009091C,936415789735031,新天地超市（中海澜庭贰店）,吉林省,长春市,cvs
20251411,MEITUAN,76W009108C,965015976939042,罗森（唐山煤医道店）,河北省,唐山市,cvs
20251411,MEITUAN,76W009163C,910985288412293,哈尔信食品超市(世贸大道店),黑龙江省,哈尔滨市,mmkt
20251411,MEITUAN,76W009215C,866313333569062,之佳便利(美丽新世界小区分店),云南省,昆明市,cvs
20251411,MEITUAN,76W009218C,1096072609070636,中百罗森（应城实验中学店）,湖北省,孝感市,cvs
20251411,MEITUAN,76W009219C,870268998411368,联华超市（杨园店）,上海市,上海市,mmkt
20251411,MEITUAN,76W009251C,1012144653088767,罗森（唐山天元花园店）,河北省,唐山市,cvs
20251411,MEITUAN,76W009326C,1075400931410261,丽客隆超市(束河店),云南省,丽江市,smkt
20251411,MEITUAN,76W009346C,933332003253441,十足便利店（南通江海大厦店）,江苏省,南通市,cvs
20251411,MEITUAN,76W009363C,874722879504706,美宜佳(豫615固始花花市街店),河南省,信阳市,cvs
20251411,MEITUAN,76W009413C,1051649762295094,每日隆便利店(芳馨嘉苑店),吉林省,延边朝鲜族自治州,cvs
20251411,MEITUAN,76W009429C,898370969462437,新天地超市（恒大城店）,吉林省,长春市,cvs
20251411,MEITUAN,76W009457C,899672344496185,比优特超市(五常店),黑龙江省,哈尔滨市,smkt
20251411,MEITUAN,76W009500C,905174197646034,罗森（金辉花样派店）,重庆市,重庆市,cvs
20251411,MEITUAN,76W009540C,1068962775462875,金虎便利（3357漳源中路店）,山西省,长治市,
20251411,MEITUAN,76W009648C,1116357739597439,联华超市（临江店）,上海市,上海市,mmkt
20251411,MEITUAN,76W009652C,1102433455583538,十足便利店（无锡宜兴万达店）,江苏省,无锡市,cvs
20251411,MEITUAN,76W009656C,1048063464604322,佳泰乐仓储超市（中港广场店）,辽宁省,鞍山市,smkt
20251411,MEITUAN,76W009713C,922439966131268,金虎便利（2785潞泽嘉园店）,山西省,长治市,cvs
20251411,MEITUAN,76W009716C,951821837429333,日新达（高教店）,云南省,昆明市,mmkt
20251411,MEITUAN,76W009870C,959247835875209,新天地超市(龙信家园店),黑龙江省,哈尔滨市,cvs
20251411,MEITUAN,76W009875C,1074722326591740,九州超市（购物中心河东店）,山东省,临沂市,smkt
20251411,MEITUAN,76W009980C,941342117326980,新天地超市(开运福里店),吉林省,长春市,cvs
20251411,MEITUAN,76W009991C,1111251023488880,711便利店（华苑天华里店）,天津市,天津市,cvs
20251411,MEITUAN,76W009998C,889012235705511,可好（汇通金融大厦010197店）,山东省,青岛市,cvs
20251411,MEITUAN,76W010096C,912497116875424,之佳便利（云上城分店）,云南省,昆明市,cvs
20251411,MEITUAN,76W010144C,932082167726811,中百罗森（华园路店）,湖北省,武汉市,cvs
20251411,MEITUAN,76W010172C,971651701466450,万逸之家(玫瑰天街二店),云南省,昆明市,cvs
20251411,MEITUAN,76W010184C,1016899181894407,新佳宜便利店（奥克斯缤纷广场1598店）,湖南省,长沙市,
20251411,MEITUAN,76W010195C,995256841681375,中百罗森（咸宁高中店）,湖北省,咸宁市,cvs
20251411,MEITUAN,76W010229C,885730880671040,杰出便利（世家花园店）,河北省,保定市,cvs
20251411,MEITUAN,76W010337C,898096091542692,之佳便利（工人医院分店）,云南省,昆明市,cvs
20251411,MEITUAN,76W010446C,940586202991375,便利蜂（瑞海二区店）,北京市,北京市,cvs
20251411,MEITUAN,76W010532C,1009902680267455,711便利店（红居东街店）,北京市,北京市,cvs
20251411,MEITUAN,76W010676C,940161001226657,LAWSON罗森（涿州市医院店）,河北省,保定市,cvs
20251411,MEITUAN,76W010701C,997249706539183,新天地超市（青年居易店）,辽宁省,沈阳市,cvs
20251411,MEITUAN,76W010703C,1030982379692332,邻几（伟华大厦店）,安徽省,合肥市,cvs
20251411,MEITUAN,76W010712C,854966029915844,金虎便利（9146万科金域店）,山西省,太原市,cvs
20251411,MEITUAN,76W010801C,895484751434478,友客（阳光100凤凰社店）,山东省,潍坊市,cvs
20251411,MEITUAN,76W010974C,1007042232017691,黄商团风购物中心,湖北省,黄冈市,smkt
20251411,MEITUAN,76W011084C,999873931549903,新佳宜连锁便利店（长房时代2051店）,湖南省,长沙市,cvs
20251411,MEITUAN,76W011122C,845852109371485,便利蜂（淮河南道店）,天津市,天津市,cvs
20251411,MEITUAN,76W011230C,1006148865682280,百姓量贩超市（五一店）,河南省,濮阳市,smkt
20251411,MEITUAN,76W011278C,1007291340090587,新天地超市(长白西路店),辽宁省,沈阳市,cvs
20251411,MEITUAN,76W011453C,1074675081986848,十足便利店（苏州海尚壹品店）,江苏省,苏州市,cvs
20251411,MEITUAN,76W011476C,992924674459330,新天地超市(奉天街二店),辽宁省,沈阳市,cvs
20251411,MEITUAN,76W011478C,1007630642469659,比优特超市(体育公园店),黑龙江省,哈尔滨市,smkt
20251411,MEITUAN,76W011504C,932120822451328,友客（中骏尚城店）,山东省,济南市,cvs
20251411,MEITUAN,76W011508C,1121249707311913,24客（未来方舟26店）,贵州省,贵阳市,cvs
20251411,MEITUAN,76W011554C,1061987748597934,天天便利(邢台马路街小学店),河北省,邢台市,cvs
20251411,MEITUAN,76W011582C,908983833626771,之佳便利（昆明银海畅园分店）,云南省,昆明市,
20251411,MEITUAN,76W011609C,1016495455009560,711便利店（上河城购物中心店）,天津市,天津市,cvs
20251411,MEITUAN,76W011771C,853381186979343,新天地超市(沈阳大学店),辽宁省,沈阳市,cvs
20251411,MEITUAN,76W011785C,971071880859014,36524便利店（正定恒山路店）,河北省,石家庄市,cvs
20251411,MEITUAN,76W011788C,1027683844768351,711便利店（中山路店）,山东省,青岛市,cvs
20251411,MEITUAN,76W011869C,975865064788115,新天地超市（新星宇之洲贰店）,吉林省,长春市,cvs
20251411,MEITUAN,76W012001C,907841372329676,之佳便利（安宁金色时代广场分店）,云南省,昆明市,cvs
20251411,MEITUAN,76W012038C,866257485839935,之佳便利（印象首日封分店）,云南省,昆明市,cvs
20251411,MEITUAN,76W012093C,1058611904301005,新佳宜便利店（恒广国际景园1825店）,湖南省,长沙市,cvs
20251411,MEITUAN,76W012141C,1075954982253127,LAWSON罗森便利店（石家庄金领大厦店）,河北省,石家庄市,cvs
20251411,MEITUAN,76W012197C,932198131864775,美宜佳（豫76信阳浉河地王大厦店）,河南省,信阳市,cvs
20251411,MEITUAN,76W012261C,983458566549023,融惠微利便利店（东都店）,黑龙江省,哈尔滨市,cvs
20251411,MEITUAN,76W012277C,1086267198750741,融惠微利便利店（花元店),黑龙江省,哈尔滨市,cvs
20251411,MEITUAN,76W012362C,986980439694786,四方街超市（大禹店）,云南省,大理白族自治州,mmkt
20251411,MEITUAN,76W012438C,912561541350259,之佳便利（昆钢凌波小区分店）,云南省,昆明市,cvs
20251411,MEITUAN,76W012450C,1123483077149019,佳惠超市(商贸店),湖南省,怀化市,smkt
20251411,MEITUAN,76W012488C,1081980821434568,711便利店（京顺东街店）,北京市,北京市,cvs
20251411,MEITUAN,76W012496C,1016486865058439,711便利店（舜泰广场店）,山东省,济南市,cvs
20251411,MEITUAN,76W012512C,983522991037201,万逸之家（昆华医院店）,云南省,昆明市,cvs
20251411,MEITUAN,76W012523C,1031068278987640,中百罗森（长郡滨江中学店）,湖南省,长沙市,
20251411,MEITUAN,76W012585C,1088930078495975,有家便利店（安石路店）,江西省,南昌市,cvs
20251411,MEITUAN,76W012629C,992271839403808,罗森（火器营地铁站店）,北京市,北京市,cvs
20251411,MEITUAN,76W012692C,961159096365282,华润万家（东丽区昆俞家园店）,天津市,天津市,mmkt
20251411,MEITUAN,76W012716C,1067708645004763,万逸之家（欣都龙城店）,云南省,昆明市,cvs
20251411,MEITUAN,76W012725C,910280913761276,十足便利店（逸林大厦店）,江苏省,无锡市,cvs
20251411,MEITUAN,76W012751C,1008150333520476,可好（科润城010141店）,山东省,青岛市,cvs
20251411,MEITUAN,76W012935C,1011195465334173,新名实超市,辽宁省,沈阳市,
20251411,MEITUAN,76W012985C,1072420224133108,罗森(225210江阴新春江华庭店）,江苏省,无锡市,cvs
20251411,MEITUAN,76W013038C,937326309708472,华辰超市（兰西金地店）,黑龙江省,绥化市,smkt
20251411,MEITUAN,76W013066C,862172985146836,罗森(8028新华路店),江苏省,无锡市,cvs
20251411,MEITUAN,76W013093C,865961146659791,壹度便利（亳州远大国宾府北门店）,安徽省,亳州市,cvs
20251411,MEITUAN,76W013098C,871686337618547,金虎便利(2978世纪花苑店）,山西省,忻州市,cvs
20251411,MEITUAN,76W013104C,987139353513292,金虎便利（2901屯留南街村店）,山西省,长治市,cvs
20251411,MEITUAN,76W013120C,930647648681133,新天地超市（万龙花园店）,吉林省,长春市,cvs
20251411,MEITUAN,76W013170C,1060317006309959,711便利店（滨海外事学院南门店）,天津市,天津市,cvs
20251411,MEITUAN,76W013174C,982449249238191,家家利超市(忻州大欣城店),山西省,忻州市,smkt
20251411,MEITUAN,76W013202C,1006230483133334,711便利店（平江道光华里店）,天津市,天津市,cvs
20251411,MEITUAN,76W013292C,999453024763524,之佳便利（颐园里分店）,云南省,昆明市,cvs
20251411,MEITUAN,76W013424C,922663304509072,便利蜂（南关大街57号店）,北京市,北京市,cvs
20251411,MEITUAN,76W013451C,1034740476063481,小月亮（中央红大正莅江店）,黑龙江省,哈尔滨市,mmkt
20251411,MEITUAN,76W013468C,914867944827448,天福便利店（顺安大厦20008店）,湖南省,长沙市,cvs
20251411,MEITUAN,76W013572C,1085975148590366,罗森便利店（3175沈北华强城店）,辽宁省,沈阳市,cvs
20251411,MEITUAN,76W013613C,1122606903877313,壹度便利(中铁诺德店）,安徽省,亳州市,mmkt
20251411,MEITUAN,76W013683C,859819343011966,36524便利店,河北省,石家庄市,cvs
20251411,MEITUAN,76W013712C,1067210415643957,联华超市（虎林店）,上海市,上海市,mmkt
20251411,MEITUAN,76W013765C,1030814862760259,便利蜂（格调中心店）,天津市,天津市,cvs
20251411,MEITUAN,76W013847C,895467558400448,罗森便利店（3059皇姑居然之家店）,辽宁省,沈阳市,cvs
20251411,MEITUAN,76W014065C,855502906816494,天福便利店（丹霞楼11030店）,广东省,韶关市,cvs
20251411,MEITUAN,76W014106C,1008674319547412,KKV（苏州石路天虹CCMall主力店）,江苏省,苏州市,mmkt
20251411,MEITUAN,76W014137C,1107334000147878,罗森（前门大街店）,北京市,北京市,cvs
20251411,MEITUAN,76W014228C,953814702257127,中央红金源,黑龙江省,哈尔滨市,smkt
20251411,MEITUAN,76W014272C,1071286352803943,KKV（南充王府井购物中心主力店）,四川省,南充市,mmkt
20251411,MEITUAN,76W014403C,1020043084781396,金叶春天,辽宁省,大连市,mmkt
20251411,MEITUAN,76W014438C,904078980990369,罗森便利店（1230西安路福佳店）,辽宁省,大连市,cvs
20251411,MEITUAN,76W014479C,911857166735638,36524便利店,河北省,秦皇岛市,
20251411,MEITUAN,76W014489C,1083720269978132,百家来·生活广场(龙都广场店),河南省,信阳市,smkt
20251411,MEITUAN,76W014520C,1095720427583102,KKV（贵阳世纪金源主力店）,贵州省,贵阳市,mmkt
20251411,MEITUAN,76W014550C,972656710670466,欧亚超市(湖西店),吉林省,长春市,mmkt
20251411,MEITUAN,76W014645C,1107359788947909,十足便利店（文泽府邸店）,江苏省,盐城市,cvs
20251411,MEITUAN,76W014686C,1080344425638499,中百罗森（融侨华府店）,湖北省,武汉市,cvs
20251411,MEITUAN,76W014748C,998177425414201,天福便利店（坂田北地铁站0150店）,广东省,深圳市,cvs
20251411,MEITUAN,76W014923C,908236509285042,之佳便利（昆明锦悦四季分店）,云南省,昆明市,cvs
20251411,MEITUAN,76W014928C,854497878458533,711便利店（百子湾东里店）,北京市,北京市,cvs
20251411,MEITUAN,76W014967C,905251507070406,便利蜂（雍和大厦店）,北京市,北京市,cvs
20251411,MEITUAN,76W015066C,922070598965237,华润万家（咸水沽店）,天津市,天津市,hmkt
20251411,MEITUAN,76W015125C,1088036725230509,金虎便利（3343祁县昭馀明珠店）,山西省,晋中市,cvs
20251411,MEITUAN,76W015128C,935878924675946,KKV（太原万象钟楼街主力店）,山西省,太原市,mmkt
20251411,MEITUAN,76W015168C,1062022108324289,711便利店(文德广场4427店）,广东省,珠海市,cvs
20251411,MEITUAN,76W015221C,1038996788661809,杰出便利店（朝阳龙座店）,河北省,保定市,cvs
20251411,MEITUAN,76W015223C,947969251788774,天天便利（沧州金龙广场店）,河北省,沧州市,cvs
20251411,MEITUAN,76W015455C,851268068909653,711（西高智能大厦店）,陕西省,西安市,cvs
20251411,MEITUAN,76W015457C,1051357704954670,KKV（西安高新万达广场主力店）,陕西省,西安市,mmkt
20251411,MEITUAN,76W015475C,941144535579087,华润万家（西安阎良店）,陕西省,西安市,hmkt
20251411,MEITUAN,76W015527C,889531926737483,家得乐超市（东泰金谷店）,黑龙江省,哈尔滨市,smkt
20251411,MEITUAN,76W017215C,898512690216752,北山生活超市（东山店）,湖北省,宜昌市,smkt
20251411,MEITUAN,76W017431C,1084119715062445,KKV(大连开发区安盛主力店),辽宁省,大连市,mmkt
20251411,MEITUAN,76W017568C,877579019555131,可购便利店（龙山一路店）,重庆市,重庆市,cvs
20251411,MEITUAN,76W017611C,871527423855637,美宜佳便利店(陕13三星村店),陕西省,渭南市,mmkt
20251411,MEITUAN,76W017626C,1050163703638616,华润万家便利（龙首北路店）,陕西省,西安市,mmkt
20251411,MEITUAN,76W018749C,1048110734499306,邻几（滨湖旭辉御府店）,安徽省,合肥市,cvs
20251411,MEITUAN,76W018752C,930669123485138,711便利店（林奥嘉园店）,北京市,北京市,cvs
20251411,MEITUAN,76W018797C,859596004689514,好润佳（花源店）,湖南省,常德市,smkt
20251411,MEITUAN,76W018808C,1004181770548530,711（文景路店）,江苏省,南京市,
20251411,MEITUAN,76W018815C,1105328263571036,国光（滨江首府店）,江西省,吉安市,smkt
20251411,MEITUAN,76W018821C,859583140888864,比优特超市（大连金州店）,辽宁省,大连市,smkt
20251411,MEITUAN,76W018857C,997022094947899,奥特乐（招商大魔方店）,四川省,成都市,mmkt
20251411,MEITUAN,76W018866C,1085889270622617,711便利店（大学城南地铁店）,云南省,昆明市,cvs
20251411,MEITUAN,76W018886C,1028448349417827,KKV（重庆巴南万达广场主力店）,重庆市,重庆市,mmkt
20251411,MEITUAN,76W018889C,991597535385507,KKV（重庆融创茂主力店）,重庆市,重庆市,
20251411,MEITUAN,76W018891C,1046049146710258,奥特乐(巴南华熙店),重庆市,重庆市,mmkt
20251411,MEITUAN,76W018968C,890300725890062,LAWSON罗森（259208南京新华西路店）,江苏省,南京市,cvs
20251411,MEITUAN,76W018976C,1010083074661434,罗森便利店（0501抚顺百货大楼分店）,辽宁省,抚顺市,cvs
20251411,MEITUAN,76W018997C,1085249291455196,每一天便利店（陈仓步行街店）,陕西省,宝鸡市,cvs
20251411,MEITUAN,76W019069C,908674619600118,24客（悦园花岸店）,贵州省,六盘水市,cvs
20251411,MEITUAN,76W019172C,889338653208985,寿康永乐（十堰生活广场）,湖北省,十堰市,smkt
20251411,MEITUAN,76W019192C,1086026680559588,罗森（9668大华桂美颂店）,江苏省,南京市,cvs
20251411,MEITUAN,76W019215C,888999350777969,美特好超市（万科印象城店）,山西省,太原市,smkt
20251411,MEITUAN,76W019378C,1043321844383144,罗森便利店（厦大学生公寓店）,福建省,厦门市,cvs
20251411,MEITUAN,76W019413C,1048643285282980,佳惠鲜天下（云箭嘉苑店）,湖南省,怀化市,smkt
20251411,MEITUAN,76W019439C,996150216630995,金虎便利（3996香江广场店）,山西省,临汾市,cvs
20251411,MEITUAN,76W019440C,1093147758212411,金虎便利（7027襄汾财星嘉苑店）,山西省,临汾市,
20251411,MEITUAN,76W019461C,903348836507906,华润万家（天津十一经路店）,天津市,天津市,
20251411,MEITUAN,76W019549C,1084566378497692,家家利时代广场店（介休时代广场店）,山西省,晋中市,smkt
20251411,MEITUAN,76W019628C,852612411308623,中心城大卖场(锦东花园店),吉林省,延边朝鲜族自治州,mmkt
20251411,MEITUAN,76W019630C,1036982472456229,新天地（万科翡翠公园店）,吉林省,长春市,
20251411,MEITUAN,76W019656C,858440658499253,大众超市（钻石广场店）,云南省,文山壮族苗族自治州,smkt
20251411,MEITUAN,76W019736C,1049575314776273,万兴佳亿超市（汨罗劳动北路店）,湖南省,岳阳市,smkt
20251411,MEITUAN,76W020108C,1047363384942930,金叶便利,河南省,安阳市,mmkt
20251411,MEITUAN,76W020123C,1113420011004336,新佳宜便利店（南城天街02377店）,湖南省,常德市,cvs
20251411,MEITUAN,76W020134C,1029874285816173,KKV（南昌经开旭辉广场店）,江西省,南昌市,mmkt
20251411,MEITUAN,76W020210C,849979594765254,每日隆便利店（汪清北岸七区店）,吉林省,延边朝鲜族自治州,cvs
20251411,MEITUAN,76W020281C,1015503317531686,新佳宜（保利广场1970店）,湖南省,长沙市,cvs
20251411,MEITUAN,76W020291C,1023156949262645,美好便利店（常州鼎邦花园店）,江苏省,常州市,cvs
20251411,MEITUAN,76W020294C,929762910334128,金叶春天便利店,辽宁省,大连市,mmkt
20251411,MEITUAN,76W020366C,1043390561285635,新佳宜便利店（金科时代中心2266店）,湖南省,长沙市,
20251411,MEITUAN,76W020522C,1030458393647761,Today（汉西一路地铁站店）,湖北省,武汉市,
20251411,MEITUAN,76W020605C,1110456454498892,联盛超市（正大店）,江西省,九江市,mmkt
20251411,MEITUAN,76W020654C,1008236232894327,慕臣便利店,湖北省,武汉市,cvs
20251411,MEITUAN,76W020677C,1006990692373993,神利便利,山西省,晋城市,cvs
20251411,MEITUAN,76W020743C,993148012774220,每一天便利店（宝鸡清姜路店）,陕西省,宝鸡市,cvs
20251411,MEITUAN,76W020778C,923737070100724,三毛生活超市（西司店）,河南省,开封市,mmkt
20251411,MEITUAN,76W020779C,1013841165195738,美宜佳（豫270南阳新野老户庄店）,河南省,南阳市,cvs
20251411,MEITUAN,76W020805C,1014034460396113,美惠全连锁超市,上海市,上海市,mmkt
20251411,MEITUAN,76W021032C,856834327566001,美食林时刻（凤丽店）,河北省,邯郸市,mmkt
20251411,MEITUAN,76W021035C,938447296114950,融惠微利便利店(恒大丁香郡店),黑龙江省,哈尔滨市,cvs
20251411,MEITUAN,76W021047C,875568976613092,苏果生活超市（丰县栖凤路店）,江苏省,徐州市,mmkt
20251411,MEITUAN,76W021055C,923676905266526,银座商城（东营东城店）,山东省,东营市,hmkt
20251411,MEITUAN,76W021061C,960081048057956,华润万家（天津大无缝店）,天津市,天津市,smkt
20251411,MEITUAN,76W021067C,992662669972551,融惠微利超市（南新店）,黑龙江省,哈尔滨市,cvs
20251411,MEITUAN,76W021076C,1047981848748622,融惠微利便利店（中民店）,黑龙江省,哈尔滨市,cvs
20251411,MEITUAN,76W021078C,1054183781530761,中百超市（薛峰社区店）,湖北省,武汉市,smkt
20251411,MEITUAN,76W021081C,1105878007925800,华润苏果生活超市（上元大街店）,江苏省,南京市,mmkt
20251411,MEITUAN,76W021082C,1106724116493007,可多便利(盛世东方店),湖北省,武汉市,mmkt
20251411,MEITUAN,76W021083C,1109193722635737,华润万家（横岗店）,广东省,深圳市,
20251411,MEITUAN,76W021096C,913738350948567,悦来悦喜（宝瑞路店）,河南省,郑州市,cvs
20251411,MEITUAN,76W021104C,962039564602814,华润万家（天津铁城公寓店）,天津市,天津市,mmkt
20251411,MEITUAN,76W021106C,863023388666792,百家乐超市（砂山店）,辽宁省,沈阳市,cvs
20251411,MEITUAN,76W021126C,935148774431130,融惠微利超市（辽河店）,黑龙江省,哈尔滨市,
20251411,MEITUAN,76W021130C,1087302285796231,乐豆家（新都会二0098店）,江西省,南昌市,cvs
20251411,MEITUAN,76W021167C,906896479499091,大红福锦绣邻里生活中心（锦绣店）,辽宁省,大连市,smkt
20251411,MEITUAN,76W021174C,918819308732759,百家乐超市（风雨坛店）,辽宁省,沈阳市,cvs
20251411,MEITUAN,76W021212C,903877117490770,华润万家（咸阳福园店）,陕西省,咸阳市,hmkt
20251411,MEITUAN,76W021259C,1116074271781376,时刻便利（0355峰峰总院店）,河北省,邯郸市,mmkt
20251411,MEITUAN,76W021275C,1007768081433926,美特好（三墙店）,山西省,太原市,smkt
20251411,MEITUAN,76W021276C,873924040329299,广百家超市（相思湖店）,广西壮族自治区,南宁市,hmkt
20251411,MEITUAN,76W021307C,921774246228903,华润苏果便利（好的碑亭巷三代店),江苏省,南京市,mmkt
20251411,MEITUAN,76W021308C,1006114519038210,苏果便利（南京市文鸿路店）,江苏省,南京市,mmkt
20251411,MEITUAN,76W021321C,879507473070896,美宜佳(柳明路桂00885号店),广西壮族自治区,南宁市,cvs
20251411,MEITUAN,76W021322C,911101273701949,美宜佳（魅力之城桂02088号店）,广西壮族自治区,南宁市,cvs
20251411,MEITUAN,76W021331C,1001424438279993,美宜佳(长堽路桂02153号店),广西壮族自治区,南宁市,
20251411,MEITUAN,76W021340C,913373313660355,美宜佳（碧园印象桂01923号店）,广西壮族自治区,桂林市,cvs
20251411,MEITUAN,76W021362C,941423721607402,美宜佳（凯旋新天地桂00810号店）,广西壮族自治区,贵港市,cvs
20251411,MEITUAN,76W021427C,967743281211203,美宜佳（华天成湘02211店）,湖南省,张家界市,cvs
20251411,MEITUAN,76W021532C,1058152342794857,美宜佳（文一中心皖00276店）,安徽省,合肥市,cvs
20251411,MEITUAN,76W021877C,906424062158272,美宜佳（向阳大道鄂02078店）,湖北省,武汉市,cvs
20251411,MEITUAN,76W021878C,949824699543704,美宜佳（凤凰苑鄂01856店）,湖北省,武汉市,cvs
20251411,MEITUAN,76W021879C,906411169387459,美宜佳（芝山北路湘03592店）,湖南省,永州市,cvs
20251411,MEITUAN,76W021880C,859209457618391,美宜佳（铜宝路湘01500店）,湖南省,邵阳市,cvs
20251411,MEITUAN,76W021882C,927396358498508,美宜佳(东方丽都赣00657店),江西省,赣州市,cvs
20251411,MEITUAN,76W021890C,880327833676559,美宜佳（雄中路粤27941店）,广东省,韶关市,cvs
20251411,MEITUAN,76W021891C,1097953804702282,美宜佳（西明广场桂00172号店）,广西壮族自治区,南宁市,cvs
20251411,MEITUAN,76W021892C,1014700187562892,美宜佳（明珠花园桂02460号店）,广西壮族自治区,北海市,cvs
20251411,MEITUAN,76W021893C,846165641972837,美宜佳（阳光新城风林苑桂00621号店）,广西壮族自治区,南宁市,cvs
20251411,MEITUAN,76W021896C,1117062120023289,美宜佳（巴源广场鄂01335店）,湖北省,黄冈市,cvs
20251411,MEITUAN,76W021899C,859402731145428,美宜佳（子龙花园赣01001店）,江西省,宜春市,
20251411,MEITUAN,76W021904C,917724119634656,美宜佳(新中医院皖00533店),安徽省,阜阳市,cvs
20251411,MEITUAN,76W021910C,911676778114542,美宜佳(人民中路桂00168号店),广西壮族自治区,玉林市,cvs
20251411,MEITUAN,76W021911C,1055828765455579,美宜佳（广场南路桂00808号店）,广西壮族自治区,南宁市,cvs
20251411,MEITUAN,76W021912C,1001171011647914,美宜佳（风情街桂01300号店）,广西壮族自治区,北海市,cvs
20251411,MEITUAN,76W021914C,1084149787558782,美宜佳(永春公园鄂01502店),湖北省,黄冈市,cvs
20251411,MEITUAN,76W021916C,1050949682614424,美宜佳（时代广场赣00488店）,江西省,赣州市,cvs
20251411,MEITUAN,76W021917C,1074490422177743,美宜佳（锦绣苑赣01709店）,江西省,吉安市,cvs
20251411,MEITUAN,76W021927C,995042099183121,美宜佳（国大酒店桂01835号店）,广西壮族自治区,南宁市,cvs
20251411,MEITUAN,76W021928C,946212637671361,美宜佳(民主路桂02146号店),广西壮族自治区,南宁市,cvs
20251411,MEITUAN,76W021930C,931356324130469,美宜佳（凤栖路鄂01440店）,湖北省,孝感市,cvs
20251411,MEITUAN,76W021931C,1077780372322590,美宜佳(甲山大道湘03851店),湖南省,岳阳市,cvs
20251411,MEITUAN,76W021932C,950541937155993,美宜佳（漫城湘02250店）,湖南省,长沙市,cvs
20251411,MEITUAN,76W021933C,1064045037894600,美宜佳（老步步高赣01038店）,江西省,宜春市,cvs
20251411,MEITUAN,76W021939C,1122160240385372,美宜佳(惠州润杨溪谷店),广东省,惠州市,cvs
20251411,MEITUAN,76W021941C,924265333082543,美宜佳（丽港华府桂01595号店）,广西壮族自治区,梧州市,cvs
20251411,MEITUAN,76W021942C,943777363692450,美宜佳（博白三中桂01396号店）,广西壮族自治区,玉林市,cvs
20251411,MEITUAN,76W021943C,1035174267722145,美宜佳（白水塘新盛桂00281号店）,广西壮族自治区,钦州市,
20251411,MEITUAN,76W021945C,1056936872876987,美宜佳（人民医院鄂01487店）,湖北省,孝感市,cvs
20251411,MEITUAN,76W021946C,1069607020550258,美宜佳(宜尚湘02226店),湖南省,衡阳市,cvs
20251411,MEITUAN,76W021947C,1077690149015165,美宜佳（开成湘01550店),湖南省,娄底市,
20251411,MEITUAN,76W021948C,1098035430762315,美宜佳（华塘街道湘03329店）,湖南省,湘西土家族苗族自治州,cvs
20251411,MEITUAN,76W021977C,850559401144845,KKV（上海徐汇西岸凤巢AIPLAZA主力店）,上海市,上海市,mmkt
20251411,MEITUAN,76W021992C,902464094952875,711便利店（古城长安中心店）,北京市,北京市,cvs
20251411,MEITUAN,76W021997C,1017831230613651,KKV（北京京西大悦城店）,北京市,北京市,mmkt
20251411,MEITUAN,76W021998C,928431445540909,菜大婶生鲜超市（卡法国际店）,北京市,北京市,
20251411,MEITUAN,76W021999C,853364007077159,超市发（白颐路店）,北京市,北京市,smkt
20251411,MEITUAN,76W022004C,904332389869027,KKV（吉林财富购物广场主力店）,吉林省,吉林市,mmkt
20251411,MEITUAN,76W022008C,1072828246030931,欧亚超市(钜城店),吉林省,长春市,smkt
20251411,MEITUAN,76W022018C,1010422398985510,昆仑好客uSmile（宜宾水清店）,四川省,宜宾市,
20251411,MEITUAN,76W022024C,861786438018332,1+家（东门口店）,四川省,成都市,cvs
20251411,MEITUAN,76W022025C,1112092837084791,1+家超市（星雅俊园店）,四川省,成都市,cvs
20251411,MEITUAN,76W022027C,877978451571580,711便利店（金科天都店）,四川省,成都市,
20251411,MEITUAN,76W022028C,1059123011196604,老邻居超市（百吉店）,四川省,成都市,mmkt
20251411,MEITUAN,76W022029C,880778805082402,LAWSON罗森（川师成龙校区西晖门店）,四川省,成都市,cvs
20251411,MEITUAN,76W022032C,970659587773741,LAWSON罗森（环球汇店）,四川省,成都市,cvs
20251411,MEITUAN,76W022057C,1097653156998527,KKV（成都青白江万达广场主力店）,四川省,成都市,mmkt
20251411,MEITUAN,76W022059C,967249383618154,红旗连锁（金堂金海岸分场店）,四川省,成都市,
20251411,MEITUAN,76W022061C,882801736809032,红旗连锁(蒲江鹤山紫华路店),四川省,成都市,mmkt
20251411,MEITUAN,76W022062C,1045387699949841,红旗连锁（青白江城厢首府店）,四川省,成都市,mmkt
20251411,MEITUAN,76W022063C,1032099071149599,红旗连锁（新希望店）,四川省,成都市,mmkt
20251411,MEITUAN,76W022067C,1005427345447639,老邻居超市（慧民店）,四川省,成都市,mmkt
20251411,MEITUAN,76W022068C,1066862560032906,攀钢吉靓轩超市（瓜子坪店）,四川省,攀枝花市,mmkt
20251411,MEITUAN,76W022069C,1111062050762042,宏远上铖（彭山凯鑫华府店）,四川省,眉山市,mmkt
20251411,MEITUAN,76W022080C,1118024211887515,邻几（南岗青年公寓店）,安徽省,合肥市,cvs
20251411,MEITUAN,76W022082C,1095256590329688,邻几（高新曦街店）,安徽省,合肥市,cvs
20251411,MEITUAN,76W022083C,1016104612953646,邻几（新城国际二店）,安徽省,合肥市,cvs
20251411,MEITUAN,76W022085C,1078141126399787,邻几（琥珀五环城店）,安徽省,合肥市,cvs
20251411,MEITUAN,76W022086C,994646962185123,邻几便利店（L砂之船店）,安徽省,合肥市,cvs
20251411,MEITUAN,76W022087C,1074984319593907,美宜佳（丰辉国际皖00306店）,安徽省,合肥市,cvs
20251411,MEITUAN,76W022088C,1100509297079620,巷邻便利店（元一名城店）,安徽省,合肥市,cvs
20251411,MEITUAN,76W022097C,1002717199904921,壹度便利（茂和小区店）,安徽省,宿州市,cvs
20251411,MEITUAN,76W022114C,1064070831272773,711便利店（德州奥莱广场店）,山东省,德州市,cvs
20251411,MEITUAN,76W022115C,895922878964373,八点半（聚隆广场二店）,山东省,济南市,cvs
20251411,MEITUAN,76W022128C,975508603752569,金虎便利（7005东一环店）,山西省,吕梁市,cvs
20251411,MEITUAN,76W022129C,896425349275843,金虎便利（1308学府2号店）,山西省,太原市,cvs
20251411,MEITUAN,76W022130C,1008253412762497,金虎便利（3289富力湾店）,山西省,太原市,cvs
20251411,MEITUAN,76W022132C,1077634337983941,金虎便利（3993九润龙湾店）,山西省,太原市,cvs
20251411,MEITUAN,76W022136C,1066810996904089,美宜佳（帝雍园2348店）,广东省,东莞市,cvs
20251411,MEITUAN,76W022138C,1043454964693965,美宜佳（华通城1467店）,广东省,东莞市,cvs
20251411,MEITUAN,76W022139C,898843415848366,美宜佳（佳嘉豪园粤26678店）,广东省,东莞市,cvs
20251411,MEITUAN,76W022144C,1056468715589218,美宜佳(韩边村7659店),广东省,东莞市,cvs
20251411,MEITUAN,76W022145C,906278004257343,美宜佳（新犬眠岭1909店）,广东省,东莞市,cvs
20251411,MEITUAN,76W022150C,907927258483731,美宜佳(海伦堡粤10620店),广东省,佛山市,cvs
20251411,MEITUAN,76W022151C,1097107683014293,美宜佳（新华路粤21556店）,广东省,佛山市,cvs
20251411,MEITUAN,76W022153C,1091571483301744,美宜佳【零食站M659店】,广东省,佛山市,cvs
20251411,MEITUAN,76W022154C,897795443847632,美宜佳（听涛苑粤18386店）,广东省,佛山市,cvs
20251411,MEITUAN,76W022157C,1018033074388608,罗森便利店（赏湖街店）,广东省,广州市,cvs
20251411,MEITUAN,76W022158C,937163114082980,美宜佳(中航城粤20798店),广东省,广州市,cvs
20251411,MEITUAN,76W022159C,1088607977545128,美宜佳(阳莘丰路粤28730店),广东省,广州市,cvs
20251411,MEITUAN,76W022160C,1075976480043818,美宜佳（永和街道粤28150店）,广东省,广州市,cvs
20251411,MEITUAN,76W022161C,880168921040096,美宜佳（丽景湾粤16711店）,广东省,广州市,cvs
20251411,MEITUAN,76W022162C,1038133500233879,美宜佳（环翠园24490店）,广东省,广州市,cvs
20251411,MEITUAN,76W022163C,1085631543541530,美宜佳（剑桥汇粤10001店）,广东省,广州市,cvs
20251411,MEITUAN,76W022165C,1055227470060104,美宜佳(悦湖会粤10555店),广东省,惠州市,cvs
20251411,MEITUAN,76W022166C,1051697006913223,美宜佳（保利粤19302店）,广东省,惠州市,cvs
20251411,MEITUAN,76W022167C,1003503178876317,美宜佳(海悦湾A粤21209店),广东省,惠州市,
20251411,MEITUAN,76W022168C,909361790776545,美宜佳(蔡家村粤13542店),广东省,惠州市,
20251411,MEITUAN,76W022170C,927877419782945,美宜佳（朝扬区粤28240店）,广东省,揭阳市,cvs
20251411,MEITUAN,76W022171C,1024454029360311,美宜佳（三板桥G979店）,广东省,梅州市,cvs
20251411,MEITUAN,76W022172C,1001720767469576,美宜佳（环城街粤12945店）,广东省,梅州市,cvs
20251411,MEITUAN,76W022181C,1025626555439026,美宜佳(凤尾坑K509店）,广东省,深圳市,cvs
20251411,MEITUAN,76W022190C,953239198291336,美宜佳（创客城桂02268号店）,广西壮族自治区,南宁市,cvs
20251411,MEITUAN,76W022192C,948467496929918,美宜佳(良堤路桂02459号店),广西壮族自治区,南宁市,cvs
20251411,MEITUAN,76W022195C,1078879854968488,美宜佳（民族大道桂01729号店）,广西壮族自治区,柳州市,cvs
20251411,MEITUAN,76W022200C,1095471313589900,购好超市（四平路店）,江苏省,南京市,cvs
20251411,MEITUAN,76W022202C,874735790455654,罗森（南京中南世纪雅苑店）,江苏省,南京市,cvs
20251411,MEITUAN,76W022203C,889162581186839,罗森（南京牌楼巷店）,江苏省,南京市,cvs
20251411,MEITUAN,76W022205C,996017050942074,罗森（8230海门三厂店）,江苏省,南通市,cvs
20251411,MEITUAN,76W022207C,1008609922568517,之上便利店（长江镇文峰店）,江苏省,南通市,cvs
20251411,MEITUAN,76W022221C,902343835898482,美宜佳（长安府赣01471店）,江西省,上饶市,cvs
20251411,MEITUAN,76W022224C,1083217758614112,美宜佳(湖滨财校赣00415店),江西省,九江市,cvs
20251411,MEITUAN,76W022227C,1119767943591134,乐豆家（社保大楼0324店）,江西省,南昌市,cvs
20251411,MEITUAN,76W022229C,1063804547240450,美宜佳(香堤湖岸赣01895店),江西省,南昌市,cvs
20251411,MEITUAN,76W022234C,1111040570053671,有家便利店（中林大厦店）,江西省,南昌市,cvs
20251411,MEITUAN,76W022237C,1068464559251845,美宜佳(富瑞花园二期赣02059店),江西省,吉安市,cvs
20251411,MEITUAN,76W022250C,894406738073065,美宜佳(豫1215信阳一高店),河南省,信阳市,cvs
20251411,MEITUAN,76W022254C,982801436563765,美宜佳(豫442内乡左岸皇朝店),河南省,南阳市,cvs
20251411,MEITUAN,76W022258C,933400746473886,美宜佳(豫1091鑫源国际店),河南省,周口市,cvs
20251411,MEITUAN,76W022260C,894234937767661,美宜佳(豫985庄子广场店),河南省,商丘市,cvs
20251411,MEITUAN,76W022262C,1015219849696788,7便利（香槟圣园店）,河南省,商丘市,cvs
20251411,MEITUAN,76W022272C,1018333700950066,悦来悦喜（洛阳九都西路店）,河南省,洛阳市,cvs
20251411,MEITUAN,76W022282C,1025115483363471,万果园社区超市（天鹅商厦09店）,河南省,周口市,mmkt
20251411,MEITUAN,76W022297C,846951663592976,人本超市(南瓯店),浙江省,温州市,smkt
20251411,MEITUAN,76W022298C,1006398011815512,浙北超市（安吉孝丰店）,浙江省,湖州市,mmkt
20251411,MEITUAN,76W022299C,1093663155924563,一百超市（牌头店）,浙江省,绍兴市,smkt
20251411,MEITUAN,76W022300C,1096162803336774,美宜佳(咸宁君临时代585店),湖北省,咸宁市,cvs
20251411,MEITUAN,76W022301C,899637984814240,美宜佳（仁和医院鄂1210店）,湖北省,宜昌市,cvs
20251411,MEITUAN,76W022302C,859050543841635,美宜佳(运河佳苑鄂01331店),湖北省,宜昌市,cvs
20251411,MEITUAN,76W022313C,1060437306267967,美宜佳（江逸酒店湘04128店）,湖南省,娄底市,cvs
20251411,MEITUAN,76W022315C,1025098315326262,新佳宜便利店（富隆中心2442店）,湖南省,娄底市,cvs
20251411,MEITUAN,76W022316C,962705284588256,美宜佳（万汇中心湘01817店）,湖南省,岳阳市,cvs
20251411,MEITUAN,76W022317C,1124019961256897,美宜佳(屈原二中湘02028店),湖南省,岳阳市,cvs
20251411,MEITUAN,76W022318C,1121494543849800,新佳宜便利店(岳阳天伦城银座2160店),湖南省,岳阳市,cvs
20251411,MEITUAN,76W022319C,953771774503501,美宜佳（广德荷苑湘03565店）,湖南省,常德市,
20251411,MEITUAN,76W022320C,966506330631842,美宜佳（尧业湘01339店）,湖南省,常德市,cvs
20251411,MEITUAN,76W022321C,1034693231438906,美宜佳（火车站湘02025店）,湖南省,怀化市,cvs
20251411,MEITUAN,76W022322C,852023977370700,美宜佳（新时代广场湘01158店）,湖南省,怀化市,cvs
20251411,MEITUAN,76W022323C,1058435857896715,天福便利店（26595迎丰中路店）,湖南省,怀化市,cvs
20251411,MEITUAN,76W022324C,974761244616020,美宜佳便利店（盛世华庭湘01677店）,湖南省,株洲市,
20251411,MEITUAN,76W022326C,909658143506079,新佳宜连锁便利店（泰山路1839店）,湖南省,株洲市,
20251411,MEITUAN,76W022327C,884609936877228,美宜佳(九亿街湘04075店),湖南省,永州市,cvs
20251411,MEITUAN,76W022328C,1019720975427075,美宜佳（广源商湘02847店）,湖南省,永州市,cvs
20251411,MEITUAN,76W022329C,954643630936069,美宜佳（万家天府湘02960店）,湖南省,永州市,cvs
20251411,MEITUAN,76W022331C,941372209550635,新佳宜便利店（益阳桃花仑2358店）,湖南省,益阳市,cvs
20251411,MEITUAN,76W022333C,1015730950774772,美宜佳（七巷湘02082店）,湖南省,衡阳市,cvs
20251411,MEITUAN,76W022334C,1095686085502180,美宜佳（新城公寓湘03259店）,湖南省,衡阳市,cvs
20251411,MEITUAN,76W022335C,886065911932562,美宜佳(君安御豪湘03628店),湖南省,衡阳市,cvs
20251411,MEITUAN,76W022338C,993710674587421,美宜佳（丰茂湘03492店）,湖南省,邵阳市,cvs
20251411,MEITUAN,76W022339C,1013720906133558,美宜佳（电信新村湘00968店）,湖南省,邵阳市,
20251411,MEITUAN,76W022341C,1062533209405235,美宜佳（西街湘01655店）,湖南省,郴州市,cvs
20251411,MEITUAN,76W022342C,1000067205091869,美宜佳（天禧湘01952店）,湖南省,郴州市,cvs
20251411,MEITUAN,76W022355C,1045177246585892,美宜佳（瑞泉花园闽01633店）,福建省,三明市,cvs
20251411,MEITUAN,76W022357C,1059316300831377,美宜佳（兴达路闽02458店）,福建省,南平市,
20251411,MEITUAN,76W022367C,1033838519766162,美宜佳（中心花园闽00923店）,福建省,厦门市,
20251411,MEITUAN,76W022381C,1039804242505930,美宜佳(万益城市广场F187店),福建省,漳州市,cvs
20251411,MEITUAN,76W022391C,876840298349191,万嘉便利(平潭潭潮店),福建省,福州市,cvs
20251411,MEITUAN,76W022408C,1058654877464219,24客（银通花园店）,贵州省,贵阳市,cvs
20251411,MEITUAN,76W022410C,1075860492962992,24客(华润4店),贵州省,贵阳市,cvs
20251411,MEITUAN,76W022412C,985932467771167,凯辉便利(碧园花城店),贵州省,贵阳市,cvs
20251411,MEITUAN,76W022413C,1042364048811016,凯辉便利（新创路店）,贵州省,贵阳市,cvs
20251411,MEITUAN,76W022415C,951843299154143,凯辉便利(花果园49店),贵州省,贵阳市,cvs
20251411,MEITUAN,76W022416C,902459778296501,凯辉便利(梦想城6店),贵州省,贵阳市,cvs
20251411,MEITUAN,76W022417C,849902263506966,凯辉便利(湘雅村店),贵州省,贵阳市,cvs
20251411,MEITUAN,76W022420C,1011191170772081,凯辉便利(富力新天地6店),贵州省,贵阳市,cvs
20251411,MEITUAN,76W022425C,1065775909740987,罗森便利店（1357金马路港西店）,辽宁省,大连市,cvs
20251411,MEITUAN,76W022435C,1001707882589579,大连元初食品（壹品星海店）,辽宁省,大连市,mmkt
20251411,MEITUAN,76W022436C,872034254910798,KKV（沈阳奥体万达广场店）,辽宁省,沈阳市,mmkt
20251411,MEITUAN,76W022453C,1069138910031728,每一天便利店（杨凌示范区医院店）,陕西省,咸阳市,cvs
20251411,MEITUAN,76W022454C,1116289062786469,捷的（江南一品店）,陕西省,安康市,cvs
20251411,MEITUAN,76W022455C,887985781163157,美宜佳便利店(陕270九龙新城店),陕西省,宝鸡市,cvs
20251411,MEITUAN,76W022458C,985056300236230,711（长安北路店）,陕西省,西安市,cvs
20251411,MEITUAN,76W022462C,978708332709601,华润万家（汉中天汉大道店）,陕西省,汉中市,hmkt
20251411,MEITUAN,76W022463C,1122598332892884,KKV（咸阳秦都万达广场主力店）,陕西省,咸阳市,mmkt
20251411,MEITUAN,76W022465C,866974758498022,华润万家便利超市（西安华清学府城店）,陕西省,西安市,mmkt
20251411,MEITUAN,76W022472C,1092559325759951,邻几（马鞍山万达公寓店）,安徽省,马鞍山市,cvs
20251411,MEITUAN,76W022473C,921847284119959,巷邻（颍上五中店）,安徽省,阜阳市,cvs
20251411,MEITUAN,76W022481C,1096033977697787,KKV（北京丰科万达广场主力店）,北京市,北京市,mmkt
20251411,MEITUAN,76W022493C,1019059572178697,131爱便利店,广东省,东莞市,
20251411,MEITUAN,76W022499C,959771829659796,24客便利店（医科大店）,广西壮族自治区,南宁市,cvs
20251411,MEITUAN,76W022505C,967099036133707,24客（碧阳国际2店）,贵州省,毕节市,cvs
20251411,MEITUAN,76W022509C,1084849884185490,711便利店（通元国际店）,河南省,洛阳市,cvs
20251411,MEITUAN,76W022515C,903091161967206,KKV（商丘港汇万达广场主力店）,河南省,商丘市,mmkt
20251411,MEITUAN,76W022522C,1110538064728697,卜蜂莲花(愿景店),湖南省,永州市,hmkt
20251411,MEITUAN,76W022526C,881556201474054,亚泰超市（新动力店）,吉林省,长春市,smkt
20251411,MEITUAN,76W022527C,1124350714571960,大润发(关河店),江苏省,常州市,hmkt
20251411,MEITUAN,76W022529C,876135966358652,大润发(吴中店),江苏省,苏州市,hmkt
20251411,MEITUAN,76W022533C,961820521305412,华润苏果（华侨城店）,江苏省,南京市,hmkt
20251411,MEITUAN,76W022538C,1048926795700336,大润发（春阳店）,山东省,青岛市,hmkt
20251411,MEITUAN,76W022579C,938017855122312,大润发（常德店）,湖南省,常德市,hmkt
20251411,MEITUAN,76W022591C,1103236655303954,大润发（华阳店）,四川省,成都市,hmkt
20251411,MEITUAN,76W022661C,1047084252914969,大润发(淮阴店),江苏省,淮安市,hmkt
20251411,MEITUAN,76W022693C,1071969295632538,大润发（峨眉山店）,四川省,乐山市,smkt
20251411,MEITUAN,76W022741C,1069834696444234,大润发(曹安店),上海市,上海市,hmkt
20251411,MEITUAN,76W022744C,916951044201491,大润发（大渡河店）,上海市,上海市,hmkt
20251411,MEITUAN,76W022747C,920941063382074,大润发(华漕店),上海市,上海市,hmkt
20251411,MEITUAN,76W022750C,1079395291936206,大润发(美兰湖店),上海市,上海市,hmkt
20251411,MEITUAN,76W022753C,1020528472013643,大润发(南翔店),上海市,上海市,hmkt
20251411,MEITUAN,76W022756C,894763237739809,大润发(泗泾店),上海市,上海市,hmkt
20251411,MEITUAN,76W022759C,999620569296784,大润发(闸北店),上海市,上海市,hmkt
20251411,MEITUAN,76W022762C,884227683049085,大润发(中原店),上海市,上海市,hmkt
20251411,MEITUAN,76W022780C,1104653994611941,大润发(黄河店),江苏省,苏州市,hmkt
20251411,MEITUAN,76W022786C,1070603495671259,大润发(盛泽店),江苏省,苏州市,hmkt
20251411,MEITUAN,76W022796C,1018015916155316,大润发（泰安店）,山东省,泰安市,hmkt
20251411,MEITUAN,76W022798C,1064702210996311,大润发(靖江店),江苏省,泰州市,hmkt
20251411,MEITUAN,76W022805C,1075620015571954,大润发（紫金山店）,天津市,天津市,hmkt
20251411,MEITUAN,76W022820C,882844705358997,大润发(五星店),江苏省,无锡市,hmkt
20251411,MEITUAN,76W022835C,890193392556841,大润发(盐南店),江苏省,盐城市,hmkt
20251411,MEITUAN,76W022838C,1046440009660780,大润发(江都店),江苏省,扬州市,hmkt
20251411,MEITUAN,76W022848C,1004851839447657,大润发（枣庄店）,山东省,枣庄市,hmkt
20251411,MEITUAN,76W022853C,879846818094477,大润发（芙蓉店）,湖南省,长沙市,hmkt
20251411,MEITUAN,76W022856C,907188579881810,大润发（天心店）,湖南省,长沙市,hmkt
20251411,MEITUAN,76W022862C,895171261498082,大润发(京口店),江苏省,镇江市,hmkt
20251411,MEITUAN,76W022881C,1085657356011365,吉时汇便利店(春城店),吉林省,辽源市,cvs
20251411,MEITUAN,76W022882C,1067261968413722,每日隆便利店（东沃店）,吉林省,延边朝鲜族自治州,cvs
20251411,MEITUAN,76W022883C,861730603420977,新天地超市（吉林万利城店）,吉林省,吉林市,cvs
20251411,MEITUAN,76W022884C,928693425343980,新天地超市（经纬路店）,吉林省,长春市,cvs
20251411,MEITUAN,76W022885C,982131408493617,新天地超市(义和路店),吉林省,长春市,cvs
20251411,MEITUAN,76W022887C,964397523685013,大顺发生活超市(黄垦店),江西省,南昌市,smkt
20251411,MEITUAN,76W022888C,942815291026370,乐豆家（名星广场0160店）,江西省,上饶市,cvs
20251411,MEITUAN,76W022891C,1077110351867211,三信超市（师专店）,山东省,菏泽市,mmkt
20251411,MEITUAN,76W022892C,1118509518196995,711便利店(中建华府店）,山东省,德州市,cvs
20251411,MEITUAN,76W022893C,1094844248389568,橙子便利（龙湖天街店）,山东省,济南市,cvs
20251411,MEITUAN,76W022894C,940564714964365,可好（黄岛城市阳台010292店）,山东省,青岛市,cvs
20251411,MEITUAN,76W022895C,966334531971279,仲家汇超市（山大望燕店）,山东省,济南市,
20251411,MEITUAN,76W022896C,1041401970304457,友客(黄岛区中铁博览城店),山东省,青岛市,cvs
20251411,MEITUAN,76W022898C,934203881605101,711便利店（鹭洲里店）,四川省,成都市,cvs
20251411,MEITUAN,76W022899C,906071874717859,LAWSON罗森（青白江英祥广场店）,四川省,成都市,cvs
20251411,MEITUAN,76W022901C,996695677449930,LAWSON罗森（绵阳1958店）,四川省,绵阳市,cvs
20251411,MEITUAN,76W022904C,925854507922301,美宜佳（博雅华庭川01551店）,四川省,南充市,cvs
20251411,MEITUAN,76W022905C,1121632002022622,美宜佳(钻石街川01081店),四川省,南充市,cvs
20251411,MEITUAN,76W022906C,1112316175375161,美宜佳（龙城中铁川00221店）,四川省,遂宁市,cvs
20251411,MEITUAN,76W022909C,991966902590186,百姓量贩（东城花园店）,河南省,濮阳市,smkt
20251411,MEITUAN,76W022911C,1021795487293013,昆仑好客uSmile（黑龙江销售七台河分公司东进便利店）,黑龙江省,七台河市,
20251411,MEITUAN,76W022915C,970659563977573,新天地超市(哈尔滨安固店),黑龙江省,哈尔滨市,cvs
20251411,MEITUAN,76W022918C,977699015367993,新天地超市(上江店),黑龙江省,哈尔滨市,cvs
20251411,MEITUAN,76W022922C,1064341431533548,来此购食品折扣超市,黑龙江省,齐齐哈尔市,
20251411,MEITUAN,76W022923C,1105040500728328,中央红超市（学府路店）,黑龙江省,哈尔滨市,smkt
20251411,MEITUAN,76W022924C,968245792379752,舫舟优选小月亮超市（汇锦店）,黑龙江省,哈尔滨市,mmkt
20251411,MEITUAN,76W022928C,1107308265307731,国贸优选（夷广店）,湖北省,宜昌市,smkt
20251411,MEITUAN,76W022930C,880735833699776,中百仓储超市（丹水池店）,湖北省,武汉市,
20251411,MEITUAN,76W022931C,1076161140688977,中百仓储超市（蔡甸购物广场店）,湖北省,武汉市,smkt
20251411,MEITUAN,76W022936C,985150826265543,锁味（国宾府店）,湖南省,常德市,
20251411,MEITUAN,76W022937C,1009395895764692,欧亚超市（和宁店）,吉林省,辽源市,smkt
20251411,MEITUAN,76W022938C,1060359961788832,欧亚超市（居然之家店）,吉林省,长春市,smkt
20251411,MEITUAN,76W022939C,861137898042081,欧亚超市(柳影路店),吉林省,长春市,smkt
20251411,MEITUAN,76W022950C,1003266977332516,快客（大连君安店）,辽宁省,大连市,cvs
20251411,MEITUAN,76W022958C,1022963675697233,昆仑好客uSmile（西南路店）,辽宁省,大连市,
20251411,MEITUAN,76W022977C,1026799104999421,罗森便利店（2003鞍山景子街店）,辽宁省,鞍山市,cvs
20251411,MEITUAN,76W022990C,1004993558579679,罗森便利店（1325瓦房店华太广场店）,辽宁省,大连市,
20251411,MEITUAN,76W023026C,1030690321861952,新天地便利店(苍山路店),辽宁省,沈阳市,cvs
20251411,MEITUAN,76W023046C,1000728630015762,新天地便利店(万象汇店),辽宁省,沈阳市,cvs
20251411,MEITUAN,76W023057C,1103395551752177,佐客（朗香邸店）,辽宁省,沈阳市,cvs
20251411,MEITUAN,76W023060C,887049463313703,北美新生活连锁超市（城北阳光店）,辽宁省,锦州市,
20251411,MEITUAN,76W023061C,1022134768728227,金叶春天便利店（喜阅店）,辽宁省,大连市,mmkt
20251411,MEITUAN,76W023064C,965857814124316,麦谷鲜生（杏林苑店）,陕西省,铜川市,
20251411,MEITUAN,76W023067C,855511477584174,世纪联华（新村店）,上海市,上海市,smkt
20251411,MEITUAN,76W023069C,848089787288580,世纪联华（控江店）,上海市,上海市,smkt
20251411,MEITUAN,76W023070C,904349563885112,blt精品超市(上海大悦城店),上海市,上海市,
20251411,MEITUAN,76W023071C,1027920068009892,Ole精品超市(南京东路店),上海市,上海市,smkt
20251411,MEITUAN,76W023074C,864200196479529,联华超市（田林店）,上海市,上海市,mmkt
20251411,MEITUAN,76W023075C,1107149316490048,联华超市（张杨店）,上海市,上海市,smkt
20251411,MEITUAN,76W023076C,1110731359953266,联华超市（品直多商品直销中心）,上海市,上海市,mmkt
20251411,MEITUAN,76W023077C,1004121654178057,联华超市（东门店）,上海市,上海市,smkt
20251411,MEITUAN,76W023078C,1041462099958662,联华超市（菊盛店）,上海市,上海市,smkt
20251411,MEITUAN,76W023079C,1033374698219072,联华超市（堡镇店）,上海市,上海市,mmkt
20251411,MEITUAN,76W023080C,848446269606782,世纪联华（北斗星店）,上海市,上海市,
20251411,MEITUAN,76W023083C,1101793546286910,易捷（中石化南开天塔店）,天津市,天津市,cvs
20251411,MEITUAN,76W023085C,1102407710802399,易捷（中石化西青杨柳青店）,天津市,天津市,
20251411,MEITUAN,76W023086C,852788522340947,老祥云（福景名园小区86店）,云南省,大理白族自治州,
20251411,MEITUAN,76W023088C,926829422733226,大兴量贩,云南省,西双版纳傣族自治州,smkt
20251411,MEITUAN,76W023089C,1107978284376569,福鑫购物广场,云南省,德宏傣族景颇族自治州,smkt
20251411,MEITUAN,76W023090C,947655744010353,家益超市（北滨一号店）,重庆市,重庆市,mmkt
20251411,MEITUAN,76W023091C,993465840352432,逸民超市（中昂星汇店）,重庆市,重庆市,mmkt
20251411,MEITUAN,76W023092C,1121163836992536,逸民超市（两江名居店）,重庆市,重庆市,mmkt
20251411,MEITUAN,76W023096C,936544644613272,农工商超市(00042闵行店),上海市,上海市,mmkt
20251411,MEITUAN,76W023098C,905075486827652,昆仑好客uSmile（建设路店）,安徽省,滁州市,
20251411,MEITUAN,76W023099C,850168624958540,美宜佳（双清湾皖00292店）,安徽省,阜阳市,cvs
20251411,MEITUAN,76W023102C,897039603032515,壹度便利（10302淮北国购店）,安徽省,淮北市,cvs
20251411,MEITUAN,76W023103C,1051168799409735,壹度便利（砀山汇景雅苑南门店）,安徽省,宿州市,cvs
20251411,MEITUAN,76W023104C,1119115182069413,壹度便利（不夜城商业街店）,安徽省,宿州市,cvs
20251411,MEITUAN,76W023107C,872326361265381,谊品生鲜超市（金星和园店）,安徽省,合肥市,cvs
20251411,MEITUAN,76W023122C,1049772935112068,华润万家（从化店),广东省,广州市,hmkt
20251411,MEITUAN,76W023123C,1025785542762813,华润万家（广州中六店）,广东省,广州市,hmkt
20251411,MEITUAN,76W023131C,1016542773125738,元初食品（景苑大厦店）,广东省,深圳市,mmkt
20251411,MEITUAN,76W023133C,1120631305550706,生活无忧（广州黄埔萝岗东方汇店）,广东省,广州市,
20251411,MEITUAN,76W023137C,888436783618776,华润万家便利超市（米兰春天店）,广东省,珠海市,mmkt
20251411,MEITUAN,76W023139C,883377312147535,乐购express（中海锦城店）,广东省,深圳市,mmkt
20251411,MEITUAN,76W023140C,926593273054842,美宜多（龙口东店）,广东省,广州市,mmkt
20251411,MEITUAN,76W023141C,1056713602294753,顺客隆（杏坛店）,广东省,佛山市,mmkt
20251411,MEITUAN,76W023144C,1057851768774205,昆仑好客uSmile(桂林桂胜店）,广西壮族自治区,桂林市,
20251411,MEITUAN,76W023146C,1074284313472055,美加美生活（江湾店）,广西壮族自治区,南宁市,cvs
20251411,MEITUAN,76W023148C,958835592555132,美宜佳(金康苑桂02531号店),广西壮族自治区,南宁市,cvs
20251411,MEITUAN,76W023149C,1014455419046696,美宜佳(庆歌路桂02749号店),广西壮族自治区,南宁市,cvs
20251411,MEITUAN,76W023150C,857448594565832,美宜佳（龙圣新村桂02390号店）,广西壮族自治区,贵港市,cvs
20251411,MEITUAN,76W023152C,1039061286702488,黔厨鲜（盘江店）,贵州省,贵阳市,
20251411,MEITUAN,76W023157C,1049665560965997,凯辉便利店(珠海路店),贵州省,遵义市,cvs
20251411,MEITUAN,76W023158C,912660399161027,凯辉（碧海南路店）,贵州省,贵阳市,cvs
20251411,MEITUAN,76W023163C,1107866662686194,昆仑好客uSmile（耀华店）,贵州省,六盘水市,
20251411,MEITUAN,76W023165C,898164884445012,美宜佳（竹海东路贵00358号店）,贵州省,六盘水市,cvs
20251411,MEITUAN,76W023166C,985760742478956,美宜佳（派力花园贵00225店）,贵州省,安顺市,
20251411,MEITUAN,76W023168C,947767461777475,美宜佳(樽憬财富广场贵00483号店),贵州省,毕节市,cvs
20251411,MEITUAN,76W023169C,1029221516542699,美宜佳（印象兴义5栋贵00895号店）,贵州省,黔西南布依族苗族自治州,cvs
20251411,MEITUAN,76W023172C,1102356219674965,美宜佳（九龙山贵01169号店）,贵州省,遵义市,cvs
20251411,MEITUAN,76W023174C,944868358826566,美宜佳（同泽新时代广场贵00878号店）,贵州省,遵义市,cvs
20251411,MEITUAN,76W023178C,845396916264008,勇惠便利（福州街店）,贵州省,贵阳市,cvs
20251411,MEITUAN,76W023183C,1009181199117324,和天下精致超市(天利店),贵州省,遵义市,smkt
20251411,MEITUAN,76W023185C,1013708094649670,华联玛客（北门店）,贵州省,铜仁市,
20251411,MEITUAN,76W023189C,1005917023981203,星力超市（中华店）,贵州省,贵阳市,smkt
20251411,MEITUAN,76W023193C,1075761782233340,迎福华联超市,河北省,沧州市,
20251411,MEITUAN,76W023194C,952517695659226,36524便利店（大石门店）,河北省,石家庄市,
20251411,MEITUAN,76W023198C,1004521159689859,昆仑好客（张家口东升路玄武店）,河北省,张家口市,
20251411,MEITUAN,76W023199C,1058113761590264,罗森（张家口职业技术学院店）,河北省,张家口市,
20251411,MEITUAN,76W023201C,1119600513440904,LAWSON罗森（唐山遵化北街店）,河北省,唐山市,cvs
20251411,MEITUAN,76W023204C,983016258407399,罗森（唐山丰润祥润佳园店）,河北省,唐山市,cvs
20251411,MEITUAN,76W023206C,1077204891268589,美宜佳(冀38天外天宾馆店),河北省,邯郸市,cvs
20251411,MEITUAN,76W023208C,1006801787317541,美宜佳(冀1卓昱大厦店),河北省,邯郸市,
20251411,MEITUAN,76W023211C,902777679415610,天天便利（廊坊万达三店）,河北省,廊坊市,
20251411,MEITUAN,76W023212C,1079670202472813,天天便利（沙河汇通店）,河北省,邢台市,cvs
20251411,MEITUAN,76W023213C,901845671524073,天天便利(邢台黄家园店),河北省,邢台市,
20251411,MEITUAN,76W023214C,912784953202083,塞北福满家(双龙尚府店),河北省,秦皇岛市,
20251411,MEITUAN,76W023215C,858758559582686,36524便利店（地铁西三教A店）,河北省,石家庄市,
20251411,MEITUAN,76W023216C,1121073687180815,唐百便利店（大理路茂华店）,河北省,唐山市,mmkt
20251411,MEITUAN,76W023218C,1124836078527440,百姓量贩（巴黎街店）,河南省,濮阳市,smkt
20251411,MEITUAN,76W023219C,1008807537040155,丹尼斯超市(北航店),河南省,洛阳市,mmkt
20251411,MEITUAN,76W023220C,982844459767052,丹尼斯全日鲜(大尚店),河南省,郑州市,mmkt
20251411,MEITUAN,76W023221C,1103447141395040,丹尼斯全日鲜(国基店),河南省,郑州市,mmkt
20251411,MEITUAN,76W023224C,949700197135594,三毛每日鲜（宏学街店）,河南省,开封市,mmkt
20251411,MEITUAN,76W023225C,1076663725380476,壹度便利（金色东方信苑店）,河南省,周口市,cvs
20251411,MEITUAN,76W023226C,1033233016052591,豫爱家超市,河南省,开封市,
20251411,MEITUAN,76W023227C,1107304022049101,安奇乐易（锦江店）,河南省,商丘市,smkt
20251411,MEITUAN,76W023228C,1113858142134181,华联优品生活超市（安钢店）,河南省,安阳市,smkt
20251411,MEITUAN,76W023229C,959668816202108,华豫佰佳超市(公园里店),河南省,郑州市,smkt
20251411,MEITUAN,76W023230C,1035784226644749,欢乐爱家（皇家一里店）,河南省,驻马店市,smkt
20251411,MEITUAN,76W023232C,912638924327510,隆祥生活超市（戚城店）,河南省,濮阳市,smkt
20251411,MEITUAN,76W023234C,1027679623368784,万果园社区超市（72店）,河南省,周口市,smkt
20251411,MEITUAN,76W023236C,1075031637758477,一峰生活广场（义乌城店）,河南省,许昌市,
20251411,MEITUAN,76W023238C,1083595802512819,微利超市（旭升店）,黑龙江省,哈尔滨市,cvs
20251411,MEITUAN,76W023239C,896906459147849,金叶便利,黑龙江省,鸡西市,mmkt
20251411,MEITUAN,76W023240C,1012801856622671,金叶便利,黑龙江省,七台河市,
20251411,MEITUAN,76W023241C,1071896311629230,海百佳超市（金叶便利店）,黑龙江省,绥化市,
20251411,MEITUAN,76W023242C,1072446067415506,昆仑好客uSmile（龙凤店）,黑龙江省,大庆市,
20251411,MEITUAN,76W023244C,983733517905044,融惠微利便利店(龙江店),黑龙江省,哈尔滨市,cvs
20251411,MEITUAN,76W023245C,967343922730535,融惠微利便利店(木介店),黑龙江省,哈尔滨市,cvs
20251411,MEITUAN,76W023247C,1121344270044719,新天地超市（湿地写字间店）,黑龙江省,哈尔滨市,cvs
20251411,MEITUAN,76W023248C,1095037595375563,新天地超市（滨才店）,黑龙江省,哈尔滨市,cvs
20251411,MEITUAN,76W023250C,876221896584981,新天地超市（群力远大贰店）,黑龙江省,哈尔滨市,cvs
20251411,MEITUAN,76W023251C,1062438793609204,新天地超市(延兴路店),黑龙江省,哈尔滨市,
20251411,MEITUAN,76W023252C,1123461688919731,新天地超市（天邑澜山店）,黑龙江省,哈尔滨市,cvs
20251411,MEITUAN,76W023253C,890983699163643,新天地超市(华鸿店）,黑龙江省,哈尔滨市,cvs
20251411,MEITUAN,76W023254C,894823399947905,新天地超市(信恒店),黑龙江省,哈尔滨市,cvs
20251411,MEITUAN,76W023255C,925266128123555,新天地超市（民益店）,黑龙江省,哈尔滨市,cvs
20251411,MEITUAN,76W023256C,1125175380956487,KKV(牡丹江万达广场主力店）,黑龙江省,牡丹江市,mmkt
20251411,MEITUAN,76W023257C,975641799515365,每日鲜蔬（华联生活超市店）,黑龙江省,大庆市,
20251411,MEITUAN,76W023259C,994647029809854,家得乐超市（师大店）,黑龙江省,哈尔滨市,
20251411,MEITUAN,76W023260C,919794339844412,好日子生鲜超市(凯旋店),黑龙江省,牡丹江市,smkt
20251411,MEITUAN,76W023261C,871763720476333,庆果生鲜超市(希望店),黑龙江省,大庆市,mmkt
20251411,MEITUAN,76W023262C,878403740022493,融惠微利便利店(延福店),黑龙江省,哈尔滨市,
20251411,MEITUAN,76W023263C,990644120340864,中央红生活超市,黑龙江省,齐齐哈尔市,
20251411,MEITUAN,76W023264C,940255564023867,中央红购物超市,黑龙江省,鸡西市,
20251411,MEITUAN,76W023265C,892826240193337,中央红超市（永新店）,黑龙江省,哈尔滨市,
20251411,MEITUAN,76W023268C,935453790619111,比优特生活超市(信恒店),黑龙江省,哈尔滨市,smkt
20251411,MEITUAN,76W023272C,987908226156658,好日子生鲜超市(北安店),黑龙江省,牡丹江市,smkt
20251411,MEITUAN,76W023273C,882011512530445,好日子生鲜超市（南市街店）,黑龙江省,牡丹江市,smkt
20251411,MEITUAN,76W023274C,1041333324390137,家得乐超市（锦锈华城店）,黑龙江省,哈尔滨市,smkt
20251411,MEITUAN,76W023276C,1073670133136824,家得乐超市(通河店),黑龙江省,哈尔滨市,smkt
20251411,MEITUAN,76W023277C,1050438655071808,家乐购超市（万达店),黑龙江省,佳木斯市,smkt
20251411,MEITUAN,76W023281C,857431414699046,昆仑好客uSmile（江陵大道店）,湖北省,荆州市,
20251411,MEITUAN,76W023286C,931498125792992,美宜佳(百姓之春鄂01952店),湖北省,武汉市,
20251411,MEITUAN,76W023289C,950297197627612,美宜佳（华隆江苑鄂02702店）,湖北省,黄冈市,cvs
20251411,MEITUAN,76W023290C,914691918717388,谊品生鲜超市（汉口湖畔店）,湖北省,武汉市,
20251411,MEITUAN,76W023292C,916315416308636,黄商超市（黄州玉环店）,湖北省,黄冈市,mmkt
20251411,MEITUAN,76W023293C,1104679797003767,可多（天纵时代城店）,湖北省,武汉市,mmkt
20251411,MEITUAN,76W023295C,1060119511328564,寿康永乐（华悦城精品超市）,湖北省,十堰市,mmkt
20251411,MEITUAN,76W023296C,872957721507724,新合作超市（镜潭路店）,湖北省,十堰市,
20251411,MEITUAN,76W023297C,960437615349665,中百超市（孝感大东门店）,湖北省,孝感市,
20251411,MEITUAN,76W023298C,1002635668963326,中百超市（鄂州小西门店）,湖北省,鄂州市,mmkt
20251411,MEITUAN,76W023299C,947853361177127,中百超市（新城春天里店）,湖北省,武汉市,
20251411,MEITUAN,76W023300C,988702795144522,中百超市（黄石开发区店）,湖北省,黄石市,mmkt
20251411,MEITUAN,76W023305C,1075392415061738,万得福超市（东岳购物广场店）,湖北省,十堰市,
20251411,MEITUAN,76W023306C,1070715195624214,东方百货（文化宫店）,湖北省,荆门市,
20251411,MEITUAN,76W023308C,1111710658488572,黄商超市（麻城店）,湖北省,黄冈市,smkt
20251411,MEITUAN,76W023309C,1074915673572749,好邻居（诚园店）,湖北省,荆州市,smkt
20251411,MEITUAN,76W023310C,1125158201036670,寿康永乐（竹山宝丰中心店）,湖北省,十堰市,smkt
20251411,MEITUAN,76W023311C,847883702369283,寿康永乐（国瑞蓝山郡店）,湖北省,十堰市,smkt
20251411,MEITUAN,76W023312C,1093968148553239,武商超市（腾龙大道店）,湖北省,武汉市,smkt
20251411,MEITUAN,76W023314C,939851837025717,武商超市（黄陂店）,湖北省,武汉市,smkt
20251411,MEITUAN,76W023315C,1098185806386376,武商超级生活馆（奥莱广场店）,湖北省,武汉市,smkt
20251411,MEITUAN,76W023316C,1003245554354675,武商超市（咸宁店）,湖北省,咸宁市,smkt
20251411,MEITUAN,76W023317C,886972199726961,武商超市（龙庭店）,湖北省,武汉市,smkt
20251411,MEITUAN,76W023318C,1053367822676614,好邻居超市（谷城店）,湖北省,襄阳市,smkt
20251411,MEITUAN,76W023319C,1095853639152154,好邻居购物广场(十堰万达店),湖北省,十堰市,smkt
20251411,MEITUAN,76W023320C,853325425887485,好邻居（五堰店）,湖北省,十堰市,smkt
20251411,MEITUAN,76W023321C,917840129622917,好邻居购物广场（宜城店）,湖北省,襄阳市,smkt
20251411,MEITUAN,76W023322C,954497675504894,享买乐（华龙城店）,湖北省,恩施土家族苗族自治州,smkt
20251411,MEITUAN,76W023324C,1114382128059960,雅斯超市（阳光花苑店）,湖北省,宜昌市,smkt
20251411,MEITUAN,76W023325C,1040001884443908,雅斯超市（宜都厚德苑店）,湖北省,宜昌市,smkt
20251411,MEITUAN,76W023326C,1006445304964966,雅斯超市（古夫店）,湖北省,宜昌市,smkt
20251411,MEITUAN,76W023327C,962228616658818,永汇超市(团林店),湖北省,荆门市,
20251411,MEITUAN,76W023330C,1076715264949399,中百仓储超市（长丰店）,湖北省,武汉市,smkt
20251411,MEITUAN,76W023331C,890734591221769,中百仓储超市（胡集店）,湖北省,荆门市,smkt
20251411,MEITUAN,76W023332C,981886682061768,中百仓储超市（五龙路店）,湖北省,武汉市,smkt
20251411,MEITUAN,76W023333C,1105311157194928,中百仓储超市（竹叶山店）,湖北省,武汉市,smkt
20251411,MEITUAN,76W023334C,1013312957867348,中百仓储超市（利川御景壹号店）,湖北省,恩施土家族苗族自治州,smkt
20251411,MEITUAN,76W023335C,1015207038466597,中百精选超市（恩施和润城店）,湖北省,恩施土家族苗族自治州,smkt
20251411,MEITUAN,76W023336C,1082418981662237,中百仓储超市（黄冈罗田店）,湖北省,黄冈市,smkt
20251411,MEITUAN,76W023337C,858603940927368,中百仓储超市（咸宁汉地尚街店）,湖北省,咸宁市,
20251411,MEITUAN,76W023338C,1066308559214104,中百生活剧场（长城汇店）,湖北省,武汉市,
20251411,MEITUAN,76W023341C,913699781280918,昆仑好客uSmile（岳阳兴隆店）,湖南省,岳阳市,cvs
20251411,MEITUAN,76W023342C,1115868186854000,十足便利店（荷花路店）,湖南省,长沙市,cvs
20251411,MEITUAN,76W023344C,1024050375996958,华润万家（世纪金源店）,湖南省,长沙市,
20251411,MEITUAN,76W023345C,1116667050731424,卜蜂莲花（宁乡店）,湖南省,长沙市,hmkt
20251411,MEITUAN,76W023348C,1091554377072724,好润佳（沅江店）,湖南省,益阳市,hmkt
20251411,MEITUAN,76W023352C,980061320993295,KKV（衡阳杉杉奥莱店）,湖南省,衡阳市,mmkt
20251411,MEITUAN,76W023353C,1086039638988113,KKV（长沙友阿城市奥莱喜乐地主力店）,湖南省,长沙市,mmkt
20251411,MEITUAN,76W023354C,923711350018313,KKV（长沙友阿奥特莱斯购物公园店）,湖南省,长沙市,mmkt
20251411,MEITUAN,76W023355C,952002299616906,好家丰便利店（天星阁28001店）,湖南省,怀化市,mmkt
20251411,MEITUAN,76W023359C,953771826166971,佳福乐超市(白云店),湖南省,衡阳市,
20251411,MEITUAN,76W023360C,879876913798751,佳惠鲜天下（碧桂园店）,湖南省,怀化市,mmkt
20251411,MEITUAN,76W023361C,1098147151792925,佳惠鲜天下（通道阳光新城店）,湖南省,怀化市,mmkt
20251411,MEITUAN,76W023362C,1076676610248313,佳惠鲜天下（学府花园店）,湖南省,怀化市,mmkt
20251411,MEITUAN,76W023365C,1020154840777822,梅尼（聚龙店）,湖南省,张家界市,mmkt
20251411,MEITUAN,76W023366C,854210189369773,梅尼（南三店）,湖南省,张家界市,mmkt
20251411,MEITUAN,76W023367C,951693062091996,新佳宜便利店（人民医院2605店）,湖南省,娄底市,cvs
20251411,MEITUAN,76W023368C,904517141161840,谊品生鲜超市（新城国际花都店）,湖南省,长沙市,mmkt
20251411,MEITUAN,76W023369C,1004469620086694,谊品生鲜(金地三千府店),湖南省,长沙市,mmkt
20251411,MEITUAN,76W023370C,1021026719031027,Ole精品超市(长沙国金店),湖南省,长沙市,smkt
20251411,MEITUAN,76W023371C,1026129140245198,佳福乐超市(二中店),湖南省,衡阳市,smkt
20251411,MEITUAN,76W023372C,936415863302794,佳惠超市(南湖花园中方店),湖南省,怀化市,smkt
20251411,MEITUAN,76W023375C,1081242160495346,联华超市,湖南省,怀化市,
20251411,MEITUAN,76W023378C,980224529612691,株百渌口店,湖南省,株洲市,smkt
20251411,MEITUAN,76W023379C,964960215839813,吉优客超市（中东港店）,吉林省,长春市,
20251411,MEITUAN,76W023380C,868495250366674,吉优客超市（嘉元十方界店）,吉林省,长春市,cvs
20251411,MEITUAN,76W023381C,992306272613580,吉优客超市（中信城店）,吉林省,长春市,cvs
20251411,MEITUAN,76W023382C,918200906901022,吉优客超市（长信学院店）,吉林省,长春市,
20251411,MEITUAN,76W023383C,1104598192592804,吉优客超市（金碧阁店）,吉林省,长春市,cvs
20251411,MEITUAN,76W023384C,1018879235271057,吉优客超市（天富路店）,吉林省,长春市,cvs
20251411,MEITUAN,76W023385C,1113265436577682,吉优客超市（园丁花园店）,吉林省,长春市,cvs
20251411,MEITUAN,76W023386C,977669024098167,吉优客超市（万龙世纪城店）,吉林省,长春市,
20251411,MEITUAN,76W023389C,864294772449942,金文汇便利店（一中店）,吉林省,白城市,cvs
20251411,MEITUAN,76W023390C,998937702182185,昆仑好客uSmile（吉林市长春路店）,吉林省,吉林市,
20251411,MEITUAN,76W023395C,916744912989647,新天地超市（大禹奥城店）,吉林省,长春市,cvs
20251411,MEITUAN,76W023397C,1046470105257970,新天地超市（万科天富店）,吉林省,长春市,
20251411,MEITUAN,76W023398C,949824751128908,新天地超市(长春澳海澜庭店),吉林省,长春市,cvs
20251411,MEITUAN,76W023401C,868100113470102,新天地超市（文昌路店）,吉林省,长春市,cvs
20251411,MEITUAN,76W023402C,1030449877174485,新天地超市（拾光里店）,吉林省,长春市,cvs
20251411,MEITUAN,76W023403C,951431068879431,新天地超市(西天光路分店),吉林省,长春市,cvs
20251411,MEITUAN,76W023405C,1119557563689252,新天地便利店（中东红街叁店）,吉林省,长春市,cvs
20251411,MEITUAN,76W023406C,942381572799329,新天地超市（同德金街店）,吉林省,长春市,cvs
20251411,MEITUAN,76W023408C,1067846157482748,新天地超市（中新花园店）,吉林省,长春市,cvs
20251411,MEITUAN,76W023409C,884876255626079,新天地超市（电台街店）,吉林省,长春市,cvs
20251411,MEITUAN,76W023414C,972656797243522,欧亚超市(湖西店),吉林省,长春市,mmkt
20251411,MEITUAN,76W023416C,975229482726747,物尔美超市（英伦店）,吉林省,白城市,mmkt
20251411,MEITUAN,76W023418C,1020202085283182,每日隆便利店（敦化万豪家园店）,吉林省,延边朝鲜族自治州,mmkt
20251411,MEITUAN,76W023419C,947535533588416,中心城大卖场(中心店),吉林省,延边朝鲜族自治州,
20251411,MEITUAN,76W023420C,983385625644456,众汇VIP生鲜平价超市（长胜街小市场店）,吉林省,吉林市,
20251411,MEITUAN,76W023421C,999139565675702,大润发(S-摩天活力城店),吉林省,长春市,smkt
20251411,MEITUAN,76W023422C,1007046600430809,家得乐超市（德惠新东方店）,吉林省,长春市,smkt
20251411,MEITUAN,76W023423C,978790010598109,欧亚超市(越野店),吉林省,长春市,smkt
20251411,MEITUAN,76W023424C,1050657698357402,欧亚购物中心（双阳购物中心店）,吉林省,长春市,smkt
20251411,MEITUAN,76W023425C,1028753365187357,欧亚超市（天富路店）,吉林省,长春市,smkt
20251411,MEITUAN,76W023426C,1045439313077426,欧亚超市(长新店),吉林省,长春市,smkt
20251411,MEITUAN,76W023427C,894350953524003,远方超市（超达大路店）,吉林省,长春市,smkt
20251411,MEITUAN,76W023428C,964822776970759,华润万家（越溪店）,江苏省,苏州市,hmkt
20251411,MEITUAN,76W023429C,1006703003063626,华润苏果（购广淮安北京路店）,江苏省,淮安市,hmkt
20251411,MEITUAN,76W023430C,856486521892827,可好（宿迁宝龙195302店）,江苏省,宿迁市,cvs
20251411,MEITUAN,76W023433C,960489154957980,见福便利店,江苏省,盐城市,
20251411,MEITUAN,76W023439C,1103880933102062,家得福（沈圩二店）,江苏省,连云港市,mmkt
20251411,MEITUAN,76W023441C,1001626351701967,小红岛（香悦澜山店）,江苏省,南京市,mmkt
20251411,MEITUAN,76W023443C,1111951176661904,新橙源味（中意店）,江苏省,常州市,mmkt
20251411,MEITUAN,76W023446C,880826101594363,好润多购物中心（上冈店）,江苏省,盐城市,smkt
20251411,MEITUAN,76W023448C,1111680593724032,好润多购物中心（高港店）,江苏省,泰州市,smkt
20251411,MEITUAN,76W023453C,1021894302396817,美宜佳（优品尚城赣00255店）,江西省,九江市,cvs
20251411,MEITUAN,76W023455C,884055916998340,美宜佳(余公路局赣01170店),江西省,赣州市,cvs
20251411,MEITUAN,76W023463C,881010785185621,发到家新零售（万合广场店）,江西省,赣州市,hmkt
20251411,MEITUAN,76W023464C,876058687872435,大润发（九江店）,江西省,九江市,hmkt
20251411,MEITUAN,76W023466C,856082794976049,KKV（宜春润达国际购物中心店）,江西省,宜春市,mmkt
20251411,MEITUAN,76W023468C,919317598476046,联盛超市（沿浔店）,江西省,九江市,mmkt
20251411,MEITUAN,76W023472C,1112329133795123,唯唯熊,江西省,九江市,
20251411,MEITUAN,76W023473C,910560160129554,谊品生鲜超市（联胜世家店）,江西省,南昌市,
20251411,MEITUAN,76W023475C,1038812178547695,宏昌超市(锦晖店),江西省,赣州市,
20251411,MEITUAN,76W023480C,1057495286339637,华达超市(珠山长虹店),江西省,景德镇市,
20251411,MEITUAN,76W023482C,1014622922739604,乐卖特(南昌京东店),江西省,南昌市,smkt
20251411,MEITUAN,76W023483C,1122439486769489,日新购物广场（山水美地店）,江西省,九江市,
20251411,MEITUAN,76W023493C,935281991934652,快客（大连竹青店）,辽宁省,大连市,
20251411,MEITUAN,76W023504C,1100689772411646,乐享万德福便利店（丁香湖店）,辽宁省,沈阳市,cvs
20251411,MEITUAN,76W023508C,1024325253922656,罗森便利店（1367庄河国奥花园店）,辽宁省,大连市,cvs
20251411,MEITUAN,76W023534C,1028641695998976,兔悠超市（裕德隆店）,辽宁省,沈阳市,cvs
20251411,MEITUAN,76W023547C,1029423380061616,新天地便利店(东贸路店),辽宁省,沈阳市,cvs
20251411,MEITUAN,76W023558C,971479976247844,阳光小玛特便利店(华府大悦城C5店),辽宁省,沈阳市,mmkt
20251411,MEITUAN,76W023562C,884790356349472,佳泰乐超市（苏家屯店）,辽宁省,沈阳市,
20251411,MEITUAN,76W023567C,926842381163900,乐享万德福便利店（七院店）,辽宁省,沈阳市,
20251411,MEITUAN,76W023568C,992220373355874,北美新生活连锁超市（锦州动物园店）,辽宁省,锦州市,
20251411,MEITUAN,76W023569C,874181787179998,北园超市（道义大街店）,辽宁省,沈阳市,mmkt
20251411,MEITUAN,76W023570C,946783914296775,滨河百货超市(晟华苑五期店),辽宁省,盘锦市,mmkt
20251411,MEITUAN,76W023571C,1040916712538428,比优特超市（亿合城店）,辽宁省,大连市,smkt
20251411,MEITUAN,76W023575C,929762958961840,金叶春天便利店,辽宁省,大连市,mmkt
20251411,MEITUAN,76W023576C,896197789547339,金叶春天便利店,辽宁省,大连市,mmkt
20251411,MEITUAN,76W023578C,1077385279890452,安心菜场（香橙源超市云飞街店）,辽宁省,锦州市,
20251411,MEITUAN,76W023579C,865853845560839,邻家小不点(鸿基海岸三期店),辽宁省,营口市,
20251411,MEITUAN,76W023580C,1042076353734548,新隆嘉超市（新湖店）,辽宁省,抚顺市,smkt
20251411,MEITUAN,76W023581C,1039671172051715,新隆嘉超市（长春街店）,辽宁省,抚顺市,smkt
20251411,MEITUAN,76W023582C,984592511412966,新隆嘉超市（鹏运家园店）,辽宁省,大连市,smkt
20251411,MEITUAN,76W023583C,904465601575605,新隆嘉超市（开发区红梅店）,辽宁省,大连市,
20251411,MEITUAN,76W023584C,1041844425485405,鑫大刚生鲜超市（教委店）,辽宁省,锦州市,mmkt
20251411,MEITUAN,76W023585C,857852321511147,鑫大刚生鲜超市（开发区店）,辽宁省,沈阳市,smkt
20251411,MEITUAN,76W023586C,1087504222822388,阳光百分百,辽宁省,沈阳市,mmkt
20251411,MEITUAN,76W023587C,1056979890266865,营安隆连锁超市（怡家店）,辽宁省,沈阳市,mmkt
20251411,MEITUAN,76W023588C,1007390197860041,真实惠生活超市(东珠美地店),辽宁省,营口市,mmkt
20251411,MEITUAN,76W023594C,912351161499887,佳百超市（顺吉广场店）,辽宁省,阜新市,smkt
20251411,MEITUAN,76W023596C,1020979474386853,华联商厦(彩屯店),辽宁省,本溪市,
20251411,MEITUAN,76W023598C,1075057407582570,佳泰乐超市（烈士山店）,辽宁省,鞍山市,smkt
20251411,MEITUAN,76W023600C,908584475218811,聚果缘生鲜超级市场(太平店),辽宁省,鞍山市,mmkt
20251411,MEITUAN,76W023601C,996012829486775,安心菜场（香橙源超市五里店）,辽宁省,锦州市,
20251411,MEITUAN,76W023602C,1005418807843883,新隆嘉生活广场（天丰店）,辽宁省,抚顺市,smkt
20251411,MEITUAN,76W023603C,1061064404137445,鑫大刚生鲜超市（南塔店）,辽宁省,沈阳市,smkt
20251411,MEITUAN,76W023606C,953153350813765,711便利店（燕儿岛路店）,山东省,青岛市,cvs
20251411,MEITUAN,76W023608C,932172435608672,橙子便利（绿地公寓1号楼店）,山东省,济南市,cvs
20251411,MEITUAN,76W023611C,1071849067033642,橙子便利（新龙科技大厦店）,山东省,济南市,cvs
20251411,MEITUAN,76W023613C,956962986807144,可好（南京路010295店）,山东省,青岛市,cvs
20251411,MEITUAN,76W023618C,1088423345788519,昆仑好客uSmile（济南18店）,山东省,济南市,cvs
20251411,MEITUAN,76W023621C,982359128412632,壹度便利（兖州幸福里西区东门店）,山东省,济宁市,cvs
20251411,MEITUAN,76W023622C,1032227993699362,易捷（诸城密州路店）,山东省,潍坊市,
20251411,MEITUAN,76W023623C,948626455279916,优同便利店（通达路店）,山东省,临沂市,cvs
20251411,MEITUAN,76W023627C,1057207523509696,佳乐家超市,山东省,潍坊市,hmkt
20251411,MEITUAN,76W023636C,1027026788221701,客好万家超市(南岭店),山东省,青岛市,mmkt
20251411,MEITUAN,76W023640C,1085056091418988,丽达超市（海天中心店）,山东省,青岛市,mmkt
20251411,MEITUAN,76W023648C,977454275752527,金虎便利（3510花园街店）,山西省,晋中市,cvs
20251411,MEITUAN,76W023649C,987753607366366,金虎便利（9165长风街南一巷店）,山西省,太原市,
20251411,MEITUAN,76W023653C,1035238765809174,金虎便利（2239半坡东街店）,山西省,太原市,
20251411,MEITUAN,76W023654C,964702517854684,金虎便利（3969古交人民广场店）,山西省,太原市,cvs
20251411,MEITUAN,76W023657C,988994852940314,美宜佳(晋11东盛苑店),山西省,运城市,
20251411,MEITUAN,76W023662C,1093113450086926,唐久便利店（3633同成路省妇幼西门店）,山西省,太原市,cvs
20251411,MEITUAN,76W023663C,948325807556309,唐久便利（905新常青店）,山西省,太原市,cvs
20251411,MEITUAN,76W023664C,1122680004991814,唐久便利（2805滨河东路兴龙苑店）,山西省,太原市,cvs
20251411,MEITUAN,76W023665C,1045022701257281,唐久便利（3059汾河景观360小区店）,山西省,太原市,cvs
20251411,MEITUAN,76W023666C,966880066309364,唐久便利（3113小吴路晋瑞苑店）,山西省,太原市,cvs
20251411,MEITUAN,76W023667C,871218259749845,唐久便利（1358瓦窑街西口店）,山西省,太原市,cvs
20251411,MEITUAN,76W023668C,1111001988898517,唐久便利（1316背圪洞店）,山西省,太原市,
20251411,MEITUAN,76W023670C,1039752776424788,唐久便利（1055锦绣苑店）,山西省,太原市,cvs
20251411,MEITUAN,76W023671C,1115657733443749,唐久（3589长治容海苑店）,山西省,长治市,cvs
20251411,MEITUAN,76W023672C,1122826033859828,唐久便利（1231路泽苑店）,山西省,太原市,cvs
20251411,MEITUAN,76W023673C,1030093394987699,唐久便利（3350气化西街智诚和平酒店）,山西省,太原市,cvs
20251411,MEITUAN,76W023675C,916873762048442,唐久便利（3168绿军苑店）,山西省,太原市,cvs
20251411,MEITUAN,76W023676C,912922392190617,唐久便利店（3809阳泉日潭商业街店）,山西省,阳泉市,cvs
20251411,MEITUAN,76W023677C,1053024225330473,唐久（5053钢裕巷惠泽园店）,山西省,太原市,cvs
20251411,MEITUAN,76W023678C,938236929380433,唐久便利（3313南中环当代广场店）,山西省,太原市,cvs
20251411,MEITUAN,76W023683C,888952179702193,唐久便利（长风观园二期北门店）,山西省,太原市,cvs
20251411,MEITUAN,76W023684C,853862296898811,KKV（运城苏宁广场主力店）,山西省,运城市,mmkt
20251411,MEITUAN,76W023685C,935878992374634,KKV（太原万象钟楼街主力店）,山西省,太原市,mmkt
20251411,MEITUAN,76W023688C,986469412090084,多乐囤乐育购仓库工厂店,山西省,大同市,
20251411,MEITUAN,76W023689C,939168937233668,红旗超市（尚东美地店）,山西省,晋城市,mmkt
20251411,MEITUAN,76W023696C,871570447016900,金威超市（紫金店）,山西省,长治市,
20251411,MEITUAN,76W023697C,946994367712959,凯通生活超市（购物广场店）,山西省,阳泉市,smkt
20251411,MEITUAN,76W023698C,1117513159299945,美特好(许坦东街店),山西省,太原市,mmkt
20251411,MEITUAN,76W023699C,933795933252587,美特好（忻州新建路店）,山西省,忻州市,
20251411,MEITUAN,76W023700C,942252723799809,美特好（龙康南街店）,山西省,太原市,smkt
20251411,MEITUAN,76W023703C,1055549666172319,百福超市,山西省,朔州市,smkt
20251411,MEITUAN,76W023704C,951224910589550,每一天便利店（万合广场店）,陕西省,宝鸡市,cvs
20251411,MEITUAN,76W023706C,1002141747861444,每一天便利连锁（蔚蓝花城2店）,陕西省,西安市,cvs
20251411,MEITUAN,76W023708C,905754091808775,每一天便利店（咸阳峰汇国际店）,陕西省,咸阳市,cvs
20251411,MEITUAN,76W023710C,845396916409522,每一天便利店（杨凌阳光广场店）,陕西省,咸阳市,cvs
20251411,MEITUAN,76W023711C,978596737141468,每一天便利店（中晶科技广场店）,陕西省,西安市,
20251411,MEITUAN,76W023712C,850619596628849,唐久便利（大差市东二道巷店),陕西省,西安市,cvs
20251411,MEITUAN,76W023713C,935930532049679,唐久便利店（自然界忘岳店）,陕西省,西安市,cvs
20251411,MEITUAN,76W023715C,1113024918528048,唐久便利（海亮时代店）,陕西省,西安市,cvs
20251411,MEITUAN,76W023717C,1091975283840312,唐久便利（创汇社区D区北门店）,陕西省,西安市,cvs
20251411,MEITUAN,76W023718C,943055882800973,唐久便利（万象域T8店）,陕西省,西安市,cvs
20251411,MEITUAN,76W023719C,908348252074937,唐久便利（咸阳渭滨苑东门店）,陕西省,咸阳市,cvs
20251411,MEITUAN,76W023720C,973872273155204,唐久便利（睿中心店）,陕西省,西安市,cvs
20251411,MEITUAN,76W023722C,976505088078044,奥特乐(西安西咸吾悦店),陕西省,西安市,mmkt
20251411,MEITUAN,76W023724C,985382785501254,华润万家便利超市（西安凤城九路二店）,陕西省,西安市,mmkt
20251411,MEITUAN,76W023725C,1086649524391518,华润万家便利超市（西咸新区奥园店）,陕西省,咸阳市,mmkt
20251411,MEITUAN,76W023726C,898551431638041,华润万家便利超市（鸿基新城店）,陕西省,西安市,mmkt
20251411,MEITUAN,76W023727C,923672695400538,华润万家便利超市（西安大兴东路二店）,陕西省,西安市,mmkt
20251411,MEITUAN,76W023728C,1007781039952800,新合作西果超市（糜家桥小区店）,陕西省,西安市,mmkt
20251411,MEITUAN,76W023729C,1003876914673604,blt精品超市（西安万象天地店）,陕西省,西安市,
20251411,MEITUAN,76W023732C,1087946604536577,华润万家（西安明光路店）,陕西省,西安市,smkt
20251411,MEITUAN,76W023733C,1053724305065052,华润万家（西安北郊店）,陕西省,西安市,smkt
20251411,MEITUAN,76W023734C,1054591888499158,华润万家（杨凌渭惠路店）,陕西省,咸阳市,smkt
20251411,MEITUAN,76W023736C,1100101361932946,华润万家（泾河新城店）,陕西省,咸阳市,smkt
20251411,MEITUAN,76W023737C,1063860427978537,华润万家（咸阳人民西路店）,陕西省,咸阳市,hmkt
20251411,MEITUAN,76W023738C,1024887894716643,华润万家（西安科技路店）,陕西省,西安市,hmkt
20251411,MEITUAN,76W023740C,1012655827882610,麦谷鲜生（中央广场店）,陕西省,铜川市,smkt
20251411,MEITUAN,76W023742C,1012836216520700,芒果超市（化工店）,陕西省,咸阳市,smkt
20251411,MEITUAN,76W023743C,913704076362816,全都超市（地铁口店）,陕西省,西安市,smkt
20251411,MEITUAN,76W023748C,1050842382094710,众鑫生活超市（凌云店）,陕西省,宝鸡市,smkt
20251411,MEITUAN,76W023749C,1019983042093152,大润发(张江店),上海市,上海市,hmkt
20251411,MEITUAN,76W023750C,1020438308589024,世纪联华（宝山月浦店）,上海市,上海市,hmkt
20251411,MEITUAN,76W023751C,971467091481818,世纪联华（上海龙茗路店）,上海市,上海市,
20251411,MEITUAN,76W023752C,996682844535760,世纪联华（鲁班店）,上海市,上海市,hmkt
20251411,MEITUAN,76W023753C,1110469413104866,世纪联华（杨浦国和路店）,上海市,上海市,hmkt
20251411,MEITUAN,76W023754C,963036070717470,世纪联华（上海青浦店）,上海市,上海市,hmkt
20251411,MEITUAN,76W023755C,1010242056236263,码上鲜生鲜超市（绿城店）,上海市,上海市,smkt
20251411,MEITUAN,76W023758C,1098920245857118,ALDI奥乐齐超市（苏河湾万象天地店）,上海市,上海市,mmkt
20251411,MEITUAN,76W023760C,882574153230331,citysuper超生活（环贸iapm店）,上海市,上海市,smkt
20251411,MEITUAN,76W023761C,1033374749992512,联华超市（堡镇店）,上海市,上海市,mmkt
20251411,MEITUAN,76W023763C,1083230730371500,联华超市（川沙店）,上海市,上海市,smkt
20251411,MEITUAN,76W023766C,852088475399407,红旗连锁（少城路店）,四川省,成都市,
20251411,MEITUAN,76W023771C,1067524034948724,舞东风（1042锦尚春天分店）,四川省,成都市,mmkt
20251411,MEITUAN,76W023773C,878420919854686,三八商场（嘉州新城店）,四川省,乐山市,smkt
20251411,MEITUAN,76W023774C,995308454845019,老百姓生活超市（平交道店）,四川省,内江市,
20251411,MEITUAN,76W023775C,920833721956053,家家乐（CBD店星悦荟店）,四川省,乐山市,smkt
20251411,MEITUAN,76W023776C,978905974745476,世纪隆超市（巴中置信逸都店）,四川省,巴中市,smkt
20251411,MEITUAN,76W023777C,960609414048368,友琪便利店（嘉里汇店）,天津市,天津市,cvs
20251411,MEITUAN,76W023781C,1081405369185484,罗森（天津金融街中心店）,天津市,天津市,cvs
20251411,MEITUAN,76W023782C,1031377590146212,罗森（天津鞍山西道店）,天津市,天津市,
20251411,MEITUAN,76W023785C,1025403290590912,易捷(中石化塘沽金三角店),天津市,天津市,
20251411,MEITUAN,76W023786C,1102407759233503,易捷（中石化西青杨柳青店）,天津市,天津市,
20251411,MEITUAN,76W023788C,1016727456669960,易捷（中石化西青松江店）,天津市,天津市,
20251411,MEITUAN,76W023791C,1055218953675780,711便利店（金星地铁店）,云南省,昆明市,cvs
20251411,MEITUAN,76W023794C,1097348287767391,昆仑好客uSmile（小菜园站店）,云南省,昆明市,cvs
20251411,MEITUAN,76W023796C,929363526924134,昆仑好客（文山会兰2店）,云南省,文山壮族苗族自治州,cvs
20251411,MEITUAN,76W023798C,968641002836254,昆仑好客uSmile（茂云店）,云南省,临沧市,
20251411,MEITUAN,76W023799C,900359612792463,昆仑好客uSmile（金家边店）,云南省,玉溪市,cvs
20251411,MEITUAN,76W023801C,1059694309497852,昆仑好客uSmile（西福店）,云南省,昆明市,
20251411,MEITUAN,76W023802C,870101568134939,美宜佳（文明南路云00658号店）,云南省,丽江市,
20251411,MEITUAN,76W023803C,890030216406304,美宜佳（六品村云00226号店）,云南省,玉溪市,cvs
20251411,MEITUAN,76W023804C,1108004101659334,美宜佳（北门里云00312号店）,云南省,丽江市,
20251411,MEITUAN,76W023805C,1109649074146953,美宜佳（悦湖公馆云00697号店）,云南省,昭通市,cvs
20251411,MEITUAN,76W023806C,1116959108476778,美宜佳(华夏广场云00461号店),云南省,曲靖市,cvs
20251411,MEITUAN,76W023808C,993268345300771,美宜佳（万盛国际云00276号店）,云南省,曲靖市,cvs
20251411,MEITUAN,76W023809C,873400103027249,美宜佳(大板桥云00121号店),云南省,昆明市,cvs
20251411,MEITUAN,76W023811C,1017723889097840,美宜佳（益兴街云00100号店）,云南省,楚雄彝族自治州,cvs
20251411,MEITUAN,76W023812C,944722329940004,美宜佳(关兴路云00120号店),云南省,昆明市,cvs
20251411,MEITUAN,76W023813C,1065574119722872,美宜佳（天竺路云00223号店）,云南省,红河哈尼族彝族自治州,cvs
20251411,MEITUAN,76W023814C,1089973828942703,美宜佳(希望汇云00199号店),云南省,昆明市,
20251411,MEITUAN,76W023815C,1117796627060992,美宜佳(三千城云00543号店),云南省,玉溪市,cvs
20251411,MEITUAN,76W023816C,880250575930817,万逸之家（汕头大厦店）,云南省,昆明市,
20251411,MEITUAN,76W023817C,905316005062147,万逸之家（南屏时代店）,云南省,昆明市,cvs
20251411,MEITUAN,76W023819C,1103374126963853,KKV(昆明爱琴海主力店),云南省,昆明市,mmkt
20251411,MEITUAN,76W023820C,903065442206817,红叶超市(龚家庄小区连锁店),云南省,保山市,mmkt
20251411,MEITUAN,76W023821C,1021894302370131,开友超市（万达店）,云南省,红河哈尼族彝族自治州,
20251411,MEITUAN,76W023822C,850391963328740,老祥云连锁（怡景尚居90店）,云南省,大理白族自治州,
20251411,MEITUAN,76W023823C,1116555381577956,千子言超市（半城巷店）,云南省,楚雄彝族自治州,
20251411,MEITUAN,76W023824C,955966554425251,千子言连锁超市（栗子园店）,云南省,楚雄彝族自治州,
20251411,MEITUAN,76W023825C,953033091769518,生活无忧（玉溪元江商业广场店）,云南省,玉溪市,
20251411,MEITUAN,76W023827C,1099027620087034,和和平超市批发站,云南省,玉溪市,
20251411,MEITUAN,76W023828C,963358193136878,KKV（昆明百大新天地主力店）,云南省,昆明市,smkt
20251411,MEITUAN,76W023829C,970457774059005,大尔多,云南省,昆明市,smkt
20251411,MEITUAN,76W023830C,1084755443753907,大兴量贩（普洱店）,云南省,普洱市,smkt
20251411,MEITUAN,76W023831C,1107978331890169,福鑫购物广场,云南省,德宏傣族景颇族自治州,smkt
20251411,MEITUAN,76W023832C,1017603630044622,丽客隆超市(祥和店),云南省,丽江市,smkt
20251411,MEITUAN,76W023833C,1054450154536144,天生祥超市（精致店）,云南省,普洱市,smkt
20251411,MEITUAN,76W023834C,945937805795714,合家便利店,重庆市,重庆市,cvs
20251411,MEITUAN,76W023835C,861593238028369,美宜佳（四臣一品渝00548店）,重庆市,重庆市,
20251411,MEITUAN,76W023836C,918445720117549,美宜佳(静园路渝01843店),重庆市,重庆市,cvs
20251411,MEITUAN,76W023838C,1045830155130798,美宜佳（碧海新城渝00975店）,重庆市,重庆市,cvs
20251411,MEITUAN,76W023839C,1052173821869658,美宜佳（悦城渝00888店）,重庆市,重庆市,cvs
20251411,MEITUAN,76W023840C,864140153598181,美宜佳（龙城国际渝00635店）,重庆市,重庆市,cvs
20251411,MEITUAN,76W023841C,1039001157115914,美宜佳(鲤鱼池渝01443店),重庆市,重庆市,cvs
20251411,MEITUAN,76W023842C,1044266787021894,美宜佳（红叶路嘉誉渝00240店）,重庆市,重庆市,cvs
20251411,MEITUAN,76W023843C,1109009124091599,美宜佳（机场路渝01479店）,重庆市,重庆市,cvs
20251411,MEITUAN,76W023844C,1026958068831425,美宜佳（尚都国际渝01059店）,重庆市,重庆市,cvs
20251411,MEITUAN,76W023846C,854794304788973,美宜佳（三角坝社区渝02638店）,重庆市,重庆市,cvs
20251411,MEITUAN,76W023847C,1123947020304538,美宜佳（御锦江都渝55店）,重庆市,重庆市,cvs
20251411,MEITUAN,76W023850C,1051306238435641,谊品生鲜超市（民心家园店）,重庆市,重庆市,
20251411,MEITUAN,76W023851C,944288538326323,四庆超市（杨家坪直巷店）,重庆市,重庆市,mmkt
20251411,MEITUAN,76W023852C,940719420512131,阿家超市（三亚湾店）,重庆市,重庆市,mmkt
20251411,MEITUAN,76W023854C,852449252629700,奥特乐(重庆江津爱琴海店),重庆市,重庆市,mmkt
20251411,MEITUAN,76W023855C,953569962678686,凤梧超市(李八路店),重庆市,重庆市,
20251411,MEITUAN,76W023856C,975646094546214,凤梧超市（新村店）,重庆市,重庆市,
20251411,MEITUAN,76W023859C,880345065137922,家佳超市(石坪桥店),重庆市,重庆市,
20251411,MEITUAN,76W023860C,992344927336782,家益超市（红光店）,重庆市,重庆市,mmkt
20251411,MEITUAN,76W023861C,1098482159129885,家益超市（北滨上院店）,重庆市,重庆市,mmkt
20251411,MEITUAN,76W023862C,975010439350101,家益超市（清风柳庄店）,重庆市,重庆市,mmkt
20251411,MEITUAN,76W023863C,1066274199380864,家益超市（凤鸣店）,重庆市,重庆市,mmkt
20251411,MEITUAN,76W023866C,938146735045253,逸民超巿（状元府第店）,重庆市,重庆市,
20251411,MEITUAN,76W023890C,1077827661494280,永辉超市（红旗街万达广场店）,吉林省,长春市,
20251411,MEITUAN,76W023940C,1056765141803336,惠康连锁超市(双井街店),安徽省,安庆市,cvs
20251411,MEITUAN,76W023941C,845783463358892,美宜佳（潜山一中皖00433店）,安徽省,安庆市,cvs
20251411,MEITUAN,76W023942C,1005646367575012,中商罗森（拓基广场店）,安徽省,合肥市,cvs
20251411,MEITUAN,76W023947C,966768398926314,华欣超市（近园路店）,北京市,北京市,mmkt
20251411,MEITUAN,76W023948C,924664834537839,超市发(羊坊店西路店),北京市,北京市,mmkt
20251411,MEITUAN,76W023953C,1124256259711428,天虹微喔（盐田大百汇店）,广东省,深圳市,
20251411,MEITUAN,76W023954C,995617694248687,合家欢便利店（中社村2440店）,广东省,江门市,
20251411,MEITUAN,76W023956C,1095922360468395,及时（沙溪维也纳30533店）,广东省,中山市,cvs
20251411,MEITUAN,76W023957C,861610419641911,美宜佳（东方豪苑北门G209店）,广东省,江门市,cvs
20251411,MEITUAN,76W023958C,854446414212314,美宜佳（环园路粤30440店）,广东省,阳江市,cvs
20251411,MEITUAN,76W023959C,983883843629863,美宜佳（商业大楼粤31721店）,广东省,梅州市,cvs
20251411,MEITUAN,76W023961C,868933338919937,喜市多（花城店）,广东省,广州市,cvs
20251411,MEITUAN,76W023963C,847827869574797,易捷便利店(梅州汤南店),广东省,梅州市,cvs
20251411,MEITUAN,76W023966C,908000361405144,易捷便利店（雷州加油站店）,广东省,湛江市,cvs
20251411,MEITUAN,76W023967C,1109627599351740,永辉超市（光明大仟里调改店）,广东省,深圳市,hmkt
20251411,MEITUAN,76W023975C,912029038953949,美宜多（西华店）,广东省,广州市,mmkt
20251411,MEITUAN,76W023976C,1067652883953418,顺客隆生鲜公社（郦都店）,广东省,肇庆市,mmkt
20251411,MEITUAN,76W023977C,1121945565549681,西亚兴安（新横店）,广东省,广州市,mmkt
20251411,MEITUAN,76W023978C,1111985536392730,美加美生活（彰泰城店）,广西壮族自治区,南宁市,cvs
20251411,MEITUAN,76W023979C,1029590883826250,美宜佳（现代人家桂00825号店）,广西壮族自治区,贵港市,cvs
20251411,MEITUAN,76W023980C,881981447775220,美宜佳（东岸阳光桂00150号店）,广西壮族自治区,钦州市,cvs
20251411,MEITUAN,76W023981C,1059591230375469,大洋超市（琅东店）,广西壮族自治区,南宁市,smkt
20251411,MEITUAN,76W023982C,1028925163840254,凯辉便利店(花果园73店),贵州省,贵阳市,cvs
20251411,MEITUAN,76W023983C,1013660850072036,凯辉便利（中山南路店）,贵州省,贵阳市,cvs
20251411,MEITUAN,76W023984C,963280883724090,凯辉便利(鹿冲关路店),贵州省,贵阳市,cvs
20251411,MEITUAN,76W023985C,1025476305139465,凯辉便利店（剑江大道店）,贵州省,黔南布依族苗族自治州,cvs
20251411,MEITUAN,76W023986C,1044911032069085,凯辉便利(天津路店),贵州省,遵义市,cvs
20251411,MEITUAN,76W023987C,1032945253197588,美宜佳（彭家湾贵00790号店）,贵州省,贵阳市,cvs
20251411,MEITUAN,76W023988C,1109833757713287,美宜佳（阳光小区贵00556号店）,贵州省,安顺市,cvs
20251411,MEITUAN,76W023989C,991833826249621,美宜佳(国酒城大都汇贵01306号店),贵州省,遵义市,cvs
20251411,MEITUAN,76W023990C,1080928627845454,易捷便利店(开阳城北店),贵州省,贵阳市,cvs
20251411,MEITUAN,76W023991C,1041466468304155,易捷速购（遵义红花岗金心店）,贵州省,遵义市,cvs
20251411,MEITUAN,76W023992C,922513054098925,易捷便利店（开发区店）,贵州省,安顺市,cvs
20251411,MEITUAN,76W023993C,1033520778829357,勇惠便利店（广大城店）,贵州省,贵阳市,cvs
20251411,MEITUAN,76W023994C,1095720496985726,KKV（贵阳世纪金源主力店）,贵州省,贵阳市,mmkt
20251411,MEITUAN,76W023995C,1008296437708979,奥特乐（遵义亨特城市广场店）,贵州省,遵义市,mmkt
20251411,MEITUAN,76W023996C,879808196043520,奥特乐(贵阳云岩银海元隆广场店),贵州省,贵阳市,mmkt
20251411,MEITUAN,76W023998C,1015473327969626,零道一连锁便利店（观山湖金华店）,贵州省,贵阳市,
20251411,MEITUAN,76W023999C,954514857165650,零道一连锁便利店（金僖苑店）,贵州省,贵阳市,
20251411,MEITUAN,76W024000C,960282998302861,德宏平价超市,贵州省,六盘水市,
20251411,MEITUAN,76W024001C,1024316614088066,黔彩终端薄利超市,贵州省,毕节市,
20251411,MEITUAN,76W024002C,1081087543383156,黔城一家（比兰德店）,贵州省,贵阳市,
20251411,MEITUAN,76W024003C,1023324528237107,黔厨鲜（文昌店）,贵州省,贵阳市,mmkt
20251411,MEITUAN,76W024004C,851268138320671,黔厨鲜（广大城一店）,贵州省,贵阳市,mmkt
20251411,MEITUAN,76W024005C,949171917932051,生活无忧（遵义仁怀国酒城店）,贵州省,遵义市,mmkt
20251411,MEITUAN,76W024006C,1104692683694314,LATT生活无忧（贵阳花溪地下商场店）,贵州省,贵阳市,
20251411,MEITUAN,76W024007C,859540245345343,中意多便利店(观府壹号店),贵州省,贵阳市,mmkt
20251411,MEITUAN,76W024008C,1012960772156452,中意多便利店(帝景传说2店),贵州省,贵阳市,mmkt
20251411,MEITUAN,76W024013C,1115086502758996,可好（东风社区225537店）,河北省,沧州市,cvs
20251411,MEITUAN,76W024014C,1043678376551582,36524便利店（友旺店）,河北省,石家庄市,cvs
20251411,MEITUAN,76W024015C,1059539690749124,昆仑好客（承德大石庙店）,河北省,承德市,cvs
20251411,MEITUAN,76W024016C,989737882254305,罗森便利店（廊坊阿尔卡迪亚店）,河北省,廊坊市,cvs
20251411,MEITUAN,76W024017C,958406095804375,罗森便利店（石家庄中基礼域店）,河北省,石家庄市,cvs
20251411,MEITUAN,76W024018C,978223074910090,天天便利（邢台保利时光印象店）,河北省,邢台市,cvs
20251411,MEITUAN,76W024019C,984747130287764,天天便利（邢台辛庄店）,河北省,邢台市,cvs
20251411,MEITUAN,76W024021C,1117259758005015,KKV（衡水怡然城购物中心主力店）,河北省,衡水市,mmkt
20251411,MEITUAN,76W024022C,1088191419320577,美宜佳(冀122华都祁苑店),河北省,保定市,
20251411,MEITUAN,76W024025C,1020794792461758,好又多超市（刘其营店）,河北省,廊坊市,mmkt
20251411,MEITUAN,76W024026C,996292004114861,好又多超市,河北省,廊坊市,mmkt
20251411,MEITUAN,76W024027C,904998177476258,唐百便利店（仁恒店）,河北省,唐山市,mmkt
20251411,MEITUAN,76W024029C,864711386003257,昆仑好客（郑州市工业路店）,河南省,郑州市,
20251411,MEITUAN,76W024032C,1019587904937323,绿城超市（黄河路店）,河南省,濮阳市,mmkt
20251411,MEITUAN,76W024033C,1049596841474118,万果园社区超市（贾鲁嘉苑82店）,河南省,周口市,
20251411,MEITUAN,76W024035C,964230071469459,裕隆超市（浚县店）,河南省,鹤壁市,
20251411,MEITUAN,76W024036C,848489292704153,融惠微利便利店（安埠店）,黑龙江省,哈尔滨市,cvs
20251411,MEITUAN,76W024037C,914240947057930,微利超市（大桥店）,黑龙江省,哈尔滨市,cvs
20251411,MEITUAN,76W024038C,1124891913077145,微利超市(丽水店),黑龙江省,哈尔滨市,cvs
20251411,MEITUAN,76W024039C,1014485483781727,融惠微利便利店（家合城店）,黑龙江省,哈尔滨市,cvs
20251411,MEITUAN,76W024040C,1101926649475316,新天地超市（中北春城店）,黑龙江省,哈尔滨市,cvs
20251411,MEITUAN,76W024041C,922323988888067,新天地超市(安阳店）,黑龙江省,哈尔滨市,cvs
20251411,MEITUAN,76W024042C,910972403482204,新天地超市（果园街店）,黑龙江省,哈尔滨市,cvs
20251411,MEITUAN,76W024043C,873528902400989,新天地超市（乡政店）,黑龙江省,哈尔滨市,cvs
20251411,MEITUAN,76W024044C,917801401484284,新天地超市(新苑店),黑龙江省,哈尔滨市,cvs
20251411,MEITUAN,76W024046C,1009700892028009,地利生鲜（进乡店）,黑龙江省,哈尔滨市,mmkt
20251411,MEITUAN,76W024047C,984729952134000,中央红小月亮,黑龙江省,哈尔滨市,mmkt
20251411,MEITUAN,76W024048C,958264363604307,小月亮（工农大街店）,黑龙江省,哈尔滨市,
20251411,MEITUAN,76W024050C,1044979751620035,百福隆购物广场,黑龙江省,鸡西市,smkt
20251411,MEITUAN,76W024051C,932859630332967,比优特超市（国展店）,黑龙江省,哈尔滨市,smkt
20251411,MEITUAN,76W024053C,1053818707614118,好日子生鲜超市(西三店),黑龙江省,牡丹江市,smkt
20251411,MEITUAN,76W024056C,876874731675507,昆仑好客uSmile（马湖同好加油站店）,湖北省,武汉市,cvs
20251411,MEITUAN,76W024057C,969783464170622,昆仑好客uSmile(麻城金桥店),湖北省,黄冈市,
20251411,MEITUAN,76W024058C,1094749832719127,美宜佳（荆州江津东路1048店）,湖北省,荆州市,cvs
20251411,MEITUAN,76W024059C,1072922808936089,美宜佳（曙光星城鄂02103总店）,湖北省,武汉市,cvs
20251411,MEITUAN,76W024060C,1002322136441675,美宜佳（紫荆花园鄂1259店）,湖北省,襄阳市,cvs
20251411,MEITUAN,76W024061C,849206552325725,新合作邻里生鲜（宝丰二店）,湖北省,十堰市,mmkt
20251411,MEITUAN,76W024064C,1112737155700893,中百超市（津发小区店）,湖北省,武汉市,mmkt
20251411,MEITUAN,76W024065C,1067060178513971,中百超市（孝感长征二路店）,湖北省,孝感市,
20251411,MEITUAN,76W024066C,936737985904161,中百超市（城市花园店）,湖北省,武汉市,mmkt
20251411,MEITUAN,76W024067C,857779307041984,东方超市（宜都店）,湖北省,宜昌市,smkt
20251411,MEITUAN,76W024068C,1017264327623087,天润发玛特(京山中央广场店),湖北省,荆门市,smkt
20251411,MEITUAN,76W024069C,910590224922862,北山（浏卉新城店）,湖北省,宜昌市,smkt
20251411,MEITUAN,76W024070C,870604079344023,黄商超市（黄州商场店）,湖北省,黄冈市,smkt
20251411,MEITUAN,76W024071C,1032227993619778,新合作购物广场（竹山宝丰一店）,湖北省,十堰市,smkt
20251411,MEITUAN,76W024072C,1037003997468929,悦活里（孝感万达店）,湖北省,孝感市,smkt
20251411,MEITUAN,76W024073C,1026292275393352,中百仓储超市（东湖城店）,湖北省,武汉市,
20251411,MEITUAN,76W024075C,1055416522160948,中商超市（吴家山店）,湖北省,武汉市,
20251411,MEITUAN,76W024076C,1067708718541918,中商超市（天汇龙城店）,湖北省,武汉市,smkt
20251411,MEITUAN,76W024077C,988702795136727,家利GO（璞丽景园002店）,湖南省,长沙市,
20251411,MEITUAN,76W024078C,902438377006027,十足千惠便利店（三重星店）,湖南省,长沙市,cvs
20251411,MEITUAN,76W024079C,1057113034229555,卜蜂莲花超市（富兴店）,湖南省,长沙市,hmkt
20251411,MEITUAN,76W024080C,874972061161160,大润发（宁乡店）,湖南省,长沙市,
20251411,MEITUAN,76W024084C,1030174999349125,邻里生活连锁超市(谷山乐园店),湖南省,长沙市,
20251411,MEITUAN,76W024086C,1003056527276680,suowei（锁味武陵源军地店）,湖南省,张家界市,mmkt
20251411,MEITUAN,76W024087C,1014313685140321,梅尼（咸嘉新村店）,湖南省,长沙市,smkt
20251411,MEITUAN,76W024088C,975122108524812,集市生活超市（亚泰大街店）,吉林省,长春市,cvs
20251411,MEITUAN,76W024089C,859969740329235,昆仑好客uSmile（宽平店）,吉林省,长春市,
20251411,MEITUAN,76W024090C,1115859596867455,新天地超市（英伦小镇贰店）,吉林省,长春市,cvs
20251411,MEITUAN,76W024091C,903632377807381,新天地超市（恒大名都店）,吉林省,长春市,cvs
20251411,MEITUAN,76W024092C,1086039638961167,新天地超市（延吉延边大学壹店）,吉林省,延边朝鲜族自治州,cvs
20251411,MEITUAN,76W024093C,960489154940261,新天地超市（吉林江山府店）,吉林省,吉林市,cvs
20251411,MEITUAN,76W024094C,882247735751930,新天地超市(重庆路店),吉林省,长春市,cvs
20251411,MEITUAN,76W024095C,847132083109063,欧亚购物中心（沿江路店）,吉林省,通化市,hmkt
20251411,MEITUAN,76W024096C,890966519346843,旺角生鲜超市（卓越方舟店NO:009）,吉林省,吉林市,mmkt
20251411,MEITUAN,76W024099C,852612461378127,中心城大卖场(锦东花园店),吉林省,延边朝鲜族自治州,mmkt
20251411,MEITUAN,76W024101C,1055940508090428,亚泰超市（樱花苑店）,吉林省,长春市,hmkt
20251411,MEITUAN,76W024102C,979580284579081,大润发(S-哈萨尔店),吉林省,松原市,smkt
20251411,MEITUAN,76W024103C,887053805864459,711（南京天赋广场店）,江苏省,南京市,cvs
20251411,MEITUAN,76W024104C,858140085981586,百家超市（东新南路店）,江苏省,南京市,
20251411,MEITUAN,76W024107C,1073339422383754,昆仑好客usmile（泰州三水店）,江苏省,泰州市,cvs
20251411,MEITUAN,76W024108C,986426464193219,昆仑好客usmile（宿迁卓圩店）,江苏省,宿迁市,cvs
20251411,MEITUAN,76W024109C,1021980203452283,昆仑好客usmile（宁石店）,江苏省,南京市,
20251411,MEITUAN,76W024110C,1027185703835842,美宜佳便利店（苏00331来鹤台广场店）,江苏省,扬州市,cvs
20251411,MEITUAN,76W024111C,881478938278090,美宜佳便利店（太古广场店苏0446店）,江苏省,苏州市,cvs
20251411,MEITUAN,76W024112C,859578900023068,美宜佳（龙晶花园东门）,江苏省,盐城市,cvs
20251411,MEITUAN,76W024113C,890348045734054,美宜佳（苏01336中海寰宇店）,江苏省,无锡市,cvs
20251411,MEITUAN,76W024114C,1118930500241901,美宜佳便利店(苏01278中央花园店),江苏省,盐城市,cvs
20251411,MEITUAN,76W024115C,1010620014978432,美宜佳（苏01305中央广场店）,江苏省,淮安市,cvs
20251411,MEITUAN,76W024116C,1080280089534770,怡家乐（和泰家园店）,江苏省,苏州市,cvs
20251411,MEITUAN,76W024117C,1100960357024300,优同便利店（淮安融侨华府店）,江苏省,淮安市,
20251411,MEITUAN,76W024120C,874392240585341,华联超市（春江路店）,江苏省,南京市,
20251411,MEITUAN,76W024124C,1062554757811468,联华（江苏旅城店）,江苏省,苏州市,
20251411,MEITUAN,76W024126C,1046388500878610,百信(永安店),江苏省,苏州市,
20251411,MEITUAN,76W024127C,858140084320119,购好超市(洲岛和园社区店),江苏省,南京市,smkt
20251411,MEITUAN,76W024128C,1049893194225884,华润苏果生活超市（娄子巷店）,江苏省,南京市,smkt
20251411,MEITUAN,76W024129C,1087298064369114,789便利店（凤凰城大店）,江西省,抚州市,
20251411,MEITUAN,76W024130C,897915776432716,美宜佳（宜悦城赣01098店）,江西省,宜春市,cvs
20251411,MEITUAN,76W024131C,1044455765632353,美宜佳（阅江中心赣00852店）,江西省,南昌市,cvs
20251411,MEITUAN,76W024132C,906093394157930,美宜佳(东方红大街赣00528店),江西省,宜春市,cvs
20251411,MEITUAN,76W024136C,1030574431289917,好邻居生活超市(建设西路二店),江西省,南昌市,mmkt
20251411,MEITUAN,76W024137C,1063443816054267,旺中旺生活超市（莱卡店）,江西省,南昌市,mmkt
20251411,MEITUAN,76W024138C,871613396706928,唯唯熊（长虹金域12店）,江西省,景德镇市,mmkt
20251411,MEITUAN,76W024142C,1000943451952802,国光（瑞金店）,江西省,赣州市,smkt
20251411,MEITUAN,76W024144C,1071522649507272,华润万家（辽宁和平广场店）,辽宁省,大连市,
20251411,MEITUAN,76W024145C,885443191402715,百年惠超市·忠奇百货,辽宁省,大连市,mmkt
20251411,MEITUAN,76W024146C,1006634285280517,地利生鲜超市(避风港店),辽宁省,大连市,
20251411,MEITUAN,76W024147C,972966034958943,邻家小不点(翔峰国际北门店),辽宁省,营口市,
20251411,MEITUAN,76W024148C,999027896543081,新隆嘉超市（大富豪店）,辽宁省,鞍山市,mmkt
20251411,MEITUAN,76W024149C,886319364754196,新隆嘉超市（黄河大街店）,辽宁省,沈阳市,mmkt
20251411,MEITUAN,76W024150C,1046817997635568,鑫大刚生鲜超市（大东店）,辽宁省,沈阳市,mmkt
20251411,MEITUAN,76W024151C,857092112308963,北园超市（鸭绿江店）,辽宁省,沈阳市,smkt
20251411,MEITUAN,76W024154C,1034074829638783,家得乐超市(新民店）,辽宁省,沈阳市,smkt
20251411,MEITUAN,76W024155C,872528224773674,711便利店（万科中心店）,山东省,青岛市,cvs
20251411,MEITUAN,76W024156C,977102088486658,便利蜂（数娱广场店）,山东省,济南市,cvs
20251411,MEITUAN,76W024157C,1115430100142803,橙子便利（汇隆广场店）,山东省,济南市,cvs
20251411,MEITUAN,76W024158C,1070311468708483,可好（苗岭路010491店）,山东省,青岛市,cvs
20251411,MEITUAN,76W024159C,1062344304377664,可好（德阳路010020店）,山东省,青岛市,cvs
20251411,MEITUAN,76W024160C,1121468824186206,昆仑好客uSmile（莱芜红石公园店）,山东省,济南市,
20251411,MEITUAN,76W024161C,1039937459981623,美宜佳（鲁241凤凰山路店）,山东省,济宁市,
20251411,MEITUAN,76W024162C,1081800506259298,优同便利店（青岛黄岛澎湃岛店）,山东省,青岛市,cvs
20251411,MEITUAN,76W024163C,1022753295845360,友客(顺兴路店),山东省,青岛市,cvs
20251411,MEITUAN,76W024164C,853265296444800,友客(黄岛区车轮山路佳沃大厦店),山东省,青岛市,cvs
20251411,MEITUAN,76W024165C,1004057303202211,佳乐家（银海路店）,山东省,潍坊市,hmkt
20251411,MEITUAN,76W024166C,851882316959954,全福元超市（全福元中心店）,山东省,潍坊市,smkt
20251411,MEITUAN,76W024167C,851220891913864,银座商城（济南七里山店）,山东省,济南市,hmkt
20251411,MEITUAN,76W024168C,1091953808868254,银座商城（莱芜中心店）,山东省,济南市,hmkt
20251411,MEITUAN,76W024170C,1068301423940320,1+1优品生活超市（贵和华城店）,山东省,德州市,
20251411,MEITUAN,76W024172C,1091824959924751,全福元（文家店）,山东省,潍坊市,
20251411,MEITUAN,76W024175C,1036269559663703,新世界超市（烟台店）,山东省,烟台市,smkt
20251411,MEITUAN,76W024178C,1033095578813200,佳乐家Family（柏丽店）,山东省,潍坊市,smkt
20251411,MEITUAN,76W024181C,947153281481485,田森便利（安宁街8650部队907）店,山西省,晋中市,
20251411,MEITUAN,76W024182C,946066654817571,金虎便利（3923阳泉万熙店）,山西省,阳泉市,cvs
20251411,MEITUAN,76W024183C,1077260725721302,金虎便利（3695孝义新义街店）,山西省,吕梁市,cvs
20251411,MEITUAN,76W024184C,1049004135931443,金虎便利（3762洪洞文化广场店）,山西省,临汾市,cvs
20251411,MEITUAN,76W024185C,950030909606165,金虎便利（2703富安南路店）,山西省,太原市,cvs
20251411,MEITUAN,76W024186C,1085262249899919,金虎便利（3766绿地世纪二期店）,山西省,太原市,cvs
20251411,MEITUAN,76W024187C,1034710484759682,金虎便利（3240永宁西路店）,山西省,吕梁市,cvs
20251411,MEITUAN,76W024188C,1107724928864627,金虎便利（3100古交金水湾店）,山西省,太原市,cvs
20251411,MEITUAN,76W024189C,1113222487001477,昆仑好客uSmile（永济舜都店）,山西省,运城市,
20251411,MEITUAN,76W024190C,1084025299317624,美宜佳(晋210迎新街店),山西省,太原市,
20251411,MEITUAN,76W024191C,1047857379676860,美宜佳（晋198东星时代店）,山西省,运城市,
20251411,MEITUAN,76W024192C,915258854334613,美宜佳(晋168陆合御景店),山西省,临汾市,cvs
20251411,MEITUAN,76W024193C,945890561045728,唐久（5090大同市恒安帝景城店）,山西省,大同市,
20251411,MEITUAN,76W024194C,1104503703383661,唐久便利（3103文兴路恒大滨河左岸2#店）,山西省,太原市,cvs
20251411,MEITUAN,76W024195C,922946845819495,唐久便利（2332大王美林湾店店）,山西省,太原市,
20251411,MEITUAN,76W024196C,1020219265152577,唐久便利（1502龙鼎花园店）,山西省,太原市,cvs
20251411,MEITUAN,76W024197C,1110164471993193,家家利超市（离石宏泰店）,山西省,吕梁市,smkt
20251411,MEITUAN,76W024198C,1056425841142994,美特好（平阳店）,山西省,太原市,hmkt
20251411,MEITUAN,76W024202C,1021009539046560,薄利超市（红宇小学店）,山西省,朔州市,
20251411,MEITUAN,76W024203C,1053531033202735,凯通生活超市（邻里中心店）,山西省,阳泉市,smkt
20251411,MEITUAN,76W024204C,982011236185130,家家利超市(太原富力城店),山西省,太原市,smkt
20251411,MEITUAN,76W024205C,1073017298214173,昆仑好客uSmile（米脂榆米店）,陕西省,榆林市,cvs
20251411,MEITUAN,76W024206C,1070092425448825,每一天便利店（自强西路2店）,陕西省,西安市,cvs
20251411,MEITUAN,76W024207C,844864340430396,每一天便利店（户县东城花园店）,陕西省,西安市,cvs
20251411,MEITUAN,76W024208C,1025686758620504,每一天便利店（纺织城地铁口店）,陕西省,西安市,cvs
20251411,MEITUAN,76W024209C,886057371802151,唐久便利（风华茂店）,陕西省,西安市,cvs
20251411,MEITUAN,76W024210C,1040379843371958,大润发（大唐西店）,陕西省,西安市,hmkt
20251411,MEITUAN,76W024211C,1048952596416997,华润万家便利超市（西安明珠巷店）,陕西省,西安市,
20251411,MEITUAN,76W024212C,978124290774142,松林超市（红华店）,陕西省,西安市,mmkt
20251411,MEITUAN,76W024213C,1070977188743624,新合作西果超市（阿房宫店）,陕西省,西安市,mmkt
20251411,MEITUAN,76W024215C,859587488442928,芒果超市(明德门店),陕西省,西安市,
20251411,MEITUAN,76W024216C,1085382461480367,全都超市（人民南路店）,陕西省,西安市,smkt
20251411,MEITUAN,76W024218C,1078948648064674,世纪联华（南汇店）,上海市,上海市,hmkt
20251411,MEITUAN,76W024220C,1014910687281544,美惠全连锁超市,上海市,上海市,
20251411,MEITUAN,76W024221C,967610212457647,ALDI奥乐齐超市（红松路店）,上海市,上海市,mmkt
20251411,MEITUAN,76W024222C,913764207466165,ALDI奥乐齐超市（涞坊店）,上海市,上海市,mmkt
20251411,MEITUAN,76W024227C,1007098141753414,华联超市（丰福路店）,上海市,上海市,mmkt
20251411,MEITUAN,76W024229C,1007424559260447,清美V会员店（虹中路店）,上海市,上海市,mmkt
20251411,MEITUAN,76W024233C,1022959454424066,KKV(上海金桥LALAPORT主力店),上海市,上海市,mmkt
20251411,MEITUAN,76W024234C,1104327536155956,Ole精品超市(上海港汇店),上海市,上海市,smkt
20251411,MEITUAN,76W024235C,1023848444816614,农工商超市(00043吴泾店),上海市,上海市,mmkt
20251411,MEITUAN,76W024236C,1120931879771799,世纪联华（宝山海江路店）,上海市,上海市,hmkt
20251411,MEITUAN,76W024237C,1110396400203559,昆仑好客uSmile（成都简阳简皇店）,四川省,成都市,
20251411,MEITUAN,76W024238C,930286946655428,昆仑好客uSmile(南充顺庆潆华店),四川省,南充市,cvs
20251411,MEITUAN,76W024239C,1076921425132791,昆仑好客uSmile（成都龙泉洛带松林店）,四川省,成都市,
20251411,MEITUAN,76W024240C,956507722015298,美宜佳（御景名城川00220店）,四川省,绵阳市,cvs
20251411,MEITUAN,76W024241C,946272814913268,美宜佳(喜来客川00658店),四川省,南充市,cvs
20251411,MEITUAN,76W024242C,963847821130275,美宜佳（明霞路川00280店）,四川省,遂宁市,cvs
20251411,MEITUAN,76W024243C,1115120864256359,美宜佳（圣之广场川01452店）,四川省,广安市,cvs
20251411,MEITUAN,76W024246C,1062692198418213,易捷（绵阳山江店）,四川省,绵阳市,
20251411,MEITUAN,76W024247C,1073966487572061,谊品生鲜超市（华府天骄店）,四川省,成都市,
20251411,MEITUAN,76W024251C,1045602521907139,舞东风（0797晋吉南路二店）,四川省,成都市,mmkt
20251411,MEITUAN,76W024252C,1082852773239393,舞东风（1577水岸东里店）,四川省,成都市,mmkt
20251411,MEITUAN,76W024253C,1042235267484158,舞东风（1696中新路店）,四川省,成都市,mmkt
20251411,MEITUAN,76W024254C,873503182300143,世纪隆超市（开江侨兴中央城店）,四川省,达州市,
20251411,MEITUAN,76W024256C,884927795517841,便利蜂(御惠园店),天津市,天津市,cvs
20251411,MEITUAN,76W024257C,1088629452415920,昆仑好客uSmile（市区双港店）,天津市,天津市,cvs
20251411,MEITUAN,76W024258C,1045959005880608,大润发（大沽南路店）,天津市,天津市,hmkt
20251411,MEITUAN,76W024259C,1014141888150881,华润万家（春曦道店）,天津市,天津市,hmkt
20251411,MEITUAN,76W024261C,1124999289003746,农鲜生活（七经路店）,天津市,天津市,mmkt
20251411,MEITUAN,76W024265C,985292592822360,劝宝超市（泰达小区店）,天津市,天津市,mmkt
20251411,MEITUAN,76W024266C,1071539831091055,劝宝超市（蓝水湾小区店）,天津市,天津市,mmkt
20251411,MEITUAN,76W024267C,920880966531175,711便利店（金地中心店）,云南省,昆明市,cvs
20251411,MEITUAN,76W024268C,1004598469046654,711便利店（玉溪庙街大厦店）,云南省,玉溪市,cvs
20251411,MEITUAN,76W024269C,1105203782957154,望满超市,云南省,丽江市,
20251411,MEITUAN,76W024270C,1083853500548197,昆仑好客uSmile（聚贤街店）,云南省,昆明市,cvs
20251411,MEITUAN,76W024271C,1024535707219718,昆仑好客（香格里拉城市店）,云南省,迪庆藏族自治州,cvs
20251411,MEITUAN,76W024272C,860399237089177,一心便利(海伦国际店),云南省,昆明市,cvs
20251411,MEITUAN,76W024274C,887418876367593,之佳便利（昭通耕东路分店）,云南省,昭通市,cvs
20251411,MEITUAN,76W024276C,870299138456502,永丰超市（莘塍2店）,浙江省,温州市,smkt
20251411,MEITUAN,76W024277C,1064835387159587,比那多超市(柯城店),浙江省,衢州市,
20251411,MEITUAN,76W024279C,1076783986127302,世纪联华（义乌江东中路店),浙江省,金华市,smkt
20251411,MEITUAN,76W024280C,1027890078466012,小小超市(海湖府店),浙江省,宁波市,mmkt
20251411,MEITUAN,76W024282C,1102828667828838,消闲果儿零食（桐庐桐千路店）,浙江省,杭州市,
20251411,MEITUAN,76W024286C,1070126785138860,美宜佳（稻香路渝01511店）,重庆市,重庆市,cvs
20251411,MEITUAN,76W024287C,931330622009606,美宜佳（地中海岸渝02929店）,重庆市,重庆市,cvs
20251411,MEITUAN,76W024288C,999478868112126,美宜佳（汽车总站渝00878店）,重庆市,重庆市,
20251411,MEITUAN,76W024289C,1103674774703341,美宜佳（中医院渝01050店）,重庆市,重庆市,
20251411,MEITUAN,76W024290C,1041522302928934,美宜佳（锦绣笙邻渝01419店）,重庆市,重庆市,
20251411,MEITUAN,76W024291C,1002906251999887,谊品生鲜超市（汇悦悦峰店）,重庆市,重庆市,
20251411,MEITUAN,76W024292C,1123337134946225,奥特乐(垫江明悦天街店),重庆市,重庆市,mmkt
20251411,MEITUAN,76W024293C,899191381740567,奥特乐（观音桥阳光世纪店）,重庆市,重庆市,mmkt
20251411,MEITUAN,76W024326C,892177652621319,金叶便利,河南省,洛阳市,mmkt
20251411,MEITUAN,76W024327C,878403666491101,融惠微利便利店(延福店),黑龙江省,哈尔滨市,
20251411,MEITUAN,76W024328C,854751322444533,好店店便利店（星汇蓝湾店）,湖南省,常德市,mmkt
20251411,MEITUAN,76W024329C,1049794336453878,每日隆便利店(大洲店),吉林省,延边朝鲜族自治州,cvs
20251411,MEITUAN,76W024330C,875556129173724,中心城大卖场(山后店),吉林省,延边朝鲜族自治州,mmkt
20251411,MEITUAN,76W024331C,1123023553630690,万事达超市(江纺店),江西省,南昌市,
20251411,MEITUAN,76W024333C,853862229200123,KKV（运城苏宁广场主力店）,山西省,运城市,mmkt
20251411,MEITUAN,76W024336C,1024883526097021,如海生活购物中心,上海市,上海市,mmkt
20251411,MEITUAN,76W024339C,950735210701749,老祥云?连锁超市（金叶路店）,云南省,大理白族自治州,mmkt
20251411,MEITUAN,76W024341C,1019270077392135,罗森（超市发万柳店）,北京市,北京市,cvs
20251411,MEITUAN,76W024342C,1042604634686184,华润万家便利超市（魅力之城分店),广东省,珠海市,mmkt
20251411,MEITUAN,76W024343C,1016001607294220,华润万家便利超市（珠海都市雅筑店),广东省,珠海市,mmkt
20251411,MEITUAN,76W024344C,1090850002340204,超市发（宣钢店）,河北省,张家口市,mmkt
20251411,MEITUAN,76W024345C,1125368654473827,国大超市(传媒店）,河北省,石家庄市,
20251411,MEITUAN,76W024346C,923543846271792,壹度便利（白云公馆店）,河南省,商丘市,mmkt
20251411,MEITUAN,76W024347C,1018892120254723,壹度便利（项城瑞元国际广场店）,河南省,周口市,mmkt
20251411,MEITUAN,76W024348C,939954916318164,哈尔信食品超市(新建店),黑龙江省,哈尔滨市,mmkt
20251411,MEITUAN,76W024349C,1004315001236181,中百超市（紫阳店）,湖北省,武汉市,mmkt
20251411,MEITUAN,76W024350C,1089247979553333,中百超市（保利心语二店）,湖北省,武汉市,mmkt
20251411,MEITUAN,76W024351C,954983006992524,佳福乐生活超市(东江店),湖南省,衡阳市,mmkt
20251411,MEITUAN,76W024352C,1036900918126488,KKV(延吉百利城主力店),吉林省,延边朝鲜族自治州,mmkt
20251411,MEITUAN,76W024354C,1114261869077562,新怡华超市(皇塘店),江苏省,镇江市,
20251411,MEITUAN,76W024356C,1093053320529571,百家乐超市（兴明店）,辽宁省,沈阳市,mmkt
20251411,MEITUAN,76W024357C,947977915254547,营安隆连锁超市（迎宾店）,辽宁省,沈阳市,mmkt
20251411,MEITUAN,76W024358C,1052586138674636,大连元初食品（中南路店）,辽宁省,大连市,mmkt
20251411,MEITUAN,76W024360C,944838294061814,美宜佳(晋66东赵路店),山西省,临汾市,cvs
20251411,MEITUAN,76W024361C,1041629678810779,华润万家便利超市（福愉西路店）,0,0,
20251411,MEITUAN,76W024362C,932357120959081,塞北福满家(花溪地店),河北省,秦皇岛市,
20251411,MEITUAN,76W024363C,1117504571140018,地利生鲜（平房兴建街店）,黑龙江省,哈尔滨市,
20251411,MEITUAN,76W024364C,1055304854792870,庆果生鲜生活超市（绿色家园店）,黑龙江省,大庆市,mmkt
20251411,MEITUAN,76W024365C,1093998215102678,众汇VIP生鲜平价超市（红升店）,吉林省,吉林市,mmkt
20251411,MEITUAN,76W024369C,1021211404273177,副采吉麦隆(江华店),江苏省,泰州市,smkt
20251411,MEITUAN,76W024372C,1115752224411123,芒果超市(北郡店),陕西省,西安市,
20251411,MEITUAN,76W024373C,1003108117130034,联华超市（万航店）,上海市,上海市,mmkt
20251411,MEITUAN,76W024374C,1004770269485586,联华超市（彭浦店）,上海市,上海市,mmkt
20251411,MEITUAN,76W024376C,950688041276955,联华超市（惠南店）,上海市,上海市,mmkt
20251411,MEITUAN,76W024377C,1009881280603065,华润万家（中山门友爱南里店）,天津市,天津市,mmkt
20251411,MEITUAN,76W024378C,1038533007387605,华润万家（芳景里分店）,天津市,天津市,cvs
20251411,MEITUAN,76W024379C,1094367582239772,左邻右舍（北大街店）,浙江省,杭州市,mmkt
20251411,MEITUAN,76W024382C,994750110882759,谊品生鲜超市（原创生活店）,安徽省,合肥市,
20251411,MEITUAN,76W024383C,1HUkXzRAqhq-CtHCQ57NiQI,全家便利店（王府井大街一店）,北京市,北京市,cvs
20251411,MEITUAN,76W024384C,2oDtA1hSCbILynZpmYQs6gI,全家便利店（清华东路一店）,北京市,北京市,cvs
20251411,MEITUAN,76W024385C,AuP-M6y1Kag31NDq1t6o5QI,全家便利店（永安里东街一店）,北京市,北京市,cvs
20251411,MEITUAN,76W024386C,cbJs7bIDyGslCzKlVm5gJAI,全家便利店（交道口南大街店）,北京市,北京市,cvs
20251411,MEITUAN,76W024389C,NrlMEvzdW8uKZXFLmWa8BQI,全家便利店（朝运街店）,北京市,北京市,cvs
20251411,MEITUAN,76W024390C,yNEjRfdu-oQxJ6zwoKNpwgI,全家便利店（朝阳门内大街店）,北京市,北京市,cvs
20251411,MEITUAN,76W024391C,tYuRvrmhyDjYdWJdJlHa1wI,全家便利店（南城广发大厦店）,广东省,东莞市,cvs
20251411,MEITUAN,76W024392C,ueGFVponsYVN6Ip0LfoUGAI,全家便利店（台商大厦店）,广东省,东莞市,cvs
20251411,MEITUAN,76W024393C,_e_D28aZK79P9M0369cCvgI,全家便利店（中盈中心店）,广东省,佛山市,cvs
20251411,MEITUAN,76W024394C,0KYeUs4Md-Nuy3VkjBXCSAI,全家便利店（兴国路店）,广东省,广州市,cvs
20251411,MEITUAN,76W024395C,0zJzzY9ggQEfCIYGuLarlwI,全家便利店（新棠东东路店）,广东省,广州市,cvs
20251411,MEITUAN,76W024396C,1J-Tfn_udCVNNsYFdPQ6PAI,全家便利店（天幕广场店）,广东省,广州市,cvs
20251411,MEITUAN,76W024397C,45pUfuVYiJa5T73HwmIGngI,全家便利店（建国店）,广东省,广州市,cvs
20251411,MEITUAN,76W024398C,7n0SrvmGuxORfAmULLufegI,全家便利店（署前路三店）,广东省,广州市,cvs
20251411,MEITUAN,76W024399C,8HrPSX6L7-3aY8MK1o7-swI,全家便利店（市一医院店）,广东省,广州市,
20251411,MEITUAN,76W024400C,8ZakrDV9z41oWVXiabsqMwI,全家便利店（丽丰国际中心店）,广东省,广州市,cvs
20251411,MEITUAN,76W024401C,A3V3gDhgIUJvPaBSmPqS9gI,全家便利店（梅花村店）,广东省,广州市,cvs
20251411,MEITUAN,76W024402C,-BkknteXFxg0KI6Sdi-GDQI,全家便利店（开泰大道三店）,广东省,广州市,cvs
20251411,MEITUAN,76W024403C,ebgOJMY9-3iRAsvzdSE54QI,全家便利店（园西区店）,广东省,广州市,cvs
20251411,MEITUAN,76W024404C,IycdwYCVzX-RiluyYY7xQQI,全家便利店（万博二路店）,广东省,广州市,cvs
20251411,MEITUAN,76W024405C,jeW-dU_72Nk9vIr8ziukxwI,全家便利店（吉祥北道店）,广东省,广州市,cvs
20251411,MEITUAN,76W024406C,JfvIYSqXDXw5G3bioxEnWwI,全家便利店（革新店）,广东省,广州市,cvs
20251411,MEITUAN,76W024407C,jssmIBczd7Mz65K8zGzrwgI,全家便利店（丰乐北路店）,广东省,广州市,cvs
20251411,MEITUAN,76W024408C,k0tXRO-svP30tY4Vfbu7HgI,全家便利店（农林下路二店）,广东省,广州市,cvs
20251411,MEITUAN,76W024409C,k1vVxd23OsqdxANn47kVmAI,全家便利店（纵横广场店）,广东省,广州市,cvs
20251411,MEITUAN,76W024410C,Kv9ekCL-iBN6mQYv1NGCMQI,全家便利店（合生广场店）,广东省,广州市,cvs
20251411,MEITUAN,76W024411C,lF9jj-2gSCPvVo69xfbYKQI,全家便利店（海文路店）,广东省,广州市,cvs
20251411,MEITUAN,76W024412C,nDbF-cfDbXdS1Zywvkb0nwI,全家便利店（金山谷二店）,广东省,广州市,cvs
20251411,MEITUAN,76W024413C,oC2BG6MdHyjH-pqi59ATxQI,全家便利店（文明路店）,广东省,广州市,cvs
20251411,MEITUAN,76W024414C,odk7UWcX3S1vUgBdiO1QdAI,全家便利店（国翔科汇城店）,广东省,广州市,cvs
20251411,MEITUAN,76W024415C,pmqguLYlU_X6bzCa5_RahgI,全家便利店（岭南新世界二店）,广东省,广州市,cvs
20251411,MEITUAN,76W024416C,-Q1sxDOjNOEf2hKvKPTizwI,全家便利店（汇田大厦店）,广东省,广州市,cvs
20251411,MEITUAN,76W024417C,q9hRBPVhWXf80hLQWV4gngI,全家便利店（银利茶叶城店）,广东省,广州市,cvs
20251411,MEITUAN,76W024418C,qzo2mt4F3qnW_H0aGkkxBgI,全家便利店（农林下路店）,广东省,广州市,
20251411,MEITUAN,76W024420C,TsmAzs42pUVED4_6qY989wI,全家便利店（汇金西塔店）,广东省,广州市,cvs
20251411,MEITUAN,76W024421C,unizmjcnooonrdadZiJTuQI,全家便利店（海珠湾店）,广东省,广州市,cvs
20251411,MEITUAN,76W024422C,uy90AKENFyIzxCEXnPMsPQI,全家便利店（天诚广场店）,广东省,广州市,cvs
20251411,MEITUAN,76W024423C,VCUr4v2XyqnI2CM40OOjkQI,全家便利店（海珠御景湾店）,广东省,广州市,cvs
20251411,MEITUAN,76W024424C,VNxTZ0cKRUxj0ELdnKsWJAI,全家便利店（建中路二店）,广东省,广州市,cvs
20251411,MEITUAN,76W024425C,2owQMQsFwrhcBJvOl2eqCAI,全家便利店（深铁汇里店）,广东省,深圳市,cvs
20251411,MEITUAN,76W024426C,Couk90UqJRZF6ukC3DTycQI,全家便利店（永新时代广场店）,广东省,深圳市,cvs
20251411,MEITUAN,76W024427C,fuVGXlo9p68vhHWUxdXHmQI,全家便利店（华联城市全景店）,广东省,深圳市,cvs
20251411,MEITUAN,76W024428C,La1WwqNBfc68DQYNizJomQI,全家便利店（平安财险大厦店）,广东省,深圳市,cvs
20251411,MEITUAN,76W024429C,-lOxFVIxgfaScw9UpMHKbQI,全家便利店（新潮州西街店）,广东省,深圳市,cvs
20251411,MEITUAN,76W024430C,MZfR_Cc1MXq8y5KxeMFAxAI,全家便利店（中执时代广场店）,广东省,深圳市,cvs
20251411,MEITUAN,76W024431C,ozCzumH8PcEb_QaaNY3XawI,全家便利店（桂园二店）,广东省,深圳市,
20251411,MEITUAN,76W024432C,pJTZhNosV92UK-S0DrF4MAI,全家便利店（远东大厦店）,广东省,深圳市,cvs
20251411,MEITUAN,76W024433C,pkXDR2fSZb3fbpVrx6x4VAI,全家便利店（中康路店）,广东省,深圳市,cvs
20251411,MEITUAN,76W024434C,r4j7D2RyyvrfsVpYsiqF7gI,全家便利店（中粮祥云一店）,广东省,深圳市,cvs
20251411,MEITUAN,76W024435C,U9H5BGAemjjlA6iJh0LOHwI,全家便利店（创维科技城店）,广东省,深圳市,cvs
20251411,MEITUAN,76W024436C,umE1S-Vd3kGrUp-irenBggI,全家便利店（科技生态园二店）,广东省,深圳市,cvs
20251411,MEITUAN,76W024437C,WGkWVOV4aC-F7aeSrWFZZQI,全家便利店（新赛格科技园店）,广东省,深圳市,cvs
20251411,MEITUAN,76W024438C,956271498806983,昆仑好客uSmile(桂柳店),0,0,
20251411,MEITUAN,76W024439C,1012741727096019,美宜佳（政和路桂02310号店）,广西壮族自治区,柳州市,cvs
20251411,MEITUAN,76W024440C,905857172717635,生活无忧（都匀南州国际星力城店）,贵州省,黔南布依族苗族自治州,mmkt
20251411,MEITUAN,76W024441C,857779308782291,代号7天,河南省,开封市,
20251411,MEITUAN,76W024442C,903421924492462,九弟超市（延安店）,河南省,许昌市,mmkt
20251411,MEITUAN,76W024443C,882393764641712,三毛便利连锁（新华东街店）,河南省,开封市,
20251411,MEITUAN,76W024444C,1011513366460183,北山超市（星光天地店）,湖北省,宜昌市,smkt
20251411,MEITUAN,76W024445C,1050107869033376,新合作超市（郧西康富路购物广场）,湖北省,十堰市,smkt
20251411,MEITUAN,76W024446C,1078373048816656,华润万家(蔡锷路店）,湖南省,长沙市,
20251411,MEITUAN,76W024447C,865359924480538,天恒超市（新市店）,湖南省,岳阳市,mmkt
20251411,MEITUAN,76W024448C,1003619164195027,新佳宜便利店（兴旺双铁城2237店）,湖南省,长沙市,cvs
20251411,MEITUAN,76W024449C,936746575773511,家得乐超市（松原三店),吉林省,松原市,smkt
20251411,MEITUAN,76W024450C,1007896917256180,欧亚超市(吉顺店),吉林省,长春市,smkt
20251411,MEITUAN,76W024451C,994264777802335,利群时代(迎春路店),江苏省,泰州市,smkt
20251411,MEITUAN,76W024452C,1114781560085881,华润苏果（将军大道店）,江苏省,南京市,hmkt
20251411,MEITUAN,76W024453C,961820594836804,华润苏果（华侨城店）,江苏省,南京市,hmkt
20251411,MEITUAN,76W024454C,GTcG9dN8JRXWfGcd1td_owI,全家便利店（常熟万科公望店）,江苏省,苏州市,cvs
20251411,MEITUAN,76W024455C,fZxTcqi_2FQWgk9z4WxzaAI,全家便利店（河景花园店）,江苏省,常州市,cvs
20251411,MEITUAN,76W024456C,lqUzxG88Y3RtQUEX9vRbwAI,全家便利店（青山湾花园店）,江苏省,常州市,cvs
20251411,MEITUAN,76W024457C,Nr5f_regQD0gItnjMft88QI,全家便利店（常州天援大厦店）,江苏省,常州市,cvs
20251411,MEITUAN,76W024458C,cJwzy8uZr05tt85ZOPm88wI,全家便利店（文定路店）,江苏省,无锡市,cvs
20251411,MEITUAN,76W024459C,em7YM9HVG2MOZqntl2z1YgI,全家便利店（银桂路店）,江苏省,无锡市,cvs
20251411,MEITUAN,76W024460C,3t7x6NlOgC108xMWtaRhbAI,全家便利店（虹桥路二店）,江苏省,苏州市,cvs
20251411,MEITUAN,76W024461C,3xNZKt7bIw54scrhtB_7YAI,全家便利店（藕前路店）,江苏省,苏州市,cvs
20251411,MEITUAN,76W024462C,ggnRogFOULc9aTO6iT0s7wI,全家便利店（锦溪古镇店）,江苏省,苏州市,cvs
20251411,MEITUAN,76W024464C,I1Q27GBc4Te-OCocpCR8wQI,全家便利店（D9街区店）,江苏省,苏州市,cvs
20251411,MEITUAN,76W024467C,SARDpXr8cA1mUG0XPlB2tAI,全家便利店（春晖路二店）,江苏省,苏州市,cvs
20251411,MEITUAN,76W024468C,tbXgUsWui004yx-FbsaCPwI,全家便利店（花安路店）,江苏省,苏州市,cvs
20251411,MEITUAN,76W024469C,0kqF6uN0HXrMEufzatvhRAI,全家便利店（金奥缤润汇店）,江苏省,南京市,cvs
20251411,MEITUAN,76W024473C,48yVjJBmtW-RYRZVIUQG_QI,全家便利店（塔园路店）,江苏省,苏州市,cvs
20251411,MEITUAN,76W024474C,4eWnMBgam5y837K1Ny7UaAI,全家便利店（腾飞湖西店）,江苏省,苏州市,cvs
20251411,MEITUAN,76W024475C,4vJc_1Mq7a59V8_AiIEjHgI,全家便利店（木渎影视城店）,江苏省,苏州市,cvs
20251411,MEITUAN,76W024476C,8A-A7Hfxxku_M65O57I7AgI,全家便利店（东吴北路三店）,江苏省,苏州市,cvs
20251411,MEITUAN,76W024477C,9zxMIBnMuhoSdZDrw8k80QI,全家便利店（中新领袖店）,江苏省,苏州市,cvs
20251411,MEITUAN,76W024478C,APKvycR9r4VCXewha1ur1gI,全家便利店（生活空间店）,江苏省,苏州市,cvs
20251411,MEITUAN,76W024480C,D1n_dBbEmdIoC5adxkNegwI,全家便利店（狮山总部园店）,江苏省,苏州市,cvs
20251411,MEITUAN,76W024481C,d3JIPtCP0oWCJrc_kep8OwI,全家便利店（书院巷店）,江苏省,苏州市,cvs
20251411,MEITUAN,76W024483C,eHh_rR-0XPdqPWoPzmq4MgI,全家便利店（城通商务广场店）,江苏省,苏州市,cvs
20251411,MEITUAN,76W024484C,fPNFHzCddqaRcl2BiLGk8AI,全家便利店（文汇二店）,江苏省,苏州市,cvs
20251411,MEITUAN,76W024485C,fqXp1gJzzBtQmxa8hNaC0AI,全家便利店（城市学院店）,江苏省,苏州市,cvs
20251411,MEITUAN,76W024487C,gjoDC_k2pVCzn-chaE21MgI,全家便利店（紫琅花谷店）,江苏省,苏州市,cvs
20251411,MEITUAN,76W024488C,h5vWxjH1D1y4wiXeU6u5PQI,全家便利店（学府路店）,江苏省,苏州市,
20251411,MEITUAN,76W024489C,hCJGcugEFDlK16RC95Ar3gI,全家便利店（裴阳路店）,江苏省,苏州市,cvs
20251411,MEITUAN,76W024490C,iBNaf2va1uapIj9P1dooUAI,全家便利店（江星路店）,江苏省,苏州市,cvs
20251411,MEITUAN,76W024491C,IPNJgaGgQLbLeNtyWR-wRQI,全家便利店（展业路店）,江苏省,苏州市,cvs
20251411,MEITUAN,76W024492C,kKgeKHyYebe4yworjEZzAwI,全家便利店（扬东路店）,江苏省,苏州市,cvs
20251411,MEITUAN,76W024493C,lKN5g6nTBe9ndeATpfU-TgI,全家便利店（吴江八都店）,江苏省,苏州市,cvs
20251411,MEITUAN,76W024494C,mbd2-qAfglzk7i_YdydM_AI,全家便利店（郭津路店）,江苏省,苏州市,cvs
20251411,MEITUAN,76W024495C,Mlp0vU3HGE85LAZx6_X2xwI,全家便利店（因果巷店）,江苏省,苏州市,cvs
20251411,MEITUAN,76W024496C,Mnbdw909vV6zQ_l9PB_O_wI,全家便利店（五洲国际店）,江苏省,苏州市,cvs
20251411,MEITUAN,76W024497C,oSG_HBexown-vw3TKsIaiwI,全家便利店（玖玖广场店）,江苏省,苏州市,cvs
20251411,MEITUAN,76W024498C,PLzElkEotUyXPDtvvIwn8gI,全家便利店（兴贤路二店）,江苏省,苏州市,cvs
20251411,MEITUAN,76W024499C,ppvCG826QIA2BNwvID1qZQI,全家便利店（相城人民医院二店）,江苏省,苏州市,cvs
20251411,MEITUAN,76W024500C,R56fYQ89TS1GoI8omLmPBQI,全家便利店（企鸿路店）,江苏省,苏州市,cvs
20251411,MEITUAN,76W024501C,U99ZvkRvVH_7_3HnHlxUAgI,全家便利店（太平南路店）,江苏省,苏州市,cvs
20251411,MEITUAN,76W024502C,uz9kdnxuN9rggcmOyu7YHwI,全家便利店（南通西站西广场店）,江苏省,苏州市,
20251411,MEITUAN,76W024503C,VG0wcjZzp5VI4sAblQwK5QI,全家便利店（干将西路二店）,江苏省,苏州市,cvs
20251411,MEITUAN,76W024504C,vO1S4gwrepLQwH78nEBtzQI,全家便利店（永昌汇商业街店）,江苏省,苏州市,cvs
20251411,MEITUAN,76W024505C,W_3f8pYBmpeomUiZCV6jBgI,全家便利店（四季晶华店）,江苏省,苏州市,cvs
20251411,MEITUAN,76W024506C,w1T6S4OZEwh0Bf2qIizR3AI,全家便利店（复悦里店）,江苏省,苏州市,cvs
20251411,MEITUAN,76W024507C,WjCi63GPcDuyqe9gEf4MmwI,全家便利店（秀岸花园店）,江苏省,苏州市,cvs
20251411,MEITUAN,76W024508C,2hvoLIUUQV3o7UiCqp_x0AI,全家便利店（太仓大道店）,江苏省,苏州市,cvs
20251411,MEITUAN,76W024509C,3GRFXMwrbEbpn7bpaz49IQI,全家便利店（会岸路店）,江苏省,无锡市,cvs
20251411,MEITUAN,76W024510C,5sRrf2OchY6lQtlEp94eXAI,全家便利店（中山路二店）,江苏省,无锡市,cvs
20251411,MEITUAN,76W024511C,9epzSC7uv07o5dg8xRcqkgI,全家便利店（桃源居店）,江苏省,无锡市,cvs
20251411,MEITUAN,76W024512C,9Olq69IvNEkIwKr671mZzwI,全家便利店（玉兰西花园店）,江苏省,无锡市,cvs
20251411,MEITUAN,76W024513C,aWvhH2ClP-dnjpobQeYgBAI,全家便利店（梅里古镇店）,江苏省,无锡市,cvs
20251411,MEITUAN,76W024515C,BPxop1cxtD_i15g6eEsXggI,全家便利店（中南西路店）,江苏省,无锡市,cvs
20251411,MEITUAN,76W024516C,C9aZGwbN5kGkzWYJSVrCFgI,全家便利店（复兴路店）,江苏省,无锡市,cvs
20251411,MEITUAN,76W024517C,dOd-Sn4_wnSftyZWNp3yPQI,全家便利店（阳春巷店）,江苏省,无锡市,cvs
20251411,MEITUAN,76W024518C,eH4VQJ3fYwRdustMAC9tPwI,全家便利店（华清创业大厦店）,江苏省,无锡市,cvs
20251411,MEITUAN,76W024519C,INwdVYxdiLuSRrCv6rdrpAI,全家便利店（人民东路店）,江苏省,无锡市,cvs
20251411,MEITUAN,76W024520C,t-NeWwEUFCYNe8hYwGCDKwI,全家便利店（北邮国昊店）,江苏省,无锡市,cvs
20251411,MEITUAN,76W024521C,-wDMcIqLw3uSBpPGnbG2sQI,全家便利店（中邦城市花园店）,江苏省,无锡市,cvs
20251411,MEITUAN,76W024522C,wKI56Z8-7gOk6V06_SUKvwI,全家便利店（微纳园店）,江苏省,无锡市,cvs
20251411,MEITUAN,76W024523C,TACUCv2rUsBzM7HEOGxBdgI,全家便利店（杨舍老街店）,江苏省,苏州市,cvs
20251411,MEITUAN,76W024524C,1006986397406128,昆仑好客（中央大街店）,辽宁省,沈阳市,cvs
20251411,MEITUAN,76W024525C,1002588356707185,乐享万德福便利店（皇朝万鑫大厦店）,辽宁省,沈阳市,cvs
20251411,MEITUAN,76W024526C,1100651117732422,东伟生鲜连锁超市(居然店),辽宁省,葫芦岛市,smkt
20251411,MEITUAN,76W024527C,1008627102437994,北美新生活连锁超市（万年里店）,辽宁省,锦州市,
20251411,MEITUAN,76W024528C,899358811903891,春天便利（富丽庭店）,辽宁省,大连市,
20251411,MEITUAN,76W024529C,972158507559408,金叶春天便利优加便利店,辽宁省,大连市,mmkt
20251411,MEITUAN,76W024530C,1077432526280669,安心菜场（香橙源超市马家店）,辽宁省,锦州市,
20251411,MEITUAN,76W024531C,1098190103233346,鑫大刚生鲜超市（中海城店）,辽宁省,沈阳市,mmkt
20251411,MEITUAN,76W024532C,974941721630165,大润发（宝鸡店）,陕西省,宝鸡市,hmkt
20251411,MEITUAN,76W024533C,971668954889544,奥特乐（西安雁塔红星美凯龙生活广场店）,陕西省,西安市,mmkt
20251411,MEITUAN,76W024534C,921546686564929,华润万家便利超市（雁南五路店）,陕西省,西安市,mmkt
20251411,MEITUAN,76W024535C,1071153282393004,松林超市（名园店）,陕西省,西安市,cvs
20251411,MEITUAN,76W024536C,961786236821255,文峰千家惠（沪东店）,上海市,上海市,hmkt
20251411,MEITUAN,76W024537C,1047071400826214,大润发(大宁店),上海市,上海市,hmkt
20251411,MEITUAN,76W024538C,1090996031373813,大润发(大华店),上海市,上海市,hmkt
20251411,MEITUAN,76W024539C,920941096215610,大润发(华漕店),上海市,上海市,hmkt
20251411,MEITUAN,76W024540C,917298963978399,世纪联华（嘉定城中店）,上海市,上海市,
20251411,MEITUAN,76W024541C,976071296440010,世纪联华（浦电路店）,上海市,上海市,
20251411,MEITUAN,76W024542C,_F6OCeazd3o2udfZmrVTkAI,全家便利店（平福路店）,上海市,上海市,cvs
20251411,MEITUAN,76W024543C,_Rd0DGmJ9wajRQwqbZAr2gI,全家便利店（高荷路店）,上海市,上海市,cvs
20251411,MEITUAN,76W024544C,_Z5JnXXsfogFJDY0DfUvEgI,全家便利店（峨山路二店）,上海市,上海市,cvs
20251411,MEITUAN,76W024546C,0bHvdXp1XNFZVlIDq-2PsgI,全家便利店（石潭街店）,上海市,上海市,cvs
20251411,MEITUAN,76W024547C,11-5TjRn-utu233FO4vEAgI,全家便利店（金沙江路二店）,上海市,上海市,cvs
20251411,MEITUAN,76W024548C,1AHTG5wLRKRL_SJ2CtskHgI,全家便利店（江川东路店）,上海市,上海市,cvs
20251411,MEITUAN,76W024549C,1Gd9Ht-6Z3o5UM1da9nnwAI,全家便利店（哈密路二店）,上海市,上海市,cvs
20251411,MEITUAN,76W024550C,1mbgZ9k2kJYPrfzVhgfGjQI,全家便利店（龙茗路二店）,上海市,上海市,cvs
20251411,MEITUAN,76W024551C,21efj0fOWoZjFs1X8xPYQQI,全家便利店（乳山路二店）,上海市,上海市,cvs
20251411,MEITUAN,76W024552C,2-czIvD-Qyoq7ndlK8r0FgI,全家便利店（柳州路店）,上海市,上海市,cvs
20251411,MEITUAN,76W024553C,2iCpkjqDO6zZgsJcermIhAI,全家便利店（冠生园路二店）,上海市,上海市,cvs
20251411,MEITUAN,76W024554C,3_miD8FOqhiimtv9R3O9LAI,全家便利店（丽都店）,上海市,上海市,cvs
20251411,MEITUAN,76W024555C,3oEJqgw5oiFg38ji3mRQdQI,全家便利店（进贤路店）,上海市,上海市,cvs
20251411,MEITUAN,76W024556C,3q9PeaithFQ5gkgIbn3F_gI,全家便利店（九亭大街店）,上海市,上海市,cvs
20251411,MEITUAN,76W024558C,4gr09BN6GdUij-87-FzX-gI,全家便利店（民雨路店）,上海市,上海市,cvs
20251411,MEITUAN,76W024559C,5NP3ypYt24n-kMyd07n-vgI,全家便利店（春申路店）,上海市,上海市,cvs
20251411,MEITUAN,76W024560C,6urL88_MZ4JppnRKpWmTTgI,全家便利店（棋盘路店）,上海市,上海市,cvs
20251411,MEITUAN,76W024561C,7SNwo4xLyM1NzyomAo-ybwI,全家便利店（仓华路店）,上海市,上海市,cvs
20251411,MEITUAN,76W024562C,7vkG3LWX1LaeYwRmk0ljgQI,全家便利店（天山西路二店）,上海市,上海市,cvs
20251411,MEITUAN,76W024563C,8iQLBkDvKhQZ_Q9A6yrmMAI,全家便利店（松林路店）,上海市,上海市,cvs
20251411,MEITUAN,76W024564C,8qkVCaMYfM3uWxNDXSOXGQI,全家便利店（申滨路店）,上海市,上海市,cvs
20251411,MEITUAN,76W024565C,92x_XejOja0gEVMI8QTc9wI,全家便利店（创达路店）,上海市,上海市,cvs
20251411,MEITUAN,76W024566C,97TbIkO8WyHaLGgYIRESvgI,全家便利店（外婆泾路店）,上海市,上海市,cvs
20251411,MEITUAN,76W024567C,9jqpd7cMRssKpBWF35lsQQI,全家便利店（亭枫公路店）,上海市,上海市,cvs
20251411,MEITUAN,76W024568C,9S0BizQTWwsiSo_wW7U0BgI,全家便利店（塔城路三店）,上海市,上海市,cvs
20251411,MEITUAN,76W024569C,a1q7fX0cKBPB5kIrWmMuwgI,全家便利店（宜川店）,上海市,上海市,cvs
20251411,MEITUAN,76W024570C,A6I4_x3SaV2jwT84dTunMQI,全家便利店（塔城路三店）,上海市,上海市,cvs
20251411,MEITUAN,76W024571C,Ac54UwhuUYETWN-ew6lf-AI,全家便利店（沪太路六店）,上海市,上海市,cvs
20251411,MEITUAN,76W024572C,ARxdgG1FZMci8xTT6bc1-wI,全家便利店（控江路店）,上海市,上海市,cvs
20251411,MEITUAN,76W024573C,AsoAl67Xs3HRzJJoHZMDzAI,全家便利店（渔傲路店）,上海市,上海市,cvs
20251411,MEITUAN,76W024574C,awt_A1EjvHbUPKyqLCgOvAI,全家便利店（乌鲁木齐中路三店）,上海市,上海市,cvs
20251411,MEITUAN,76W024575C,B2AZpjt9VpLE_K-5z5K9_QI,全家便利店（永春南路店）,上海市,上海市,cvs
20251411,MEITUAN,76W024576C,b4qL6LNokusWq7y5JHc2hwI,全家便利店（沪青平公路八店）,上海市,上海市,cvs
20251411,MEITUAN,76W024577C,bE5JuvuQRwsim9INTp7_vAI,全家便利店（雪松路店）,上海市,上海市,cvs
20251411,MEITUAN,76W024578C,bNbIoOd0WeypgR3hiMepbwI,全家便利店（广中路五店）,上海市,上海市,cvs
20251411,MEITUAN,76W024579C,c_MiWgFEwWpPx3C4EH--jAI,全家便利店（水产西路二店）,上海市,上海市,cvs
20251411,MEITUAN,76W024580C,CafkzsehY-XQeOGdq2daRgI,全家便利店（政通路五店）,上海市,上海市,
20251411,MEITUAN,76W024581C,cevE8V1uGulDh81k-76MkQI,全家便利店（花园路店）,上海市,上海市,cvs
20251411,MEITUAN,76W024582C,ckTeH65yaVMhd3xNEq98owI,全家便利店（罗香路店）,上海市,上海市,cvs
20251411,MEITUAN,76W024583C,cPgaCTjCd_7ynA4zSVQtJgI,全家便利店（金闸公路店）,上海市,上海市,cvs
20251411,MEITUAN,76W024584C,CZqARscdjvbMpnJ5Fk_aVwI,全家便利店（仙霞路八店）,上海市,上海市,cvs
20251411,MEITUAN,76W024585C,D2XhmRmJ2dv35Oi7G7HkyAI,全家便利店（茸梅路店）,上海市,上海市,cvs
20251411,MEITUAN,76W024586C,dII-jVH5_TuTAGEs0JHamwI,全家便利店（五莲路二店）,上海市,上海市,cvs
20251411,MEITUAN,76W024587C,dk84r95VtgdZFMJ34FmGkQI,全家便利店（罗南新村站店）,上海市,上海市,cvs
20251411,MEITUAN,76W024588C,dl8Q1NFSokPxqZ3pmUz55wI,全家便利店（汇友路店）,上海市,上海市,cvs
20251411,MEITUAN,76W024589C,DOAvo9HCfWd4f-YkXJtPzwI,全家便利店（殷行路店）,上海市,上海市,cvs
20251411,MEITUAN,76W024590C,dqGLcd_Igsj3dOxYGKvwhwI,全家便利店（宣中路店）,上海市,上海市,cvs
20251411,MEITUAN,76W024591C,drHmLhvrbJTDZTezKwXqwgI,全家便利店（百熙路店）,上海市,上海市,cvs
20251411,MEITUAN,76W024592C,dThsEaAR3tt1qgUqjHfSoAI,全家便利店（三门路二店）,上海市,上海市,cvs
20251411,MEITUAN,76W024593C,dTOHgSDfBnmzvP6FTF7YDAI,全家便利店（沪青平公路第三店）,上海市,上海市,cvs
20251411,MEITUAN,76W024594C,DuD9TSJIbh7dZyFgNbsctAI,全家便利店（博山东路二店）,上海市,上海市,cvs
20251411,MEITUAN,76W024595C,DziXXFY4Vxq19qSbS59aZQI,全家便利店（武定二店）,上海市,上海市,cvs
20251411,MEITUAN,76W024596C,E8roMP4DXSjAfg60qySCrwI,全家便利店（金沙江路三店）,上海市,上海市,cvs
20251411,MEITUAN,76W024597C,EEQtkZ9Np54SxVnHnYzFqgI,全家便利店（临沂路店）,上海市,上海市,cvs
20251411,MEITUAN,76W024598C,egZTs_3hV-yhtdCVWEO1WQI,全家便利店（上南路五店）,上海市,上海市,cvs
20251411,MEITUAN,76W024599C,EmdicPp2YmOdQY2dc-lKBQI,全家便利店（金平路店）,上海市,上海市,cvs
20251411,MEITUAN,76W024600C,f1UdUpszvy-tyTgPPvKbXQI,全家便利店（眉州路店）,上海市,上海市,cvs
20251411,MEITUAN,76W024601C,F2hZwnj9Zfg-dCpQ16qU1wI,全家便利店（长江西路三店）,上海市,上海市,cvs
20251411,MEITUAN,76W024602C,fEf6c3JC2d2Tzm2-A6MLHAI,全家便利店（唐镇路店）,上海市,上海市,cvs
20251411,MEITUAN,76W024603C,FgowICYP9-iubWOJTYL6swI,全家便利店（竹柏路店）,上海市,上海市,cvs
20251411,MEITUAN,76W024604C,FH2SsLvXutif1BYzC42EuAI,全家便利店（西藏南路六店）,上海市,上海市,cvs
20251411,MEITUAN,76W024605C,fiChbSgCo_F_NdeRV5u7FgI,全家便利店（四川北路五店）,上海市,上海市,cvs
20251411,MEITUAN,76W024606C,fPueYNLgsEJVDDu1gEdctQI,全家便利店（华腾公路店）,上海市,上海市,cvs
20251411,MEITUAN,76W024607C,Fx50kDSU3wdm3SCvLLLHgQI,全家便利店（原平路店）,上海市,上海市,cvs
20251411,MEITUAN,76W024608C,G_Usf5rcSFaqWTgsVvEy-gI,全家便利店（华江路四店）,上海市,上海市,cvs
20251411,MEITUAN,76W024609C,G8ponLxr6WzzB2a3wb4wvQI,全家便利店（城中东路店）,上海市,上海市,cvs
20251411,MEITUAN,76W024610C,GbAZmP_n20BuiT6_VUO5FwI,全家便利店（中原二店）,上海市,上海市,cvs
20251411,MEITUAN,76W024611C,gc5GTiDg37Tpcz3rfwCPqgI,全家便利店（吴宝路店）,上海市,上海市,cvs
20251411,MEITUAN,76W024612C,gjyjt9A0z42T6dEpeCjyrQI,全家便利店（保德路二店）,上海市,上海市,cvs
20251411,MEITUAN,76W024613C,Gl3VMdcD5sp7v8ZmRZagTQI,全家便利店（殷高西路二店）,上海市,上海市,cvs
20251411,MEITUAN,76W024614C,gx-NpAnRLDs9Q5qEFvL5aQI,全家便利店（马当路三店）,上海市,上海市,cvs
20251411,MEITUAN,76W024615C,gy9H_HRM4zorFuEOpAxi3AI,全家便利店（海防二店）,上海市,上海市,cvs
20251411,MEITUAN,76W024616C,h8kq6aHszSeVhzGs6AhZhQI,全家便利店（许昌路二店）,上海市,上海市,cvs
20251411,MEITUAN,76W024617C,hBAvgR7K8Kcj6HfHRbzSXAI,全家便利店（淞南路店）,上海市,上海市,cvs
20251411,MEITUAN,76W024618C,HbdZYC3sZyoJyGxe3wqzoQI,全家便利店（愚园店）,上海市,上海市,cvs
20251411,MEITUAN,76W024619C,hFICF-nUdY6qJi7G0LhEGAI,全家便利店（宝慧路店）,上海市,上海市,cvs
20251411,MEITUAN,76W024620C,hL92xENdutVO4U9Ag0QNZAI,全家便利店（花木路店）,上海市,上海市,cvs
20251411,MEITUAN,76W024621C,hQO9u1J-GiK0vNxUiPZ6jwI,全家便利店（新村路店）,上海市,上海市,cvs
20251411,MEITUAN,76W024622C,HSMrF5s8H6J0cg0xQiz1FgI,全家便利店（秋雨路店）,上海市,上海市,cvs
20251411,MEITUAN,76W024623C,i5iLYh9E7yVI5k60uAk8yAI,全家便利店（航鹤路店）,上海市,上海市,cvs
20251411,MEITUAN,76W024624C,iBBnKx6g3X1tZdgwm3TVRAI,全家便利店（疏影路二店）,上海市,上海市,cvs
20251411,MEITUAN,76W024625C,IBuwyZJ_Gom2xxM3un6UMgI,全家便利店（江苏路店）,上海市,上海市,cvs
20251411,MEITUAN,76W024626C,icGBKZK0BC39VWfJ_D43pwI,全家便利店（民雨路店）,上海市,上海市,cvs
20251411,MEITUAN,76W024627C,IcN5ftV6Kxran1JGqlqB8gI,全家便利店（龙华店）,上海市,上海市,cvs
20251411,MEITUAN,76W024628C,IgmDt7uYn6RSkZAeth3BWwI,全家便利店（龙州路二店）,上海市,上海市,cvs
20251411,MEITUAN,76W024629C,iXXt2M2lpiwZyc2OInVeOwI,全家便利店（岭南路店）,上海市,上海市,cvs
20251411,MEITUAN,76W024630C,JenWfBLBwbBAbOSvy8nc5wI,全家便利店（泰康路店）,上海市,上海市,cvs
20251411,MEITUAN,76W024631C,JiRbRak-LowaxWBTKg7ZjQI,全家便利店（恒南路店）,上海市,上海市,cvs
20251411,MEITUAN,76W024632C,JnB8A2X_kjdIXZd0EXkOOAI,全家便利店（定西路八店）,上海市,上海市,cvs
20251411,MEITUAN,76W024633C,JPNXj86b08pbSV0-oc8ATwI,全家便利店（保乐路店）,上海市,上海市,cvs
20251411,MEITUAN,76W024634C,JV9zEaAEOUIbbfzcOEj81wI,全家便利店（政通路五店）,上海市,上海市,
20251411,MEITUAN,76W024635C,jVQr9ch781IVyu3chMbXJgI,全家便利店（庆滨路店）,上海市,上海市,cvs
20251411,MEITUAN,76W024636C,k_NM5ON0h4QZtti_0emX-wI,全家便利店（祥安路店）,上海市,上海市,cvs
20251411,MEITUAN,76W024637C,K4x5gS6nXrrCOjIcRdhXYgI,全家便利店（尚文路店）,上海市,上海市,cvs
20251411,MEITUAN,76W024638C,kp-yTeCKv8awO2iuJe4nCwI,全家便利店（曲阳路店）,上海市,上海市,cvs
20251411,MEITUAN,76W024639C,kQAn6P8-8c34KevAucegPAI,全家便利店（铜川路二店）,上海市,上海市,cvs
20251411,MEITUAN,76W024640C,kSq3VsrQHuCIdbJdOQxjFgI,全家便利店（竹柏路店）,上海市,上海市,cvs
20251411,MEITUAN,76W024641C,kz1sB_umnOgesYrLEwIutQI,全家便利店（新源路店）,上海市,上海市,cvs
20251411,MEITUAN,76W024642C,lEqYdL4T__OOFd8LYACPugI,全家便利店（御桥路店）,上海市,上海市,cvs
20251411,MEITUAN,76W024643C,lhm2NdRvMPC1wOIKjjaOcwI,全家便利店（古北路五店）,上海市,上海市,cvs
20251411,MEITUAN,76W024644C,lK9fvACe5hnsN9L5SwU27wI,全家便利店（永清路店）,上海市,上海市,cvs
20251411,MEITUAN,76W024645C,m2dL7war-DRRRAXiY_BY0wI,全家便利店（西门路店）,上海市,上海市,cvs
20251411,MEITUAN,76W024646C,MF7RTbmdV6P5227SyPCmpQI,全家便利店（通裕路店）,上海市,上海市,cvs
20251411,MEITUAN,76W024647C,mLPIsVaVuuJ8ysvpzwj9CQI,全家便利店（人民路五店）,上海市,上海市,cvs
20251411,MEITUAN,76W024648C,n5T-86U4RHFvOT8SfDeBwgI,全家便利店（张杨六店）,上海市,上海市,cvs
20251411,MEITUAN,76W024649C,Niv6arEqo6aRzVKeHJHhIQI,全家便利店（外青松公路店）,上海市,上海市,cvs
20251411,MEITUAN,76W024650C,NJAfqnzYS5CRKn6zTEE6CAI,全家便利店（中山中路三店）,上海市,上海市,cvs
20251411,MEITUAN,76W024651C,NKzAqxVTDgs6qBYlB5y2BQI,全家便利店（德都路二店）,上海市,上海市,cvs
20251411,MEITUAN,76W024652C,NpMkQ9OkxZe172wLJPraGwI,全家便利店（沔新路店）,上海市,上海市,cvs
20251411,MEITUAN,76W024653C,O9qHjbd_Bd3ciy4crjuKggI,全家便利店（人民南路店）,上海市,上海市,
20251411,MEITUAN,76W024654C,OI2fVe-qNKg7rSZF7iwtxAI,全家便利店（天宝路二店）,上海市,上海市,cvs
20251411,MEITUAN,76W024656C,P_cBMNDb8Jfka5z7kagtkAI,全家便利店（建中路三店）,上海市,上海市,cvs
20251411,MEITUAN,76W024657C,Ph6aSrlmDFHz7-CxoByZtgI,全家便利店（新源路二店）,上海市,上海市,cvs
20251411,MEITUAN,76W024658C,PkDCY0DNVpkUay_BYwpXAQI,全家便利店（德州路店）,上海市,上海市,cvs
20251411,MEITUAN,76W024659C,q8g4dKPDZ6ikK9a2C5awpQI,全家便利店（沪太路六店）,上海市,上海市,cvs
20251411,MEITUAN,76W024660C,QCS1F3_64REnzclPJGATHwI,全家便利店（杨树浦路二店）,上海市,上海市,cvs
20251411,MEITUAN,76W024661C,qEsXO-w1Wjn_agI4fKZkKwI,全家便利店（恒丰路店）,上海市,上海市,cvs
20251411,MEITUAN,76W024662C,q-fSlr_GnzyT5cmTZGofGgI,全家便利店（江学路店）,上海市,上海市,cvs
20251411,MEITUAN,76W024663C,QI6DWqHGY-1XxptxidGQHgI,全家便利店（新行路店）,上海市,上海市,cvs
20251411,MEITUAN,76W024664C,QJvPtqtqqox_55VIgHdQhwI,全家便利店（花木路店）,上海市,上海市,cvs
20251411,MEITUAN,76W024665C,Qv9vExsgAI2AJJDs53wDLAI,全家便利店（富贵东道店）,上海市,上海市,cvs
20251411,MEITUAN,76W024666C,R4ynRd0vKESb2uZFVfvirgI,全家便利店（中山北路十一店）,上海市,上海市,cvs
20251411,MEITUAN,76W024668C,rDlLTjvDv_LzFTJdtQ0dfQI,全家便利店（西藏中路二店）,上海市,上海市,cvs
20251411,MEITUAN,76W024669C,reFwcdIeAU0FYfip4kV1fwI,全家便利店（共和新路五店）,上海市,上海市,cvs
20251411,MEITUAN,76W024671C,rJsrFXSBg8m-iCgJpYAf8AI,全家便利店（东大名路三店）,上海市,上海市,cvs
20251411,MEITUAN,76W024672C,rjVivmsou8y1oT0jSWOlPQI,全家便利店（靖宇东路店）,上海市,上海市,cvs
20251411,MEITUAN,76W024673C,Ro3SJKU1_AW3tSetUnk_oQI,全家便利店（小木桥二店）,上海市,上海市,cvs
20251411,MEITUAN,76W024674C,roIDnkg6n1TJVbjO8fa2FwI,全家便利店（新崇北路店）,上海市,上海市,cvs
20251411,MEITUAN,76W024675C,RSxvF9UfzLfqQqDSJa5aHwI,全家便利店（北中路店）,上海市,上海市,cvs
20251411,MEITUAN,76W024676C,rTMfd3acvVUxuZlIPOKc7AI,全家便利店（合川路店）,上海市,上海市,cvs
20251411,MEITUAN,76W024677C,S0-rTp7L-aFIiiucNZXjcQI,全家便利店（斜土路六店）,上海市,上海市,cvs
20251411,MEITUAN,76W024678C,S3lXpOTdXUHKRc-_hYQHaQI,全家便利店（城中西路店）,上海市,上海市,cvs
20251411,MEITUAN,76W024679C,skroz2dBgzgcjm_LGvCN0AI,全家便利店（望月路店）,上海市,上海市,cvs
20251411,MEITUAN,76W024680C,SPpt5sxtEjMG-ASvF8IAUQI,全家便利店（局门三店）,上海市,上海市,cvs
20251411,MEITUAN,76W024681C,SqkmS0HElLrTdC1u7jlZiwI,全家便利店（光明路店）,上海市,上海市,cvs
20251411,MEITUAN,76W024682C,T1ubMyNSkEr_rjOiHHTZIgI,全家便利店（漕宝路七店）,上海市,上海市,cvs
20251411,MEITUAN,76W024683C,T69X0BBiRbTxZsvBq7qRzAI,全家便利店（裕民南路店）,上海市,上海市,cvs
20251411,MEITUAN,76W024684C,TC8M2cutNWvVyrG8YbPhWwI,全家便利店（长寿路六店）,上海市,上海市,cvs
20251411,MEITUAN,76W024685C,tDKPKa8tW83xGVYwR2VLWAI,全家便利店（大康路店）,上海市,上海市,cvs
20251411,MEITUAN,76W024686C,tihgjdIiNOY99vtJ-I2H_AI,全家便利店（水丰路店）,上海市,上海市,cvs
20251411,MEITUAN,76W024687C,twAa3OjbZ2zR28RvnMvcYQI,全家（鑫都路店）,上海市,上海市,cvs
20251411,MEITUAN,76W024688C,TWD2VDnYJkoRIYzFlVikMQI,全家便利店（长寿路六店）,上海市,上海市,cvs
20251411,MEITUAN,76W024689C,txgpRUNZh_hvnXFVon9ewAI,全家便利店（塘浚路店）,上海市,上海市,cvs
20251411,MEITUAN,76W024690C,ucITfqLC2aWJhqndQXyvwAI,全家便利店（川南奉公路二店）,上海市,上海市,cvs
20251411,MEITUAN,76W024691C,Ucr-wBJZNtF_xNpDSkiQwwI,全家便利店（华亭路店）,上海市,上海市,cvs
20251411,MEITUAN,76W024692C,ugKqKuic_gxWkqWnnYGoYgI,全家便利店（秀沿路二店）,上海市,上海市,cvs
20251411,MEITUAN,76W024693C,USqcdD1ruMoLsOnnbQcCdwI,全家便利店（永德路店）,上海市,上海市,cvs
20251411,MEITUAN,76W024694C,uWTcwjCJfw_BdXz991lsGQI,全家便利店（广富林路二店）,上海市,上海市,cvs
20251411,MEITUAN,76W024695C,Vmsc-8tjF0MqmaLI3x4nCgI,全家便利店（合川路店）,上海市,上海市,cvs
20251411,MEITUAN,76W024696C,VZdFDZhLYeIayCzXykT2egI,全家便利店（固川路店）,上海市,上海市,cvs
20251411,MEITUAN,76W024697C,w0_VqXwlIXitYz7r8zhw1gI,全家便利店（恒南路店）,上海市,上海市,cvs
20251411,MEITUAN,76W024698C,w2-QYwD_Kig79xuJfpx-zgI,全家便利店（打虎山路店）,上海市,上海市,cvs
20251411,MEITUAN,76W024699C,w8teyj10zySI8ApOv6ZPdwI,全家便利店（淞滨二店）,上海市,上海市,cvs
20251411,MEITUAN,76W024700C,1096549423914887,沃美生活超市（明珠店）,四川省,乐山市,
20251411,MEITUAN,76W024701C,1100728427122033,阳光5+1超市（中药大厦店）,四川省,巴中市,mmkt
20251411,MEITUAN,76W024702C,1011272848245721,红旗连锁（积步街店）,四川省,成都市,mmkt
20251411,MEITUAN,76W024703C,1076015185306058,红旗连锁(罗浮世家红旗24店),四川省,成都市,mmkt
20251411,MEITUAN,76W024704C,1066862609971338,攀钢吉靓轩超市（瓜子坪店）,四川省,攀枝花市,mmkt
20251411,MEITUAN,76W024705C,896601516439381,家家乐（亚马逊店）,四川省,乐山市,smkt
20251411,MEITUAN,76W024706C,4GjmD3ZdzsDHpkGIY3Fe0AI,全家便利店（董家湾北街店）,四川省,成都市,cvs
20251411,MEITUAN,76W024707C,4Gwb4irOEshmO6mIEKPCOQI,全家便利店（鸿雁路店）,四川省,成都市,cvs
20251411,MEITUAN,76W024708C,83FwfCghaT75bmjN1FDjHQI,全家便利店（新华医院店）,四川省,成都市,cvs
20251411,MEITUAN,76W024709C,9fQe8bamZtNShg7rbpXZbgI,全家便利店（东华二路店）,四川省,成都市,cvs
20251411,MEITUAN,76W024710C,a3X_SWprvF-25O-mFOJYvwI,全家便利店（339电视塔店）,四川省,成都市,cvs
20251411,MEITUAN,76W024711C,ALYth2Z1muoThluPvOUqugI,全家便利店（郭家桥北街店）,四川省,成都市,cvs
20251411,MEITUAN,76W024712C,aQ6TvoprVgQf7jDD4UxD6gI,全家便利店（天府和悦广场店）,四川省,成都市,cvs
20251411,MEITUAN,76W024713C,CRVTvDCmKfnYXpCcH6rGvQI,全家便利店（第七人民医院店）,四川省,成都市,
20251411,MEITUAN,76W024714C,e7ht-FPr0bxUwSF8EY3UwwI,全家便利店（天仁路店）,四川省,成都市,cvs
20251411,MEITUAN,76W024715C,GL4WFDsLhGZ6m9VUeND-_wI,全家便利店（驿都中路店）,四川省,成都市,cvs
20251411,MEITUAN,76W024717C,H_fbCJ1B6URTwUS3I1iCfQI,全家便利店（川大路二段店）,四川省,成都市,cvs
20251411,MEITUAN,76W024718C,jFUQRbVOuP_MMBR9wlbIYwI,全家便利店（汇泉北路店）,四川省,成都市,cvs
20251411,MEITUAN,76W024719C,Lltw4R9iUD1xqGjxpzYt1gI,全家便利店（三河场站店）,四川省,成都市,cvs
20251411,MEITUAN,76W024720C,m4BoBTUnpoJHeHCdCA1nIAI,全家便利店（昭觉寺南路店）,四川省,成都市,
20251411,MEITUAN,76W024721C,mmSuGGcqE3CU82Y6H7PCmgI,全家便利店（超线公园店）,四川省,成都市,cvs
20251411,MEITUAN,76W024722C,nADQUAgN5UldcLOWOLf17AI,全家便利店（一环路南四段店）,四川省,成都市,cvs
20251411,MEITUAN,76W024723C,P801F9RKXu9ewvWm5jzrWwI,全家便利店（双店路店）,四川省,成都市,cvs
20251411,MEITUAN,76W024724C,s6jvoFV2OqehFCnnLV5LngI,全家便利店（锦绣路店）,四川省,成都市,cvs
20251411,MEITUAN,76W024725C,unZbjfCEBUjC-aGCBE4j-QI,全家便利店（川大路二段店）,四川省,成都市,cvs
20251411,MEITUAN,76W024726C,OoDeXY47L9G2NROCya_BRgI,全家便利店（永友路店）,四川省,成都市,cvs
20251411,MEITUAN,76W024727C,-pOt3CLuNN-ZURIlFGh82wI,全家便利店（都江堰建设路店）,四川省,成都市,cvs
20251411,MEITUAN,76W024728C,863521680046075,华润万家（天津奥园店）,天津市,天津市,hmkt
20251411,MEITUAN,76W024729C,LO_IzUiP_Slytpliwi69KwI,全家便利店（天津和平路店）,天津市,天津市,cvs
20251411,MEITUAN,76W024730C,892572837099366,日新达（龙马店）,云南省,玉溪市,mmkt
20251411,MEITUAN,76W024731C,_KxAkuE7pd6yW0efrZNhjQI,全家便利店（临安联建公寓店）,浙江省,杭州市,cvs
20251411,MEITUAN,76W024732C,1bNG5qj1DCcyOzYtgtPC3AI,全家便利店（衢州路店）,浙江省,杭州市,cvs
20251411,MEITUAN,76W024733C,3_w6nvGeYM1lAzuW7t5RKQI,全家便利店（临平南苑店）,浙江省,杭州市,
20251411,MEITUAN,76W024734C,8JQYcn24OquLSBkg4xvH3gI,全家便利店（景昙路店）,浙江省,杭州市,cvs
20251411,MEITUAN,76W024735C,9T5X0tuJQezlaBUx3QYiDwI,全家便利店（新华路店),浙江省,杭州市,cvs
20251411,MEITUAN,76W024736C,cLoKDNGVmOeL3LsCIODnegI,全家便利店（余杭绿汀路店）,浙江省,杭州市,cvs
20251411,MEITUAN,76W024737C,cxnu8U93-PI4wYEhbIZAIQI,全家便利店（储鑫路店）,浙江省,杭州市,cvs
20251411,MEITUAN,76W024738C,cYJnrY3uq-p7ZclhbQd8QQI,全家便利店（文二路四店）,浙江省,杭州市,cvs
20251411,MEITUAN,76W024739C,deVAyduCLEX5Ud4_DgbOOwI,全家便利店（坚塔街店）,浙江省,杭州市,cvs
20251411,MEITUAN,76W024740C,e0DLaMN7OFGCuVe2UzSQegI,全家便利店（莫干山路四店）,浙江省,杭州市,cvs
20251411,MEITUAN,76W024741C,E3OZd7CVj8_cxoiTE6UbMQI,全家便利店（萧山第一人民医院店）,浙江省,杭州市,cvs
20251411,MEITUAN,76W024743C,fhFNINSUl9-EUo117jQ_fAI,全家便利店（萧山博地中心店）,浙江省,杭州市,cvs
20251411,MEITUAN,76W024744C,G8UCGpZ_mGAyjA8p43thXAI,全家便利店（上塘路四店）,浙江省,杭州市,cvs
20251411,MEITUAN,76W024745C,gDOkBzeaCR-KVfRDxW_vIQI,全家便利店（延安路四店）,浙江省,杭州市,cvs
20251411,MEITUAN,76W024747C,IYvei4ohAAoFhFgPcIN8JgI,全家便利店（江南大道三店）,浙江省,杭州市,cvs
20251411,MEITUAN,76W024748C,j_FSztxp-34CFjZRceAZfgI,全家便利店（云州国际中心店）,浙江省,杭州市,cvs
20251411,MEITUAN,76W024749C,juK-XRcby0zneBg1U9nIQwI,全家便利店（明月桥路店）,浙江省,杭州市,cvs
20251411,MEITUAN,76W024750C,kHjHT0ehbipvXhmq8BdmeAI,全家便利店（建国北路二店）,浙江省,杭州市,cvs
20251411,MEITUAN,76W024751C,lTclyvAq5r2_JFb9XYAthQI,全家便利店（余杭高教路店）,浙江省,杭州市,cvs
20251411,MEITUAN,76W024752C,osci7kOVLgk_5dVG6Ak7GgI,全家便利店（雷霆路店）,浙江省,杭州市,cvs
20251411,MEITUAN,76W024753C,pDJC7whNCiECxubBaD3f5AI,全家便利店（新塘路四店）,浙江省,杭州市,cvs
20251411,MEITUAN,76W024754C,q7bRAvVhrXlXBbi7UiWMhwI,全家便利店（双龙街店）,浙江省,杭州市,cvs
20251411,MEITUAN,76W024755C,RraOpyuPvH_nQB7RpTR-kAI,全家便利店（萧山无限公园店）,浙江省,杭州市,cvs
20251411,MEITUAN,76W024757C,t63Ni_8IPLx05_BzjIM1kQI,全家便利店（莫干山路二店）,浙江省,杭州市,cvs
20251411,MEITUAN,76W024759C,V2QsEbnwBlGb9dBPT7oZPAI,全家便利店（文晖园店）,浙江省,杭州市,cvs
20251411,MEITUAN,76W024760C,w43Vz1Alf0BOAZ6kcgKFfwI,全家便利店（体育场路二店）,浙江省,杭州市,cvs
20251411,MEITUAN,76W024761C,WHknGVvhA1SMYe4NFReYBwI,全家便利店（机场路店）,浙江省,杭州市,cvs
20251411,MEITUAN,76W024763C,jvzc6smmlKSmo7eZrx8yCgI,全家便利店（嘉兴龙凤路店）,浙江省,嘉兴市,cvs
20251411,MEITUAN,76W024765C,rrPn-4DILcGWLH487Bt18gI,全家便利店（绍兴天一公寓店）,浙江省,绍兴市,cvs
20251411,MEITUAN,76W024766C,926494490527844,罗森（合川财富广场店）,重庆市,重庆市,cvs
20251411,MEITUAN,76W024767C,1048261106633072,谊品批发超市（鼎盛山水店）,重庆市,重庆市,cvs
20251411,MEITUAN,76W024768C,EGyspgyPa-dFWBC2T0bLBAI,全家便利店（东原悦荟店）,重庆市,重庆市,cvs
20251411,MEITUAN,76W024769C,910744843818543,美加美便利店（丽园店）,广西壮族自治区,南宁市,cvs
20251411,MEITUAN,76W024770C,974529403059221,塞北福满家(文博园店),河北省,承德市,
20251411,MEITUAN,76W024771C,882574153265161,天天便利（邢台张东社区店）,河北省,邢台市,cvs
20251411,MEITUAN,76W024772C,876191831873596,天天便利（石家庄北郡店）,河北省,石家庄市,cvs
20251411,MEITUAN,76W024773C,1109326951657193,天天便利（邢台西门里店）,河北省,邢台市,cvs
20251411,MEITUAN,76W024774C,1099508656435569,天天便利(衡水腾达公寓店),河北省,衡水市,
20251411,MEITUAN,76W024775C,903679624272965,KKV（保定定州万达广场主力店）,河北省,保定市,mmkt
20251411,MEITUAN,76W024776C,847381191229092,傲矫龙（东风店）,黑龙江省,牡丹江市,smkt
20251411,MEITUAN,76W024777C,1103657594834496,昆仑好客uSmile（长港路店）,湖北省,荆州市,cvs
20251411,MEITUAN,76W024778C,1085953739635913,新力有家便利店（泛海六店）,湖北省,武汉市,cvs
20251411,MEITUAN,76W024779C,1020206380240084,新力有家便利店（新佳丽广场店）,湖北省,武汉市,cvs
20251411,MEITUAN,76W024780C,1111311226510520,新力有家便利店（江兴路店）,湖北省,武汉市,cvs
20251411,MEITUAN,76W024781C,968950166984146,中百罗森（汉口城市广场店）,湖北省,武汉市,cvs
20251411,MEITUAN,76W024782C,921705526728258,中百罗森（荆门城南新区店）,湖北省,荆门市,cvs
20251411,MEITUAN,76W024783C,844890036671986,中百罗森（光谷青年汇店）,湖北省,武汉市,cvs
20251411,MEITUAN,76W024784C,1068769501917385,中百罗森（汉水华城店）,湖北省,襄阳市,cvs
20251411,MEITUAN,76W024785C,904671761688297,新合作京华超市（顾家岗店）,湖北省,十堰市,mmkt
20251411,MEITUAN,76W024786C,894007356206245,可多超市（凯乐桂园店）,湖北省,武汉市,cvs
20251411,MEITUAN,76W024787C,882569858299582,中百超市(青雅居店),湖北省,武汉市,mmkt
20251411,MEITUAN,76W024788C,1094565149057717,中百超市(蔡甸正街店),湖北省,武汉市,mmkt
20251411,MEITUAN,76W024789C,988251823704050,美宜佳（红星社区湘00612店）,湖南省,邵阳市,cvs
20251411,MEITUAN,76W024790C,870127338166498,佳惠鲜天下（吉首滨溶路店）,湖南省,湘西土家族苗族自治州,mmkt
20251411,MEITUAN,76W024791C,994891792855606,新天地超市（远大店）,吉林省,长春市,cvs
20251411,MEITUAN,76W024792C,985739267715725,新天地超市（万福三店）,吉林省,长春市,cvs
20251411,MEITUAN,76W024793C,983372742424754,美宜佳（苏00711锦华新光苑店）,江苏省,苏州市,cvs
20251411,MEITUAN,76W024794C,987568923740716,华润万家便利超市（望亭店),江苏省,苏州市,mmkt
20251411,MEITUAN,76W024795C,1015709475970835,昆仑好客（解放路店）,辽宁省,本溪市,
20251411,MEITUAN,76W024796C,990485206580680,可好（北仲路010120店）,山东省,青岛市,cvs
20251411,MEITUAN,76W024797C,993251165453926,胜大超市（胜利店）,山东省,东营市,mmkt
20251411,MEITUAN,76W024798C,986628252400625,金虎便利（3791介休裕华路店）,山西省,晋中市,
20251411,MEITUAN,76W024799C,968404706178959,金虎便利（3666太谷东海北路店）,山西省,晋中市,cvs
20251411,MEITUAN,76W024800C,948759599311204,金虎便利（7225宁武凤舞广场店）,山西省,忻州市,cvs
20251411,MEITUAN,76W024801C,975225187835768,每一天便利店（华清学府店）,陕西省,西安市,cvs
20251411,MEITUAN,76W024802C,971617415329191,每一天便利店（中天时代广场店）,陕西省,西安市,
20251411,MEITUAN,76W024803C,948875563392455,万逸之家（大悦城2店）,云南省,昆明市,
20251411,MEITUAN,76W024804C,926898215773671,万逸之家（水电科技大厦店）,云南省,昆明市,cvs
20251411,MEITUAN,76W024805C,907880100558608,万逸之家（绿地巫家坝壹号店）,云南省,昆明市,cvs
20251411,MEITUAN,76W024806C,898817719559997,万逸之家（大悦城店）,云南省,昆明市,cvs
20251411,MEITUAN,76W024807C,974447798712847,千子言生活超市（瑞景家园店）,云南省,楚雄彝族自治州,
20251411,MEITUAN,76W024808C,957925059496222,711（国瑞中心店）,重庆市,重庆市,cvs
20251411,MEITUAN,76W024809C,hCnloJRcW_Xbtm4m1-AJQQI,合家福（蚌埠宏业村店）,重庆市,重庆市,
20251411,MEITUAN,76W024810C,slRDMHRklUuCVrji13NcUAI,安德利超市（巢湖世纪新都店）,重庆市,重庆市,
20251411,MEITUAN,76W024811C,SNwQ6qFMXRUXQ-0RpAP-bAI,美宜佳（晋456皇后园店）,重庆市,重庆市,
20251411,MEITUAN,76W024812C,JZwixIBdovVYR7mImE-edAI,KKV（运城苏宁广场主力店）,重庆市,重庆市,cvs
20251411,MEITUAN,76W024816C,979030481241613,家益超市（开州金科店）,重庆市,重庆市,
20251411,MEITUAN,76W024817C,902008806753699,家益超市（碧水蓝天店）,重庆市,重庆市,mmkt
20251411,MEITUAN,76W024818C,1005418809615796,客鲜拥生活超市（南滨上院一店）,重庆市,重庆市,
20251411,MEITUAN,76W024827C,YrxQzW-vpmwlklJJ0URO7wI,大华超市(凤翔店),重庆市,重庆市,
20251411,MEITUAN,76W024841C,hTeC67_OWwiW0KKCSdoQJAI,全家便利店（常熟二院北部院区店）,江苏省,苏州市,cvs
20251411,MEITUAN,76W024843C,WR0WaUQH0NzBRiKdASOrggI,全家便利店（南都广场店）,江苏省,苏州市,cvs
20251411,MEITUAN,76W024844C,zhrc2RVJXOydBLrYOy3YdgI,全家便利店（黄桥文体中心店）,江苏省,苏州市,cvs
20251411,MEITUAN,76W024845C,xks_mQr2axqcqerGz5pXzQI,全家便利店（中山北路店）,江苏省,苏州市,cvs
20251411,MEITUAN,76W024851C,a0nHjkAMOGzE8dbyl2yhigI,六意便利店（果岭店）,福建省,福州市,cvs
20251411,MEITUAN,76W024852C,MdcAKjFQy9ge55Bjrfu1LgI,全家便利店(昭觉寺南路店),四川省,成都市,
20251411,MEITUAN,76W024853C,Xe-BOh88dC3fr8jCMzzfrAI,美宜佳（安兜村口F230店）,福建省,厦门市,cvs
20251411,MEITUAN,76W024854C,3xSdf9Tr__H25vn090uZWwI,全家便利店（常熟海虞南路店）,江苏省,苏州市,cvs
20251411,MEITUAN,76W024855C,Lq4ovu9Y9NOObFbb3BK4NAI,全家便利店（凌云路店）,上海市,上海市,cvs
20251411,MEITUAN,76W024856C,ju2ZjOnYaHy7sjK1AcjeWwI,全家便利店（龙华人民医院店）,广东省,深圳市,cvs
20251411,MEITUAN,76W024857C,85bX0NEB-i7wOZXjE3d8DwI,全家便利店(萧山空港新天地店),浙江省,杭州市,cvs
20251411,MEITUAN,76W024858C,UNx6vCZ-1CPQo-Di2T7QCAI,全家便利店（黄兴路六店）,上海市,上海市,cvs
20251411,MEITUAN,76W024859C,GMNmcGfH6Ps701zdU6Gy-wI,全家便利店（墨玉南路店）,上海市,上海市,cvs
20251411,MEITUAN,76W024860C,bNuAWCV3ICoI7D5GwqHkGQI,全家便利店（宜山路九店）,上海市,上海市,cvs
20251411,MEITUAN,76W024861C,63tqf2wGGuSujzpT29YK6QI,全家便利店（龙吴路店）,上海市,上海市,cvs
20251411,MEITUAN,76W024862C,ZHfO-g30DPZj1nelBDOcigI,全家便利店（太湖皇冠店）,江苏省,无锡市,cvs
20251411,MEITUAN,76W024863C,lvpjrannd2vw1URUDJYp9gI,全家便利店（中山路店）,江苏省,无锡市,cvs
20251411,MEITUAN,76W024864C,6y-uyBExAhiy-mJszxgC8QI,全家便利店（德苑路店）,浙江省,杭州市,cvs
20251411,MEITUAN,76W024865C,7gbb3fyneSVl1xRz6NdwrgI,全家便利店（北邮国昊店）,江苏省,无锡市,cvs
20251411,MEITUAN,76W024866C,2w2KIrOAHK5A5E_EWkEMkAI,全家便利店（兴耀科创中心店）,浙江省,杭州市,cvs
20251411,MEITUAN,76W024867C,5ysJ99UIdnfcm5x2icIFgwI,全家便利店（企鸿路店）,江苏省,苏州市,cvs
20251411,MEITUAN,76W024868C,PwxTgwF6bPXJgjcAoP5gDAI,全家便利店（南京夫子庙店）,江苏省,常州市,cvs
20251411,MEITUAN,76W024869C,3FzwYHjQUo1jt46XAlADKwI,全家便利店(红丰路店),浙江省,杭州市,cvs
20251411,MEITUAN,76W024870C,AS92jJjehmcOEweCE2asCAI,全家便利店（萧山金城路三店））,浙江省,杭州市,cvs
20251411,MEITUAN,76W024871C,zfy6gtdeLssOdyiA2CCn3QI,全家便利店（湖州青太路店）,浙江省,湖州市,cvs
20251411,MEITUAN,76W024872C,0xRPaddI8PuZ32MuISp4IwI,全家便利店(新源大街店),北京市,北京市,cvs
20251411,MEITUAN,76W024873C,n6x0hvcz0cOTyMS6W3-rjAI,全家便利店（弘和北路二店）,北京市,北京市,cvs
20251411,MEITUAN,76W024874C,sgvnMqN4OxCzf3YfgbrFrwI,十足便利店(宿迁苏宁广场店),江苏省,宿迁市,cvs
20251411,MEITUAN,76W024875C,cIPSGF-WCBXeW0lc3qFmzQI,十足便利店(苏州凤凰荟店),江苏省,苏州市,cvs
20251411,MEITUAN,76W024876C,vVqxiUcuCtHqwPQsbFEkZgI,之上便利店（万达茂店）,江苏省,南京市,cvs
20251411,MEITUAN,76W024877C,p11uNcUBiTKK_UVoNDekFAI,十足便利店(海门彩虹漾店),江苏省,南通市,cvs
20251411,MEITUAN,76W024878C,TC4yGfWQVgxCrVXIByR8TgI,十足便利店(南通大饭店财富中心店),江苏省,南通市,cvs
20251411,MEITUAN,76W024879C,LfqMC4a4ibW5rrKrEItTDwI,大润发江宁店,江苏省,南京市,hmkt
20251411,MEITUAN,76W024880C,5jNuuWfyYpX8wgQ76PJRwwI,华润苏果（淮南阳光假日店）,安徽省,淮南市,smkt
